input,reference,prediction
"وإذا دفعه إليه إن قال حين دفعه إليه برئت إليك منه فهو بريء منه فيما يستقبل ولو دفعه ولم يبرأ منه فله أن يطالب منه ثانيا ولا يكون ذلك براءة له فيما يستقبل فإذا دفع إليه مرة ولم يبرأ فطالبه بعد ذلك فللكفيل أجل شهر آخر أيضا من يوم طلبه منه كذا في الذخيرة (23/431)
","وَإِذَا دَفَعَهُ إِلَيْهِ إِنْ قَالَ حِينَ دَفَعَهُ إِلَيْهِ بَرِئْتُ إِلَيْك مِنْهُ فَهُوَ بَرِيءٌ مِنْهُ فِيمَا يُسْتَقْبَلُ وَلَوْ دَفَعَهُ وَلَمْ يَبْرَأْ مِنْهُ فَلَهُ أَنْ يُطَالِبَ مِنْهُ ثَانِيًا وَلَا يَكُونُ ذَلِكَ بَرَاءَةً لَهُ فِيمَا يُسْتَقْبَلُ فَإِذَا دَفَعَ إِلَيْهِ مَرَّةً وَلَمْ يَبْرَأْ فَطَالَبَهُ بَعْدَ ذَلِكَ فَلِلْكَفِيلِ أَجَلُ شَهْرٍ آخَرَ أَيْضًا مِنْ يَوْمِ طَلَبِهِ مِنْهُ كَذَا فِي الذَّخِيرَةِ (23/431)
",وَإِذَا دَفَعَهُ إِلَيْهِ إِنْ قَالَ حِينَ دَفَعَهُ إِلَيْهِ بَرِئْتُ إِلَيْكَ مِنْهُ فَهُوَ بَرِيءٌ مِنْهُ فِيمَا يَسْتَقْبِلُ وَلَوْ دَفَعَهُ وَلَمْ يَبْرَأْ مِنْهُ فَلَهُ أَنْ يُطَالِبَ مِنْهُ ثَانِيًا وَلَا يَكُونُ ذَلِكَ بَرَاءَةً لَهُ فِيمَا يَسْتَقْبِلُ فَإِذَا دَفَعَ إِلَيْهِ مَرَّةً وَلَمْ يَبْرَأْ فَطَالَبَهُ بَعْدَ ذَلِكَ فَلِلْكَفِيلِ أَجَلُ شَهْرٍ آخَرَ أَيْضًا مِنْ يَوْمِ طَلَبِهِ مِنْهُ كَذَا فِي الذَّخِيرَةِ (23/431)
عن أحمد بن سنان وعن عبد الله بن محمد بن زياد، عن محمد بن يحيى، كلاهما عن يزيد بن هارون، عن سفيان بن حسين، عن إسماعيل بن العباس الوراق، عن عبد الله بن أيوب، عن أبي سفيان الحميري، عن سفيان بن حسين وعن محمد بن أحمد بن أبي الثلج، عن يحيى بن الورد، ,عَنْ أَحْمَدَ بْنِ سِنَانٍ وَعَنْ عَبْدِ اللَّهِ بْنِ مُحَمَّدِ بْنِ زِيَادٍ، عَنْ مُحَمَّدِ بْنِ يَحْيَى، كِلَاهُمَا عَنْ يَزِيدَ بْنِ هَارُونَ، عَنْ سُفْيَانَ بْنِ حُسَيْنٍ، عَنْ إِسْمَاعِيلَ بْنِ الْعَبَّاسِ الْوَرَّاقِ، عَنْ عَبْدِ اللَّهِ بْنِ أَيُّوبَ، عَنْ أَبِي سُفْيَانَ الْحِمْيَرِيِّ، عَنْ سُفْيَانَ بْنِ حُسَيْنٍ وَعَنْ مُحَمَّدِ بْنِ أَحْمَدَ بْنِ أَبِي الثَّلْجِ، عَنْ يَحْيَى بْنِ الْوَرْدِ، ,عَنْ أَحْمَدَ بْنِ سِنَانٍ وَعَنْ عَبْدِ اللَّهِ بْنِ مُحَمَّدِ بْنِ زِيَادٍ، عَنْ مُحَمَّدِ بْنِ يَحْيَى، كِلَاهُمَا عَنْ يَزِيدَ بْنِ هَارُونَ، عَنْ سُفْيَانَ بْنِ حُسَيْنٍ، عَنْ إِسْمَاعِيلَ بْنِ الْعَبَّاسِ الْوَرَّاقِ، عَنْ عَبْدِ اللَّهِ بْنِ أَيُّوبَ، عَنْ أَبِي سُفْيَانَ الْحِمْيَرِيِّ، عَنْ سُفْيَانَ بْنِ حُسَيْنٍ وَعَنْ مُحَمَّدِ بْنِ أَحْمَدَ بْنِ أَبِي الثَّلْجِ، عَنْ يَحْيَى بْنِ الْوَرْدِ،
مخاطب بكل منها لزوما) فيه أن المخاطب به في الكفارة المخيرة إنما هو القدر المشترك الحاصل في فرد ما لا كل فرد وفي حاشية شيخنا الجواب عنه بما لا يشفي (قوله: وأما هنا) أي في باب الاجتهاد لا بالنظر لخصوص مسألة المتن بدليل قوله بعد أو الطاهر (قوله: ويتيمم ويصلي من غير إعادة إلخ) ,مُخَاطَبٌ بِكُلٍّ مِنْهَا لُزُومًا) فِيهِ أَنَّ الْمُخَاطَبَ بِهِ فِي الْكَفَّارَةِ الْمُخَيِّرَةِ إِنَّمَا هُوَ الْقَدْرُ الْمُشْتَرَكُ الْحَاصِلُ فِي فَرْدٍ مَا لَا كُلِّ فَرْدٍ وَفِي حَاشِيَةِ شَيْخِنَا الْجَوَابُ عَنْهُ بِمَا لَا يَشْفِي (قَوْلُهُ: وَأَمَّا هُنَا) أَيْ فِي بَابِ الِاجْتِهَادِ لَا بِالنَّظَرِ لِخُصُوصِ مَسْأَلَةِ الْمَتْنِ بِدَلِيلِ قَوْلِهِ بَعْدُ أَوِ الطَّاهِرُ (قَوْلُهُ: وَيَتَيَمَّمُ وَيُصَلِّي مِنْ غَيْرِ إِعَادَةٍ إِلَخْ) ,مُخَاطَبٌ بِكُلٍّ مِنْهَا لُزُومًا) فِيهِ أَنَّ الْمُخَاطَبَ بِهِ فِي الْكَفَّارَةِ الْمُخَيَّرَةِ إِنَّمَا هُوَ الْقَدْرُ الْمُشْتَرَكُ الْحَاصِلُ فِي فَرْدٍ مَا لَا كُلُّ فَرْدٍ وَفِي حَاشِيَةِ شَيْخِنَا الْجَوَابُ عَنْهُ بِمَا لَا يَشْفِي (قَوْلُهُ: وَأَمَّا هُنَا) أَيْ فِي بَابِ الِاجْتِهَادِ لَا بِالنَّظَرِ لِخُصُوصِ مَسْأَلَةِ الْمَتْنِ بِدَلِيلِ قَوْلِهِ بَعْدُ أَوِ الطَّاهِرِ (قَوْلُهُ: وَيَتَيَمَّمُ وَيُصَلِّي مِنْ غَيْرِ إِعَادَةٍ إِلَخْ)
وإن كان رب المتاع في السفينة أو وكيله لا يضمن الملاح إلا بالتعدي لأن المتاع في يده ولو كانتا سفينتين وهو في إحداهما ومتاعه في الأخرى لم يضمن الملاح شيئا إلا بالتعدي كما في الدابتين وكذا لو خرج صاحب المتاع لصلاة الفرض أو لحاجة ولم يغب عن بصره لم يضمن الملاح إلا بالتعدي ولو بلغت السفينة إلى موضع ثم أعادها الريح أو الماء أو عادت الدابة عن بعض الطريق فإن كان صاحب المتاع في السفينة أو على الدابة وجب الأجر ولا يطالب بالعود إلا أن يردها الريح إلى موضع لا يمكن قبضه فيه فيجبره على عوده بالأجر، ,وَإِنْ كَانَ رَبُّ الْمَتَاعِ فِي السَّفِينَةِ أَوْ وَكِيلُهُ لَا يَضْمَنُ الْمَلَّاحُ إِلَّا بِالتَّعَدِّي لِأَنَّ الْمَتَاعَ فِي يَدِهِ وَلَوْ كَانَتَا سَفِينَتَيْنِ وَهُوَ فِي إِحْدَاهُمَا وَمَتَاعُهُ فِي الْأُخْرَى لَمْ يَضْمَنِ الْمَلَّاحُ شَيْئًا إِلَّا بِالتَّعَدِّي كَمَا فِي الدَّابَّتَيْنِ وَكَذَا لَوْ خَرَجَ صَاحِبُ الْمَتَاعِ لِصَلَاةِ الْفَرْضِ أَوْ لِحَاجَةٍ وَلَمْ يَغِبْ عَنْ بَصَرِهِ لَمْ يَضْمَنِ الْمَلَّاحُ إِلَّا بِالتَّعَدِّي وَلَوْ بَلَغَتِ السَّفِينَةُ إِلَى مَوْضِعٍ ثُمَّ أَعَادَهَا الرِّيحُ أَوِ الْمَاءُ أَوْ عَادَتِ الدَّابَّةُ عَنْ بَعْضِ الطَّرِيقِ فَإِنْ كَانَ صَاحِبُ الْمَتَاعِ فِي السَّفِينَةِ أَوْ عَلَى الدَّابَّةِ وَجَبَ الْأَجْرُ وَلَا يُطَالِبُ بِالْعَوْدِ إِلَّا أَنْ يَرُدَّهَا الرِّيحُ إِلَى مَوْضِعٍ لَا يُمْكِنُ قَبْضُهُ فِيهِ فَيُجْبِرُهُ عَلَى عَوْدِهِ بِالْأَجْرِ، ,وَإِنْ كَانَ رَبُّ الْمَتَاعِ فِي السَّفِينَةِ أَوْ وَكِيلُهُ لَا يَضْمَنُ الْمَلَّاحُ إِلَّا بِالتَّعَدِّي لِأَنَّ الْمَتَاعَ فِي يَدِهِ وَلَوْ كَانَتَا سَفِينَتَيْنِ وَهُوَ فِي إِحْدَاهُمَا وَمَتَاعُهُ فِي الْأُخْرَى لَمْ يَضْمَنِ الْمَلَّاحُ شَيْئًا إِلَّا بِالتَّعَدِّي كَمَا فِي الدَّابَّتَيْنِ وَكَذَا لَوْ خَرَجَ صَاحِبُ الْمَتَاعِ لِصَلَاةِ الْفَرْضِ أَوْ لِحَاجَةٍ وَلَمْ يَغِبْ عَنْ بَصَرِهِ لَمْ يَضْمَنِ الْمَلَّاحُ إِلَّا بِالتَّعَدِّي وَلَوْ بَلَغَتِ السَّفِينَةُ إِلَى مَوْضِعٍ ثُمَّ أَعَادَهَا الرِّيحُ أَوِ الْمَاءُ أَوْ عَادَتِ الدَّابَّةُ عَنْ بَعْضِ الطَّرِيقِ فَإِنْ كَانَ صَاحِبُ الْمَتَاعِ فِي السَّفِينَةِ أَوْ عَلَى الدَّابَّةِ وَجَبَ الْأَجْرُ وَلَا يُطَالَبُ بِالْعَوْدِ إِلَّا أَنْ يَرُدَّهَا الرِّيحُ إِلَى مَوْضِعٍ لَا يُمْكِنُ قَبْضُهُ فِيهِ فَيُجْبِرُهُ عَلَى عَوْدِهِ بِالْأَجْرِ،
"لما روينا عن ابن مسعود رضي الله عنه.
روى جابر {أن النبي صلى الله عليه وسلم قطع التلبية عند أول حصاة رمى بها جمرة العقبة} .
الشرح
(5/205)
(قوله ويكبر مع كل حصاة كذا روى ابن مسعود وابن عمر) تقدم الرواية عنهما آنفا، وقدمناه أيضا من حديث جابر وأم سليمان.
وظاهر المرويات من ذلك الاقتصار على: ","لِمَا رَوَيْنَا عَنِ ابْنِ مَسْعُودٍ رَضِيَ اللَّهُ عَنْهُ.
رَوَى جَابِرٌ {أَنَّ النَّبِيَّ صَلَّى اللَّهُ عَلَيْهِ وَسَلَّمَ قَطَعَ التَّلْبِيَةَ عِنْدَ أَوَّلِ حَصَاةٍ رَمَى بِهَا جَمْرَةَ الْعَقَبَةِ} .
الشَّرْحُ
(5/205)
(قَوْلُهُ وَيُكَبِّرُ مَعَ كُلِّ حَصَاةٍ كَذَا رَوَى ابْنُ مَسْعُودٍ وَابْنُ عُمَرَ) تَقَدَّمَ الرِّوَايَةُ عَنْهُمَا آنِفًا، وَقَدَّمْنَاهُ أَيْضًا مِنْ حَدِيثِ جَابِرٍ وَأُمِّ سُلَيْمَانَ.
وَظَاهِرُ الْمَرْوِيَّاتِ مِنْ ذَلِكَ الِاقْتِصَارُ عَلَى: ","لِمَا رَوَيْنَا عَنِ ابْنِ مَسْعُودٍ رَضِيَ اللَّهُ عَنْهُ.
رَوَى جَابِرٌ {أَنَّ النَّبِيَّ صَلَّى اللَّهُ عَلَيْهِ وَسَلَّمَ قَطَعَ التَّلْبِيَةَ عِنْدَ أَوَّلِ حَصَاةٍ رَمَى بِهَا جَمْرَةَ الْعَقَبَةِ} .
الشَّرْحُ
(5/205)
(قَوْلُهُ وَيُكَبِّرُ مَعَ كُلِّ حَصَاةٍ كَذَا رَوَى ابْنُ مَسْعُودٍ وَابْنُ عُمَرَ) تَقَدَّمَ الرِّوَايَةُ عَنْهُمَا آنِفًا، وَقَدَّمْنَاهُ أَيْضًا مِنْ حَدِيثِ جَابِرٍ وَأُمِّ سُلَيْمَانَ.
وَظَاهِرُ الْمَرْوِيَّاتِ مِنْ ذَلِكَ الِاقْتِصَارُ عَلَى:"
"بحسب ما ترجاه وإلا فكل نعمة تحتاج إلى حمد مستقل أو يجعل التنوين في حمدا للتكثير وقوله: ويكافئ مزيده أي يساوي النعم الزائدة من الله.
والمزيد مصدر ميمي من زاده الله النعم والضمير لله أي مزيد الله للنعم؛ والمعنى أنه يترجى أن يكون الحمد الذي أتى به موفيا بحق النعم الحاصلة بالفعل (13/339)
","بِحَسَبِ مَا تَرَجَّاهُ وَإِلَّا فَكُلُّ نِعْمَةٍ تَحْتَاجُ إِلَى حَمْدٍ مُسْتَقِلٍّ أَوْ يَجْعَلُ التَّنْوِينَ فِي حَمْدًا لِلتَّكْثِيرِ وَقَوْلُهُ: وَيُكَافِئُ مَزِيدَهُ أَيْ يُسَاوِي النِّعَمَ الزَّائِدَةَ مِنَ اللَّهِ.
وَالْمَزِيدُ مَصْدَرٌ مِيمِيٌّ مِنْ زَادَهُ اللَّهُ النِّعَمَ وَالضَّمِيرُ لِلَّهِ أَيْ مَزِيدُ اللَّهِ لِلنِّعَمِ؛ وَالْمَعْنَى أَنَّهُ يَتَرَجَّى أَنْ يَكُونَ الْحَمْدُ الَّذِي أَتَى بِهِ مُوفِيًا بِحَقِّ النِّعَمِ الْحَاصِلَةِ بِالْفِعْلِ (13/339)
","بِحَسَبِ مَا تَرَجَّاهُ وَإِلَّا فَكُلُّ نِعْمَةٍ تَحْتَاجُ إِلَى حَمْدٍ مُسْتَقِلٍّ أَوْ يُجْعَلُ التَّنْوِينُ فِي حَمْدًا لِلتَّكْثِيرِ وَقَوْلُهُ: وَيُكَافِئُ مَزِيدَهُ أَيْ يُسَاوِي النِّعَمَ الزَّائِدَةَ مِنَ اللَّهِ.
وَالْمَزِيدُ مَصْدَرٌ مِيمِيٌّ مِنْ زَادَهُ اللَّهُ النِّعَمَ وَالضَّمِيرُ لِلَّهِ أَيْ مَزِيدُ اللَّهِ لِلنِّعَمِ؛ وَالْمَعْنَى أَنَّهُ يُتَرَجَّى أَنْ يَكُونَ الْحَمْدُ الَّذِي أَتَى بِهِ مُوفِيًا بِحَقِّ النِّعَمِ الْحَاصِلَةِ بِالْفِعْلِ (13/339)"
وإن نوى الولاء) أي: التتابع فإنه لا يقتضيه أيضا كما لا يلزمه الاعتكاف بنيته وهذا ما صححه الشيخان واختار السبكي مقابله ليوافق ما سيأتي في تناول الأيام الليالي قال في المهمات: ,وَإِنْ نَوَى الْوِلَاءَ) أَيْ: التَّتَابُعَ فَإِنَّهُ لَا يَقْتَضِيهِ أَيْضًا كَمَا لَا يَلْزَمُهُ الِاعْتِكَافُ بِنِيَّتِهِ وَهَذَا مَا صَحَّحَهُ الشَّيْخَانِ وَاخْتَارَ السُّبْكِيُّ مُقَابِلَهُ لِيُوَافِقَ مَا سَيَأْتِي فِي تَنَاوُلِ الْأَيَّامِ اللَّيَالِيَ قَالَ فِي الْمُهِمَّاتِ: ,وَإِنْ نَوَى الْوَلَاءَ) أَيْ: التَّتَابُعَ فَإِنَّهُ لَا يَقْتَضِيهِ أَيْضًا كَمَا لَا يَلْزَمُهُ الِاعْتِكَافُ بِنِيَّتِهِ وَهَذَا مَا صَحَّحَهُ الشَّيْخَانِ وَاخْتَارَ السُّبْكِيُّ مُقَابِلَهُ لِيُوَافِقَ مَا سَيَأْتِي فِي تَنَاوُلِ الْأَيَّامِ اللَّيَالِيَ قَالَ فِي الْمُهِمَّاتِ:
ولا ضمان على متبرع حتى لو لم يعلم الزوج بذلك إلا بعد الدخول فهو بالخيار، ولا يكون الدخول بها رضا بما صنع الوكيل؛ لأنه لم يعلم فإن فارقها بعد الدخول فلها الأقل من المسمى ومهر المثل؛ لأنه كالنكاح الفاسد والدخول فيه يوجب ذلك، بخلاف ما لو أمره بعمياء فزوجه بصيرة جاز، ,وَلَا ضَمَانَ عَلَى مُتَبَرِّعٍ حَتَّى لَوْ لَمْ يَعْلَمِ الزَّوْجُ بِذَلِكَ إِلَّا بَعْدَ الدُّخُولِ فَهُوَ بِالْخِيَارِ، وَلَا يَكُونُ الدُّخُولُ بِهَا رِضًا بِمَا صَنَعَ الْوَكِيلُ؛ لِأَنَّهُ لَمْ يَعْلَمْ فَإِنْ فَارَقَهَا بَعْدَ الدُّخُولِ فَلَهَا الْأَقَلُّ مِنَ الْمُسَمَّى وَمَهْرُ الْمِثْلِ؛ لِأَنَّهُ كَالنِّكَاحِ الْفَاسِدِ وَالدُّخُولُ فِيهِ يُوجِبُ ذَلِكَ، بِخِلَافِ مَا لَوْ أَمَرَهُ بِعَمْيَاءَ فَزَوَّجَهُ بَصِيرَةً جَازَ، ,وَلَا ضَمَانَ عَلَى مُتَبَرِّعٍ حَتَّى لَوْ لَمْ يَعْلَمِ الزَّوْجُ بِذَلِكَ إِلَّا بَعْدَ الدُّخُولِ فَهُوَ بِالْخِيَارِ، وَلَا يَكُونُ الدُّخُولُ بِهَا رِضًا بِمَا صَنَعَ الْوَكِيلُ؛ لِأَنَّهُ لَمْ يَعْلَمْ فَإِنْ فَارَقَهَا بَعْدَ الدُّخُولِ فَلَهَا الْأَقَلُّ مِنَ الْمُسَمَّى وَمَهْرُ الْمِثْلِ؛ لِأَنَّهُ كَالنِّكَاحِ الْفَاسِدِ وَالدُّخُولُ فِيهِ يُوجِبُ ذَلِكَ، بِخِلَافِ مَا لَوْ أَمَرَهُ بِعَمْيَاءَ فَزَوَّجَهُ بَصِيرَةً جَازَ،
ثم إن كانت له إلى أهله حاجة قضى حاجته، ثم ينام قبل أن يمس ماء، فإذا كان عند النداء الأول قالت وثب، فلا والله ما قالت قام وأخذ الماء، ولا والله ما قالت اغتسل وأنا أعلم ما تريد، وإن لم يكن له حاجة توضأ وضوء الرجل للصلاة ثم صلى الركعتين. ,ثُمَّ إِنْ كَانَتْ لَهُ إِلَى أَهْلِهِ حَاجَةٌ قَضَى حَاجَتَهُ، ثُمَّ يَنَامُ قَبْلَ أَنْ يَمَسَّ مَاءً، فَإِذَا كَانَ عِنْدَ النِّدَاءِ الْأَوَّلِ قَالَتْ وَثَبَ، فَلَا وَاللَّهِ مَا قَالَتْ قَامَ وَأَخَذَ الْمَاءَ، وَلَا وَاللَّهِ مَا قَالَتِ اغْتَسَلَ وَأَنَا أَعْلَمُ مَا تُرِيدُ، وَإِنْ لَمْ يَكُنْ لَهُ حَاجَةٌ تَوَضَّأَ وُضُوءَ الرَّجُلِ لِلصَّلَاةِ ثُمَّ صَلَّى الرَّكْعَتَيْنِ. ,ثُمَّ إِنْ كَانَتْ لَهُ إِلَى أَهْلِهِ حَاجَةٌ قَضَى حَاجَتَهُ، ثُمَّ يَنَامُ قَبْلَ أَنْ يَمَسَّ مَاءً، فَإِذَا كَانَ عِنْدَ النِّدَاءِ الْأَوَّلِ قَالَتْ وَثِبْ، فَلَا وَاللَّهِ مَا قَالَتْ قَامَ وَأَخَذَ الْمَاءَ، وَلَا وَاللَّهِ مَا قَالَتِ اغْتَسِلْ وَأَنَا أَعْلَمُ مَا تُرِيدُ، وَإِنْ لَمْ يَكُنْ لَهُ حَاجَةٌ تَوَضَّأَ وُضُوءَ الرَّجُلِ لِلصَّلَاةِ ثُمَّ صَلَّى الرَّكْعَتَيْنِ.
"فللمدخول بها ثلاثة أرباع الميراث وكل الصداق، وللأخرى ربع الميراث وثلاثة أرباع الصداق انتهى.
وهذه المسألة قال ابن القاسم في المدونة: إنها بلغته عن بعض أهل العلم.
ووجهها ابن يونس بكلام فيه بعض الطول /97 انظره في ترجمة فيمن طلق إحدى زوجتيه ثم مات في كتاب الأيمان بالطلاق /97 (وهل يمنع مرض أحدهما المخوف وإن أذن الوارث أو إن لم يحتج خلاف) ","فَلِلْمَدْخُولِ بِهَا ثَلَاثَةُ أَرْبَاعِ الْمِيرَاثِ وَكُلُّ الصَّدَاقِ، وَلِلْأُخْرَى رُبْعُ الْمِيرَاثِ وَثَلَاثَةُ أَرْبَاعِ الصَّدَاقِ انْتَهَى.
وَهَذِهِ الْمَسْأَلَةُ قَالَ ابْنُ الْقَاسِمِ فِي الْمُدَوَّنَةِ: إِنَّهَا بَلَغَتْهُ عَنْ بَعْضِ أَهْلِ الْعِلْمِ.
وَوَجَّهَهَا ابْنُ يُونُسَ بِكَلَامٍ فِيهِ بَعْضُ الطُّولِ /97 انْظُرْهُ فِي تَرْجَمَةِ فِيمَنْ طَلَّقَ إِحْدَى زَوْجَتَيْهِ ثُمَّ مَاتَ فِي كِتَابِ الْأَيْمَانِ بِالطَّلَاقِ /97 (وَهَلْ يَمْنَعُ مَرَضُ أَحَدِهِمَا الْمَخُوفُ وَإِنْ أَذِنَ الْوَارِثُ أَوْ إِنْ لَمْ يَحْتَجْ خِلَافٌ) ","فَلِلْمَدْخُولِ بِهَا ثَلَاثَةُ أَرْبَاعِ الْمِيرَاثِ وَكُلُّ الصَّدَاقِ، وَلِلْأُخْرَى رُبْعُ الْمِيرَاثِ وَثَلَاثَةُ أَرْبَاعِ الصَّدَاقِ انْتَهَى.
وَهَذِهِ الْمَسْأَلَةُ قَالَ ابْنُ الْقَاسِمِ فِي الْمُدَوَّنَةِ: إِنَّهَا بَلَغَتْهُ عَنْ بَعْضِ أَهْلِ الْعِلْمِ.
وَوَجَّهَهَا ابْنُ يُونُسَ بِكَلَامٍ فِيهِ بَعْضُ الطُّولِ /97 انْظُرْهُ فِي تَرْجَمَةِ فِيمَنْ طَلَّقَ إِحْدَى زَوْجَتَيْهِ ثُمَّ مَاتَ فِي كِتَابِ الْأَيْمَانِ بِالطَّلَاقِ /97 (وَهَلْ يَمْنَعُ مَرَضُ أَحَدِهِمَا الْمَخُوفُ وَإِنْ أَذِنَ الْوَارِثُ أَوْ إِنْ لَمْ يَحْتَجْ خِلَافٌ)"
"وحيث كان حقيقة عرفية فلا يفهم من إطلاق الأداء والقضاء إلا المؤدى والمقضي، كالخلق إذا أطلق فلا يفهم منه إلا المخلوق قال بعض من كتب، للمصنف أن يمنع صيرورة الأداء والقضاء حقيقة (1/390)
","وَحَيْثُ كَانَ حَقِيقَةً عُرْفِيَّةً فَلَا يُفْهَمُ مِنْ إِطْلَاقِ الْأَدَاءِ وَالْقَضَاءِ إِلَّا الْمُؤَدَّى وَالْمَقْضِيُّ، كَالْخَلْقِ إِذَا أُطْلِقَ فَلَا يُفْهَمُ مِنْهُ إِلَّا الْمَخْلُوقُ قَالَ بَعْضُ مَنْ كَتَبَ، لِلْمُصَنِّفِ أَنْ يَمْنَعَ صَيْرُورَةَ الْأَدَاءِ وَالْقَضَاءِ حَقِيقَةٌ (1/390)
",وَحَيْثُ كَانَ حَقِيقَةً عُرْفِيَّةً فَلَا يُفْهَمُ مِنْ إِطْلَاقِ الْأَدَاءِ وَالْقَضَاءِ إِلَّا الْمُؤَدَّى وَالْمَقْضِيُّ، كَالْخَلْقِ إِذَا أُطْلِقَ فَلَا يُفْهَمُ مِنْهُ إِلَّا الْمَخْلُوقُ قَالَ بَعْضُ مَنْ كَتَبَ، لِلْمُصَنِّفِ أَنْ يَمْنَعَ صَيْرُورَةَ الْأَدَاءِ وَالْقَضَاءِ حَقِيقَةً (1/390)
"لأن حاجتك إلى خمسة؛ لأنك قد أعطيت للموصى له بالنصيب سهما فلا تحتاج إلا إلى خمسة فأزل هذا الخطأ، وذلك بالزيادة في النصيب؛ لأن هذا الخطأ إنما جاء من قبل نقصان النصيب فزد في النصيب سهما فتصير الثلث على خمسة، فنفذ منها الوصيتين فأعط الموصى له بالنصيب سهمين.
","لِأَنَّ حَاجَتَكَ إِلَى خَمْسَةٍ؛ لِأَنَّكَ قَدْ أَعْطَيْت لِلْمُوصَى لَهُ بِالنَّصِيبِ سَهْمًا فَلَا تَحْتَاجُ إِلَّا إِلَى خَمْسَةٍ فَأَزِلْ هَذَا الْخَطَأَ، وَذَلِكَ بِالزِّيَادَةِ فِي النَّصِيبِ؛ لِأَنَّ هَذَا الْخَطَأَ إِنَّمَا جَاءَ مِنْ قِبَلِ نُقْصَانِ النَّصِيبِ فَزِدْ فِي النَّصِيبِ سَهْمًا فَتَصِيرُ الثُّلُثَ عَلَى خَمْسَةٍ، فَنَفِّذْ مِنْهَا الْوَصِيَّتَيْنِ فَأَعْطِ الْمُوصَى لَهُ بِالنَّصِيبِ سَهْمَيْنِ.
",لِأَنَّ حَاجَتَكَ إِلَى خَمْسَةٍ؛ لِأَنَّكَ قَدْ أَعْطَيْتَ لِلْمُوصَى لَهُ بِالنَّصِيبِ سَهْمًا فَلَا تَحْتَاجُ إِلَّا إِلَى خَمْسَةٍ فَأَزِلْ هَذَا الْخَطَأَ، وَذَلِكَ بِالزِّيَادَةِ فِي النَّصِيبِ؛ لِأَنَّ هَذَا الْخَطَأَ إِنَّمَا جَاءَ مِنْ قِبَلِ نُقْصَانِ النَّصِيبِ فَزِدْ فِي النَّصِيبِ سَهْمًا فَتَصِيرُ الثُّلُثُ عَلَى خَمْسَةٍ، فَنَفِّذْ مِنْهَا الْوَصِيَّتَيْنِ فَأَعْطِ الْمُوصَى لَهُ بِالنَّصِيبِ سَهْمَيْنِ.
"ولو صلى عليها قاعدا من غير عذر لا يجوز وكذا راكبا، ويجوز القعود للعذر، ويجوز اقتداء القائمين به على الخلاف السابق في باب الإمامة، وقالوا: كل تكبيرة بمنزلة ركعة، وقالوا يقدم الثناء والصلاة على النبي عليه الصلاة والسلام لأنه سنة الدعاء، ولا يخفى أن التكبيرة الأولى شرط لأنها تكبيرة الإحرام (3/369)
(","وَلَوْ صَلَّى عَلَيْهَا قَاعِدًا مِنْ غَيْرِ عُذْرٍ لَا يَجُوزُ وَكَذَا رَاكِبًا، وَيَجُوزُ الْقُعُودُ لِلْعُذْرِ، وَيَجُوزُ اقْتِدَاءُ الْقَائِمِينَ بِهِ عَلَى الْخِلَافِ السَّابِقِ فِي بَابِ الْإِمَامَةِ، وَقَالُوا: كُلُّ تَكْبِيرَةٍ بِمَنْزِلَةِ رَكْعَةٍ، وَقَالُوا يُقَدَّمُ الثَّنَاءُ وَالصَّلَاةُ عَلَى النَّبِيِّ عَلَيْهِ الصَّلَاةُ وَالسَّلَامُ لِأَنَّهُ سُنَّةُ الدُّعَاءِ، وَلَا يَخْفَى أَنَّ التَّكْبِيرَةَ الْأُولَى شَرْطٌ لِأَنَّهَا تَكْبِيرَةُ الْإِحْرَامِ (3/369)
(","وَلَوْ صَلَّى عَلَيْهَا قَاعِدًا مِنْ غَيْرِ عُذْرٍ لَا يَجُوزُ وَكَذَا رَاكِبًا، وَيَجُوزُ الْقُعُودُ لِلْعُذْرِ، وَيَجُوزُ اقْتِدَاءُ الْقَائِمِينَ بِهِ عَلَى الْخِلَافِ السَّابِقِ فِي بَابِ الْإِمَامَةِ، وَقَالُوا: كُلُّ تَكْبِيرَةٍ بِمَنْزِلَةِ رَكْعَةٍ، وَقَالُوا يُقَدَّمُ الثَّنَاءُ وَالصَّلَاةُ عَلَى النَّبِيِّ عَلَيْهِ الصَّلَاةُ وَالسَّلَامُ لِأَنَّهُ سُنَّةُ الدُّعَاءِ، وَلَا يَخْفَى أَنَّ التَّكْبِيرَةَ الْأُولَى شَرْطٌ لِأَنَّهَا تَكْبِيرَةُ الْإِحْرَامِ (3/369)
("
"لأنه بعد ما صلى يكون متنفلا بالأذان في المسجد الثاني والتنفل بالأذان غير مشروع ولأن الأذان مختص بالمكتوبات فإنما يؤذن ويقيم من يصلي المكتوبة على أثرهم وهو في المسجد الثاني يصلي النافلة على أثرهما (1/416)
قال (ويكره للإمام والمؤذن طلب الأجر على ذلك من القوم) ","لِأَنَّهُ بَعْدَ مَا صَلَّى يَكُونُ مُتَنَفِّلًا بِالْأَذَانِ فِي الْمَسْجِدِ الثَّانِي وَالتَّنَفُّلُ بِالْأَذَانِ غَيْرُ مَشْرُوعٍ وَلِأَنَّ الْأَذَانَ مُخْتَصٌّ بِالْمَكْتُوبَاتِ فَإِنَّمَا يُؤَذِّنُ وَيُقِيمُ مَنْ يُصَلِّي الْمَكْتُوبَةَ عَلَى أَثَرِهِمْ وَهُوَ فِي الْمَسْجِدِ الثَّانِي يُصَلِّي النَّافِلَةَ عَلَى أَثَرِهِمَا (1/416)
قَالَ (وَيُكْرَهُ لِلْإِمَامِ وَالْمُؤَذِّنِ طَلَبُ الْأَجْرِ عَلَى ذَلِكَ مِنَ الْقَوْمِ) ","لِأَنَّهُ بَعْدَ مَا صَلَّى يَكُونُ مُتَنَفِّلًا بِالْأَذَانِ فِي الْمَسْجِدِ الثَّانِي وَالتَّنَفُّلُ بِالْأَذَانِ غَيْرُ مَشْرُوعٍ وَلِأَنَّ الْأَذَانَ مُخْتَصٌّ بِالْمَكْتُوبَاتِ فَإِنَّمَا يُؤَذِّنُ وَيُقِيمُ مَنْ يُصَلِّي الْمَكْتُوبَةَ عَلَى أَثَرِهِمْ وَهُوَ فِي الْمَسْجِدِ الثَّانِي يُصَلِّي النَّافِلَةَ عَلَى أَثَرِهِمَا (1/416)
قَالَ (وَيُكْرَهُ لِلْإِمَامِ وَالْمُؤَذِّنِ طَلَبُ الْأَجْرِ عَلَى ذَلِكَ مِنَ الْقَوْمِ)"
وقع السؤال عمن طلق زوجته ثلاثا عامدا عالما هل يجوز له أن يدعي بفساد العقد الأول لكون الولي كان فاسقا أو الشهود كذلك بعد مدة من السنين، وهل له الإقدام على هذا الفعل من غير وفاء عدة من نكاحه الأول، وهل يتوقف نكاحه الثاني على حكم حاكم بصحته وهل الأصل في عقود المسلمين الصحة، أو الفساد وأجبنا عنه بما صورته: ,وَقَعَ السُّؤَالُ عَمَّنْ طَلَّقَ زَوْجَتَهُ ثَلَاثًا عَامِدًا عَالِمًا هَلْ يَجُوزُ لَهُ أَنْ يَدَّعِيَ بِفَسَادِ الْعَقْدِ الْأَوَّلِ لِكَوْنِ الْوَلِيِّ كَانَ فَاسِقًا أَوِ الشُّهُودُ كَذَلِكَ بَعْدَ مُدَّةٍ مِنَ السِّنِينَ، وَهَلْ لَهُ الْإِقْدَامُ عَلَى هَذَا الْفِعْلِ مِنْ غَيْرِ وَفَاءِ عِدَّةٍ مِنْ نِكَاحِهِ الْأَوَّلِ، وَهَلْ يَتَوَقَّفُ نِكَاحُهُ الثَّانِي عَلَى حُكْمِ حَاكِمٍ بِصِحَّتِهِ وَهَلِ الْأَصْلُ فِي عُقُودِ الْمُسْلِمِينَ الصِّحَّةُ، أَوِ الْفَسَادُ وَأَجَبْنَا عَنْهُ بِمَا صُورَتُهُ: ,وَقَعَ السُّؤَالُ عَمَّنْ طَلَّقَ زَوْجَتَهُ ثَلَاثًا عَامِدًا عَالِمًا هَلْ يَجُوزُ لَهُ أَنْ يَدَّعِيَ بِفَسَادِ الْعَقْدِ الْأَوَّلِ لِكَوْنِ الْوَلِيِّ كَانَ فَاسِقًا أَوِ الشُّهُودُ كَذَلِكَ بَعْدَ مُدَّةٍ مِنَ السِّنِينَ، وَهَلْ لَهُ الْإِقْدَامُ عَلَى هَذَا الْفِعْلِ مِنْ غَيْرِ وَفَاءِ عِدَّةٍ مِنْ نِكَاحِهِ الْأَوَّلِ، وَهَلْ يَتَوَقَّفُ نِكَاحُهُ الثَّانِي عَلَى حُكْمِ حَاكِمٍ بِصِحَّتِهِ وَهَلِ الْأَصْلُ فِي عُقُودِ الْمُسْلِمِينَ الصِّحَّةُ، أَوِ الْفَسَادُ وَأَجَبْنَا عَنْهُ بِمَا صُورَتُهُ:
قدح في القياس على السلابة أن احتمال كونه لغير من يدعيه في مسألة السلابة أقوى من احتمال كونه لغير المدعي من مسألتنا، وانظر هل تجري تلك الأقوال في مسألة الحاضر أيضا حيث نكل المقر له والمدعي أم لا قال بعض شيوخنا: ,قَدْحٌ فِي الْقِيَاسِ عَلَى السَّلَّابَةِ أَنَّ احْتِمَالَ كَوْنِهِ لِغَيْرِ مَنْ يَدَّعِيهِ فِي مَسْأَلَةِ السَّلَّابَةِ أَقْوَى مِنَ احْتِمَالِ كَوْنِهِ لِغَيْرِ الْمُدَّعِي مِنْ مَسْأَلَتِنَا، وَانْظُرْ هَلْ تَجْرِي تِلْكَ الْأَقْوَالُ فِي مَسْأَلَةِ الْحَاضِرِ أَيْضًا حَيْثُ نَكَلَ الْمُقَرُّ لَهُ وَالْمُدَّعِي أَمْ لَا قَالَ بَعْضُ شُيُوخِنَا: ,قَدْحٌ فِي الْقِيَاسِ عَلَى السَّلَابَةِ أَنَّ احْتِمَالَ كَوْنِهِ لِغَيْرِ مَنْ يَدَّعِيهِ فِي مَسْأَلَةِ السَّلَابَةِ أَقْوَى مِنَ احْتِمَالِ كَوْنِهِ لِغَيْرِ الْمُدَّعِي مِنْ مَسْأَلَتِنَا، وَانْظُرْ هَلْ تَجْرِي تِلْكَ الْأَقْوَالُ فِي مَسْأَلَةِ الْحَاضِرِ أَيْضًا حَيْثُ نَكَلَ الْمُقَرُّ لَهُ وَالْمُدَّعِي أَمْ لَا قَالَ بَعْضُ شُيُوخِنَا:
"لأن التمكين يوجد معه إذ لا يشترط مماسة الأرض بها إجماعا والجواب عن الحديث قد بيناه في أوقات الصلاة.
ومن فروعه لو سجد على كفه وهي على الأرض جاز على الأصح ولو بسط كمه على النجاسة فسجد عليه يجوز وقيل: لا يجوز؛ ","لِأَنَّ التَّمْكِينَ يُوجَدُ مَعَهُ إِذْ لَا يُشْتَرَطُ مُمَاسَّةُ الْأَرْضِ بِهَا إِجْمَاعًا وَالْجَوَابُ عَنِ الْحَدِيثِ قَدْ بَيَّنَّاهُ فِي أَوْقَاتِ الصَّلَاةِ.
وَمِنْ فُرُوعِهِ لَوْ سَجَدَ عَلَى كَفِّهِ وَهِيَ عَلَى الْأَرْضِ جَازَ عَلَى الْأَصَحِّ وَلَوْ بَسَطَ كُمَّهُ عَلَى النَّجَاسَةِ فَسَجَدَ عَلَيْهِ يَجُوزُ وَقِيلَ: لَا يَجُوزُ؛ ","لِأَنَّ التَّمْكِينَ يُوجَدُ مَعَهُ إِذْ لَا يُشْتَرَطُ مُمَاسَّةُ الْأَرْضِ بِهَا إِجْمَاعًا وَالْجَوَابُ عَنِ الْحَدِيثِ قَدْ بَيَّنَّاهُ فِي أَوْقَاتِ الصَّلَاةِ.
وَمِنْ فُرُوعِهِ لَوْ سَجَدَ عَلَى كَفِّهِ وَهِيَ عَلَى الْأَرْضِ جَازَ عَلَى الْأَصَحِّ وَلَوْ بَسَطَ كُمَّهُ عَلَى النَّجَاسَةِ فَسَجَدَ عَلَيْهِ يَجُوزُ وَقِيلَ: لَا يَجُوزُ؛"
"أقول هذا عند أبي حنيفة ويجعل أبو يوسف القول للصانع إن كان حريفا له أي خليطا بينه وبين المستأجر أخذ وإعطاء في حرفة وحكم محمد بالأجر إن كان معروفا بعمل تلك الصنعة بالأجرة وبه يفتى لشهادة الظاهر لدعواه كما في البرهان.
وفي الصغرى أيضا الفتوى على قول محمد وكذا في التبيين (7/113)
(باب فسخ الإجارة) (","أَقُولُ هَذَا عِنْدَ أَبِي حَنِيفَةَ وَيَجْعَلُ أَبُو يُوسُفَ الْقَوْلَ لِلصَّانِعِ إِنْ كَانَ حَرِيفًا لَهُ أَيْ خَلِيطًا بَيْنَهُ وَبَيْنَ الْمُسْتَأْجِرِ أَخْذٌ وَإِعْطَاءٌ فِي حِرْفَةٍ وَحَكَمَ مُحَمَّدٌ بِالْأَجْرِ إِنْ كَانَ مَعْرُوفًا بِعَمَلِ تِلْكَ الصَّنْعَةِ بِالْأُجْرَةِ وَبِهِ يُفْتَى لِشَهَادَةِ الظَّاهِرُ لِدَعْوَاهُ كَمَا فِي الْبُرْهَانِ.
وَفِي الصُّغْرَى أَيْضًا الْفَتْوَى عَلَى قَوْلِ مُحَمَّدٍ وَكَذَا فِي التَّبْيِينِ (7/113)
(بَابُ فَسْخِ الْإِجَارَةِ) (","أَقُولُ هَذَا عِنْدَ أَبِي حَنِيفَةَ وَيَجْعَلُ أَبُو يُوسُفَ الْقَوْلَ لِلصَّانِعِ إِنْ كَانَ حَرِيفًا لَهُ أَيْ خَلِيطًا بَيْنَهُ وَبَيْنَ الْمُسْتَأْجِرِ أَخْذٌ وَإِعْطَاءٌ فِي حِرْفَةٍ وَحَكَمَ مُحَمَّدٌ بِالْأَجْرِ إِنْ كَانَ مَعْرُوفًا بِعَمَلِ تِلْكَ الصَّنْعَةِ بِالْأُجْرَةِ وَبِهِ يُفْتَى لِشَهَادَةِ الظَّاهِرِ لِدَعْوَاهُ كَمَا فِي الْبُرْهَانِ.
وَفِي الصُّغْرَى أَيْضًا الْفَتْوَى عَلَى قَوْلِ مُحَمَّدٍ وَكَذَا فِي التَّبْيِينِ (7/113)
(بَابُ فَسْخِ الْإِجَارَةِ) ("
"إذ هي محل تشهده الأول وتشهده مع الإمام في أولي نفسه لمحض المتابعة وهذا إجماع منا ومن المخالف وهو حجة لنا على أن ما يدركه معه أول صلاته ومر أنه لو أدركه في أخيرتي رباعية مثلا، فإن أمكنه فيهما قراءة السورة معه قرأ وإلا قرأهما من غير جهر؛ لأنه صفة لا تقضى في أخيرتي نفسه تداركا لهما لعذره.
الشرح
(قوله: ","إِذْ هِيَ مَحَلُّ تَشَهُّدِهِ الْأَوَّلِ وَتَشَهُّدُهُ مَعَ الْإِمَامِ فِي أُولِي نَفْسِهِ لِمَحْضِ الْمُتَابَعَةِ وَهَذَا إِجْمَاعٌ مِنَّا وَمِنَ الْمُخَالِفِ وَهُوَ حُجَّةٌ لَنَا عَلَى أَنَّ مَا يُدْرِكُهُ مَعَهُ أَوَّلَ صَلَاتِهِ وَمَرَّ أَنَّهُ لَوْ أَدْرَكَهُ فِي أَخِيرَتَيْ رُبَاعِيَّةٍ مَثَلًا، فَإِنْ أَمْكَنَهُ فِيهِمَا قِرَاءَةُ السُّورَةِ مَعَهُ قَرَأَ وَإِلَّا قَرَأَهُمَا مِنْ غَيْرِ جَهْرٍ؛ لِأَنَّهُ صِفَةٌ لَا تُقْضَى فِي أَخِيرَتَيْ نَفْسِهِ تَدَارُكًا لَهُمَا لِعُذْرِهِ.
الشَّرْحُ
(قَوْلُهُ: ","إِذْ هِيَ مَحَلُّ تَشَهُّدِهِ الْأَوَّلِ وَتَشَهُّدِهِ مَعَ الْإِمَامِ فِي أَوَّلَيْ نَفْسِهِ لِمَحْضِ الْمُتَابَعَةِ وَهَذَا إِجْمَاعٌ مِنَّا وَمِنَ الْمُخَالِفِ وَهُوَ حُجَّةٌ لَنَا عَلَى أَنَّ مَا يُدْرِكُهُ مَعَهُ أَوَّلَ صَلَاتِهِ وَمَرَّ أَنَّهُ لَوْ أَدْرَكَهُ فِي أَخِيرَتَيْ رُبَاعِيَّةٍ مَثَلًا، فَإِنْ أَمْكَنَهُ فِيهِمَا قِرَاءَةُ السُّورَةِ مَعَهُ قَرَأَ وَإِلَّا قَرَأَهُمَا مِنْ غَيْرِ جَهْرٍ؛ لِأَنَّهُ صِفَةٌ لَا تُقْضَى فِي أَخِيرَتَيْ نَفْسِهِ تَدَارُكًا لَهُمَا لِعُذْرِهِ.
الشَّرْحُ
(قَوْلُهُ:"
"لأنه حق واجب، فلو ختن الحجام فأخطأ، فأصاب الحشفة وجب عليه الضمان؛ لأنه فوت ما لم يؤذن له في تفويته من غير ضرورة، وإذا فعل ذلك الإمام فمات المختون نظر فإن كان الهواء معتدلا فلا ضمان عليه؛ لأنه مات من قطع واجب، وإن كان في شدة حر أو برد فعليه الضمان. (1/212)
","لِأَنَّهُ حَقٌّ وَاجِبٌ، فَلَوْ خَتَنَ الْحَجَّامُ فَأَخْطَأَ، فَأَصَابَ الْحَشَفَةَ وَجَبَ عَلَيْهِ الضَّمَانُ؛ لِأَنَّهُ فَوَّتَ مَا لَمْ يُؤْذَنْ لَهُ فِي تَفْوِيتِهِ مِنْ غَيْرِ ضَرُورَةٍ، وَإِذَا فَعَلَ ذَلِكَ الْإِمَامُ فَمَاتَ الْمَخْتُونُ نُظِرَ فَإِنْ كَانَ الْهَوَاءُ مُعْتَدِلًا فَلَا ضَمَانَ عَلَيْهِ؛ لِأَنَّهُ مَاتَ مِنْ قَطْعٍ وَاجِبٍ، وَإِنْ كَانَ فِي شِدَّةِ حَرٍّ أَوْ بَرْدٍ فَعَلَيْهِ الضَّمَانُ. (1/212)
",لِأَنَّهُ حَقٌّ وَاجِبٌ، فَلَوْ خَتَنَ الْحَجَّامُ فَأَخْطَأَ، فَأَصَابَ الْحَشَفَةَ وَجَبَ عَلَيْهِ الضَّمَانُ؛ لِأَنَّهُ فَوَّتَ مَا لَمْ يُؤْذَنْ لَهُ فِي تَفْوِيتِهِ مِنْ غَيْرِ ضَرُورَةٍ، وَإِذَا فَعَلَ ذَلِكَ الْإِمَامُ فَمَاتَ الْمَخْتُونُ نُظِرَ فَإِنْ كَانَ الْهَوَاءُ مُعْتَدِلًا فَلَا ضَمَانَ عَلَيْهِ؛ لِأَنَّهُ مَاتَ مِنْ قَطْعٍ وَاجِبٍ، وَإِنْ كَانَ فِي شِدَّةِ حَرٍّ أَوْ بَرْدٍ فَعَلَيْهِ الضَّمَانُ. (1/212)
"فكتب كسرى عند ذلك: من كسرى ملك الملوك إلى النعمان بن المنذر، أما بعد، فوجه إلي برجل عالم بما أريد أن أسأله عنه.
فوجه إليه بعبد المسيح بن حيان بن بقيلة الغساني، فلما قدم عليه، قال له: ألك علم بما أريد أن أسألك عنه؟، قال: ليسألني الملك فإن كان عندي علم وإلا أخبرته بمن يعلمه، ","فَكَتَبَ كِسْرَى عِنْدَ ذَلِكَ: مِنْ كِسْرَى مَلِكِ الْمُلُوكِ إِلَى النُّعْمَانِ بْنِ الْمُنْذِرِ، أَمَّا بَعْدُ، فَوَجِّهْ إِلَيَّ بِرَجُلٍ عَالِمٍ بِمَا أُرِيدُ أَنْ أَسْأَلَهُ عَنْهُ.
فَوَجَّهَ إِلَيْهِ بِعَبْدِ الْمَسِيحِ بْنِ حَيَّانَ بْنِ بُقَيْلَةَ الْغَسَّانِيِّ، فَلَمَّا قَدِمَ عَلَيْهِ، قَالَ لَهُ: أَلَكَ عِلْمٌ بِمَا أُرِيدُ أَنْ أَسْأَلَكَ عَنْهُ؟، قَالَ: لِيَسْأَلْنِي الْمَلِكُ فَإِنْ كَانَ عِنْدِي عِلْمٌ وَإِلَّا أَخْبَرْتُهُ بِمَنْ يُعْلِمُهُ، ","فَكَتَبَ كِسْرَى عِنْدَ ذَلِكَ: مِنْ كِسْرَى مَلِكِ الْمُلُوكِ إِلَى النُّعْمَانِ بْنِ الْمُنْذِرِ، أَمَّا بَعْدُ، فَوَجِّهْ إِلَيَّ بِرَجُلٍ عَالِمٍ بِمَا أُرِيدُ أَنْ أَسْأَلَهُ عَنْهُ.
فَوَجَّهَ إِلَيْهِ بِعَبْدِ الْمَسِيحِ بْنِ حَيَّانَ بْنِ بُقَيْلَةَ الْغَسَّانِيِّ، فَلَمَّا قَدِمَ عَلَيْهِ، قَالَ لَهُ: أَلَكَ عِلْمٌ بِمَا أُرِيدُ أَنْ أَسْأَلَكَ عَنْهُ؟، قَالَ: لِيَسْأَلَنِي الْمَلِكُ فَإِنْ كَانَ عِنْدِي عِلْمٌ وَإِلَّا أَخْبَرْتُهُ بِمَنْ يَعْلَمُهُ،"
أي اشتراط طول زمن السماع في الملك المحاز أي في شهادة السماع على الملك المحاز وعلى الوقف وقوله وأما في الموت أي وأما شهادة السماع على الموت ببلد بعيدة فشرط قبولها قصر زمان السماع وأما ما يأتي في قوله كعزل وما بعده من بقية المسائل فلا يشترط فيه طول زمن السماع أيضا ولا قصره فشهادة السماع يثبت بها ضرر الزوجين وما معه وإن لم تطل مدة السماع اتفاقا (قوله ولو بالنقل) ,أَيِ اشْتِرَاطُ طُولِ زَمَنِ السَّمَاعِ فِي الْمِلْكِ الْمُحَازِ أَيْ فِي شَهَادَةِ السَّمَاعِ عَلَى الْمِلْكِ الْمُحَازِ وَعَلَى الْوَقْفِ وَقَوْلُهُ وَأَمَّا فِي الْمَوْتِ أَيْ وَأَمَّا شَهَادَةُ السَّمَاعِ عَلَى الْمَوْتِ بِبَلَدٍ بَعِيدَةٍ فَشَرْطُ قَبُولِهَا قِصَرُ زَمَانِ السَّمَاعِ وَأَمَّا مَا يَأْتِي فِي قَوْلِهِ كَعَزْلٍ وَمَا بَعْدَهُ مِنْ بَقِيَّةِ الْمَسَائِلِ فَلَا يُشْتَرَطُ فِيهِ طُولُ زَمَنِ السَّمَاعِ أَيْضًا وَلَا قِصَرُهُ فَشَهَادَةُ السَّمَاعِ يَثْبُتُ بِهَا ضَرَرُ الزَّوْجَيْنِ وَمَا مَعَهُ وَإِنْ لَمْ تَطُلْ مُدَّةُ السَّمَاعِ اتِّفَاقًا (قَوْلُهُ وَلَوْ بِالنَّقْلِ) ,أَيِ اشْتِرَاطُ طُولِ زَمَنِ السَّمَاعِ فِي الْمِلْكِ الْمُحَازِ أَيْ فِي شَهَادَةِ السَّمَاعِ عَلَى الْمِلْكِ الْمُحَازِ وَعَلَى الْوَقْفِ وَقَوْلُهُ وَأَمَّا فِي الْمَوْتِ أَيْ وَأَمَّا شَهَادَةُ السَّمَاعِ عَلَى الْمَوْتِ بِبَلَدٍ بَعِيدَةٍ فَشَرْطُ قَبُولِهَا قِصَرُ زَمَانِ السَّمَاعِ وَأَمَّا مَا يَأْتِي فِي قَوْلِهِ كَعَزْلٍ وَمَا بَعْدَهُ مِنْ بَقِيَّةِ الْمَسَائِلِ فَلَا يُشْتَرَطُ فِيهِ طُولُ زَمَنِ السَّمَاعِ أَيْضًا وَلَا قِصَرُهُ فَشَهَادَةُ السَّمَاعِ يَثْبُتُ بِهَا ضَرَرُ الزَّوْجَيْنِ وَمَا مَعَهُ وَإِنْ لَمْ تَطُلْ مُدَّةُ السَّمَاعِ اتِّفَاقًا (قَوْلُهُ وَلَوْ بِالنَّقْلِ)
"أن يكون مقبوضا في مجلس السلم سواء كان رأس المال دينا أو عينا عند عامة العلماء استحسانا وسواء قبض في أول المجلس أو في آخره لأن ساعات المجلس لها حكم ساعة واحدة وكذا لو لم يقبض حتى قاما يمشيان فقبض قبل أن يفترقا بأبدانهما جاز كذا في البدائع في النوادر لو تعاقدا عقد السلم ومشيا ميلا أو أكثر ولم يغب أحدهما عن صاحبه ثم قبض رأس المال فافترقا جاز كذا في الذخيرة ولو ناما أو نام أحدهما إن كانا جالسين لم يكن ذلك فرقة لتعذر الاحتراز عنه وإن كانا مضطجعين فهو فرقة كذا في فتاوى قاضي خان وفي النوازل رجل أسلم عشرة دراهم في عشرة أقفزة حنطة ولم تكن الدراهم عنده فدخل بيته ليخرج الدراهم إن دخل حيث يراه المسلم إليه لا يبطل السلم وإن توارى عنه (22/247)
","أَنْ يَكُونَ مَقْبُوضًا فِي مَجْلِسِ السَّلَمِ سَوَاءٌ كَانَ رَأْسُ الْمَالِ دَيْنًا أَوْ عَيْنًا عِنْدَ عَامَّةِ الْعُلَمَاءِ اسْتِحْسَانًا وَسَوَاءٌ قَبَضَ فِي أَوَّلِ الْمَجْلِسِ أَوْ فِي آخِرِهِ لِأَنَّ سَاعَاتِ الْمَجْلِسِ لَهَا حُكْمُ سَاعَةٍ وَاحِدَةٍ وَكَذَا لَوْ لَمْ يَقْبِضْ حَتَّى قَامَا يَمْشِيَانِ فَقَبَضَ قَبْلَ أَنْ يَفْتَرِقَا بِأَبْدَانِهِمَا جَازَ كَذَا فِي الْبَدَائِعِ فِي النَّوَادِرِ لَوْ تَعَاقَدَا عَقْدَ السَّلَمِ وَمَشَيَا مِيلًا أَوْ أَكْثَرَ وَلَمْ يَغِبْ أَحَدُهُمَا عَنْ صَاحِبِهِ ثُمَّ قَبَضَ رَأْسَ الْمَالِ فَافْتَرَقَا جَازَ كَذَا فِي الذَّخِيرَةِ وَلَوْ نَامَا أَوْ نَامَ أَحَدُهُمَا إِنْ كَانَا جَالِسَيْنِ لَمْ يَكُنْ ذَلِكَ فُرْقَةً لِتَعَذُّرِ الِاحْتِرَازِ عَنْهُ وَإِنْ كَانَا مُضْطَجِعَيْنِ فَهُوَ فُرْقَةٌ كَذَا فِي فَتَاوَى قَاضِي خَانْ وَفِي النَّوَازِلِ رَجُلٌ أَسْلَمَ عَشْرَةَ دَرَاهِمَ فِي عَشْرَةِ أَقْفِزَةِ حِنْطَةٍ وَلَمْ تَكُنِ الدَّرَاهِمُ عِنْدَهُ فَدَخَلَ بَيْتَهُ لِيَخْرُجَ الدَّرَاهِمَ إِنْ دَخَلَ حَيْثُ يَرَاهُ الْمُسَلَّمُ إِلَيْهِ لَا يَبْطُلُ السَّلَمُ وَإِنْ تَوَارَى عَنْهُ (22/247)
",أَنْ يَكُونَ مَقْبُوضًا فِي مَجْلِسِ السَّلَمِ سَوَاءٌ كَانَ رَأْسُ الْمَالِ دَيْنًا أَوْ عَيْنًا عِنْدَ عَامَّةِ الْعُلَمَاءِ اسْتِحْسَانًا وَسَوَاءٌ قَبَضَ فِي أَوَّلِ الْمَجْلِسِ أَوْ فِي آخِرِهِ لِأَنَّ سَاعَاتِ الْمَجْلِسِ لَهَا حُكْمُ سَاعَةٍ وَاحِدَةٍ وَكَذَا لَوْ لَمْ يَقْبِضْ حَتَّى قَامَا يَمْشِيَانِ فَقَبَضَ قَبْلَ أَنْ يَفْتَرِقَا بِأَبْدَانِهِمَا جَازَ كَذَا فِي الْبَدَائِعِ فِي النَّوَادِرِ لَوْ تَعَاقَدَا عَقْدَ السَّلَمِ وَمَشَيَا مِيلًا أَوْ أَكْثَرَ وَلَمْ يَغِبْ أَحَدُهُمَا عَنْ صَاحِبِهِ ثُمَّ قَبَضَ رَأْسَ الْمَالِ فَافْتَرَقَا جَازَ كَذَا فِي الذَّخِيرَةِ وَلَوْ نَامَا أَوْ نَامَ أَحَدُهُمَا إِنْ كَانَا جَالِسَيْنِ لَمْ يَكُنْ ذَلِكَ فُرْقَةً لِتَعَذُّرِ الِاحْتِرَازِ عَنْهُ وَإِنْ كَانَا مُضْطَجِعَيْنِ فَهُوَ فُرْقَةٌ كَذَا فِي فَتَاوَى قَاضِي خَانْ وَفِي النَّوَازِلِ رَجُلٌ أَسْلَمَ عَشَرَةَ دَرَاهِمَ فِي عَشَرَةِ أَقْفِزَةِ حِنْطَةٍ وَلَمْ تَكُنِ الدَّرَاهِمُ عِنْدَهُ فَدَخَلَ بَيْتَهُ لِيُخْرِجَ الدَّر
"أي وكالوكيل فإنه يوكل بإذن الموكل له في التوكيل، أو بقرينة دالة على ذلك كعجزه عن الإتيان بما وكله فيه لدعاء الضرورة إلى ذلك فيوكل فيما عجز عنه دون غيره وككون الموكل فيه أمرا لا يحسنه الوكيل، أو لا يليق به إذ تفويض مثل ذلك إليه إنما يقصد منه الاستنابة وقد يتوقف في أن (10/470)
","أَيْ وَكَالْوَكِيلِ فَإِنَّهُ يُوَكَّلُ بِإِذْنِ الْمُوَكِّلِ لَهُ فِي التَّوْكِيلِ، أَوْ بِقَرِينَةٍ دَالَّةٍ عَلَى ذَلِكَ كَعَجْزِهِ عَنِ الْإِتْيَانِ بِمَا وَكَّلَهُ فِيهِ لِدُعَاءِ الضَّرُورَةِ إِلَى ذَلِكَ فَيُوَكِّلُ فِيمَا عَجَزَ عَنْهُ دُونَ غَيْرِهِ وَكَكَوْنِ الْمُوَكَّلِ فِيهِ أَمْرًا لَا يُحْسِنُهُ الْوَكِيلُ، أَوْ لَا يَلِيقُ بِهِ إِذْ تَفْوِيضُ مِثْلِ ذَلِكَ إِلَيْهِ إِنَّمَا يُقْصَدُ مِنْهُ الِاسْتِنَابَةُ وَقَدْ يَتَوَقَّفُ فِي أَنَّ (10/470)
",أَيْ وَكَالْوَكِيلِ فَإِنَّهُ يُوَكِّلُ بِإِذْنِ الْمُوَكِّلِ لَهُ فِي التَّوْكِيلِ، أَوْ بِقَرِينَةٍ دَالَّةٍ عَلَى ذَلِكَ كَعَجْزِهِ عَنِ الْإِتْيَانِ بِمَا وَكَّلَهُ فِيهِ لِدُعَاءِ الضَّرُورَةِ إِلَى ذَلِكَ فَيُوَكِّلُ فِيمَا عَجَزَ عَنْهُ دُونَ غَيْرِهِ وَكَكَوْنِ الْمُوَكَّلِ فِيهِ أَمْرًا لَا يُحْسِنُهُ الْوَكِيلُ، أَوْ لَا يَلِيقُ بِهِ إِذْ تَفْوِيضُ مِثْلِ ذَلِكَ إِلَيْهِ إِنَّمَا يُقْصَدُ مِنْهُ الِاسْتِنَابَةُ وَقَدْ يَتَوَقَّفُ فِي أَنَّ (10/470)
الدية في أعطياتهم وإن كان قضى بها أول مرة في أموالهم لأنه ليس فيه نقض القضاء الأول لأنه قضى بها في أموالهم وأعطياتهم أموالهم، غير أن الدية تقضى من أيسر الأموال أداء، ,الدِّيَةُ فِي أَعْطِيَاتِهِمْ وَإِنْ كَانَ قَضَى بِهَا أَوَّلَ مَرَّةٍ فِي أَمْوَالِهِمْ لِأَنَّهُ لَيْسَ فِيهِ نَقْضُ الْقَضَاءِ الْأَوَّلِ لِأَنَّهُ قَضَى بِهَا فِي أَمْوَالِهِمْ وَأَعْطِيَاتُهُمْ أَمْوَالُهُمْ، غَيْرَ أَنَّ الدِّيَةَ تُقْضَى مِنْ أَيْسَرِ الْأَمْوَالِ أَدَاءً، ,الدِّيَةُ فِي أَعْطِيَاتِهِمْ وَإِنْ كَانَ قَضَى بِهَا أَوَّلَ مَرَّةٍ فِي أَمْوَالِهِمْ لِأَنَّهُ لَيْسَ فِيهِ نَقْضُ الْقَضَاءِ الْأَوَّلِ لِأَنَّهُ قَضَى بِهَا فِي أَمْوَالِهِمْ وَأَعْطِيَاتِهِمْ أَمْوَالَهُمْ، غَيْرَ أَنَّ الدِّيَةَ تُقْضَى مِنْ أَيْسَرِ الْأَمْوَالِ أَدَاءً،
"كذلك في الدبس المطبوخ إذا كان زبيبه متنجسا ولا سيما أن الفأر يدخله فيبول ويبعر فيه وقد يموت فيه، وقد بحث كذلك بعض شيوخ مشايخنا فقال: وعلى هذا إذا تنجس السمسم ثم صار طحينة يطهر، خصوصا وقد عمت به البلوى وقاسه على ما إذا وقع عصفور في بئر حتى صار (2/465)
","كَذَلِكَ فِي الدِّبْسِ الْمَطْبُوخِ إِذَا كَانَ زَبِيبُهُ مُتَنَجِّسًا وَلَا سِيَّمَا أَنَّ الْفَأْرَ يَدْخُلُهُ فَيَبُولُ وَيَبْعَرُ فِيهِ وَقَدْ يَمُوتُ فِيهِ، وَقَدْ بَحَثَ كَذَلِكَ بَعْضُ شُيُوخِ مَشَايِخِنَا فَقَالَ: وَعَلَى هَذَا إِذَا تَنَجَّسَ السِّمْسِمُ ثُمَّ صَارَ طَحِينَةً يَطْهُرُ، خُصُوصًا وَقَدْ عَمَّتْ بِهِ الْبَلْوَى وَقَاسَهُ عَلَى مَا إِذَا وَقَعَ عُصْفُورٌ فِي بِئْرٍ حَتَّى صَارَ (2/465)
",كَذَلِكَ فِي الدِّبْسِ الْمَطْبُوخِ إِذَا كَانَ زَبِيبُهُ مُتَنَجِّسًا وَلَا سِيَّمَا أَنَّ الْفَأْرَ يَدْخُلُهُ فَيَبُولُ وَيَبْعَرُ فِيهِ وَقَدْ يَمُوتُ فِيهِ، وَقَدْ بَحَثَ كَذَلِكَ بَعْضُ شُيُوخِ مَشَايِخِنَا فَقَالَ: وَعَلَى هَذَا إِذَا تَنَجَّسَ السِّمْسِمُ ثُمَّ صَارَ طَحِينَةً يَطْهُرُ، خُصُوصًا وَقَدْ عَمَّتْ بِهِ الْبَلْوَى وَقَاسَهُ عَلَى مَا إِذَا وَقَعَ عُصْفُورٌ فِي بِئْرٍ حَتَّى صَارَ (2/465)
لولا أن تحسبوا أن بى جزعا لزدت قال فكان خبيب أول من سن الصلاة لمن قتل صبرا ثم قال اللهم أحصهم عددا واقتلهم بددا ولا تبق منهم أحدا وأنشأ يقول: فلست أبالى حيث أقتل مسلما على أي حال كان فى الله مصرعى وذلك فى جنب الإله وإن يشأ يبارك على أوصال شلو ممزع قال: ,لَوْلَا أَنْ تَحْسَبُوا أَنَّ بِى جَزَعًا لَزِدْتُ قَالَ فَكَانَ خُبَيْبٌ أَوَّلَ مَنْ سَنَّ الصَّلَاةَ لِمَنْ قُتِلَ صَبْرًا ثُمَّ قَالَ اللَّهُمَّ أَحْصِهِمْ عَدَدًا وَاقْتُلْهُمْ بَدَدًا وَلَا تُبْقِ مِنْهُمْ أَحَدًا وَأَنْشَأَ يَقُولُ: فَلَسْتُ أُبَالِى حَيْثُ أُقْتَلُ مُسْلِمًا عَلَى أَيِّ حَالٍ كَانَ فِى اللَّهِ مَصْرَعِى وَذَلِكَ فِى جَنْبِ الْإِلَهِ وَإِنْ يَشَأْ يُبَارِكْ عَلَى أَوْصَالِ شِلْوٍ مُمَزَّعِ قَالَ: ,لَوْلَا أَنْ تَحْسَبُوا أَنَّ بِى جَزَعًا لَزِدْتُ قَالَ فَكَانَ خُبَيْبٌ أَوَّلَ مَنْ سَنَّ الصَّلَاةَ لِمَنْ قُتِلَ صَبْرًا ثُمَّ قَالَ اللَّهُمَّ أَحْصِهِمْ عَدَدًا وَاقْتُلْهُمْ بَدَدًا وَلَا تُبْقِ مِنْهُمْ أَحَدًا وَأَنْشَأَ يَقُولُ: فَلَسْتُ أُبَالِى حَيْثُ أَقْتُلُ مُسْلِمًا عَلَى أَيِّ حَالٍ كَانَ فِى اللَّهِ مَصْرَعِى وَذَلِكَ فِى جَنْبِ الْإِلَهِ وَإِنْ يَشَأْ يُبَارِكْ عَلَى أَوْصَالِ شَلْوٍ مُمَزَّعِ قَالَ:
قل هل أنبئكم بشر من ذلك مثوبة عند الله من لعنه الله وغضب عليه وجعل منهم القردة والخنازير وعبد الطاغوت أولئك شر مكانا وأضل عن سواء السبيل) (1) ، فالقرد هو هبوط وارتكاس في الضلالة، والجعل في البيان العربي يفهم منه التحويل على غير الأصل الذي هو الخلق، كما في قوله تعالى: (,قُلْ هَلْ أُنَبِّئُكُمْ بِشَرٍّ مِنْ ذَلِكَ مَثُوبَةً عِنْدَ اللَّهِ مَنْ لَعَنَهُ اللَّهُ وَغَضِبَ عَلَيْهِ وَجَعَلَ مِنْهُمُ الْقِرَدَةَ وَالْخَنَازِيرَ وَعَبَدَ الطَّاغُوتَ أُولَئِكَ شَرٌّ مَكَانًا وَأَضَلُّ عَنْ سَوَاءِ السَّبِيلِ) (1) ، فَالْقِرْدُ هُوَ هُبُوطٌ وَارْتِكَاسٌ فِي الضَّلَالَةِ، وَالْجَعْلُ فِي الْبَيَانِ الْعَرَبِيِّ يُفْهَمُ مِنْهُ التَّحْوِيلُ عَلَى غَيْرِ الْأَصْلِ الَّذِي هُوَ الْخَلْقُ، كَمَا فِي قَوْلِهِ تَعَالَى: (,قُلْ هَلْ أُنَبِّئُكُمْ بِشَرٍّ مِنْ ذَلِكَ مَثُوبَةً عِنْدَ اللَّهِ مَنْ لَعَنَهُ اللَّهُ وَغَضِبَ عَلَيْهِ وَجَعَلَ مِنْهُمُ الْقِرَدَةَ وَالْخَنَازِيرَ وَعَبَدَ الطَّاغُوتَ أُولَئِكَ شَرٌّ مَكَانًا وَأَضَلُّ عَنْ سَوَاءِ السَّبِيلِ) (1) ، فَالْقِرْدُ هُوَ هُبُوطٌ وَارْتِكَاسٌ فِي الضَّلَالَةِ، وَالْجَعْلُ فِي الْبَيَانِ الْعَرَبِيِّ يُفْهَمُ مِنْهُ التَّحْوِيلُ عَلَى غَيْرِ الْأَصْلِ الَّذِي هُوَ الْخَلْقُ، كَمَا فِي قَوْلِهِ تَعَالَى: (
"قال شيخنا: فأوجبوا الضمان على مجموع الطائفة وإن لم يعلم عين المتلف، وقال: وإن تقابلا تقاصا؛ لأن المباشر والمعين سواء عند الجمهور، وقال: وإن جهل قدر ما نهبه كل طائفة من الأخرى تساويا، كمن جهل قدر المحرم بماله أخرج نصفه والباقي له، ومن دخل للصلح فجهل قاتله ضمنتاه. (11/324)
باب حكم المرتد من كفر طوعا ولو هازلا بعد إسلامه، ","قَالَ شَيْخُنَا: فَأَوْجَبُوا الضَّمَانَ عَلَى مَجْمُوعِ الطَّائِفَةِ وَإِنْ لَمْ يُعْلَمْ عَيْنَ الْمُتْلَفِ، وَقَالَ: وَإِنْ تَقَابَلَا تَقَاصَّا؛ لِأَنَّ الْمُبَاشِرَ وَالْمُعَيَّنَ سَوَاءٌ عِنْدَ الْجُمْهُورِ، وَقَالَ: وَإِنْ جَهِلَ قَدْرَ مَا نَهَبَهُ كُلُّ طَائِفَةٍ مِنَ الْأُخْرَى تَسَاوَيَا، كَمَنْ جَهِلَ قَدْرَ الْمُحْرِمِ بِمَالِهِ أَخْرَجَ نِصْفَهُ وَالْبَاقِي لَهُ، وَمَنْ دَخَلَ لِلصُّلْحِ فَجَهِلَ قَاتِلَهُ ضَمِنَتَاهُ. (11/324)
بَابُ حُكْمِ الْمُرْتَدِّ مَنْ كَفَرَ طَوْعًا وَلَوْ هَازِلًا بَعْدَ إِسْلَامِهِ، ","قَالَ شَيْخُنَا: فَأَوْجَبُوا الضَّمَانَ عَلَى مَجْمُوعِ الطَّائِفَةِ وَإِنْ لَمْ يُعْلَمْ عَيْنُ الْمُتْلَفِ، وَقَالَ: وَإِنْ تَقَابَلَا تَقَاصَّا؛ لِأَنَّ الْمُبَاشِرَ وَالْمُعَيَّنَ سَوَاءٌ عِنْدَ الْجُمْهُورِ، وَقَالَ: وَإِنْ جُهِلَ قَدْرُ مَا نَهَبَهُ كُلُّ طَائِفَةٍ مِنَ الْأُخْرَى تَسَاوَيَا، كَمَنْ جَهِلَ قَدْرَ الْمُحْرِمِ بِمَالِهِ أَخْرَجَ نِصْفَهُ وَالْبَاقِي لَهُ، وَمَنْ دَخَلَ لِلصُّلْحِ فَجَهِلَ قَاتِلَهُ ضَمِنَتَاهُ. (11/324)
بَابُ حُكْمِ الْمُرْتَدِّ مَنْ كَفَرَ طَوْعًا وَلَوْ هَازِلًا بَعْدَ إِسْلَامِهِ،"
"وما يدريك أنها رقية} وإذا نفعت الحي بالقصد كان نفع الميت بها أولى ا ه.
وقد جوز القاضي حسين الاستئجار على قراءة القرآن عند الميت، وقال ابن الصلاح، وينبغي أن يقول: اللهم أوصل ثواب ما قرأنا لفلان فيجعله دعاء، ولا يختلف في ذلك القريب والبعيد، وينبغي الجزم بنفع هذا؛ ","وَمَا يُدْرِيكَ أَنَّهَا رُقْيَةٌ} وَإِذَا نَفَعَتِ الْحَيَّ بِالْقَصْدِ كَانَ نَفْعُ الْمَيِّتِ بِهَا أَوْلَى ا ه.
وَقَدْ جَوَّزَ الْقَاضِي حُسَيْنٌ الِاسْتِئْجَارَ عَلَى قِرَاءَةِ الْقُرْآنِ عِنْدَ الْمَيِّتِ، وَقَالَ ابْنُ الصَّلَاحِ، وَيَنْبَغِي أَنْ يَقُولَ: اللَّهُمَّ أَوْصِلْ ثَوَابَ مَا قَرَأْنَا لِفُلَانٍ فَيَجْعَلَهُ دُعَاءً، وَلَا يَخْتَلِفُ فِي ذَلِكَ الْقَرِيبُ وَالْبَعِيدُ، وَيَنْبَغِي الْجَزْمُ بِنَفْعِ هَذَا؛ ","وَمَا يُدْرِيك أَنَّهَا رُقْيَةٌ} وَإِذَا نَفَعَتِ الْحَيَّ بِالْقَصْدِ كَانَ نَفْعُ الْمَيِّتِ بِهَا أَوْلَى ا ه.
وَقَدْ جَوَّزَ الْقَاضِي حُسَيْنٌ الِاسْتِئْجَارَ عَلَى قِرَاءَةِ الْقُرْآنِ عِنْدَ الْمَيِّتِ، وَقَالَ ابْنُ الصَّلَاحِ، وَيَنْبَغِي أَنْ يَقُولَ: اللَّهُمَّ أَوْصِلْ ثَوَابَ مَا قَرَأْنَا لِفُلَانٍ فَيَجْعَلُهُ دُعَاءً، وَلَا يَخْتَلِفُ فِي ذَلِكَ الْقَرِيبُ وَالْبَعِيدُ، وَيَنْبَغِي الْجَزْمُ بِنَفْعِ هَذَا؛"
تقدم أن التمر والعنب يقسم على أصله بالشروط المتقدمة فإذا اقتسما ذلك كذلك ثم اقتسما الأصول فوقع ثمر هذا في أصل هذا وثمر هذا في أصل هذا فإن صاحب الأصل يسقي نخله وإن كانت الثمرة لغيره وهذا مع التشاح وما مر في باب تناول البناء والشجر الأرض في قوله ولكليهما السقي حيث لا مشاحة ولذلك عبر هناك بأن السقي له وهنا بأنه عليه كما يفهم من الفعل (ص) ,تَقَدَّمَ أَنَّ التَّمْرَ وَالْعِنَبَ يُقْسَمُ عَلَى أَصْلِهِ بِالشُّرُوطِ الْمُتَقَدِّمَةِ فَإِذَا اقْتَسَمَا ذَلِكَ كَذَلِكَ ثُمَّ اقْتَسَمَا الْأُصُولَ فَوَقَعَ ثَمَرُ هَذَا فِي أَصْلِ هَذَا وَثَمَرُ هَذَا فِي أَصْلِ هَذَا فَإِنَّ صَاحِبَ الْأَصْلِ يَسْقِي نَخْلَهُ وَإِنْ كَانَتِ الثَّمَرَةُ لِغَيْرِهِ وَهَذَا مَعَ التَّشَاحِّ وَمَا مَرَّ فِي بَابِ تَنَاوُلِ الْبِنَاءِ وَالشَّجَرِ الْأَرْضَ فِي قَوْلِهِ وَلِكِلَيْهِمَا السَّقْيُ حَيْثُ لَا مُشَاحَّةَ وَلِذَلِكَ عَبَّرَ هُنَاكَ بِأَنَّ السَّقْيَ لَهُ وَهُنَا بِأَنَّهُ عَلَيْهِ كَمَا يُفْهَمُ مِنَ الْفِعْلِ (ص) ,تَقَدَّمَ أَنَّ التَّمْرَ وَالْعِنَبَ يُقْسَمُ عَلَى أَصْلِهِ بِالشُّرُوطِ الْمُتَقَدِّمَةِ فَإِذَا اقْتَسَمَا ذَلِكَ كَذَلِكَ ثُمَّ اقْتَسَمَا الْأُصُولَ فَوَقَعَ ثَمَرُ هَذَا فِي أَصْلِ هَذَا وَثَمَرُ هَذَا فِي أَصْلِ هَذَا فَإِنَّ صَاحِبَ الْأَصْلِ يَسْقِي نَخْلَهُ وَإِنْ كَانَتِ الثَّمَرَةُ لِغَيْرِهِ وَهَذَا مَعَ التَّشَاحِّ وَمَا مَرَّ فِي بَابِ تَنَاوُلِ الْبِنَاءِ وَالشَّجَرِ الْأَرْضَ فِي قَوْلِهِ وَلِكِلَيْهِمَا السَّقْيُ حَيْثُ لَا مُشَاحَّةَ وَلِذَلِكَ عَبَّرَ هُنَاكَ بِأَنَّ السَّقْيَ لَهُ وَهُنَا بِأَنَّهُ عَلَيْهِ كَمَا يُفْهَمُ مِنَ الْفِعْلِ (ص)
ألا رجل يأتينى بخبر القوم جعله الله معى يوم القيامة» . فسكتنا فلم يجبه منا أحد ثم قال «ألا رجل يأتينا بخبر القوم جعله الله معى يوم القيامة» . فسكتنا فلم يجبه منا أحد ثم قال «ألا رجل يأتينا بخبر القوم جعله الله معى يوم القيامة» . فسكتنا فلم يجبه منا أحد فقال «,أَلَا رَجُلٌ يَأْتِينِى بِخَبَرِ الْقَوْمِ جَعَلَهُ اللَّهُ مَعِى يَوْمَ الْقِيَامَةِ» . فَسَكَتْنَا فَلَمْ يُجِبْهُ مِنَّا أَحَدٌ ثُمَّ قَالَ «أَلَا رَجُلٌ يَأْتِينَا بِخَبَرِ الْقَوْمِ جَعَلَهُ اللَّهُ مَعِى يَوْمَ الْقِيَامَةِ» . فَسَكَتْنَا فَلَمْ يُجِبْهُ مِنَّا أَحَدٌ ثُمَّ قَالَ «أَلَا رَجُلٌ يَأْتِينَا بِخَبَرِ الْقَوْمِ جَعَلَهُ اللَّهُ مَعِى يَوْمَ الْقِيَامَةِ» . فَسَكَتْنَا فَلَمْ يُجِبْهُ مِنَّا أَحَدٌ فَقَالَ «,أَلَا رَجُلٌ يَأْتِينِى بِخَبَرِ الْقَوْمِ جَعَلَهُ اللَّهُ مَعِى يَوْمَ الْقِيَامَةِ» . فَسَكَتْنَا فَلَمْ يُجِبْهُ مِنَّا أَحَدٌ ثُمَّ قَالَ «أَلَا رَجُلٌ يَأْتِينَا بِخَبَرِ الْقَوْمِ جَعَلَهُ اللَّهُ مَعِى يَوْمَ الْقِيَامَةِ» . فَسَكَتْنَا فَلَمْ يُجِبْهُ مِنَّا أَحَدٌ ثُمَّ قَالَ «أَلَا رَجُلٌ يَأْتِينَا بِخَبَرِ الْقَوْمِ جَعَلَهُ اللَّهُ مَعِى يَوْمَ الْقِيَامَةِ» . فَسَكَتْنَا فَلَمْ يُجِبْهُ مِنَّا أَحَدٌ فَقَالَ «
ويحتمل أن يكون المراد بكون دعواهما واحدة أن كلا منهما يقول إنه ناصر للحق طالب له ذاب عن الدين فالقائمون مع علي رضي الله عنه هم المصيبون القائمون بنصرة من تجب نصرته لكونه أفضل الخلق ذلك الوقت، وأحقهم بالإمامة مع تقدم بيعته من أهل الحل والعقد بدار الهجرة، ,وَيَحْتَمِلُ أَنْ يَكُونَ الْمُرَادُ بِكَوْنِ دَعْوَاهُمَا وَاحِدَةٌ أَنَّ كُلًّا مِنْهُمَا يَقُولُ إِنَّهُ نَاصِرٌ لِلْحَقِّ طَالِبٌ لَهُ ذَابٌّ عَنِ الدِّينِ فَالْقَائِمُونَ مَعَ عَلِيٍّ رَضِيَ اللَّهُ عَنْهُ هُمُ الْمُصِيبُونَ الْقَائِمُونَ بِنُصْرَةِ مَنْ تَجِبُ نُصْرَتُهُ لِكَوْنِهِ أَفْضَلَ الْخَلْقِ ذَلِكَ الْوَقْتِ، وَأَحَقَّهُمْ بِالْإِمَامَةِ مَعَ تَقَدُّمِ بَيْعَتِهِ مِنْ أَهْلِ الْحَلِّ وَالْعَقْدِ بِدَارِ الْهِجْرَةِ، ,وَيُحْتَمَلُ أَنْ يَكُونَ الْمُرَادُ بِكَوْنِ دَعْوَاهُمَا وَاحِدَةً أَنَّ كُلًّا مِنْهُمَا يَقُولُ إِنَّهُ نَاصِرٌ لِلْحَقِّ طَالِبٌ لَهُ ذَابٌّ عَنِ الدِّينِ فَالْقَائِمُونَ مَعَ عَلِيٍّ رَضِيَ اللَّهُ عَنْهُ هُمُ الْمُصِيبُونَ الْقَائِمُونَ بِنُصْرَةِ مَنْ تَجِبُ نُصْرَتُهُ لِكَوْنِهِ أَفْضَلَ الْخَلْقِ ذَلِكَ الْوَقْتِ، وَأَحَقَّهُمْ بِالْإِمَامَةِ مَعَ تَقَدُّمِ بَيْعَتِهِ مِنْ أَهْلِ الْحَلِّ وَالْعَقْدِ بِدَارِ الْهِجْرَةِ،
"أو لتعلق حق الله، أو حق من ليس موجودا بها وزيادة بعض الموثقين على هذه العشرة الطلاق، واللعان، والعتق ضعيفة وأن هذه الثلاثة يحكم فيها القضاة وغيرهم.
الشرح
(17/147)
(قوله: وإنما يحكم) المراد أن هذه الأمور إذا احتيج فيها للحكم فإنما يكون من القضاة قال في التوضيح للقاضي النظر في الأشياء إلا في قبض الخراج ا ه، ","أَوْ لِتَعَلُّقِ حَقِّ اللَّهِ، أَوْ حَقِّ مَنْ لَيْسَ مَوْجُودًا بِهَا وَزِيَادَةُ بَعْضِ الْمُوَثِّقِينَ عَلَى هَذِهِ الْعَشَرَةِ الطَّلَاقَ، وَاللِّعَانَ، وَالْعِتْقَ ضَعِيفَةٌ وَأَنَّ هَذِهِ الثَّلَاثَةَ يَحْكُمُ فِيهَا الْقُضَاةُ وَغَيْرُهُمْ.
الشَّرْحُ
(17/147)
(قَوْلُهُ: وَإِنَّمَا يَحْكُمُ) الْمُرَادُ أَنَّ هَذِهِ الْأُمُورَ إِذَا احْتِيجَ فِيهَا لِلْحُكْمِ فَإِنَّمَا يَكُونُ مِنَ الْقُضَاةِ قَالَ فِي التَّوْضِيحِ لِلْقَاضِي النَّظَرُ فِي الْأَشْيَاءِ إِلَّا فِي قَبْضِ الْخَرَاجِ ا ه، ","أَوْ لِتَعَلُّقِ حَقِّ اللَّهِ، أَوْ حَقِّ مَنْ لَيْسَ مَوْجُودًا بِهَا وَزِيَادَةُ بَعْضِ الْمُوَثِّقِينَ عَلَى هَذِهِ الْعَشَرَةِ الطَّلَاقُ، وَاللِّعَانُ، وَالْعِتْقُ ضَعِيفَةٌ وَأَنَّ هَذِهِ الثَّلَاثَةَ يَحْكُمُ فِيهَا الْقُضَاةُ وَغَيْرُهُمْ.
الشَّرْحُ
(17/147)
(قَوْلُهُ: وَإِنَّمَا يَحْكُمُ) الْمُرَادُ أَنَّ هَذِهِ الْأُمُورَ إِذَا احْتِيجَ فِيهَا لِلْحُكْمِ فَإِنَّمَا يَكُونُ مِنَ الْقُضَاةِ قَالَ فِي التَّوْضِيحِ لِلْقَاضِي النَّظَرُ فِي الْأَشْيَاءِ إِلَّا فِي قَبْضِ الْخَرَاجِ ا ه،"
"وقيد بالنسيان ليفيد أنه لو ذكره فوقع عنده أنه فني فلا خلاف، بل الاتفاق على الإعادة.
","وَقُيِّدَ بِالنِّسْيَانِ لِيُفِيدَ أَنَّهُ لَوْ ذَكَرَهُ فَوَقَعَ عِنْدَهُ أَنَّهُ فَنِيَ فَلَا خِلَافَ، بَلِ الِاتِّفَاقُ عَلَى الْإِعَادَةِ.
",وَقَيَّدَ بِالنِّسْيَانِ لِيُفِيدَ أَنَّهُ لَوْ ذَكَرَهُ فَوَقَعَ عِنْدَهُ أَنَّهُ فَنِيَ فَلَا خِلَافَ، بَلِ الِاتِّفَاقُ عَلَى الْإِعَادَةِ.
شهادة الشاهدين بذلك العتق على الأول ولك أن تقول إن قوله نعم إن تبين بالقرائن أو احتمل أن القول الثاني تأسيس إلخ يشمل احتمال التأسيس على هذا الأول أيضا فتأمل بإمعان وإنصاف (الوجه الثالث) أن ما بني عليه الفرق من كون القول الثاني خبرا عن الأول لا أحسبه صحيحا، ,شَهَادَةُ الشَّاهِدَيْنِ بِذَلِكَ الْعِتْقِ عَلَى الْأَوَّلِ وَلَكَ أَنْ تَقُولَ إِنَّ قَوْلَهُ نَعَمْ إِنْ تَبَيَّنَ بِالْقَرَائِنِ أَوِ احْتَمَلَ أَنَّ الْقَوْلَ الثَّانِيَ تَأْسِيسُ إِلَخْ يَشْمَلُ احْتِمَالَ التَّأْسِيسِ عَلَى هَذَا الْأَوَّلِ أَيْضًا فَتَأَمَّلْ بِإِمْعَانٍ وَإِنْصَافٍ (الْوَجْهُ الثَّالِثُ) أَنَّ مَا بُنِيَ عَلَيْهِ الْفَرْقُ مِنْ كَوْنِ الْقَوْلِ الثَّانِي خَبَرًا عَنِ الْأَوَّلِ لَا أَحْسَبُهُ صَحِيحًا، ,شَهَادَةُ الشَّاهِدَيْنِ بِذَلِكَ الْعِتْقِ عَلَى الْأَوَّلِ وَلَكَ أَنْ تَقُولَ إِنَّ قَوْلَهُ نَعَمْ إِنْ تَبَيَّنَ بِالْقَرَائِنِ أَوِ احْتَمَلَ أَنَّ الْقَوْلَ الثَّانِيَ تَأْسِيسٌ إِلَخْ يَشْمَلُ احْتِمَالَ التَّأْسِيسِ عَلَى هَذَا الْأَوَّلِ أَيْضًا فَتَأَمَّلْ بِإِمْعَانٍ وَإِنْصَافٍ (الْوَجْهُ الثَّالِثُ) أَنَّ مَا بُنِيَ عَلَيْهِ الْفَرْقُ مِنْ كَوْنِ الْقَوْلِ الثَّانِي خَبَرًا عَنِ الْأَوَّلِ لَا أَحْسَبُهُ صَحِيحًا،
نعم لو علق برؤيتها وجهها فرأته في المرآة حنث إذ لا يمكنها رؤيته إلا كذلك، صرح به القاضي في فتاويه فيما لو علق برؤيتها وجهها وبلمس شيء من بدنه لا مع إكراه عليه من غير حائل لا نحو شعر وظفر وسن سواء الرائي والمرئي واللامس والملموس العاقل وغيره، ,نَعَمْ لَوْ عَلَّقَ بِرُؤْيَتِهَا وَجْهَهَا فَرَأَتْهُ فِي الْمِرْآةِ حَنِثَ إِذْ لَا يُمْكِنُهَا رُؤْيَتُهُ إِلَّا كَذَلِكَ، صَرَّحَ بِهِ الْقَاضِي فِي فَتَاوِيهِ فِيمَا لَوْ عَلَّقَ بِرُؤْيَتِهَا وَجْهَهَا وَبِلَمْسِ شَيْءٍ مِنْ بَدَنِهِ لَا مَعَ إِكْرَاهٍ عَلَيْهِ مِنْ غَيْرِ حَائِلٍ لَا نَحْوِ شَعْرٍ وَظُفْرٍ وَسِنٍّ سَوَاءٌ الرَّائِي وَالْمَرْئِيُّ وَاللَّامِسُ وَالْمَلْمُوسُ الْعَاقِلُ وَغَيْرُهُ، ,نَعَمْ لَوْ عَلَّقَ بِرُؤْيَتِهَا وَجْهَهَا فَرَأَتْهُ فِي الْمِرْآةِ حَنِثَ إِذْ لَا يُمْكِنُهَا رُؤْيَتُهُ إِلَّا كَذَلِكَ، صَرَّحَ بِهِ الْقَاضِي فِي فَتَاوِيهِ فِيمَا لَوْ عَلَّقَ بِرُؤْيَتِهَا وَجْهَهَا وَبِلَمْسِ شَيْءٍ مِنْ بَدَنِهِ لَا مَعَ إِكْرَاهٍ عَلَيْهِ مِنْ غَيْرِ حَائِلٍ لَا نَحْوِ شَعْرٍ وَظُفْرٍ وَسِنٍّ سَوَاءٌ الرَّائِي وَالْمَرْئِيُّ وَاللَّامِسُ وَالْمَلْمُوسُ الْعَاقِلُ وَغَيْرُهُ،
"بضم الفوقية وكسر الموحدة أي لوحظ الأجل (فيهما) أي سلم المصنوع في أصله وسلم أصله فيه، فإن وسع الأجل جعل المصنوع من أصله أو جعل أصله منه امتنع السلم وإلا جاز كسلم آلة من نحاس أو رصاص في نحاس أو رصاص أو عكسه.
(تنبيهات) : الأول: ابن هارون اعتبار الأجل حسن إذا قدم الأصل، وأما عكسه فمذهب المدونة المنع، ","بِضَمِّ الْفَوْقِيَّةِ وَكَسْرِ الْمُوَحَّدَةِ أَيْ لُوحِظَ الْأَجَلُ (فِيهِمَا) أَيْ سَلَمِ الْمَصْنُوعِ فِي أَصْلِهِ وَسَلَمِ أَصْلِهِ فِيهِ، فَإِنْ وَسِعَ الْأَجَلُ جُعِلَ الْمَصْنُوعُ مِنْ أَصْلِهِ أَوْ جُعِلَ أَصْلُهُ مِنْهُ امْتَنَعَ السَّلَمُ وَإِلَّا جَازَ كَسَلَمِ آلَةٍ مِنْ نُحَاسٍ أَوْ رَصَاصٍ فِي نُحَاسٍ أَوْ رَصَاصٍ أَوْ عَكْسِهِ.
(تَنْبِيهَاتٌ) : الْأَوَّلُ: ابْنُ هَارُونَ اعْتِبَارُ الْأَجَلِ حَسَنٌ إِذَا قُدِّمَ الْأَصْلُ، وَأَمَّا عَكْسُهُ فَمَذْهَبُ الْمُدَوَّنَةِ الْمَنْعُ، ","بِضَمِّ الْفَوْقِيَّةِ وَكَسْرِ الْمُوَحَّدَةِ أَيْ لُوحِظَ الْأَجَلُ (فِيهِمَا) أَيْ سَلَمِ الْمَصْنُوعِ فِي أَصْلِهِ وَسَلَمِ أَصْلِهِ فِيهِ، فَإِنْ وَسِعَ الْأَجَلُ جَعْلَ الْمَصْنُوعِ مِنْ أَصْلِهِ أَوْ جَعْلَ أَصْلِهِ مِنْهُ امْتَنَعَ السَّلَمُ وَإِلَّا جَازَ كَسَلَمِ آلَةٍ مِنْ نُحَاسٍ أَوْ رَصَاصٍ فِي نُحَاسٍ أَوْ رَصَاصٍ أَوْ عَكْسِهِ.
(تَنْبِيهَاتٌ) : الْأَوَّلُ: ابْنُ هَارُونَ اعْتِبَارُ الْأَجَلِ حَسَنٌ إِذَا قَدَّمَ الْأَصْلَ، وَأَمَّا عَكْسُهُ فَمَذْهَبُ الْمُدَوَّنَةِ الْمَنْعُ،"
"هو الصحيح من المذهب، ونص عليه في رواية صالح والأثرم وغيرهما؛ لأن الواو ليست للترتيب، وعليه جماهير الأصحاب، وقطع به كثير منهم، وعنه: تبين غير المدخول بها في الأولى، بناء على أن الواو للترتيب، قاله ابن أبي موسى وغيره، قال القواعد الأصولية: وفي بناء ابن أبي موسى نظر، بل الأولى في تعليل أنها تبين (13/468)
","هُوَ الصَّحِيحُ مِنَ الْمَذْهَبِ، وَنَصَّ عَلَيْهِ فِي رِوَايَةِ صَالِحٍ وَالْأَثْرَمِ وَغَيْرِهِمَا؛ لِأَنَّ الْوَاوَ لَيْسَتْ لِلتَّرْتِيبِ، وَعَلَيْهِ جَمَاهِيرُ الْأَصْحَابِ، وَقَطَعَ بِهِ كَثِيرٌ مِنْهُمْ، وَعَنْهُ: تَبِينُ غَيْرُ الْمَدْخُولِ بِهَا فِي الْأُولَى، بِنَاءً عَلَى أَنَّ الْوَاوَ لِلتَّرْتِيبِ، قَالَهُ ابْنُ أَبِي مُوسَى وَغَيْرُهُ، قَالَ الْقَوَاعِدُ الْأُصُولِيَّةُ: وَفِي بِنَاءِ ابْنِ أَبِي مُوسَى نَظَرٌ، بَلِ الْأَوْلَى فِي تَعْلِيلِ أَنَّهَا تَبِينُ (13/468)
",هُوَ الصَّحِيحُ مِنَ الْمَذْهَبِ، وَنَصَّ عَلَيْهِ فِي رِوَايَةِ صَالِحٍ وَالْأَثْرَمِ وَغَيْرِهِمَا؛ لِأَنَّ الْوَاوَ لَيْسَتْ لِلتَّرْتِيبِ، وَعَلَيْهِ جَمَاهِيرُ الْأَصْحَابِ، وَقَطَعَ بِهِ كَثِيرٌ مِنْهُمْ، وَعَنْهُ: تَبِينُ غَيْرُ الْمَدْخُولِ بِهَا فِي الْأُولَى، بِنَاءً عَلَى أَنَّ الْوَاوَ لِلتَّرْتِيبِ، قَالَهُ ابْنُ أَبِي مُوسَى وَغَيْرُهُ، قَالَ الْقَوَاعِدُ الْأُصُولِيَّةُ: وَفِي بِنَاءِ ابْنِ أَبِي مُوسَى نَظَرٌ، بَلِ الْأَوْلَى فِي تَعْلِيلِ أَنَّهَا تَبِينُ (13/468)
"وأما الثاني فلأنه يلزم من تقديم الإباحة أي العمل بها كثرة التغيير من ارتفاع الإباحة الأصلية بالحظر ثم ارتفاع الحظر بالإباحة الشرعية بخلافه إذا كان العمل بالحظر والأصل عدمها انتهى.
وفي هذه الجملة ما فيها فقد اختار القاضي عبد الوهاب في الملخص ترجيح المقتضي للإباحة على المقتضي للحظر وقال القاضي والإمام والغزالي وابن أبان وأبو هاشم يتساويان؛ ","وَأَمَّا الثَّانِي فَلِأَنَّهُ يَلْزَمُ مِنْ تَقْدِيمِ الْإِبَاحَةِ أَيِ الْعَمَلِ بِهَا كَثْرَةُ التَّغْيِير مِنَ ارْتِفَاعِ الْإِبَاحَةِ الْأَصْلِيَّةِ بِالْحَظْرِ ثُمَّ ارْتِفَاعُ الْحَظْرِ بِالْإِبَاحَةِ الشَّرْعِيَّةِ بِخِلَافِهِ إِذَا كَانَ الْعَمَلُ بِالْحَظْرِ وَالْأَصْلُ عَدَمُهَا انْتَهَى.
وَفِي هَذِهِ الْجُمْلَةِ مَا فِيهَا فَقَدِ اخْتَارَ الْقَاضِي عَبْدُ الْوَهَّابِ فِي الْمُلَخَّصِ تَرْجِيحَ الْمُقْتَضِي لِلْإِبَاحَةِ عَلَى الْمُقْتَضِي لِلْحَظْرِ وَقَالَ الْقَاضِي وَالْإِمَامُ وَالْغَزَالِيُّ وَابْنُ أَبَانَ وَأَبُو هَاشِمٍ يَتَسَاوَيَانِ؛ ","وَأَمَّا الثَّانِي فَلِأَنَّهُ يَلْزَمُ مِنْ تَقْدِيمِ الْإِبَاحَةِ أَيِ الْعَمَلِ بِهَا كَثْرَةُ التَّغْيِيرِ مِنَ ارْتِفَاعِ الْإِبَاحَةِ الْأَصْلِيَّةِ بِالْحَظْرِ ثُمَّ ارْتِفَاعِ الْحَظْرِ بِالْإِبَاحَةِ الشَّرْعِيَّةِ بِخِلَافِهِ إِذَا كَانَ الْعَمَلُ بِالْحَظْرِ وَالْأَصْلُ عَدَمُهَا انْتَهَى.
وَفِي هَذِهِ الْجُمْلَةِ مَا فِيهَا فَقَدِ اخْتَارَ الْقَاضِي عَبْدُ الْوَهَّابِ فِي الْمُلَخَّصِ تَرْجِيحَ الْمُقْتَضِي لِلْإِبَاحَةِ عَلَى الْمُقْتَضِي لِلْحَظْرِ وَقَالَ الْقَاضِي وَالْإِمَامُ وَالْغَزَالِيُّ وَابْنُ أَبَانَ وَأَبُو هَاشِمٍ يَتَسَاوَيَانِ؛"
"قال حدثني أبي قال كنت قاعدا عند رسول الله صلى الله عليه وسلم فعطس رجل فقال رسول الله صلى الله عليه وسلم يرحمك الله ثم عطس أخرى فقال رسول الله صلى الله عليه وسلم الرجل مزكوم
16502 - ","قَالَ حَدَّثَنِي أَبِي قَالَ كُنْتُ قَاعِدًا عِنْدَ رَسُولِ اللَّهِ صَلَّى اللَّهُ عَلَيْهِ وَسَلَّمَ فَعَطَسَ رَجُلٌ فَقَالَ رَسُولُ اللَّهِ صَلَّى اللَّهُ عَلَيْهِ وَسَلَّمَ يَرْحَمُكَ اللَّهُ ثُمَّ عَطَسَ أُخْرَى فَقَالَ رَسُولُ اللَّهِ صَلَّى اللَّهُ عَلَيْهِ وَسَلَّمَ الرَّجُلُ مَزْكُومٌ
16502 - ","قَالَ حَدَّثَنِي أَبِي قَالَ كُنْتُ قَاعِدًا عِنْدَ رَسُولِ اللَّهِ صَلَّى اللَّهُ عَلَيْهِ وَسَلَّمَ فَعَطَسَ رَجُلٌ فَقَالَ رَسُولُ اللَّهِ صَلَّى اللَّهُ عَلَيْهِ وَسَلَّمَ يَرْحَمُكَ اللَّهُ ثُمَّ عَطَسَ أُخْرَى فَقَالَ رَسُولُ اللَّهِ صَلَّى اللَّهُ عَلَيْهِ وَسَلَّمَ الرَّجُلُ مَزْكُومٌ
16502 -"
"أي: وذكر مؤجر الدابة للركوب المحمل الذي للراكب أي: وصفه بضيقه، أو سعته، ووزنه.
(أو نظر) إليه هذا إذا تفاوتت المحامل تفاوتا فاحشا، وإلا كفى الإطلاق وحمل على معهودهم، أما إذا لم يكن للراكب محمل أي: أو غيره مما يركب عليه كزاملة فلا حاجة إلى ذكره ويركبه المؤجر على ما يشاء من سرج وإكاف وزاملة على ما يليق بالدابة وقوله: ","أَيْ: وَذَكَرَ مُؤَجِّرُ الدَّابَّةِ لِلرُّكُوبِ الْمَحْمِلَ الَّذِي لِلرَّاكِبِ أَيْ: وَصَفَهُ بِضِيقِهِ، أَوْ سِعَتِهِ، وَوَزْنِهِ.
(أَوْ نَظَرْ) إِلَيْهِ هَذَا إِذَا تَفَاوَتَتِ الْمَحَامِلُ تَفَاوُتًا فَاحِشًا، وَإِلَّا كَفَى الْإِطْلَاقُ وَحُمِلَ عَلَى مَعْهُودِهِمْ، أَمَّا إِذَا لَمْ يَكُنْ لِلرَّاكِبِ مَحْمِلٌ أَيْ: أَوْ غَيْرُهُ مِمَّا يُرْكَبُ عَلَيْهِ كَزَامِلَةٍ فَلَا حَاجَةَ إِلَى ذِكْرِهِ وَيَرْكَبُهُ الْمُؤَجِّرُ عَلَى مَا يَشَاءُ مِنْ سَرْجٍ وَإِكَافٍ وَزَامِلَةٍ عَلَى مَا يَلِيقُ بِالدَّابَّةِ وَقَوْلُهُ: ","أَيْ: وَذَكَرَ مُؤَجِّرُ الدَّابَّةِ لِلرُّكُوبِ الْمَحْمِلَ الَّذِي لِلرَّاكِبِ أَيْ: وَصَفَهُ بِضِيقِهِ، أَوْ سَعَتِهِ، وَوَزْنِهِ.
(أَوْ نَظَرَ) إِلَيْهِ هَذَا إِذَا تَفَاوَتَتِ الْمَحَامِلُ تَفَاوُتًا فَاحِشًا، وَإِلَّا كَفَى الْإِطْلَاقُ وَحُمِلَ عَلَى مَعْهُودِهِمْ، أَمَّا إِذَا لَمْ يَكُنْ لِلرَّاكِبِ مَحْمِلٌ أَيْ: أَوْ غَيْرُهُ مِمَّا يُرْكَبُ عَلَيْهِ كَزَامِلَةٍ فَلَا حَاجَةَ إِلَى ذِكْرِهِ وَيُرْكِبُهُ الْمُؤَجِّرُ عَلَى مَا يَشَاءُ مِنْ سَرْجٍ وَإِكَافٍ وَزَامِلَةٍ عَلَى مَا يَلِيقُ بِالدَّابَّةِ وَقَوْلُهُ:"
أنت حر على ألف درهم أو بألف درهم أو على أن تعطيني ألفا أو على أن تؤدي إلي ألفا أو على أن تجيئني بألف أو على أن لي عليك ألفا أو على ألف تؤديها إلي أو قال: بعت نفسك منك على كذا، أو وهبت نفسك على أن تعوضني كذا، ,أَنْتَ حُرٌّ عَلَى أَلْفِ دِرْهَمٍ أَوْ بِأَلْفِ دِرْهَمٍ أَوْ عَلَى أَنْ تُعْطِيَنِي أَلْفًا أَوْ عَلَى أَنْ تُؤَدِّيَ إِلَيَّ أَلْفًا أَوْ عَلَى أَنْ تَجِيئَنِي بِأَلْفٍ أَوْ عَلَى أَنَّ لِي عَلَيْكَ أَلْفًا أَوْ عَلَى أَلْفٍ تُؤَدِّيهَا إِلَيَّ أَوْ قَالَ: بِعْتُ نَفْسَكَ مِنْكَ عَلَى كَذَا، أَوْ وَهَبْتُ نَفْسَكَ عَلَى أَنْ تُعَوِّضَنِي كَذَا، ,أَنْتَ حُرٌّ عَلَى أَلْفِ دِرْهَمٍ أَوْ بِأَلْفِ دِرْهَمٍ أَوْ عَلَى أَنْ تُعْطِيَنِي أَلْفًا أَوْ عَلَى أَنْ تُؤَدِّيَ إِلَيَّ أَلْفًا أَوْ عَلَى أَنْ تَجِيئَنِي بِأَلْفٍ أَوْ عَلَى أَنَّ لِي عَلَيْكَ أَلْفًا أَوْ عَلَى أَلْفٍ تُؤَدِّيهَا إِلَيَّ أَوْ قَالَ: بِعْتُ نَفْسَكَ مِنْكَ عَلَى كَذَا، أَوْ وَهَبْتُ نَفْسَكَ عَلَى أَنْ تُعَوِّضَنِي كَذَا،
"الضمير عائد على المقيد، وهو المنعم بدون قيدها.
(قوله لدلالته على الذات) التي هي الموصوفة بالرحمة والذات مقدمة تعقلا على الصفات ولا يخفى أن هذا يفيد أن المدلول للفظ الجلالة الذات فقط الذي هو القول المعتمد فينافي ظاهر ما تقدم له (قوله: ثم الثاني) ، ثم لمجرد الترتيب وقس عليه نظائره (قوله لاختصاصه به) ","الضَّمِيرُ عَائِدٌ عَلَى الْمُقَيَّدِ، وَهُوَ الْمُنْعِمُ بِدُونِ قَيْدِهَا.
(قَوْلُهُ لِدَلَالَتِهِ عَلَى الذَّاتِ) الَّتِي هِيَ الْمَوْصُوفَةُ بِالرَّحْمَةِ وَالذَّاتُ مُقَدَّمَةٌ تَعَقُّلًا عَلَى الصِّفَاتِ وَلَا يَخْفَى أَنَّ هَذَا يُفِيدُ أَنَّ الْمَدْلُولَ لِلَفْظِ الْجَلَالَةِ الذَّاتُ فَقَطِ الَّذِي هُوَ الْقَوْلُ الْمُعْتَمَدُ فَيُنَافِي ظَاهِرَ مَا تَقَدَّمَ لَهُ (قَوْلُهُ: ثُمَّ الثَّانِي) ، ثُمَّ لِمُجَرَّدِ التَّرْتِيبِ وَقِسْ عَلَيْهِ نَظَائِرَهُ (قَوْلُهُ لِاخْتِصَاصِهِ بِهِ) ","الضَّمِيرُ عَائِدٌ عَلَى الْمُقَيَّدِ، وَهُوَ الْمُنْعِمُ بِدُونِ قَيْدِهَا.
(قَوْلُهُ لِدَلَالَتِهِ عَلَى الذَّاتِ) الَّتِي هِيَ الْمَوْصُوفَةُ بِالرَّحْمَةِ وَالذَّاتُ مُقَدَّمَةٌ تَعَقُّلًا عَلَى الصِّفَاتِ وَلَا يَخْفَى أَنَّ هَذَا يُفِيدُ أَنَّ الْمَدْلُولَ لِلَفْظِ الْجَلَالَةِ الذَّاتُ فَقَطِ الَّذِي هُوَ الْقَوْلُ الْمُعْتَمَدُ فَيُنَافِي ظَاهِرَ مَا تَقَدَّمَ لَهُ (قَوْلُهُ: ثُمَّ الثَّانِي) ، ثُمَّ لِمُجَرَّدِ التَّرْتِيبِ وَقِسْ عَلَيْهِ نَظَائِرَهُ (قَوْلُهُ لِاخْتِصَاصِهِ بِهِ)"
"وجه ظاهر قول محمد أن هذه النفقة تشبه الأعواض فتسلم لها بقدر ما سلم للزوج من المعوض كالإجارة إذا عجل المستأجر الأجرة ثم مات أحدهما قبل تمام المدة وجه قوله أن هذه صلة اتصل بها القبض فلا يثبت فيها الرجوع بعد الموت كسائر الصلات المقبوضة.
وأما قوله: ","وَجْهُ ظَاهِرِ قَوْلِ مُحَمَّدٍ أَنَّ هَذِهِ النَّفَقَةَ تُشْبِهُ الْأَعْوَاضَ فَتَسْلَمُ لَهَا بِقَدْرِ مَا سَلِمَ لِلزَّوْجِ مِنَ الْمُعَوَّضِ كَالْإِجَارَةِ إِذَا عَجَّلَ الْمُسْتَأْجِرُ الْأُجْرَةَ ثُمَّ مَاتَ أَحَدُهُمَا قَبْلَ تَمَامِ الْمُدَّةِ وَجْهُ قَوْلِهِ أَنَّ هَذِهِ صِلَةٌ اتَّصَلَ بِهَا الْقَبْضُ فَلَا يَثْبُتُ فِيهَا الرُّجُوعُ بَعْدَ الْمَوْتِ كَسَائِرِ الصِّلَاتِ الْمَقْبُوضَةِ.
وَأَمَّا قَوْلُهُ: ","وَجْهُ ظَاهِرِ قَوْلِ مُحَمَّدٍ أَنَّ هَذِهِ النَّفَقَةَ تُشْبِهُ الْأَعْوَاضَ فَتُسَلَّمُ لَهَا بِقَدْرِ مَا سُلِّمَ لِلزَّوْجِ مِنَ الْمُعَوَّضِ كَالْإِجَارَةِ إِذَا عَجَّلَ الْمُسْتَأْجِرُ الْأُجْرَةَ ثُمَّ مَاتَ أَحَدُهُمَا قَبْلَ تَمَامِ الْمُدَّةِ وَجْهُ قَوْلِهِ أَنَّ هَذِهِ صِلَةٌ اتَّصَلَ بِهَا الْقَبْضُ فَلَا يَثْبُتُ فِيهَا الرُّجُوعُ بَعْدَ الْمَوْتِ كَسَائِرِ الصِّلَاتِ الْمَقْبُوضَةِ.
وَأَمَّا قَوْلُهُ:"
الآية، وحديث عمار وغيره وهو من خصائص هذه الأمة؛ لأن الله تعالى لم يجعله طهورا لغيرها، توسعة عليها وإحسانا إليها، والتيمم (بدل عن طهارة الماء) .؛ لأنه مترتب عليها، يجب فعله عند عدم الماء، ولا يجوز مع وجوده إلا لعذر، وهذا شأن البدل (ويجوز) التيمم (حضرا وسفرا، ولو) كان السفر (غير مباح أو) ,الْآيَةَ، وَحَدِيثُ عَمَّارٍ وَغَيْرُهُ وَهُوَ مِنْ خَصَائِصِ هَذِهِ الْأُمَّةِ؛ لِأَنَّ اللَّهَ تَعَالَى لَمْ يَجْعَلْهُ طَهُورًا لِغَيْرِهَا، تَوْسِعَةً عَلَيْهَا وَإِحْسَانًا إِلَيْهَا، وَالتَّيَمُّمُ (بَدَلٌ عَنْ طَهَارَةِ الْمَاءِ) .؛ لِأَنَّهُ مُتَرَتِّبٌ عَلَيْهَا، يَجِبُ فِعْلُهُ عِنْدَ عَدَمِ الْمَاءِ، وَلَا يَجُوزُ مَعَ وُجُودِهِ إِلَّا لِعُذْرٍ، وَهَذَا شَأْنُ الْبَدَلِ (وَيَجُوزُ) التَّيَمُّمُ (حَضَرًا وَسَفَرًا، وَلَوْ) كَانَ السَّفَرُ (غَيْرَ مُبَاحٍ أَوْ) ,الْآيَةَ، وَحَدِيثُ عَمَّارٍ وَغَيْرِهِ وَهُوَ مِنْ خَصَائِصِ هَذِهِ الْأُمَّةِ؛ لِأَنَّ اللَّهَ تَعَالَى لَمْ يَجْعَلْهُ طَهُورًا لِغَيْرِهَا، تَوْسِعَةً عَلَيْهَا وَإِحْسَانًا إِلَيْهَا، وَالتَّيَمُّمُ (بَدَلٌ عَنْ طَهَارَةِ الْمَاءِ) .؛ لِأَنَّهُ مُتَرَتِّبٌ عَلَيْهَا، يَجِبُ فِعْلُهُ عِنْدَ عَدَمِ الْمَاءِ، وَلَا يَجُوزُ مَعَ وُجُودِهِ إِلَّا لِعُذْرٍ، وَهَذَا شَأْنُ الْبَدَلِ (وَيَجُوزُ) التَّيَمُّمُ (حَضَرًا وَسَفَرًا، وَلَوْ) كَانَ السَّفَرُ (غَيْرَ مُبَاحٍ أَوْ)
ثم يغسل رأسه ثم لحيته بسدر ونحوه ويسرحهما بمشط واسع الأسنان برفق ويرد المنتتف إليه ويغسل شقه الأيمن ثم الأيسر ثم يحرفه إلى شقه الأيسر فيغسل شقه الأيمن مما يلي القفا والظهر إلى القدم ثم يحرفه إلى شقه الأيمن فيغسل الأيسر كذلك فهذه غسلة، ويستحب ثانية وثالثة، ,ثُمَّ يَغْسِلُ رَأْسَهُ ثُمَّ لِحْيَتَهُ بِسِدْرٍ وَنَحْوِهِ وَيُسَرِّحُهُمَا بِمُشْطٍ وَاسِعِ الْأَسْنَانِ بِرِفْقٍ وَيَرُدُّ الْمُنْتَتَفَ إِلَيْهِ وَيَغْسِلُ شِقَّهُ الْأَيْمَنَ ثُمَّ الْأَيْسَرَ ثُمَّ يُحَرِّفُهُ إِلَى شِقِّهِ الْأَيْسَرِ فَيَغْسِلُ شِقَّهُ الْأَيْمَنَ مِمَّا يَلِي الْقَفَا وَالظَّهْرَ إِلَى الْقَدَمِ ثُمَّ يُحَرِّفُهُ إِلَى شِقِّهِ الْأَيْمَنِ فَيَغْسِلُ الْأَيْسَرَ كَذَلِكَ فَهَذِهِ غَسْلَةٌ، وَيُسْتَحَبُّ ثَانِيَةً وَثَالِثَةً، ,ثُمَّ يَغْسِلُ رَأْسَهُ ثُمَّ لِحْيَتَهُ بِسِدْرٍ وَنَحْوِهِ وَيُسَرِّحُهُمَا بِمُشْطٍ وَاسِعِ الْأَسْنَانِ بِرِفْقٍ وَيَرُدُّ الْمُنْتَتَفَ إِلَيْهِ وَيَغْسِلُ شِقَّهُ الْأَيْمَنَ ثُمَّ الْأَيْسَرَ ثُمَّ يُحَرِّفُهُ إِلَى شِقِّهِ الْأَيْسَرِ فَيَغْسِلُ شِقَّهُ الْأَيْمَنَ مِمَّا يَلِي الْقَفَا وَالظَّهْرَ إِلَى الْقَدَمِ ثُمَّ يُحَرِّفُهُ إِلَى شِقِّهِ الْأَيْمَنِ فَيَغْسِلُ الْأَيْسَرَ كَذَلِكَ فَهَذِهِ غَسْلَةٌ، وَيُسْتَحَبُّ ثَانِيَةً وَثَالِثَةً،
"ثم بعد ذلك إثبات سببية شيء لهذا مثل الاستدلال بالدوران على علية شيء بلا فرق، وهو غير مرضي عندنا في مسالك العلة.
فكذا يجب أن يكون هنا إذ لا فرق، فالمعول عليه في إثبات السببية حينئذ ما سلكناه من إفادة السمع، ثم إعطاء الضابط بأنه رأس يمونه ويلي عليه، ","ثُمَّ بَعْدَ ذَلِكَ إِثْبَاتُ سَبَبِيَّةِ شَيْءٍ لِهَذَا مِثْلُ الِاسْتِدْلَالِ بِالدَّوَرَانِ عَلَى عِلِّيَّةِ شَيْءٍ بِلَا فَرْقٍ، وَهُوَ غَيْرُ مَرْضِيٍّ عِنْدَنَا فِي مَسَالِكِ الْعِلَّةِ.
فَكَذَا يَجِبُ أَنْ يَكُونَ هُنَا إِذْ لَا فَرْقَ، فَالْمُعَوَّلُ عَلَيْهِ فِي إِثْبَاتِ السَّبَبِيَّةِ حِينَئِذٍ مَا سَلَكْنَاهُ مِنْ إِفَادَةِ السَّمْعِ، ثُمَّ إِعْطَاءِ الضَّابِطِ بِأَنَّهُ رَأْسٌ يَمُونُهُ وَيَلِي عَلَيْهِ، ","ثُمَّ بَعْدَ ذَلِكَ إِثْبَاتُ سَبَبِيَّةِ شَيْءٍ لِهَذَا مِثْلُ الِاسْتِدْلَالِ بِالدَّوَرَانِ عَلَى عِلِّيَّةِ شَيْءٍ بِلَا فَرْقٍ، وَهُوَ غَيْرُ مَرْضِيٍّ عِنْدَنَا فِي مَسَالِكِ الْعِلَّةِ.
فَكَذَا يَجِبُ أَنْ يَكُونَ هُنَا إِذْ لَا فَرْقَ، فَالْمُعَوَّلُ عَلَيْهِ فِي إِثْبَاتِ السَّبَبِيَّةِ حِينَئِذٍ مَا سَلَكْنَاهُ مِنْ إِفَادَةِ السَّمْعِ، ثُمَّ إِعْطَاءُ الضَّابِطِ بِأَنَّهُ رَأْسُ يَمُونِهِ وَيَلِي عَلَيْهِ،"
علي بن محمد المقرئ أخبرنا الحسن بن محمد بن إسحاق حدثنا يوسف بن يعقوب حدثنا محمد بن أبى بكر حدثنا عمر بن علي عن الحجاج عن سليط بن عبد الله عن ذهيل بن عوف بن شماخ قال حدثنا أبو هريرة رضي الله عنه قال: ,عَلِيُّ بْنُ مُحَمَّدٍ الْمُقْرِئُ أَخْبَرَنَا الْحَسَنُ بْنُ مُحَمَّدِ بْنِ إِسْحَاقَ حَدَّثَنَا يُوسُفُ بْنُ يَعْقُوبَ حَدَّثَنَا مُحَمَّدُ بْنُ أَبِى بَكْرٍ حَدَّثَنَا عُمَرُ بْنُ عَلِيٍّ عَنِ الْحَجَّاجِ عَنْ سَلِيطِ بْنِ عَبْدِ اللَّهِ عَنْ ذُهَيْلِ بْنِ عَوْفِ بْنِ شَمَّاخٍ قَالَ حَدَّثَنَا أَبُو هُرَيْرَةَ رَضِيَ اللَّهُ عَنْهُ قَالَ: ,عَلِيُّ بْنُ مُحَمَّدٍ الْمُقْرِئُ أَخْبَرَنَا الْحَسَنُ بْنُ مُحَمَّدِ بْنِ إِسْحَاقَ حَدَّثَنَا يُوسُفُ بْنُ يَعْقُوبَ حَدَّثَنَا مُحَمَّدُ بْنُ أَبِى بَكْرٍ حَدَّثَنَا عُمَرُ بْنُ عَلِيٍّ عَنِ الْحَجَّاجِ عَنْ سَلِيطِ بْنِ عَبْدِ اللَّهِ عَنْ ذُهَيْلِ بْنِ عَوْفِ بْنِ شَمَّاخٍ قَالَ حَدَّثَنَا أَبُو هُرَيْرَةَ رَضِيَ اللَّهُ عَنْهُ قَالَ:
"ثم) بعد الفراغ من مسح باطن ذراعه (يجري) أي يمر (باطن بهمه) أي إبهامه من يده اليسرى (على ظاهر بهم يده اليمنى) لأنه إنما مسح أولا ظاهر كفه سواه.
قال العلامة ابن ناجي: ما ذكره المصنف من ترك مسح الإبهام مع مسح الكف وإمرار البهم عليه بعد ذلك هو لابن الطلاع وظاهر الروايات خلافه، ","ثُمَّ) بَعْدَ الْفَرَاغِ مِنْ مَسْحِ بَاطِنِ ذِرَاعِهِ (يُجْرِي) أَيْ يُمِرُّ (بَاطِنَ بُهْمِهِ) أَيْ إِبْهَامِهِ مِنْ يَدِهِ الْيُسْرَى (عَلَى ظَاهِرِ بُهْمِ يَدِهِ الْيُمْنَى) لِأَنَّهُ إِنَّمَا مَسَحَ أَوَّلًا ظَاهِرَ كَفِّهِ سِوَاهُ.
قَالَ الْعَلَّامَةُ ابْنُ نَاجِي: مَا ذَكَرَهُ الْمُصَنِّفُ مِنْ تَرْكِ مَسْحِ الْإِبْهَامَ مَعَ مَسْحِ الْكَفِّ وَإِمْرَارِ الْبُهْمِ عَلَيْهِ بَعْدَ ذَلِكَ هُوَ لِابْنِ الطَّلَّاعِ وَظَاهِرُ الرِّوَايَاتِ خِلَافُهُ، ","ثُمَّ) بَعْدَ الْفَرَاغِ مِنْ مَسْحِ بَاطِنِ ذِرَاعِهِ (يُجْرِي) أَيْ يُمِرُّ (بَاطِنَ بَهْمِهِ) أَيْ إِبْهَامِهِ مِنْ يَدِهِ الْيُسْرَى (عَلَى ظَاهِرِ بَهْمِ يَدِهِ الْيُمْنَى) لِأَنَّهُ إِنَّمَا مَسَحَ أَوَّلًا ظَاهِرَ كَفِّهِ سِوَاهُ.
قَالَ الْعَلَّامَةُ ابْنُ نَاجِي: مَا ذَكَرَهُ الْمُصَنِّفُ مِنْ تَرْكِ مَسْحِ الْإِبْهَامِ مَعَ مَسْحِ الْكَفِّ وَإِمْرَارِ الْبَهْمِ عَلَيْهِ بَعْدَ ذَلِكَ هُوَ لِابْنِ الطَّلَّاعِ وَظَاهِرُ الرِّوَايَاتِ خِلَافُهُ،"
واختار هذه الرواية في الفتح حيث قال: وعندي لا بأس بالسلم في الرءوس والأكارع وزنا بعد ذكر النوع، وباقي الشروط فإنها من جنس واحد وحينئذ لا تتفاوت تفاوتا فاحشا ا ه وأقره في النهر (قوله بالحزم) بضم الحاء وفتح الزاي جمع حزمة في القاموس حزمه يحزمه شده، والحزمة بالضم ما حزم (قوله ورطبة) ,وَاخْتَارَ هَذِهِ الرِّوَايَةَ فِي الْفَتْحِ حَيْثُ قَالَ: وَعِنْدِي لَا بَأْسَ بِالسَّلَمِ فِي الرُّءُوسِ وَالْأَكَارِعِ وَزْنًا بَعْدَ ذِكْرِ النَّوْعِ، وَبَاقِي الشُّرُوطِ فَإِنَّهَا مِنْ جِنْسٍ وَاحِدٍ وَحِينَئِذٍ لَا تَتَفَاوَتُ تَفَاوُتًا فَاحِشًا ا ه وَأَقَرَّهُ فِي النَّهْرِ (قَوْلُهُ بِالْحُزَمِ) بِضَمِّ الْحَاءِ وَفَتْحِ الزَّايِ جَمْعُ حُزْمَةٍ فِي الْقَامُوسِ حَزَمَهُ يَحْزِمُهُ شَدَّهُ، وَالْحُزْمَةُ بِالضَّمِّ مَا حُزِمَ (قَوْلُهُ وَرَطْبَةٍ) ,وَاخْتَارَ هَذِهِ الرِّوَايَةَ فِي الْفَتْحِ حَيْثُ قَالَ: وَعِنْدِي لَا بَأْسَ بِالسَّلَمِ فِي الرُّءُوسِ وَالْأَكَارِعِ وَزْنًا بَعْدَ ذِكْرِ النَّوْعِ، وَبَاقِي الشُّرُوطِ فَإِنَّهَا مِنْ جِنْسٍ وَاحِدٍ وَحِينَئِذٍ لَا تَتَفَاوَتُ تَفَاوُتًا فَاحِشًا ا ه وَأَقَرَّهُ فِي النَّهْرِ (قَوْلُهُ بِالْحُزَمِ) بِضَمِّ الْحَاءِ وَفَتْحِ الزَّايِ جَمْعُ حُزْمَةٍ فِي الْقَامُوسِ حَزَمَهُ يَحْزِمُهُ شَدَّهُ، وَالْحُزْمَةُ بِالضَّمِّ مَا حُزِمَ (قَوْلُهُ وَرَطْبَةٍ)
"أي وجوبا (قوله وصحح أنه لا فرق بين الحي والميت) لا ليس الصحيح طرد الخلاف فإن المفتي على مذهبه قد يتغير جوابه (22/100)
(ومن الأدب) له (أن) لا (يسأل والمفتي قائم أو مشغول بما يمنع تمام الفكر) كأن يكون مستوفزا أو مستضجرا (وأن لا يقول لجوابه) أي المفتي (هكذا قلت أنا) ","أَيْ وُجُوبًا (قَوْلُهُ وَصَحَّحَ أَنَّهُ لَا فَرْقَ بَيْنَ الْحَيِّ وَالْمَيِّتِ) لَا لَيْسَ الصَّحِيحُ طَرْدَ الْخِلَافِ فَإِنَّ الْمُفْتِي عَلَى مَذْهَبِهِ قَدْ يَتَغَيَّرُ جَوَابُهُ (22/100)
(وَمِنَ الْأَدَبِ) لَهُ (أَنْ) لَا (يَسْأَلَ وَالْمُفْتِي قَائِمٌ أَوْ مَشْغُولٌ بِمَا يَمْنَعُ تَمَامَ الْفِكْرِ) كَأَنْ يَكُونَ مُسْتَوْفِزًا أَوْ مُسْتَضْجِرًا (وَأَنْ لَا يَقُولَ لِجَوَابِهِ) أَيِ الْمُفْتِي (هَكَذَا قُلْت أَنَا) ","أَيْ وُجُوبًا (قَوْلُهُ وَصَحَّحَ أَنَّهُ لَا فَرْقَ بَيْنَ الْحَيِّ وَالْمَيِّتِ) لَا لَيْسَ الصَّحِيحُ طَرْدَ الْخِلَافِ فَإِنَّ الْمُفْتِيَ عَلَى مَذْهَبِهِ قَدْ يَتَغَيَّرُ جَوَابُهُ (22/100)
(وَمِنَ الْأَدَبِ) لَهُ (أَنْ) لَا (يَسْأَلَ وَالْمُفْتِي قَائِمٌ أَوْ مَشْغُولٌ بِمَا يَمْنَعُ تَمَامَ الْفِكْرِ) كَأَنْ يَكُونَ مُسْتَوْفِزًا أَوْ مُسْتَضْجِرًا (وَأَنْ لَا يَقُولَ لِجَوَابِهِ) أَيِ الْمُفْتِي (هَكَذَا قُلْت أَنَا)"
"في التشهير أرجحه الأول. (3/72)
وتلازما،
الشرح
(وتلازما) أي الغسل والصلاة أو بدله، وهو التيمم في الطلب فكل من وجب غسله أو تيممه وجبت الصلاة عليه وعكسه، وكل من لم يجب غسله ولا تيممه لا تجب الصلاة عليه وعكسه.
مثال الأول الميت المستوفي للشروط المتقدمة، ","فِي التَّشْهِيرِ أَرْجَحُهُ الْأَوَّلُ. (3/72)
وَتَلَازَمَا،
الشَّرْحُ
(وَتَلَازَمَا) أَيِ الْغُسْلُ وَالصَّلَاةُ أَوْ بَدَلُهُ، وَهُوَ التَّيَمُّمُ فِي الطَّلَبِ فَكُلُّ مَنْ وَجَبَ غُسْلُهُ أَوْ تَيَمُّمُهُ وَجَبَتِ الصَّلَاةُ عَلَيْهِ وَعَكْسُهُ، وَكُلُّ مَنْ لَمْ يَجِبْ غُسْلُهُ وَلَا تَيَمُّمُهُ لَا تَجِبُ الصَّلَاةُ عَلَيْهِ وَعَكْسُهُ.
مِثَالُ الْأَوَّلِ الْمَيِّتُ الْمُسْتَوْفِي لِلشُّرُوطِ الْمُتَقَدِّمَة، ","فِي التَّشْهِيرِ أَرْجَحُهُ الْأَوَّلُ. (3/72)
وَتَلَازَمَا،
الشَّرْحُ
(وَتَلَازَمَا) أَيِ الْغُسْلُ وَالصَّلَاةُ أَوْ بَدَلُهُ، وَهُوَ التَّيَمُّمُ فِي الطَّلَبِ فَكُلُّ مَنْ وَجَبَ غُسْلُهُ أَوْ تَيَمُّمُهُ وَجَبَتِ الصَّلَاةُ عَلَيْهِ وَعَكْسُهُ، وَكُلُّ مَنْ لَمْ يَجِبْ غُسْلُهُ وَلَا تَيَمُّمُهُ لَا تَجِبُ الصَّلَاةُ عَلَيْهِ وَعَكْسُهُ.
مِثَالُ الْأَوَّلِ الْمَيِّتُ الْمُسْتَوْفِي لِلشُّرُوطِ الْمُتَقَدِّمَةِ،"
وفي البيدر عن السرقة والشمس والطيور والذنابير فيلزمه أن يجعل فوقها حشيشا أو نحوه في الأولتين وأن يجعل كل عنقود في وعاء كقوصرة في الأخيرتين (والجداد وتجفيف الثمر إن اعتيد) كل من التعريش وما بعده (أو شرط) ,وَفِي الْبَيْدَرِ عَنِ السَّرِقَةِ وَالشَّمْسِ وَالطُّيُورِ وَالذَّنَابِيرِ فَيَلْزَمُهُ أَنْ يَجْعَلَ فَوْقَهَا حَشِيشًا أَوْ نَحْوَهُ فِي الْأُولَتَيْنِ وَأَنْ يَجْعَلَ كُلَّ عُنْقُودٍ فِي وِعَاءٍ كَقَوْصَرَّةٍ فِي الْأَخِيرَتَيْنِ (وَالْجِدَادُ وَتَجْفِيفُ الثَّمَرِ إِنِ اعْتِيدَ) كُلٌّ مِنَ التَّعْرِيشِ وَمَا بَعْدَهُ (أَوْ شَرَطَ) ,وَفِي الْبَيْدَرِ عَنِ السَّرِقَةِ وَالشَّمْسِ وَالطُّيُورِ وَالذَّنَابِيرِ فَيَلْزَمُهُ أَنْ يَجْعَلَ فَوْقَهَا حَشِيشًا أَوْ نَحْوَهُ فِي الْأُولَتَيْنِ وَأَنْ يَجْعَلَ كُلَّ عُنْقُودٍ فِي وِعَاءٍ كَقَوْصَرَّةٍ فِي الْأَخِيرَتَيْنِ (وَالْجِدَادُ وَتَجْفِيفُ الثَّمَرِ إِنِ اعْتِيدَ) كُلٌّ مِنَ التَّعْرِيشِ وَمَا بَعْدَهُ (أَوْ شُرِطَ)
"حتى إذا كادوا أن يروا شعاع الشمس، قال الذي عليهم: ارجعوا فستحفرونه غدا، فيعيده الله كأشد ما كان، حتى إذا بلغت مدتهم حفروا، حتى إذا كادوا أن يروا الشمس قال الذي عليهم: ارجعوا فستحفرونه إن شاء الله غدا، [ص: 134]
فيعودون إليه كهيئته حين تركوه فيحفرونه، فيخرجون على الناس، ويتحصن الناس منهم في حصونهم، ","حَتَّى إِذَا كَادُوا أَنْ يَرَوْا شُعَاعَ الشَّمْسِ، قَالَ الَّذِي عَلَيْهِمُ: ارْجِعُوا فَسَتَحْفِرُونَهُ غَدًا، فَيُعِيدُهُ اللَّهُ كَأَشَدِّ مَا كَانَ، حَتَّى إِذَا بَلَغَتْ مُدَّتُهُمْ حَفَرُوا، حَتَّى إِذَا كَادُوا أَنْ يَرَوُا الشَّمْسَ قَالَ الَّذِي عَلَيْهِمُ: ارْجِعُوا فَسَتَحْفِرُونَهُ إِنْ شَاءَ اللَّهُ غَدًا، [ص: 134]
فَيَعُودُونَ إِلَيْهِ كَهَيْئَتِهِ حِينَ تَرَكُوهُ فَيَحْفِرُونَهُ، فَيَخْرُجُونَ عَلَى النَّاسِ، وَيَتَحَصَّنُ النَّاسُ مِنْهُمْ فِي حُصُونِهِمْ، ","حَتَّى إِذَا كَادُوا أَنْ يَرَوْا شُعَاعَ الشَّمْسِ، قَالَ الَّذِي عَلَيْهِمْ: ارْجِعُوا فَسَتَحْفِرُونَهُ غَدًا، فَيُعِيدُهُ اللَّهُ كَأَشَدِّ مَا كَانَ، حَتَّى إِذَا بَلَغَتْ مُدَّتُهُمْ حَفَرُوا، حَتَّى إِذَا كَادُوا أَنْ يَرَوُا الشَّمْسَ قَالَ الَّذِي عَلَيْهِمْ: ارْجِعُوا فَسَتَحْفِرُونَهُ إِنْ شَاءَ اللَّهُ غَدًا، [ص: 134]
فَيَعُودُونَ إِلَيْهِ كَهَيْئَتِهِ حِينَ تَرَكُوهُ فَيَحْفِرُونَهُ، فَيَخْرُجُونَ عَلَى النَّاسِ، وَيَتَحَصَّنُ النَّاسُ مِنْهُمْ فِي حُصُونِهِمْ،"
اعتقال اللسان فليس من باب الضرورة لكونه على شرف الزوال بخلاف الحدود لأنه لا يجعل ذلك إقرارا بالحدود لما بينا أن مبنى الحدود على صريح البيان بخلاف القصاص فإنه غير مبني على صريح البيان، فإنه إذا أقر مطلقا عن صفة التعمد بذكر آلة دالة عليه، ,اعْتِقَالُ اللِّسَانِ فَلَيْسَ مِنْ بَابِ الضَّرُورَةِ لِكَوْنِهِ عَلَى شَرَفِ الزَّوَالِ بِخِلَافِ الْحُدُودِ لِأَنَّهُ لَا يُجْعَلُ ذَلِكَ إِقْرَارًا بِالْحُدُودِ لِمَا بَيَّنَّا أَنَّ مَبْنَى الْحُدُودِ عَلَى صَرِيحِ الْبَيَانِ بِخِلَافِ الْقِصَاصِ فَإِنَّهُ غَيْرُ مَبْنِيِّ عَلَى صَرِيحِ الْبَيَانِ، فَإِنَّهُ إِذَا أَقَرَّ مُطْلَقًا عَنْ صِفَةِ التَّعَمُّدِ بِذِكْرِ آلَةٍ دَالَّةٍ عَلَيْهِ، ,اعْتِقَالُ اللِّسَانِ فَلَيْسَ مِنْ بَابِ الضَّرُورَةِ لِكَوْنِهِ عَلَى شَرَفِ الزَّوَالِ بِخِلَافِ الْحُدُودِ لِأَنَّهُ لَا يَجْعَلُ ذَلِكَ إِقْرَارًا بِالْحُدُودِ لِمَا بَيَّنَّا أَنَّ مَبْنَى الْحُدُودِ عَلَى صَرِيحِ الْبَيَانِ بِخِلَافِ الْقِصَاصِ فَإِنَّهُ غَيْرُ مَبْنِيٍّ عَلَى صَرِيحِ الْبَيَانِ، فَإِنَّهُ إِذَا أَقَرَّ مُطْلَقًا عَنْ صِفَةِ التَّعَمُّدِ بِذِكْرِ آلَةٍ دَالَّةٍ عَلَيْهِ،
وإذا كان ذلك كذلك فيتعين على المكلف اليوم أن لا يخلي نفسه من هذه السنة ألبتة بل يفعلها في المسجد مع الناس على ما هم يفعلون اليوم من التخفيف فيها فإذا فرغوا ورجع إلى بيته فينبغي له أن يغتنم بركة اتباعهم في قيام الليل إلى آخره إن أمكنه ذلك فيصلي في بيته بمن تيسر معه من أهله أو وحده فتحصل الفضيلة الكاملة إن شاء الله تعالى، ,وَإِذَا كَانَ ذَلِكَ كَذَلِكَ فَيَتَعَيَّنُ عَلَى الْمُكَلَّفِ الْيَوْمَ أَنْ لَا يُخْلِيَ نَفْسَهُ مِنْ هَذِهِ السُّنَّةِ أَلْبَتَّةَ بَلْ يَفْعَلُهَا فِي الْمَسْجِدِ مَعَ النَّاسِ عَلَى مَا هُمْ يَفْعَلُونَ الْيَوْمَ مِنَ التَّخْفِيفِ فِيهَا فَإِذَا فَرَغُوا وَرَجَعَ إِلَى بَيْتِهِ فَيَنْبَغِي لَهُ أَنْ يَغْتَنِمَ بَرَكَةَ اتِّبَاعِهِمْ فِي قِيَامِ اللَّيْلِ إِلَى آخِرِهِ إِنْ أَمْكَنَهُ ذَلِكَ فَيُصَلِّي فِي بَيْتِهِ بِمَنْ تَيَسَّرَ مَعَهُ مِنْ أَهْلِهِ أَوْ وَحْدَهُ فَتَحْصُلُ الْفَضِيلَةُ الْكَامِلَةُ إِنْ شَاءَ اللَّهُ تَعَالَى، ,وَإِذَا كَانَ ذَلِكَ كَذَلِكَ فَيَتَعَيَّنُ عَلَى الْمُكَلَّفِ الْيَوْمَ أَنْ لَا يُخَلِّيَ نَفْسَهُ مِنْ هَذِهِ السُّنَّةِ أَلْبَتَّةَ بَلْ يَفْعَلُهَا فِي الْمَسْجِدِ مَعَ النَّاسِ عَلَى مَا هُمْ يَفْعَلُونَ الْيَوْمَ مِنَ التَّخْفِيفِ فِيهَا فَإِذَا فَرَغُوا وَرَجَعَ إِلَى بَيْتِهِ فَيَنْبَغِي لَهُ أَنْ يَغْتَنِمَ بَرَكَةَ اتِّبَاعِهِمْ فِي قِيَامِ اللَّيْلِ إِلَى آخِرِهِ إِنْ أَمْكَنَهُ ذَلِكَ فَيُصَلِّي فِي بَيْتِهِ بِمَنْ تَيَسَّرَ مَعَهُ مِنْ أَهْلِهِ أَوْ وَحْدَهُ فَتَحْصُلُ الْفَضِيلَةُ الْكَامِلَةُ إِنْ شَاءَ اللَّهُ تَعَالَى،
"لأن المراد من قوله تعالى - فلأمه الثلث - ثلث ما ورثه الأبوان سواء كان جميع المال أو بعضه للأدلة المذكورة في المطولات فالثلث هنا وإن صار في الحقيقة ربع جميع المال أو سدسه إلا أن الأدب التعبير به تبركا بلفظ القرآن وتباعدا عن إيهام المخالفة (29/399)
(والثلثان لكل اثنين فصاعدا ممن فرضه النصف) ","لِأَنَّ الْمُرَادَ مِنْ قَوْله تَعَالَى - فَلِأُمِّهِ الثُّلُثُ - ثُلُثُ مَا وَرِثَهُ الْأَبَوَانِ سَوَاءٌ كَانَ جَمِيعَ الْمَالِ أَوْ بَعْضَهُ لِلْأَدِلَّةِ الْمَذْكُورَةِ فِي الْمُطَوَّلَاتِ فَالثُّلُثُ هُنَا وَإِنْ صَارَ فِي الْحَقِيقَةِ رُبْعَ جَمِيعِ الْمَالِ أَوْ سُدُسَهُ إِلَّا أَنَّ الْأَدَبَ التَّعْبِيرُ بِهِ تَبَرُّكًا بِلَفْظِ الْقُرْآنِ وَتَبَاعُدًا عَنْ إِيهَامِ الْمُخَالَفَةِ (29/399)
(وَالثُّلُثَانِ لِكُلِّ اثْنَيْنِ فَصَاعِدًا مِمَّنْ فَرْضُهُ النِّصْفُ) ","لِأَنَّ الْمُرَادَ مِنْ قَوْلِهِ تَعَالَى - فَلِأُمِّهِ الثُّلُثُ - ثُلُثُ مَا وَرِثَهُ الْأَبَوَانِ سَوَاءٌ كَانَ جَمِيعُ الْمَالِ أَوْ بَعْضُهُ لِلْأَدِلَّةِ الْمَذْكُورَةِ فِي الْمُطَوَّلَاتِ فَالثُّلُثُ هُنَا وَإِنْ صَارَ فِي الْحَقِيقَةِ رُبْعَ جَمِيعِ الْمَالِ أَوْ سُدُسَهُ إِلَّا أَنَّ الْأَدَبَ التَّعْبِيرُ بِهِ تَبَرُّكًا بِلَفْظِ الْقُرْآنِ وَتَبَاعُدًا عَنْ إِيهَامِ الْمُخَالَفَةِ (29/399)
(وَالثُّلُثَانِ لِكُلِّ اثْنَيْنِ فَصَاعِدًا مِمَّنْ فَرْضُهُ النِّصْفُ)"
"كذلك لو وهب أحد في مرض موته عدة أشياء لامرأة ثم تزوج منها وتوفي في ذلك المرض فللورثة أن لا يقبلوا الهبة المذكورة وأن يدخلوا الأشياء الموهوبة في التركة (النتيجة) .
أما في الإقرار فالحكم بعكس ذلك فإذا أقر المريض لوارثه فيعتبر وقت الإقرار في كون الإقرار واقعا للوارث أو لغير الوارث؛ ","كَذَلِكَ لَوْ وَهَبَ أَحَدٌ فِي مَرَضِ مَوْتِهِ عِدَّةَ أَشْيَاءَ لِامْرَأَةٍ ثُمَّ تَزَوَّجَ مِنْهَا وَتُوُفِّيَ فِي ذَلِكَ الْمَرَضِ فَلِلْوَرَثَةِ أَنْ لَا يَقْبَلُوا الْهِبَةَ الْمَذْكُورَةَ وَأَنْ يُدْخِلُوا الْأَشْيَاءَ الْمَوْهُوبَةَ فِي التَّرِكَةِ (النَّتِيجَةُ) .
أَمَّا فِي الْإِقْرَارِ فَالْحُكْمُ بِعَكْسِ ذَلِكَ فَإِذَا أَقَرَّ الْمَرِيضُ لِوَارِثِهِ فَيُعْتَبَرُ وَقْتُ الْإِقْرَارِ فِي كَوْنِ الْإِقْرَارِ وَاقِعًا لِلْوَارِثِ أَوْ لِغَيْرِ الْوَارِثِ؛ ","كَذَلِكَ لَوْ وَهَبَ أَحَدٌ فِي مَرَضِ مَوْتِهِ عِدَّةَ أَشْيَاءَ لِامْرَأَةٍ ثُمَّ تَزَوَّجَ مِنْهَا وَتُوُفِّيَ فِي ذَلِكَ الْمَرَضِ فَلِلْوَرَثَةِ أَنْ لَا يَقْبَلُوا الْهِبَةَ الْمَذْكُورَةَ وَأَنْ يُدْخِلُوا الْأَشْيَاءَ الْمَوْهُوبَةَ فِي التَّرِكَةِ (النَّتِيجَةُ) .
أَمَّا فِي الْإِقْرَارِ فَالْحُكْمُ بِعَكْسِ ذَلِكَ فَإِذَا أَقَرَّ الْمَرِيضُ لِوَارِثِهِ فَيُعْتَبَرُ وَقْتُ الْإِقْرَارِ فِي كَوْنِ الْإِقْرَارِ وَاقِعًا لِلْوَارِثِ أَوْ لِغَيْرِ الْوَارِثِ؛"
لأنه رضا) كذا في الجوهرة وهو يقتضي أن مجرد الرؤية رضى ويخالفه قول الزيلعي ولم يوجد من المشتري ما يدل على الرضا به بعد العلم بالعيب ا ه، وكذا ما قاله في شرح المجمع ولم يرض به بعد رؤيته (قوله إلا إذا كانت مقصودة بالتناول) ,لِأَنَّهُ رِضًا) كَذَا فِي الْجَوْهَرَةِ وَهُوَ يَقْتَضِي أَنَّ مُجَرَّدَ الرُّؤْيَةِ رِضًى وَيُخَالِفُهُ قَوْلُ الزَّيْلَعِيِّ وَلَمْ يُوجَدْ مِنَ الْمُشْتَرِي مَا يَدُلُّ عَلَى الرِّضَا بِهِ بَعْدَ الْعِلْمِ بِالْعَيْبِ ا ه، وَكَذَا مَا قَالَهُ فِي شَرْحِ الْمَجْمَعِ وَلَمْ يَرْضَ بِهِ بَعْدَ رُؤْيَتِهِ (قَوْلُهُ إِلَّا إِذَا كَانَتْ مَقْصُودَةً بِالتَّنَاوُلِ) ,لِأَنَّهُ رِضًا) كَذَا فِي الْجَوْهَرَةِ وَهُوَ يَقْتَضِي أَنَّ مُجَرَّدَ الرُّؤْيَةِ رِضًى وَيُخَالِفُهُ قَوْلُ الزَّيْلَعِيِّ وَلَمْ يُوجَدْ مِنَ الْمُشْتَرِي مَا يَدُلُّ عَلَى الرِّضَا بِهِ بَعْدَ الْعِلْمِ بِالْعَيْبِ ا ه، وَكَذَا مَا قَالَهُ فِي شَرْحِ الْمَجْمَعِ وَلَمْ يَرْضَ بِهِ بَعْدَ رُؤْيَتِهِ (قَوْلُهُ إِلَّا إِذَا كَانَتْ مَقْصُودَةً بِالتَّنَاوُلِ)
"وسيأتي بيان ذلك بعد، إن شاء الله.
وقد ثبت بهذا وجه اتباع الهوى، وهو أصل الزيغ عن الصراط المستقيم. قال الله تعالى: هو الذي أنزل عليك الكتاب منه آيات محكمات هن أم الكتاب وأخر متشابهات فأما الذين في قلوبهم زيغ أي ميل عن الحق فيتبعون ما تشابه منه ابتغاء الفتنة وابتغاء تأويله وقد تقدم معنى الآية، ","وَسَيَأْتِي بَيَانُ ذَلِكَ بَعْدُ، إِنْ شَاءَ اللَّهُ.
وَقَدْ ثَبَتَ بِهَذَا وَجْهُ اتِّبَاعِ الْهَوَى، وَهُوَ أَصْلُ الزَّيْغِ عَنِ الصِّرَاطِ الْمُسْتَقِيمِ. قَالَ اللَّهُ تَعَالَى: هُوَ الَّذِي أَنْزَلَ عَلَيْكَ الْكِتَابَ مِنْهُ آيَاتٌ مُحْكَمَاتٌ هُنَّ أُمُّ الْكِتَابِ وَأُخَرُ مُتَشَابِهَاتٌ فَأَمَّا الَّذِينَ فِي قُلُوبِهِمْ زَيْغٌ أَيْ مَيْلٌ عَنِ الْحَقِّ فَيَتَّبِعُونَ مَا تَشَابَهَ مِنْهُ ابْتِغَاءَ الْفِتْنَةِ وَابْتِغَاءَ تَأْوِيلِهِ وَقَدْ تَقَدَّمَ مَعْنَى الْآيَةِ، ","وَسَيَأْتِي بَيَانُ ذَلِكَ بَعْدُ، إِنْ شَاءَ اللَّهُ.
وَقَدْ ثَبَتَ بِهَذَا وَجْهُ اتِّبَاعِ الْهَوَى، وَهُوَ أَصْلُ الزَّيْغِ عَنِ الصِّرَاطِ الْمُسْتَقِيمِ. قَالَ اللَّهُ تَعَالَى: هُوَ الَّذِي أَنْزَلَ عَلَيْكَ الْكِتَابَ مِنْهُ آيَاتٌ مُحْكَمَاتٌ هُنَّ أُمُّ الْكِتَابِ وَأُخَرُ مُتَشَابِهَاتٌ فَأَمَّا الَّذِينَ فِي قُلُوبِهِمْ زَيْغٌ أَيْ مَيْلٌ عَنِ الْحَقِّ فَيَتَّبِعُونَ مَا تَشَابَهَ مِنْهُ ابْتِغَاءَ الْفِتْنَةِ وَابْتِغَاءَ تَأْوِيلِهِ وَقَدْ تَقَدَّمَ مَعْنَى الْآيَةِ،"
"والندب بالمعنى الأعم الشامل للسنة والمستحب هو حكم البسملة الأصلي لأنها ذكر وأقل مراتبه عند عدم منافي التعظيم الندب فتسن عينا كما في الأكل والشرب كما اعتمده الشيخ علي العدوي في حاشية الخرشي وارتضاه شيخنا الشيخ محمد عبادة.
وقيل: ","وَالنَّدْبُ بِالْمَعْنَى الْأَعَمِّ الشَّامِلِ لِلسُّنَّةِ وَالْمُسْتَحَبُّ هُوَ حُكْمُ الْبَسْمَلَةِ الْأَصْلِيِّ لِأَنَّهَا ذِكْرٌ وَأَقَلُّ مَرَاتِبِهِ عِنْدَ عَدَمِ مُنَافِي التَّعْظِيمِ النَّدْبُ فَتُسَنُّ عَيْنًا كَمَا فِي الْأَكْلِ وَالشُّرْبِ كَمَا اعْتَمَدَهُ الشَّيْخُ عَلِيٌّ الْعَدَوِيُّ فِي حَاشِيَةِ الْخَرَشِيِّ وَارْتَضَاهُ شَيْخُنَا الشَّيْخُ مُحَمَّدٌ عُبَادَةَ.
وَقِيلَ: ","وَالنَّدْبُ بِالْمَعْنَى الْأَعَمِّ الشَّامِلِ لِلسُّنَّةِ وَالْمُسْتَحَبِّ هُوَ حُكْمُ الْبَسْمَلَةِ الْأَصْلِيِّ لِأَنَّهَا ذِكْرٌ وَأَقَلُّ مَرَاتِبِهِ عِنْدَ عَدَمِ مُنَافِي التَّعْظِيمِ النَّدْبُ فَتُسَنُّ عَيْنًا كَمَا فِي الْأَكْلِ وَالشُّرْبِ كَمَا اعْتَمَدَهُ الشَّيْخُ عَلِيٌّ الْعَدَوِيُّ فِي حَاشِيَةِ الْخَرَشِيِّ وَارْتَضَاهُ شَيْخُنَا الشَّيْخُ مُحَمَّدُ عُبَادَةَ.
وَقِيلَ:"
"قوله: فإن نكل) أي الزوج صوابه فإن حلف أي الولي البعيد رجع الزوج بعد يمينه أن الولي غره على الزوجة على المختار هذا هو الذي فيه اختيار اللخمي والمذهب خلافه أي أن الولي البعيد إذا حلف أنه لم يغره لم يرجع الزوج على الزوجة لإقراره أن الولي هو الذي غره كما لا يرجع عليه في حلفه.
","قَوْلُهُ: فَإِنْ نَكَلَ) أَيِ الزَّوْجُ صَوَابُهُ فَإِنْ حَلَفَ أَيِ الْوَلِيُّ الْبَعِيدُ رَجَعَ الزَّوْجُ بَعْدَ يَمِينِهِ أَنَّ الْوَلِيَّ غَرَّهُ عَلَى الزَّوْجَةِ عَلَى الْمُخْتَارِ هَذَا هُوَ الَّذِي فِيهِ اخْتِيَارُ اللَّخْمِيِّ وَالْمَذْهَبُ خِلَافُهُ أَيْ أَنَّ الْوَلِيَّ الْبَعِيدَ إِذَا حَلَفَ أَنَّهُ لَمْ يَغُرَّهُ لَمْ يَرْجِعِ الزَّوْجُ عَلَى الزَّوْجَةِ لِإِقْرَارِهِ أَنَّ الْوَلِيَّ هُوَ الَّذِي غَرَّهُ كَمَا لَا يَرْجِعُ عَلَيْهِ فِي حَلِفِهِ.
",قَوْلُهُ: فَإِنْ نَكَلَ) أَيِ الزَّوْجُ صَوَابُهُ فَإِنْ حَلَفَ أَيِ الْوَلِيُّ الْبَعِيدُ رَجَعَ الزَّوْجُ بَعْدَ يَمِينِهِ أَنَّ الْوَلِيَّ غَرَّهُ عَلَى الزَّوْجَةِ عَلَى الْمُخْتَارِ هَذَا هُوَ الَّذِي فِيهِ اخْتِيَارُ اللَّخْمِيِّ وَالْمَذْهَبُ خِلَافُهُ أَيْ أَنَّ الْوَلِيَّ الْبَعِيدَ إِذَا حَلَفَ أَنَّهُ لَمْ يَغُرَّهُ لَمْ يَرْجِعِ الزَّوْجُ عَلَى الزَّوْجَةِ لِإِقْرَارِهِ أَنَّ الْوَلِيَّ هُوَ الَّذِي غَرَّهُ كَمَا لَا يَرْجِعُ عَلَيْهِ فِي حَلِفِهِ.
"ولأن الرد بالعيب استند إلى سبب مقارن للعقد والفسخ هنا استند إلى سبب حادث وهو حكم الحاكم وهو شبيه بالطلاق قبل الدخول وينتقض الأول بما لو اشترى عبدا بثوب فوجد صاحب الثوب به عيبا فإنه يرده ويأخذ العبد وإن كان قد سمن.
والثاني: بما لو باعه عينا بعد إفلاسه وقبل حجر الحاكم فإن حجره إنما هو معتبر لثبوت المفلس وظهوره.
","وَلِأَنَّ الرَّدَّ بِالْعَيْبِ اسْتَنَدَ إِلَى سَبَبٍ مُقَارِنٍ لِلْعَقْدِ وَالْفَسْخُ هُنَا اسْتَنَدَ إِلَى سَبَبٍ حَادِثٍ وَهُوَ حُكْمُ الْحَاكِمِ وَهُوَ شَبِيهٌ بِالطَّلَاقِ قَبْلَ الدُّخُولِ وَيُنْتَقَضُ الْأَوَّلُ بِمَا لَوِ اشْتَرَى عَبْدًا بِثَوْبٍ فَوَجَدَ صَاحِبُ الثَّوْبِ بِهِ عَيْبًا فَإِنَّهُ يَرُدُّهُ وَيَأْخُذُ الْعَبْدَ وَإِنْ كَانَ قَدْ سَمِنَ.
وَالثَّانِي: بِمَا لَوْ بَاعَهُ عَيْنًا بَعْدَ إِفْلَاسِهِ وَقَبْلَ حَجْرِ الْحَاكِمِ فَإِنَّ حَجْرَهُ إِنَّمَا هُوَ مُعْتَبَرٌ لِثُبُوتِ الْمُفْلِسِ وَظُهُورِهِ.
","وَلِأَنَّ الرَّدَّ بِالْعَيْبِ اسْتَنَدَ إِلَى سَبَبٍ مُقَارِنٍ لِلْعَقْدِ وَالْفَسْخُ هُنَا اسْتَنَدَ إِلَى سَبَبٍ حَادِثٍ وَهُوَ حُكْمُ الْحَاكِمِ وَهُوَ شَبِيهٌ بِالطَّلَاقِ قَبْلَ الدُّخُولِ وَيُنْتَقَضُ الْأَوَّلُ بِمَا لَوِ اشْتَرَى عَبْدًا بِثَوْبٍ فَوَجَدَ صَاحِبُ الثَّوْبِ بِهِ عَيْبًا فَإِنَّهُ يَرُدُّهُ وَيَأْخُذُ الْعَبْدَ وَإِنْ كَانَ قَدْ سَمِنَ.
وَالثَّانِي: بِمَا لَوْ بَاعَهُ عَيْنًا بَعْدَ إِفْلَاسِهِ وَقَبْلَ حَجْرِ الْحَاكِمِ فَإِنَّ حَجْرَهُ إِنَّمَا هُوَ مُعْتَبَرٌ لِثُبُوتِ الْمُفْلِسِ وَظُهُورِهِ."
لأنه يوجب الميراث وغيره من حقوق النكاح الثابتة به وتستحقه بالدخول ولا بالموت فإن مات أحدهما توارثا ولا صداق إلا بفرض، وأثبته بعضهم بالموت (فإن فرض) الزوج (لها) أي الزوجة المنكوحة على التفويض (صداق المثل لزمها) ما فرض لها على المذهب (وإن كان) ما فرض لها (أقل) من صداق مثلها مثل أن يفرض لها خمسين دينارا، ,لِأَنَّهُ يُوجِبُ الْمِيرَاثَ وَغَيْرَهُ مِنْ حُقُوقِ النِّكَاحِ الثَّابِتَةِ بِهِ وَتَسْتَحِقُّهُ بِالدُّخُولِ وَلَا بِالْمَوْتِ فَإِنْ مَاتَ أَحَدُهُمَا تَوَارَثَا وَلَا صَدَاقَ إِلَّا بِفَرْضٍ، وَأَثْبَتَهُ بَعْضُهُمْ بِالْمَوْتِ (فَإِنْ فَرَضَ) الزَّوْجُ (لَهَا) أَيِ الزَّوْجَةِ الْمَنْكُوحَةِ عَلَى التَّفْوِيضِ (صَدَاقَ الْمِثْلِ لَزِمَهَا) مَا فَرَضَ لَهَا عَلَى الْمَذْهَبِ (وَإِنْ كَانَ) مَا فَرَضَ لَهَا (أَقَلَّ) مِنْ صَدَاقِ مِثْلِهَا مِثْلَ أَنْ يَفْرِضَ لَهَا خَمْسِينَ دِينَارًا، ,لِأَنَّهُ يُوجِبُ الْمِيرَاثَ وَغَيْرَهُ مِنْ حُقُوقِ النِّكَاحِ الثَّابِتَةِ بِهِ وَتَسْتَحِقُّهُ بِالدُّخُولِ وَلَا بِالْمَوْتِ فَإِنْ مَاتَ أَحَدُهُمَا تَوَارَثَا وَلَا صَدَاقَ إِلَّا بِفَرْضٍ، وَأَثْبَتَهُ بَعْضُهُمْ بِالْمَوْتِ (فَإِنْ فَرَضَ) الزَّوْجُ (لَهَا) أَيِ الزَّوْجَةِ الْمَنْكُوحَةِ عَلَى التَّفْوِيضِ (صَدَاقَ الْمِثْلِ لَزِمَهَا) مَا فَرَضَ لَهَا عَلَى الْمَذْهَبِ (وَإِنْ كَانَ) مَا فَرَضَ لَهَا (أَقَلَّ) مِنْ صَدَاقِ مِثْلِهَا مِثْلُ أَنْ يَفْرِضَ لَهَا خَمْسِينَ دِينَارًا،
"حدثنا عبد الله حدثني أبي حدثنا روح حدثنا سعيد بن أبي عروبة عن قتادة عن الحسن عن عمران بن حصين أن رسول الله صلى الله عليه وسلم قال لا أركب الأرجوان ولا ألبس المعصفر ولا ألبس القميص المكفف بالحرير قال وأومأ الحسن إلى جيب قميصه وقال ألا وطيب الرجال ريح لا لون له ألا وطيب النساء لون لا ريح له (33/185)
19976 - ","حَدَّثَنَا عَبْد اللَّهِ حَدَّثَنِي أَبِي حَدَّثَنَا رَوْحٌ حَدَّثَنَا سَعِيدُ بْنُ أَبِي عَرُوبَةَ عَنْ قَتَادَةَ عَنِ الْحَسَنِ عَنْ عِمْرَانَ بْنِ حُصَيْنٍ أَنَّ رَسُولَ اللَّهِ صَلَّى اللَّهُ عَلَيْهِ وَسَلَّمَ قَالَ لَا أَرْكَبُ الْأُرْجُوَانَ وَلَا أَلْبَسُ الْمُعَصْفَرَ وَلَا أَلْبَسُ الْقَمِيصَ الْمُكَفَّفَ بِالْحَرِيرِ قَالَ وَأَوْمَأَ الْحَسَنُ إِلَى جَيْبِ قَمِيصِهِ وَقَالَ أَلَا وَطِيبُ الرِّجَالِ رِيحٌ لَا لَوْنَ لَهُ أَلَا وَطِيبُ النِّسَاءِ لَوْنٌ لَا رِيحَ لَهُ (33/185)
19976 - ","حَدَّثَنَا عَبْد اللَّهِ حَدَّثَنِي أَبِي حَدَّثَنَا رَوْحٌ حَدَّثَنَا سَعِيدُ بْنُ أَبِي عَرُوبَةَ عَنْ قَتَادَةَ عَنِ الْحَسَنِ عَنْ عِمْرَانَ بْنِ حُصَيْنٍ أَنَّ رَسُولَ اللَّهِ صَلَّى اللَّهُ عَلَيْهِ وَسَلَّمَ قَالَ لَا أَرْكَبُ الْأُرْجُوَانَ وَلَا أَلْبَسُ الْمُعَصْفَرَ وَلَا أَلْبَسُ الْقَمِيصَ الْمُكَفَّفَ بِالْحَرِيرِ قَالَ وَأَوْمَأَ الْحَسَنُ إِلَى جَيْبِ قَمِيصِهِ وَقَالَ أَلَا وَطِيبُ الرِّجَالِ رِيحٌ لَا لَوْنَ لَهُ أَلَا وَطِيبُ النِّسَاءِ لَوْنٌ لَا رِيحَ لَهُ (33/185)
19976 -"
قال رحمه الله (ولو نكحت بلا إذن فعتقت نفذ بلا خيار) أي لو تزوجت الأمة بغير إذن مولاها، ثم عتقت نفذ النكاح ولا خيار لها أما نفوذ النكاح فلأنها من أهل العبارة وامتناعه لحق المولى، وقد زال ولا يلزم على هذا ما لو اشترت شيئا فأعتقها المولى حيث لا ينفذ ذلك الشراء، ,قَالَ رَحِمَهُ اللَّهُ (وَلَوْ نَكَحَتْ بِلَا إِذْنٍ فَعَتَقَتْ نَفَذَ بِلَا خِيَارٍ) أَيْ لَوْ تَزَوَّجَتِ الْأَمَةُ بِغَيْرِ إِذْنِ مَوْلَاهَا، ثُمَّ عَتَقَتْ نَفَذَ النِّكَاحُ وَلَا خِيَارَ لَهَا أَمَّا نُفُوذُ النِّكَاحِ فَلِأَنَّهَا مِنْ أَهْلِ الْعِبَارَةِ وَامْتِنَاعُهُ لِحَقِّ الْمَوْلَى، وَقَدْ زَالَ وَلَا يَلْزَمُ عَلَى هَذَا مَا لَوِ اشْتَرَتْ شَيْئًا فَأَعْتَقَهَا الْمَوْلَى حَيْثُ لَا يَنْفُذُ ذَلِكَ الشِّرَاءُ، ,قَالَ رَحِمَهُ اللَّهُ (وَلَوْ نَكَحَتْ بِلَا إِذْنٍ فَعَتَقَتْ نَفَذَ بِلَا خِيَارٍ) أَيْ لَوْ تَزَوَّجَتِ الْأَمَةُ بِغَيْرِ إِذْنِ مَوْلَاهَا، ثُمَّ عَتَقَتْ نَفَذَ النِّكَاحُ وَلَا خِيَارَ لَهَا أَمَّا نُفُوذُ النِّكَاحِ فَلِأَنَّهَا مِنْ أَهْلِ الْعِبَارَةِ وَامْتِنَاعُهُ لِحَقِّ الْمَوْلَى، وَقَدْ زَالَ وَلَا يَلْزَمُ عَلَى هَذَا مَا لَوِ اشْتَرَتْ شَيْئًا فَأَعْتَقَهَا الْمَوْلَى حَيْثُ لَا يَنْفُذُ ذَلِكَ الشِّرَاءُ،
"والثاني: أنها على الموصى له؛ لأنه مستوفي المنفعة فهو كالزوج، وعلف الدابة كنفقة الرقيق.
وأما سقي البستان الموصى بثمره، فإن تراضيا عليه أو تبرع به أحدهما فظاهر وليس للآخر منعه، وإن تنازعا لم يجبر واحد منهما، بخلاف النفقة لحرمة الروح. (11/197)
وبيعه إن لم يؤبد كالمستأجر، وإن أبد فالأصح أنه يصح بيعه للموصى له دون غيره.
","وَالثَّانِي: أَنَّهَا عَلَى الْمُوصَى لَهُ؛ لِأَنَّهُ مُسْتَوْفِي الْمَنْفَعَةِ فَهُوَ كَالزَّوْجِ، وَعَلَفُ الدَّابَّةِ كَنَفَقَةِ الرَّقِيقِ.
وَأَمَّا سَقْيُ الْبُسْتَانِ الْمُوصَى بِثَمَرِهِ، فَإِنْ تَرَاضَيَا عَلَيْهِ أَوْ تَبَرَّعَ بِهِ أَحَدُهُمَا فَظَاهِرٌ وَلَيْسَ لِلْآخَرِ مَنْعُهُ، وَإِنْ تَنَازَعَا لَمْ يُجْبَرْ وَاحِدٌ مِنْهُمَا، بِخِلَافِ النَّفَقَةِ لِحُرْمَةِ الرُّوحِ. (11/197)
وَبَيْعُهُ إِنْ لَمْ يُؤَبَّدْ كَالْمُسْتَأْجَرِ، وَإِنْ أَبَّدَ فَالْأَصَحُّ أَنَّهُ يَصِحُّ بَيْعُهُ لِلْمُوصَى لَهُ دُونَ غَيْرِهِ.
","وَالثَّانِي: أَنَّهَا عَلَى الْمُوصَى لَهُ؛ لِأَنَّهُ مُسْتَوْفِي الْمَنْفَعَةِ فَهُوَ كَالزَّوْجِ، وَعَلَفُ الدَّابَّةِ كَنَفَقَةِ الرَّقِيقِ.
وَأَمَّا سَقْيُ الْبُسْتَانِ الْمُوصَى بِثَمَرِهِ، فَإِنْ تَرَاضَيَا عَلَيْهِ أَوْ تَبَرَّعَ بِهِ أَحَدُهُمَا فَظَاهِرٌ وَلَيْسَ لِلْآخَرِ مَنْعُهُ، وَإِنْ تَنَازَعَا لَمْ يُجْبَرْ وَاحِدٌ مِنْهُمَا، بِخِلَافِ النَّفَقَةِ لِحُرْمَةِ الرُّوحِ. (11/197)
وَبَيْعُهُ إِنْ لَمْ يُؤَبَّدْ كَالْمُسْتَأْجَرِ، وَإِنْ أُبِّدَ فَالْأَصَحُّ أَنَّهُ يَصِحُّ بَيْعُهُ لِلْمُوصَى لَهُ دُونَ غَيْرِهِ."
أي لا تلزم العبد نفقة ولده سواء كانت زوجته حرة أو غيرها لتبعية الولد لأمه في الحرية لو حرة، والكتابة لو مكاتبة، والرق لو قنة، والتدبير أو الاستيلاد لو مدبرة أو أم ولد فافهم (قوله ولو مكاتبين إلخ) في البحر عن كافي الحاكم وشرحه للنسفي وشرح الطحاوي والشامل، ,أَيْ لَا تَلْزَمُ الْعَبْدَ نَفَقَةُ وَلَدِهِ سَوَاءٌ كَانَتْ زَوْجَتُهُ حُرَّةً أَوْ غَيْرَهَا لِتَبَعِيَّةِ الْوَلَدِ لِأُمِّهِ فِي الْحُرِّيَّةِ لَوْ حُرَّةً، وَالْكِتَابَةِ لَوْ مُكَاتَبَةً، وَالرِّقِّ لَوْ قِنَّةً، وَالتَّدْبِيرِ أَوِ الِاسْتِيلَادِ لَوْ مُدَبَّرَةً أَوْ أُمَّ وَلَدٍ فَافْهَمْ (قَوْلُهُ وَلَوْ مُكَاتَبَيْنِ إِلَخْ) فِي الْبَحْرِ عَنْ كَافِي الْحَاكِمِ وَشَرْحِهِ لِلنَّسَفِيِّ وَشَرْحِ الطَّحَاوِيِّ وَالشَّامِلِ، ,أَيْ لَا تَلْزَمُ الْعَبْدَ نَفَقَةُ وَلَدِهِ سَوَاءٌ كَانَتْ زَوْجَتُهُ حُرَّةً أَوْ غَيْرَهَا لِتَبَعِيَّةِ الْوَلَدِ لِأُمِّهِ فِي الْحُرِّيَّةِ لَوْ حُرَّةً، وَالْكِتَابَةِ لَوْ مُكَاتَبَةً، وَالرِّقِّ لَوْ قِنَّةً، وَالتَّدْبِيرِ أَوِ الِاسْتِيلَادِ لَوْ مُدَبَّرَةً أَوْ أُمَّ وَلَدٍ فَافْهَمْ (قَوْلُهُ وَلَوْ مُكَاتَبَيْنِ إِلَخْ) فِي الْبَحْرِ عَنْ كَافِي الْحَاكِمِ وَشَرْحِهِ لِلنَّسَفِيِّ وَشَرْحِ الطَّحَاوِيِّ وَالشَّامِلِ،
وكان الفرق بين هذا وما مر عنه في فعل نفسه أنه لا غالب في فعل نفسه بل التعليق فيها خارج مخرج اليمين المجردة فأثر مطلقا إلا إن تحقق قصده لحث نفسه أو منعها بخلاف فعل الغير فإن الغالب فيه ما مر فلم يؤثر التعليق إلا مع تحقق صرفه عن ذلك بأن يقصد به مجرد صورة الفعل، ,وَكَانَ الْفَرْقُ بَيْنَ هَذَا وَمَا مَرَّ عَنْهُ فِي فِعْلِ نَفْسِهِ أَنَّهُ لَا غَالِبَ فِي فِعْلِ نَفْسِهِ بَلِ التَّعْلِيقُ فِيهَا خَارِجٌ مَخْرَجَ الْيَمِينِ الْمُجَرَّدَةِ فَأَثَّرَ مُطْلَقًا إِلَّا إِنْ تَحَقَّقَ قَصْدُهُ لِحَثِّ نَفْسِهِ أَوْ مَنْعِهَا بِخِلَافِ فِعْلِ الْغَيْرِ فَإِنَّ الْغَالِبَ فِيهِ مَا مَرَّ فَلَمْ يُؤَثِّرِ التَّعْلِيقُ إِلَّا مَعَ تَحَقُّقِ صَرْفِهِ عَنْ ذَلِكَ بِأَنْ يَقْصِدَ بِهِ مُجَرَّدَ صُورَةِ الْفِعْلِ، ,وَكَانَ الْفَرْقُ بَيْنَ هَذَا وَمَا مَرَّ عَنْهُ فِي فِعْلِ نَفْسِهِ أَنَّهُ لَا غَالِبَ فِي فِعْلِ نَفْسِهِ بَلِ التَّعْلِيقُ فِيهَا خَارِجٌ مَخْرَجَ الْيَمِينِ الْمُجَرَّدَةِ فَأَثَّرَ مُطْلَقًا إِلَّا إِنْ تَحَقَّقَ قَصْدُهُ لِحَثِّ نَفْسِهِ أَوْ مَنْعِهَا بِخِلَافِ فِعْلِ الْغَيْرِ فَإِنَّ الْغَالِبَ فِيهِ مَا مَرَّ فَلَمْ يُؤَثِّرِ التَّعْلِيقُ إِلَّا مَعَ تَحَقُّقِ صَرْفِهِ عَنْ ذَلِكَ بِأَنْ يَقْصِدَ بِهِ مُجَرَّدَ صُورَةِ الْفِعْلِ،
"لأنه إذا لم يترك وفاء فقد مات عاجزا في الظاهر فلم يحكم بعتقه قبل موته مع العجز وإنما (7/427)
يحكم عند الأداء فيحكم بعتقه للحال ثم يستند فيعتق بعتقه ويجب عليها الحيض بعد العتق، بخلاف ما إذا ترك وفاء؛ ","لِأَنَّهُ إِذَا لَمْ يَتْرُكْ وَفَاءً فَقَدْ مَاتَ عَاجِزًا فِي الظَّاهِرِ فَلَمْ يُحْكَمْ بِعِتْقِهِ قَبْلَ مَوْتِهِ مَعَ الْعَجْزِ وَإِنَّمَا (7/427)
يُحْكَمُ عِنْدَ الْأَدَاءِ فَيُحْكَمُ بِعِتْقِهِ لِلْحَالِ ثُمَّ يُسْتَنَدُ فَيُعْتَقُ بِعِتْقِهِ وَيَجِبُ عَلَيْهَا الْحَيْضُ بَعْدَ الْعِتْقِ، بِخِلَافِ مَا إِذَا تَرَكَ وَفَاءً؛ ","لِأَنَّهُ إِذَا لَمْ يَتْرُكْ وَفَاءً فَقَدْ مَاتَ عَاجِزًا فِي الظَّاهِرِ فَلَمْ يُحْكَمْ بِعِتْقِهِ قَبْلَ مَوْتِهِ مَعَ الْعَجْزِ وَإِنَّمَا (7/427)
يُحْكَمُ عِنْدَ الْأَدَاءِ فَيُحْكَمُ بِعِتْقِهِ لِلْحَالِ ثُمَّ يَسْتَنِدُ فَيَعْتِقُ بِعِتْقِهِ وَيَجِبُ عَلَيْهَا الْحَيْضُ بَعْدَ الْعِتْقِ، بِخِلَافِ مَا إِذَا تَرَكَ وَفَاءً؛"
قوله: ليسهل غسله) أي وتكفينه نهاية (قوله: لبقاء الحرارة حينئذ) أي حين زهوق الروح وعقبه فإذا لينت المفاصل حينئذ لانت وإلا فلا يمكن تليينها بعد ذلك مغني ونهاية قول المتن (بثوب) أي فقط نهاية ومغني (قوله: في غير المحرم) ,قَوْلُهُ: لِيَسْهُلَ غُسْلُهُ) أَيْ وَتَكْفِينَهُ نِهَايَةٌ (قَوْلُهُ: لِبَقَاءِ الْحَرَارَةِ حِينَئِذٍ) أَيْ حِينَ زُهُوقِ الرُّوحِ وَعَقِبَهُ فَإِذَا لُيِّنَتِ الْمَفَاصِلُ حِينَئِذٍ لَانَتْ وَإِلَّا فَلَا يُمْكِنُ تَلْيِينُهَا بَعْدَ ذَلِكَ مُغْنِي وَنِهَايَةٌ قَوْلُ الْمَتْنِ (بِثَوْبٍ) أَيْ فَقَطْ نِهَايَةٌ وَمُغْنِي (قَوْلُهُ: فِي غَيْرِ الْمُحْرِمِ) ,قَوْلُهُ: لِيَسْهُلَ غُسْلُهُ) أَيْ وَتَكْفِينُهُ نِهَايَةٌ (قَوْلُهُ: لِبَقَاءِ الْحَرَارَةِ حِينَئِذٍ) أَيْ حِينَ زُهُوقِ الرُّوحِ وَعَقِبِهِ فَإِذَا لِينَتِ الْمَفَاصِلُ حِينَئِذٍ لَانَتْ وَإِلَّا فَلَا يُمْكِنُ تَلْيِينُهَا بَعْدَ ذَلِكَ مُغْنِي وَنِهَايَةٌ قَوْلُ الْمَتْنِ (بِثَوْبٍ) أَيْ فَقَطْ نِهَايَةٌ وَمُغْنِي (قَوْلُهُ: فِي غَيْرِ الْمُحْرِمِ)
ونيله درجة الشهادة بقتل العدو له، وقوله تعالى {ولن يجعل الله للكافرين على المؤمنين سبيلا} أي: من حيث العموم فلذلك يجوز أنه يطعنه عدوه الجني مع كونه ممنوعا منه بالمعقبات من الملائكة في أكثر أحواله لإرادة الخير به، ونيله درجة الشهادة من وخزه مع ضعف كيده، ,وَنَيْلِهِ دَرَجَةَ الشَّهَادَةِ بِقَتْلِ الْعَدُوِّ لَهُ، وقَوْله تَعَالَى {وَلَنْ يَجْعَلَ اللَّهُ لِلْكَافِرِينَ عَلَى الْمُؤْمِنِينَ سَبِيلًا} أَيْ: مِنْ حَيْثُ الْعُمُومُ فَلِذَلِكَ يَجُوزُ أَنَّهُ يَطْعَنَهُ عَدُوُّهُ الْجِنِّيُّ مَعَ كَوْنِهِ مَمْنُوعًا مِنْهُ بِالْمُعَقِّبَاتِ مِنَ الْمَلَائِكَةِ فِي أَكْثَرِ أَحْوَالِهِ لِإِرَادَةِ الْخَيْرِ بِهِ، وَنَيْلِهِ دَرَجَةَ الشَّهَادَةِ مِنْ وَخْزِهِ مَعَ ضَعْفِ كَيَدِهِ، ,وَنَيْلُهُ دَرَجَةَ الشَّهَادَةِ بِقَتْلِ الْعَدُوِّ لَهُ، وقَوْله تَعَالَى {وَلَنْ يَجْعَلَ اللَّهُ لِلْكَافِرِينَ عَلَى الْمُؤْمِنِينَ سَبِيلًا} أَيْ: مِنْ حَيْثُ الْعُمُومُ فَلِذَلِكَ يَجُوزُ أَنَّهُ يَطْعَنُهُ عَدُوُّهُ الْجِنِّيُّ مَعَ كَوْنِهِ مَمْنُوعًا مِنْهُ بِالْمُعَقِّبَاتِ مِنَ الْمَلَائِكَةِ فِي أَكْثَرِ أَحْوَالِهِ لِإِرَادَةِ الْخَيْرِ بِهِ، وَنَيْلِهِ دَرَجَةَ الشَّهَادَةِ مِنْ وَخْزِهِ مَعَ ضَعْفِ كَيْدِهِ،
"إذا كانت الحرة تحت مملوك فولدت عتق الولد بعتقها، فإذا أعتق أبوه جر الولاء.
وعن الزبير بن العوام رضي الله عنه أنه أبصر فتية لعساء أعجبه ظرفهم، وأمهم مولاة لرافع بن خديج رضي الله عنه وأبوهم عبد لبعض (الحرقة) من جهينة أو لبعض أشجع فاشترى الزبير أباهم فأعتقه، ","إِذَا كَانَتِ الْحُرَّةُ تَحْتَ مَمْلُوكٍ فَوَلَدَتْ عَتَقَ الْوَلَدُ بِعِتْقِهَا، فَإِذَا أُعْتِقَ أَبُوهُ جَرَّ الْوَلَاءَ.
وَعَنِ الزُّبَيْرِ بْنِ الْعَوَّامِ رَضِيَ اللَّهُ عَنْهُ أَنَّهُ أَبْصَرَ فِتْيَةً لَعْسَاءَ أَعْجَبَهُ ظُرْفُهُمْ، وَأُمُّهُمْ مَوْلَاةٌ لِرَافِعِ بْنِ خَدِيجٍ رَضِيَ اللَّهُ عَنْهُ وَأَبُوهُمْ عَبْدٌ لِبَعْضِ (الْحُرْقَةِ) مِنْ جُهَيْنَةَ أَوْ لِبَعْضِ أَشْجَعَ فَاشْتَرَى الزُّبَيْرُ أَبَاهُمْ فَأَعْتَقَهُ، ","إِذَا كَانَتِ الْحُرَّةُ تَحْتَ مَمْلُوكٍ فَوَلَدَتْ عَتَقَ الْوَلَدُ بِعِتْقِهَا، فَإِذَا أُعْتِقَ أَبُوهُ جَرَّ الْوَلَاءَ.
وَعَنِ الزُّبَيْرِ بْنِ الْعَوَّامِ رَضِيَ اللَّهُ عَنْهُ أَنَّهُ أَبْصَرَ فِتْيَةً لِعَسَّاءَ أَعْجَبَهُ ظَرْفُهُمْ، وَأُمُّهُمْ مَوْلَاةٌ لِرَافِعِ بْنِ خَدِيجٍ رَضِيَ اللَّهُ عَنْهُ وَأَبُوهُمْ عَبْدٌ لِبَعْضِ (الْحَرَقَةِ) مِنْ جُهَيْنَةَ أَوْ لِبَعْضِ أَشْجَعَ فَاشْتَرَى الزُّبَيْرُ أَبَاهُمْ فَأَعْتَقَهُ،"
"وطن فالإيحاش بتغريبه إلى مقصده حاصل بخلاف من لا وطن له فإن الأماكن مستوية بالنسبة إليه فيوقف التغريب إلى توطنه (قوله: غرب إلى مقصده) لعل المعتبر في هذه المسافة بعده عن محل زناه كوطنه لا عن مقصده أيضا سم على حجر (قوله: حمل أمة) مثلها زوجته فهي مستثناة من الأهل، وإن لم يخف الزنا.
","وَطَنٌ فَالْإِيحَاشُ بِتَغْرِيبِهِ إِلَى مَقْصِدِهِ حَاصِلٌ بِخِلَافِ مَنْ لَا وَطَنَ لَهُ فَإِنَّ الْأَمَاكِنَ مُسْتَوِيَةٌ بِالنِّسْبَةِ إِلَيْهِ فَيُوقَفُ التَّغْرِيبُ إِلَى تَوَطُّنِهِ (قَوْلُهُ: غُرِّبَ إِلَى مَقْصِدِهِ) لَعَلَّ الْمُعْتَبَرَ فِي هَذِهِ الْمَسَافَةِ بُعْدُهُ عَنْ مَحَلِّ زِنَاهُ كَوَطَنِهِ لَا عَنْ مَقْصِدِهِ أَيْضًا سم عَلَى حَجَرٍ (قَوْلُهُ: حَمْلِ أَمَةٍ) مِثْلُهَا زَوْجَتُهُ فَهِيَ مُسْتَثْنَاةٌ مِنَ الْأَهْلِ، وَإِنْ لَمْ يَخَفِ الزِّنَا.
",وَطَنٍ فَالْإِيحَاشُ بِتَغْرِيبِهِ إِلَى مَقْصِدِهِ حَاصِلٌ بِخِلَافِ مَنْ لَا وَطَنَ لَهُ فَإِنَّ الْأَمَاكِنَ مُسْتَوِيَةٌ بِالنِّسْبَةِ إِلَيْهِ فَيُوقَفُ التَّغْرِيبُ إِلَى تَوَطُّنِهِ (قَوْلُهُ: غُرِّبَ إِلَى مَقْصِدِهِ) لَعَلَّ الْمُعْتَبَرَ فِي هَذِهِ الْمَسَافَةِ بُعْدُهُ عَنْ مَحَلِّ زِنَاهُ كَوَطَنِهِ لَا عَنْ مَقْصِدِهِ أَيْضًا سم عَلَى حَجَرٍ (قَوْلُهُ: حَمْلُ أَمَةٍ) مِثْلُهَا زَوْجَتُهُ فَهِيَ مُسْتَثْنَاةٌ مِنَ الْأَهْلِ، وَإِنْ لَمْ يَخَفِ الزِّنَا.
أي مشورته الأقرب من الأولياء في التزويج (مجنونة) بكرا أو ثيبا (تحتاج) إلى التزويج بأن تظهر رغبتها فيه أو يتوقع شفاؤها بالوطء فعلم أنه لا يزوجها بالمصلحة؛ ,أَيْ مَشُورَتِهِ الْأَقْرَبَ مِنَ الْأَوْلِيَاءِ فِي التَّزْوِيجِ (مَجْنُونَةً) بِكْرًا أَوْ ثَيِّبًا (تَحْتَاجُ) إِلَى التَّزْوِيجِ بِأَنْ تَظْهَرَ رَغْبَتُهَا فِيهِ أَوْ يُتَوَقَّعَ شِفَاؤُهَا بِالْوَطْءِ فَعُلِمَ أَنَّهُ لَا يُزَوِّجُهَا بِالْمَصْلَحَةِ؛ ,أَيْ مَشُورَتُهُ الْأَقْرَبُ مِنَ الْأَوْلِيَاءِ فِي التَّزْوِيجِ (مَجْنُونَةٌ) بِكْرًا أَوْ ثَيِّبًا (تَحْتَاجُ) إِلَى التَّزْوِيجِ بِأَنْ تَظْهَرَ رَغْبَتُهَا فِيهِ أَوْ يُتَوَقَّعَ شِفَاؤُهَا بِالْوَطْءِ فَعُلِمَ أَنَّهُ لَا يُزَوِّجُهَا بِالْمَصْلَحَةِ؛
لأن المدعى عليه أكذب بينته حين أنكر المعاملة؛ لأن قوله لم أعامله مستلزم لعدم الدين ولعدم القبض الذي شهدت به البينة بخلاف ما إذا قال المدعى عليه لا حق لك يا مدعي علي فأقام المدعي بينة تشهد له بالحق فأقام المدعى عليه بينة شهدت له بأنه قضاه ذلك الحق فإنها تقبل ويعمل بمقتضى ما شهدت به؛ ,لِأَنَّ الْمُدَّعَى عَلَيْهِ أَكْذَبَ بَيِّنَتَهُ حِينَ أَنْكَرَ الْمُعَامَلَةَ؛ لِأَنَّ قَوْلَهُ لَمْ أُعَامِلْهُ مُسْتَلْزِمٌ لِعَدَمِ الدَّيْنِ وَلِعَدَمِ الْقَبْضِ الَّذِي شَهِدَتْ بِهِ الْبَيِّنَةُ بِخِلَافِ مَا إِذَا قَالَ الْمُدَّعَى عَلَيْهِ لَا حَقَّ لَكَ يَا مُدَّعِي عَلَيَّ فَأَقَامَ الْمُدَّعِي بَيِّنَةً تَشْهَدُ لَهُ بِالْحَقِّ فَأَقَامَ الْمُدَّعَى عَلَيْهِ بَيِّنَةً شَهِدَتْ لَهُ بِأَنَّهُ قَضَاهُ ذَلِكَ الْحَقَّ فَإِنَّهَا تُقْبَلُ وَيُعْمَلُ بِمُقْتَضَى مَا شَهِدَتْ بِهِ؛ ,لِأَنَّ الْمُدَّعَى عَلَيْهِ أَكْذَبَ بَيِّنَتَهُ حِينَ أَنْكَرَ الْمُعَامَلَةَ؛ لِأَنَّ قَوْلَهُ لَمْ أُعَامِلْهُ مُسْتَلْزِمٌ لِعَدَمِ الدَّيْنِ وَلِعَدَمِ الْقَبْضِ الَّذِي شَهِدَتْ بِهِ الْبَيِّنَةُ بِخِلَافِ مَا إِذَا قَالَ الْمُدَّعَى عَلَيْهِ لَا حَقَّ لَكَ يَا مُدَّعِي عَلَيَّ فَأَقَامَ الْمُدَّعِي بَيِّنَةً تَشْهَدُ لَهُ بِالْحَقِّ فَأَقَامَ الْمُدَّعَى عَلَيْهِ بَيِّنَةً شَهِدَتْ لَهُ بِأَنَّهُ قَضَاهُ ذَلِكَ الْحَقَّ فَإِنَّهَا تُقْبَلُ وَيُعْمَلُ بِمُقْتَضَى مَا شَهِدَتْ بِهِ؛
بأن سبق إمامه في ركوع وسجود فإنه يقضي ركعة، وحكمه كمؤتم فلا يأتي بقراءة ولا سهو ولا يتغير فرضه بنية إقامة، ويبدأ بقضاء ما فاته عكس المسبوق ثم يتابع إمامه إن أمكنه إدراكه وإلا تابعه، ثم صلى ما نام فيه بلا قراءة، ثم ما سبق به بها إن كان مسبوقا أيضا، ,بِأَنْ سَبَقَ إِمَامَهُ فِي رُكُوعٍ وَسُجُودٍ فَإِنَّهُ يَقْضِي رَكْعَةً، وَحُكْمُهُ كَمُؤْتَمٍّ فَلَا يَأْتِي بِقِرَاءَةٍ وَلَا سَهْوٍ وَلَا يَتَغَيَّرُ فَرْضُهُ بِنِيَّةِ إِقَامَةٍ، وَيَبْدَأُ بِقَضَاءِ مَا فَاتَهُ عَكْسُ الْمَسْبُوقِ ثُمَّ يُتَابِعُ إِمَامَهُ إِنْ أَمْكَنَهُ إِدْرَاكُهُ وَإِلَّا تَابَعَهُ، ثُمَّ صَلَّى مَا نَامَ فِيهِ بِلَا قِرَاءَةٍ، ثُمَّ مَا سُبِقَ بِهِ بِهَا إِنْ كَانَ مَسْبُوقًا أَيْضًا، ,بِأَنْ سَبَقَ إِمَامَهُ فِي رُكُوعٍ وَسُجُودٍ فَإِنَّهُ يَقْضِي رَكْعَةً، وَحُكْمُهُ كَمُؤْتَمٍّ فَلَا يَأْتِي بِقِرَاءَةٍ وَلَا سَهْوٍ وَلَا يَتَغَيَّرُ فَرْضُهُ بِنِيَّةِ إِقَامَةٍ، وَيَبْدَأُ بِقَضَاءِ مَا فَاتَهُ عَكْسُ الْمَسْبُوقِ ثُمَّ يُتَابِعُ إِمَامَهُ إِنْ أَمْكَنَهُ إِدْرَاكُهُ وَإِلَّا تَابَعَهُ، ثُمَّ صَلَّى مَا نَامَ فِيهِ بِلَا قِرَاءَةٍ، ثُمَّ مَا سُبِقَ بِهِ بِهَا إِنْ كَانَ مَسْبُوقًا أَيْضًا،
بل يجب أن يحمل على أنه إنما ذكره بناء على أن الغالب في قاصدي مكة من الآفاقيين قصد النسك فالمراد بقوله إذا أراد الحج أو العمرة إذا أراد مكة، ثم قال بعد توجيهه وموجب هذا الحمل أن جميع الكتب ناطقة بلزوم الإحرام على من قصد مكة سواء قصد النسك أم لا، ,بَلْ يَجِبُ أَنْ يُحْمَلَ عَلَى أَنَّهُ إِنَّمَا ذَكَرَهُ بِنَاءً عَلَى أَنَّ الْغَالِبَ فِي قَاصِدِي مَكَّةَ مِنَ الْآفَاقِيِّينَ قَصْدُ النُّسُكِ فَالْمُرَادُ بِقَوْلِهِ إِذَا أَرَادَ الْحَجَّ أَوِ الْعُمْرَةَ إِذَا أَرَادَ مَكَّةَ، ثُمَّ قَالَ بَعْدَ تَوْجِيهِهِ وَمُوجِبُ هَذَا الْحَمْلِ أَنَّ جَمِيعَ الْكُتُبِ نَاطِقَةٌ بِلُزُومِ الْإِحْرَامِ عَلَى مَنْ قَصَدَ مَكَّةَ سَوَاءٌ قَصَدَ النُّسُكَ أَمْ لَا، ,بَلْ يَجِبُ أَنْ يُحْمَلَ عَلَى أَنَّهُ إِنَّمَا ذَكَرَهُ بِنَاءً عَلَى أَنَّ الْغَالِبَ فِي قَاصِدِي مَكَّةَ مِنَ الْآفَاقِيِّينَ قَصْدُ النُّسُكِ فَالْمُرَادُ بِقَوْلِهِ إِذَا أَرَادَ الْحَجَّ أَوِ الْعُمْرَةَ إِذَا أَرَادَ مَكَّةَ، ثُمَّ قَالَ بَعْدَ تَوْجِيهِهِ وَمُوجِبُ هَذَا الْحَمْلِ أَنَّ جَمِيعَ الْكُتُبِ نَاطِقَةٌ بِلُزُومِ الْإِحْرَامِ عَلَى مَنْ قَصَدَ مَكَّةَ سَوَاءٌ قَصَدَ النُّسُكَ أَمْ لَا،
"انتهى.
ووجه آخر أن يوم الجمعة فيه أهبط آدم وفيه تقوم الساعة.
ويوم الاثنين خير كله وأمن كله فلله الحمد والمنة.
فإن قال قائل قد خص يوم الجمعة بصلاة الجمعة والخطبة وغير ذلك مما هو مختص به فالجواب ما تقدم من أنه عليه الصلاة والسلام ما يخصه في نفسه الكريمة يخفف فيه الأمر عن أمته فلا يكلفهم فيه زيادة عمل؛ ","انْتَهَى.
وَوَجْهٌ آخَرُ أَنَّ يَوْمَ الْجُمُعَةِ فِيهِ أُهْبِطَ آدَم وَفِيهِ تَقُومُ السَّاعَةُ.
وَيَوْمُ الِاثْنَيْنِ خَيْرٌ كُلُّهُ وَأَمْنٌ كُلُّهُ فَلِلَّهِ الْحَمْدُ وَالْمِنَّةُ.
فَإِنْ قَالَ قَائِلٌ قَدْ خُصَّ يَوْمُ الْجُمُعَةِ بِصَلَاةِ الْجُمُعَةِ وَالْخُطْبَةِ وَغَيْرِ ذَلِكَ مِمَّا هُوَ مُخْتَصٌّ بِهِ فَالْجَوَابُ مَا تَقَدَّمَ مِنْ أَنَّهُ عَلَيْهِ الصَّلَاةُ وَالسَّلَامُ مَا يَخُصُّهُ فِي نَفْسِهِ الْكَرِيمَةِ يُخَفِّفُ فِيهِ الْأَمْرَ عَنْ أُمَّتِهِ فَلَا يُكَلِّفُهُمْ فِيهِ زِيَادَةَ عَمَلٍ؛ ","انْتَهَى.
وَوَجْهٌ آخَرُ أَنَّ يَوْمَ الْجُمُعَةِ فِيهِ أُهْبِطَ آدَم وَفِيهِ تَقُومُ السَّاعَةُ.
وَيَوْمُ الِاثْنَيْنِ خَيْرٌ كُلُّهُ وَأَمْنٌ كُلُّهُ فَلِلَّهِ الْحَمْدُ وَالْمِنَّةُ.
فَإِنْ قَالَ قَائِلٌ قَدْ خُصَّ يَوْمُ الْجُمُعَةِ بِصَلَاةِ الْجُمُعَةِ وَالْخُطْبَةِ وَغَيْرِ ذَلِكَ مِمَّا هُوَ مُخْتَصٌّ بِهِ فَالْجَوَابُ مَا تَقَدَّمَ مِنْ أَنَّهُ عَلَيْهِ الصَّلَاةُ وَالسَّلَامُ مَا يَخُصُّهُ فِي نَفْسِهِ الْكَرِيمَةِ يُخَفِّفُ فِيهِ الْأَمْرَ عَنْ أُمَّتِهِ فَلَا يُكَلِّفُهُمْ فِيهِ زِيَادَةَ عَمَلٍ؛"
"فقال ابن عمر فكان أول من لقيت منهم بلالا فقلت أين صلى رسول الله صلى الله عليه وسلم قال هاهنا بين الأسطوانتين (8/36)
4465 - حدثنا معتمر عن عبيد الله عن نافع عن ابن عمر أن رسول الله صلى الله عليه وسلم نهى عن القرع والمزفت أن ينتبذ فيهما (8/37)
4466 - ","فَقَالَ ابْنُ عُمَرَ فَكَانَ أَوَّلُ مَنْ لَقِيتُ مِنْهُمْ بِلَالًا فَقُلْتُ أَيْنَ صَلَّى رَسُولُ اللَّهِ صَلَّى اللَّهُ عَلَيْهِ وَسَلَّمَ قَالَ هَاهُنَا بَيْنَ الْأُسْطُوَانَتَيْنِ (8/36)
4465 - حَدَّثَنَا مُعْتَمِرٌ عَنْ عُبَيْدِ اللَّهِ عَنْ نَافِعٍ عَنِ ابْنِ عُمَرَ أَنَّ رَسُولَ اللَّهِ صَلَّى اللَّهُ عَلَيْهِ وَسَلَّمَ نَهَى عَنِ الْقَرْعِ وَالْمُزَفَّتِ أَنْ يُنْتَبَذَ فِيهِمَا (8/37)
4466 - ","فَقَالَ ابْنُ عُمَرَ فَكَانَ أَوَّلَ مَنْ لَقِيتُ مِنْهُمْ بِلَالًا فَقُلْتُ أَيْنَ صَلَّى رَسُولُ اللَّهِ صَلَّى اللَّهُ عَلَيْهِ وَسَلَّمَ قَالَ هَاهُنَا بَيْنَ الْأُسْطُوَانَتَيْنِ (8/36)
4465 - حَدَّثَنَا مُعْتَمِرٌ عَنْ عُبَيْدِ اللَّهِ عَنْ نَافِعٍ عَنِ ابْنِ عُمَرَ أَنَّ رَسُولَ اللَّهِ صَلَّى اللَّهُ عَلَيْهِ وَسَلَّمَ نَهَى عَنِ الْقَرْعِ وَالْمُزَفَّتِ أَنْ يُنْتَبَذَ فِيهِمَا (8/37)
4466 -"
"ولا يرد النقض بالشريك لأنه إنما لا تقبل شهادته له فيما هو مشترك بينهما لا مطلقا فافهم (قوله وهذا) أي عدم جواز الدفع إلى (8/465)
أصله إلخ قوله كما مر في المصرف) ","وَلَا يَرِدُ النَّقْضُ بِالشَّرِيكِ لِأَنَّهُ إِنَّمَا لَا تُقْبَلُ شَهَادَتُهُ لَهُ فِيمَا هُوَ مُشْتَرَكٌ بَيْنَهُمَا لَا مُطْلَقًا فَافْهَمْ (قَوْلُهُ وَهَذَا) أَيْ عَدَمُ جَوَازِ الدَّفْعِ إِلَى (8/465)
أَصْلِهِ إِلَخْ قَوْلُهُ كَمَا مَرَّ فِي الْمَصْرِفِ) ","وَلَا يَرِدُ النَّقْضُ بِالشَّرِيكِ لِأَنَّهُ إِنَّمَا لَا تُقْبَلُ شَهَادَتُهُ لَهُ فِيمَا هُوَ مُشْتَرَكٌ بَيْنَهُمَا لَا مُطْلَقًا فَافْهَمْ (قَوْلُهُ وَهَذَا) أَيْ عَدَمُ جَوَازِ الدَّفْعِ إِلَى (8/465)
أَصْلِهِ إِلَخْ قَوْلُهُ كَمَا مَرَّ فِي الْمَصْرِفِ)"
إلى غير ذلك من الآيات والأخبار المطلقة وقد حاصر رسول الله صلى الله عليه وسلم الطائف لعشر بقين من المحرم والمحاصرة نوع من القتال فهذا يدل على أن تحريم القتال في الأشهر الحرم منسوخ قال رحمه الله (إن قام به بعض سقط عن الكل) ,إِلَى غَيْرِ ذَلِكَ مِنَ الْآيَاتِ وَالْأَخْبَارِ الْمُطْلَقَةِ وَقَدْ حَاصَرَ رَسُولُ اللَّهِ صَلَّى اللَّهُ عَلَيْهِ وَسَلَّمَ الطَّائِفَ لِعَشْرٍ بَقَيْنَ مِنَ الْمُحَرَّمِ وَالْمُحَاصَرَةُ نَوْعٌ مِنَ الْقِتَالِ فَهَذَا يَدُلُّ عَلَى أَنَّ تَحْرِيمَ الْقِتَالِ فِي الْأَشْهُرِ الْحُرُمِ مَنْسُوخٌ قَالَ رَحِمَهُ اللَّهُ (إِنْ قَامَ بِهِ بَعْضٌ سَقَطَ عَنِ الْكُلِّ) ,إِلَى غَيْرِ ذَلِكَ مِنَ الْآيَاتِ وَالْأَخْبَارِ الْمُطْلَقَةِ وَقَدْ حَاصَرَ رَسُولُ اللَّهِ صَلَّى اللَّهُ عَلَيْهِ وَسَلَّمَ الطَّائِفَ لِعَشْرٍ بَقِينَ مِنَ الْمُحَرَّمِ وَالْمُحَاصَرَةُ نَوْعٌ مِنَ الْقِتَالِ فَهَذَا يَدُلُّ عَلَى أَنَّ تَحْرِيمَ الْقِتَالِ فِي الْأَشْهُرِ الْحُرُمِ مَنْسُوخٌ قَالَ رَحِمَهُ اللَّهُ (إِنْ قَامَ بِهِ بَعْضٌ سَقَطَ عَنِ الْكُلِّ)
وأن لا يعود على أصله بالإبطال) أي ومن شروط العلة أن لا يلزم من التعليل بها بطلان حكم القياس أعني حكم المحل المشبه به المعلل بها فأراد بالأصل هنا الحكم كما هو أحد استعمالاته (فتبطل هي) أي تلك العلة حينئذ لأن ذلك الحكم أصلها والفرع يبطل ببطلان أصله (مثاله للشافعية تعليل الحنفية) ,وَأَنْ لَا يَعُودَ عَلَى أَصْلِهِ بِالْإِبْطَالِ) أَيْ وَمِنْ شُرُوطِ الْعِلَّةِ أَنْ لَا يَلْزَمَ مِنَ التَّعْلِيلِ بِهَا بُطْلَانُ حُكْمِ الْقِيَاسِ أَعْنِي حُكْمَ الْمَحَلِّ الْمُشَبَّهِ بِهِ الْمُعَلَّلُ بِهَا فَأَرَادَ بِالْأَصْلِ هُنَا الْحُكْمَ كَمَا هُوَ أَحَدُ اسْتِعْمَالَاتِهِ (فَتَبْطُلُ هِيَ) أَيْ تِلْكَ الْعِلَّةُ حِينَئِذٍ لِأَنَّ ذَلِكَ الْحُكْمَ أَصْلُهَا وَالْفَرْعُ يَبْطُلُ بِبُطْلَانِ أَصْلِهِ (مِثَالُهُ لِلشَّافِعِيَّةِ تَعْلِيلُ الْحَنَفِيَّةِ) ,وَأَنْ لَا يَعُودَ عَلَى أَصْلِهِ بِالْإِبْطَالِ) أَيْ وَمِنْ شُرُوطِ الْعِلَّةِ أَنْ لَا يَلْزَمَ مِنَ التَّعْلِيلِ بِهَا بُطْلَانُ حُكْمِ الْقِيَاسِ أَعْنِي حُكْمَ الْمَحَلِّ الْمُشَبَّهِ بِهِ الْمُعَلَّلِ بِهَا فَأَرَادَ بِالْأَصْلِ هُنَا الْحُكْمَ كَمَا هُوَ أَحَدُ اسْتِعْمَالَاتِهِ (فَتَبْطُلُ هِيَ) أَيْ تِلْكَ الْعِلَّةُ حِينَئِذٍ لِأَنَّ ذَلِكَ الْحُكْمَ أَصْلُهَا وَالْفَرْعُ يَبْطُلُ بِبُطْلَانِ أَصْلِهِ (مِثَالُهُ لِلشَّافِعِيَّةِ تَعْلِيلُ الْحَنَفِيَّةِ)
"انظره مع أن كلا من الصيغ السابقة عليه ما عدا الحمد لربنا جملتان (قوله فالخبر ما قال) أو أحق خبر ما قال. (6/13)
(قوله حذو منكبيه) إلى قوله وما قيل في النهاية والمغني قول المتن (مع ابتداء رفع رأسه) أي مبتدئا رفعهما مع ابتداء رفعه ويستمر إلى انتهائه رواه الشيخان (قائلا) ","انْظُرْهُ مَعَ أَنَّ كُلًّا مِنَ الصِّيَغِ السَّابِقَةِ عَلَيْهِ مَا عَدَا الْحَمْدَ لِرَبِّنَا جُمْلَتَانِ (قَوْلُهُ فَالْخَبَرُ مَا قَالَ) أَوْ أَحَقُّ خَبَرُ مَا قَالَ. (6/13)
(قَوْلُهُ حَذْوَ مَنْكِبَيْهِ) إِلَى قَوْلِهِ وَمَا قِيلَ فِي النِّهَايَةِ وَالْمُغْنِي قَوْلُ الْمَتْنِ (مَعَ ابْتِدَاءِ رَفْعِ رَأْسِهِ) أَيْ مُبْتَدِئًا رَفْعَهُمَا مَعَ ابْتِدَاءِ رَفْعِهِ وَيَسْتَمِرُّ إِلَى انْتِهَائِهِ رَوَاهُ الشَّيْخَانِ (قَائِلًا) ","انْظُرْهُ مَعَ أَنَّ كُلًّا مِنَ الصِّيَغِ السَّابِقَةِ عَلَيْهِ مَا عَدَا الْحَمْدَ لِرَبِّنَا جُمْلَتَانِ (قَوْلُهُ فَالْخَبَرُ مَا قَالَ) أَوْ أَحَقُّ خَبَرُ مَا قَالَ. (6/13)
(قَوْلُهُ حَذْوَ مَنْكِبَيْهِ) إِلَى قَوْلِهِ وَمَا قِيلَ فِي النِّهَايَةِ وَالْمُغْنِي قَوْلُ الْمَتْنِ (مَعَ ابْتِدَاءِ رَفْعِ رَأْسِهِ) أَيْ مُبْتَدِئًا رَفْعَهُمَا مَعَ ابْتِدَاءِ رَفْعِهِ وَيَسْتَمِرُّ إِلَى انْتِهَائِهِ رَوَاهُ الشَّيْخَانِ (قَائِلًا)"
"منها إنسان صلى وفي كمه قارورة مملوءة بالدم لا تفسد صلاته، ولو كانت غير مملوءة تفسد على قول، والصحيح المفتى به عدم الفرق، بخلاف ما لو صلى وفي كمه بيضة قذرة لا (2/488)
","مِنْهَا إِنْسَانٌ صَلَّى وَفِي كُمِّهِ قَارُورَةٌ مَمْلُوءَةٌ بِالدَّمِ لَا تَفْسُدُ صَلَاتُهُ، وَلَوْ كَانَتْ غَيْرَ مَمْلُوءَةٍ تَفْسُدُ عَلَى قَوْلٍ، وَالصَّحِيحُ الْمُفْتَى بِهِ عَدَمُ الْفَرْقِ، بِخِلَافِ مَا لَوْ صَلَّى وَفِي كُمِّهِ بَيْضَةٌ قَذِرَةٌ لَا (2/488)
",مِنْهَا إِنْسَانٌ صَلَّى وَفِي كُمِّهِ قَارُورَةٌ مَمْلُوءَةٌ بِالدَّمِ لَا تَفْسُدُ صَلَاتُهُ، وَلَوْ كَانَتْ غَيْرَ مَمْلُوءَةٍ تَفْسُدُ عَلَى قَوْلٍ، وَالصَّحِيحُ الْمُفْتَى بِهِ عَدَمُ الْفَرْقِ، بِخِلَافِ مَا لَوْ صَلَّى وَفِي كُمِّهِ بَيْضَةٌ قَذِرَةٌ لَا (2/488)
قال الأتقاني رحمه الله وصورة المسألة في الجامع الصغير محمد عن يعقوب عن أبي حنيفة في رجل اشترى من رجل جارية بيعا فاسدا بألف درهم وتقابضا وربح كل منهما فيما قبض قال يتصدق الذي قبض الجارية بالربح ويطيب الربح للذي قبض الدراهم وهو لفظ محمد والأصل فيه أن المال نوعان نوع لا يتعين في العقود كالدراهم والدنانير ونوع يتعين كغير الدراهم والدنانير والمراد من عدم التعين في حق الاستحقاق أما في حق القدر والجنس والوصف فيعينان والخبث وهو عدم الطيب أيضا نوعان أحدهما باعتبار عدم الملك كما في المغصوب الوديعة يوجب حقيقة الخبث فيما يتعين ويوجب شبهة الخبث فيما لا يتعين عند أبي حنيفة ومحمد؛ ,قَالَ الْأَتْقَانِيُّ رَحِمَهُ اللَّهُ وَصُورَةُ الْمَسْأَلَةِ فِي الْجَامِعِ الصَّغِيرِ مُحَمَّدٌ عَنْ يَعْقُوبَ عَنْ أَبِي حَنِيفَةَ فِي رَجُلٍ اشْتَرَى مِنْ رَجُلٍ جَارِيَةً بَيْعًا فَاسِدًا بِأَلْفِ دِرْهَمٍ وَتَقَابَضَا وَرَبِحَ كُلٌّ مِنْهُمَا فِيمَا قَبَضَ قَالَ يَتَصَدَّقُ الَّذِي قَبَضَ الْجَارِيَةَ بِالرِّبْحِ وَيَطِيبُ الرِّبْحُ لِلَّذِي قَبَضَ الدَّرَاهِمَ وَهُوَ لَفْظُ مُحَمَّدٍ وَالْأَصْلُ فِيهِ أَنَّ الْمَالَ نَوْعَانِ نَوْعٌ لَا يَتَعَيَّنُ فِي الْعُقُودِ كَالدَّرَاهِمِ وَالدَّنَانِيرِ وَنَوْعٌ يَتَعَيَّنُ كَغَيْرِ الدَّرَاهِمِ وَالدَّنَانِيرِ وَالْمُرَادُ مِنْ عَدَمِ التَّعَيُّنِ فِي حَقِّ الِاسْتِحْقَاقِ أَمَّا فِي حَقِّ الْقَدْرِ وَالْجِنْسِ وَالْوَصْفِ فَيُعَيَّنَانِ وَالْخَبَثُ وَهُوَ عَدَمُ الطِّيبِ أَيْضًا نَوْعَانِ أَحَدُهُمَا بِاعْتِبَارِ عَدَمِ الْمِلْكِ كَمَا فِي الْمَغْصُوبِ الْوَدِيعَةِ يُوجِبُ حَقِيقَةَ الْخَبَثِ فِيمَا يَتَعَيَّنُ وَيُوجِبُ شُبْهَةَ الْخَبَثِ فِيمَا لَا يَتَعَيَّنُ عِنْدَ أَبِي حَنِيفَةَ وَمُحَمَّدٍ؛ ,قَالَ الْأَتْقَانِيُّ رَحِمَهُ اللَّهُ وَصُورَةُ الْمَسْأَلَةِ فِي الْجَامِعِ الصَّغِيرِ مُحَمَّدٌ عَنْ يَعْقُوبَ عَنْ أَبِي حَنِيفَةَ فِي رَجُلٍ اشْتَرَى مِنْ رَجُلٍ جَارِيَةً بَيْعًا فَاسِدًا بِأَلْفِ دِرْهَمٍ وَتَقَابَضَا وَرَبِحَ كُلٌّ مِنْهُمَا فِيمَا قَبَضَ قَالَ يَتَصَدَّقُ الَّذِي قَبَضَ الْجَارِيَةَ بِالرِّبْحِ وَيَطِيبُ الرِّبْحُ لِلَّذِي قَبَضَ الدَّرَاهِمَ وَهُوَ لَفْظُ مُحَمَّدٍ وَالْأَصْلُ فِيهِ أَنَّ الْمَالَ نَوْعَانِ نَوْعٌ لَا يَتَعَيَّنُ فِي الْعُقُودِ كَالدَّرَاهِمِ وَالدَّنَانِيرِ وَنَوْعٌ يَتَعَيَّنُ كَغَيْرِ الدَّرَاهِمِ وَالدَّنَانِيرِ وَالْمُرَادُ مِنْ عَدَمِ التَّعَيُّنِ فِي حَقِّ الِاسْتِحْقَاقِ أَمَّا فِي حَقِّ الْقَدْرِ وَالْجِنْسِ وَالْوَصْفِ فَيَعِينَانِ وَالْخَبَثُ وَهُوَ عَدَمُ الطِّيبِ أَيْضًا نَوْعَانِ أَحَدُهُمَا بِاعْتِبَارِ عَدَمِ الْمِلْكِ كَمَا فِي الْمَغْصُوبِ الْوَدِيعَةِ يُوجِبُ حَقِيقَةَ الْخَبَثِ فِيمَا يَتَعَيَّنُ وَيُوجِبُ شُبْهَةَ الْخَبَثِ فِيمَا لَا يَتَعَيَّنُ عِنْدَ أَبِي
يتردد النظر فيما لو سلم الإمام والمسبوق في أثناء الفاتحة أو قبل الشروع فيها فهل تسقط عنه بقيتها في الأول وكلها في الثاني أو لا؟ محل تأمل ثم رأيت كلام المغني والنهاية مصرحا بالثاني بصري وقدمناه آنفا (قوله: لأن الجنازة ترفع حينئذ) أي فليس الوقت وقت تطويل نهاية قوله: يسن إبقاؤها إلخ) ,يَتَرَدَّدُ النَّظَرُ فِيمَا لَوْ سَلَّمَ الْإِمَامُ وَالْمَسْبُوقُ فِي أَثْنَاءِ الْفَاتِحَةِ أَوْ قَبْلَ الشُّرُوعِ فِيهَا فَهَلْ تَسْقُطُ عَنْهُ بَقِيَّتُهَا فِي الْأَوَّلِ وَكُلُّهَا فِي الثَّانِي أَوْ لَا؟ مَحَلُّ تَأَمُّلٍ ثُمَّ رَأَيْت كَلَامَ الْمُغْنِي وَالنِّهَايَةِ مُصَرِّحًا بِالثَّانِي بَصْرِيٌّ وَقَدَّمْنَاهُ آنِفًا (قَوْلُهُ: لِأَنَّ الْجِنَازَةَ تُرْفَعُ حِينَئِذٍ) أَيْ فَلَيْسَ الْوَقْتُ وَقْتَ تَطْوِيلٍ نِهَايَةٌ قَوْلُهُ: يُسَنُّ إِبْقَاؤُهَا إِلَخْ) ,يَتَرَدَّدُ النَّظَرُ فِيمَا لَوْ سَلَّمَ الْإِمَامُ وَالْمَسْبُوقُ فِي أَثْنَاءِ الْفَاتِحَةِ أَوْ قَبْلَ الشُّرُوعِ فِيهَا فَهَلْ تَسْقُطُ عَنْهُ بَقِيَّتُهَا فِي الْأَوَّلِ وَكُلُّهَا فِي الثَّانِي أَوْ لَا؟ مَحَلُّ تَأَمُّلٍ ثُمَّ رَأَيْت كَلَامَ الْمُغْنِي وَالنِّهَايَةِ مُصَرِّحًا بِالثَّانِي بَصْرِيٌّ وَقَدَّمْنَاهُ آنِفًا (قَوْلُهُ: لِأَنَّ الْجِنَازَةَ تُرْفَعُ حِينَئِذٍ) أَيْ فَلَيْسَ الْوَقْتُ وَقْتَ تَطْوِيلٍ نِهَايَةٌ قَوْلُهُ: يُسَنُّ إِبْقَاؤُهَا إِلَخْ)
وفي البدائع: لو شرط مع المسمى شيئا مجهولا كأن تزوجها على ألف درهم وأن يهدي لها هدية ثم طلقها قبل الدخول فلها نصف المسمى لأنه إذا لم يف بالكرامة والهداية يجب تمام مهر المثل ومهر المثل لا مدخل له في الطلاق قبل الدخول ا ه لكن قال في الاختيار: ,وَفِي الْبَدَائِعِ: لَوْ شَرَطَ مَعَ الْمُسَمَّى شَيْئًا مَجْهُولًا كَأَنْ تَزَوَّجَهَا عَلَى أَلْفِ دِرْهَمٍ وَأَنْ يُهْدِيَ لَهَا هَدِيَّةً ثُمَّ طَلَّقَهَا قَبْلَ الدُّخُولِ فَلَهَا نِصْفُ الْمُسَمَّى لِأَنَّهُ إِذَا لَمْ يَفِ بِالْكَرَامَةِ وَالْهِدَايَةِ يَجِبُ تَمَامُ مَهْرِ الْمِثْلِ وَمَهْرُ الْمِثْلِ لَا مَدْخَلَ لَهُ فِي الطَّلَاقِ قَبْلَ الدُّخُولِ ا ه لَكِنْ قَالَ فِي الِاخْتِيَارِ: ,وَفِي الْبَدَائِعِ: لَوْ شَرَطَ مَعَ الْمُسَمَّى شَيْئًا مَجْهُولًا كَأَنْ تَزَوَّجَهَا عَلَى أَلْفِ دِرْهَمٍ وَأَنْ يُهْدِيَ لَهَا هَدِيَّةً ثُمَّ طَلَّقَهَا قَبْلَ الدُّخُولِ فَلَهَا نِصْفُ الْمُسَمَّى لِأَنَّهُ إِذَا لَمْ يَفِ بِالْكَرَامَةِ وَالْهِدَايَةِ يَجِبُ تَمَامُ مَهْرِ الْمِثْلِ وَمَهْرُ الْمِثْلِ لَا مَدْخَلَ لَهُ فِي الطَّلَاقِ قَبْلَ الدُّخُولِ ا ه لَكِنْ قَالَ فِي الِاخْتِيَارِ:
"ولمسلم من حديث عمران بن حصين وله طرق (2/368)
حديث ابن عباس: {أن النبي صلى الله عليه وسلم مر بقبر دفن ليلا، فقال: متى دفن هذا؟ قالوا: البارحة، قال: أفلا آذنتموني؟.
قالوا: دفناه في ظلمة الليل، فكرهنا أن نوقظك، فقام فصفنا خلفه، قال ابن عباس: وأنا فيهم، فصلى عليه} .
متفق عليه، ","وَلِمُسْلِمٍ مِنْ حَدِيثِ عِمْرَانَ بْنِ حُصَيْنٍ وَلَهُ طُرُقٌ (2/368)
حَدِيثُ ابْنِ عَبَّاسٍ: {أَنَّ النَّبِيَّ صَلَّى اللَّهُ عَلَيْهِ وَسَلَّمَ مَرَّ بِقَبْرٍ دُفِنَ لَيْلًا، فَقَالَ: مَتَى دُفِنَ هَذَا؟ قَالُوا: الْبَارِحَةَ، قَالَ: أَفَلَا آذَنْتُمُونِي؟.
قَالُوا: دَفَنَّاهُ فِي ظُلْمَةِ اللَّيْلِ، فَكَرِهْنَا أَنْ نُوقِظَك، فَقَامَ فَصَفَّنَا خَلْفَهُ، قَالَ ابْنُ عَبَّاسٍ: وَأَنَا فِيهِمْ، فَصَلَّى عَلَيْهِ} .
مُتَّفَقٌ عَلَيْهِ، ","وَلِمُسْلِمٍ مِنْ حَدِيثِ عِمْرَانَ بْنِ حُصَيْنٍ وَلَهُ طُرُقٌ (2/368)
حَدِيثُ ابْنِ عَبَّاسٍ: {أَنَّ النَّبِيَّ صَلَّى اللَّهُ عَلَيْهِ وَسَلَّمَ مَرَّ بِقَبْرٍ دُفِنَ لَيْلًا، فَقَالَ: مَتَى دُفِنَ هَذَا؟ قَالُوا: الْبَارِحَةَ، قَالَ: أَفَلَا آذَنْتُمُونِي؟.
قَالُوا: دَفَنَّاهُ فِي ظُلْمَةِ اللَّيْلِ، فَكَرِهْنَا أَنْ نُوقِظَكَ، فَقَامَ فَصَفَّنَا خَلْفَهُ، قَالَ ابْنُ عَبَّاسٍ: وَأَنَا فِيهِمْ، فَصَلَّى عَلَيْهِ} .
مُتَّفَقٌ عَلَيْهِ،"
"الكائنة تحت أيدي أمناء القاضي، والذي في ديارنا من هذا أن أموال الأوقاف تحت أيدي جماعة يوليهم القاضي النظر أو المباشرة فيها وودائع اليتامى تحت يد الذي يسمى أمين الحكم (فيعمل) فيها (على) حسب (ما تقوم به البينة) أنه لفلان أو غير ذلك (أو يعترف) الذي هو في يده. (16/344)
(ولا يقبل قول المعزول) ","الْكَائِنَةِ تَحْتَ أَيْدِي أُمَنَاءِ الْقَاضِي، وَالَّذِي فِي دِيَارِنَا مِنْ هَذَا أَنَّ أَمْوَالَ الْأَوْقَافِ تَحْتَ أَيْدِي جَمَاعَةٍ يُوَلِّيهِمِ الْقَاضِي النَّظَرَ أَوِ الْمُبَاشَرَةَ فِيهَا وَوَدَائِعَ الْيَتَامَى تَحْتَ يَدِ الَّذِي يُسَمَّى أَمِينُ الْحُكْمِ (فَيَعْمَلُ) فِيهَا (عَلَى) حَسَبِ (مَا تَقُومُ بِهِ الْبَيِّنَةُ) أَنَّهُ لِفُلَانٍ أَوْ غَيْرِ ذَلِكَ (أَوْ يَعْتَرِفُ) الَّذِي هُوَ فِي يَدِهِ. (16/344)
(وَلَا يَقْبَلُ قَوْلَ الْمَعْزُولِ) ","الْكَائِنَةُ تَحْتَ أَيْدِي أُمَنَاءِ الْقَاضِي، وَالَّذِي فِي دِيَارِنَا مِنْ هَذَا أَنَّ أَمْوَالَ الْأَوْقَافِ تَحْتَ أَيْدِي جَمَاعَةٍ يُوَلِّيهِمِ الْقَاضِي النَّظَرَ أَوِ الْمُبَاشَرَةَ فِيهَا وَوَدَائِعُ الْيَتَامَى تَحْتَ يَدِ الَّذِي يُسَمَّى أَمِينَ الْحُكْمِ (فَيَعْمَلُ) فِيهَا (عَلَى) حَسَبِ (مَا تَقُومُ بِهِ الْبَيِّنَةُ) أَنَّهُ لِفُلَانٍ أَوْ غَيْرِ ذَلِكَ (أَوْ يَعْتَرِفُ) الَّذِي هُوَ فِي يَدِهِ. (16/344)
(وَلَا يُقْبَلُ قَوْلُ الْمَعْزُولِ)"
كل شيء كان لك على غريم نقدا فلم تقبضه أو إلى أجل فحل الأجل أو لم يحل فلا تبعه منه بشيء وتؤخره عنه فإنك إذا فعلت ذلك فقد أربيت عليه وجعلته ربا ذلك في سعر بلغه لك لم يكن ليعطيكه إلا بنظرتك إياه ولو بعته بوضعية من سعر الناس لم يصلح ذلك لأنه باب ربا إلا أن يشتريه منك فينقدك يدا بيد مثل الصرف، ,كُلُّ شَيْءٍ كَانَ لَكَ عَلَى غَرِيمٍ نَقْدًا فَلَمْ تَقْبِضْهُ أَوْ إِلَى أَجَلٍ فَحَلَّ الْأَجَلُ أَوْ لَمْ يَحِلَّ فَلَا تَبِعْهُ مِنْهُ بِشَيْءٍ وَتُؤَخِّرْهُ عَنْهُ فَإِنَّكَ إِذَا فَعَلْتَ ذَلِكَ فَقَدْ أَرْبَيْتَ عَلَيْهِ وَجَعَلْتَهُ رَبًّا ذَلِكَ فِي سِعْرٍ بَلَغَهُ لَكَ لَمْ يَكُنْ لِيُعْطِيَكَهُ إِلَّا بِنَظْرَتِكَ إِيَّاهُ وَلَوْ بِعْتَهُ بِوَضْعِيَّةٍ مِنْ سِعْرِ النَّاسِ لَمْ يَصْلُحْ ذَلِكَ لِأَنَّهُ بَابُ رِبًا إِلَّا أَنْ يَشْتَرِيَهُ مِنْكَ فَيَنْقُدُكَ يَدًا بِيَدٍ مِثْلَ الصَّرْفِ، ,كُلُّ شَيْءٍ كَانَ لَكَ عَلَى غَرِيمٍ نَقْدًا فَلَمْ تَقْبِضْهُ أَوْ إِلَى أَجَلٍ فَحَلَّ الْأَجَلُ أَوْ لَمْ يَحِلَّ فَلَا تَبِعْهُ مِنْهُ بِشَيْءٍ وَتُؤَخِّرْهُ عَنْهُ فَإِنَّكَ إِذَا فَعَلْتَ ذَلِكَ فَقَدْ أَرْبَيْتَ عَلَيْهِ وَجَعَلْتَهُ رِبَا ذَلِكَ فِي سِعْرٍ بَلَغَهُ لَكَ لَمْ يَكُنْ لِيُعْطِيَكَهُ إِلَّا بِنَظْرَتِكَ إِيَّاهُ وَلَوْ بِعْتَهُ بِوَضْعِيَّةٍ مِنْ سِعْرِ النَّاسِ لَمْ يَصْلُحْ ذَلِكَ لِأَنَّهُ بَابُ رِبًا إِلَّا أَنْ يَشْتَرِيَهُ مِنْكَ فَيَنْقُدَكَ يَدًا بِيَدٍ مِثْلَ الصَّرْفِ،
"وإن كان خلاف ذلك لا يجب وعليه الاعتماد كذا في التبيين قال الكرماني إن كان الغالب في طريق البحر السلامة من موضع جرت العادة بركوبه يجب، وإلا فلا، وهو الأصح وسيحون وجيحون والفرات والنيل أنهار لا بحار كذا في فتح القدير وكذا دجلة هكذا في فتاوى قاضي خان. (5/461)
(ومنها المحرم للمرأة) ","وَإِنْ كَانَ خِلَافَ ذَلِكَ لَا يَجِبُ وَعَلَيْهِ الِاعْتِمَادُ كَذَا فِي التَّبْيِينِ قَالَ الْكَرْمَانِيُّ إِنْ كَانَ الْغَالِبُ فِي طَرِيقِ الْبَحْرِ السَّلَامَةَ مِنْ مَوْضِعٍ جَرَتِ الْعَادَةُ بِرُكُوبِهِ يَجِبُ، وَإِلَّا فَلَا، وَهُوَ الْأَصَحُّ وَسَيْحُونُ وَجَيْحُونَ وَالْفُرَاتُ وَالنِّيلُ أَنْهَارٌ لَا بِحَارٌ كَذَا فِي فَتْحِ الْقَدِيرِ وَكَذَا دِجْلَةُ هَكَذَا فِي فَتَاوَى قَاضِي خَانْ. (5/461)
(وَمِنْهَا الْمَحْرَمُ لِلْمَرْأَةِ) ","وَإِنْ كَانَ خِلَافَ ذَلِكَ لَا يَجِبُ وَعَلَيْهِ الِاعْتِمَادُ كَذَا فِي التَّبْيِينِ قَالَ الْكَرْمَانِيُّ إِنْ كَانَ الْغَالِبُ فِي طَرِيقِ الْبَحْرِ السَّلَامَةَ مِنْ مَوْضِعٍ جَرَتِ الْعَادَةُ بِرُكُوبِهِ يَجِبُ، وَإِلَّا فَلَا، وَهُوَ الْأَصَحُّ وَسَيْحُونُ وَجَيْحُونُ وَالْفُرَاتُ وَالنِّيلُ أَنْهَارٌ لَا بِحَارٌ كَذَا فِي فَتْحِ الْقَدِيرِ وَكَذَا دِجْلَةُ هَكَذَا فِي فَتَاوَى قَاضِي خَانْ. (5/461)
(وَمِنْهَا الْمُحَرَّمُ لِلْمَرْأَةِ)"
لأن ذلك كان على المولى بطريق الحوالة ومتى توي الدين على المحتال عليه بموته مفلسا أو بجحوده عاد الدين إلى ذمة المحيل فإن لم يتو ما على المولى حتى وكلوا العبد بقبضه من المولى لم يجز توكيله ولا قبضه؛ ,لِأَنَّ ذَلِكَ كَانَ عَلَى الْمَوْلَى بِطَرِيقِ الْحَوَالَةِ وَمَتَى تَوِيَ الدَّيْنُ عَلَى الْمُحْتَالِ عَلَيْهِ بِمَوْتِهِ مُفْلِسًا أَوْ بِجُحُودِهِ عَادَ الدَّيْنُ إِلَى ذِمَّةِ الْمُحِيلِ فَإِنْ لَمْ يُتْوَ مَا عَلَى الْمَوْلَى حَتَّى وَكَّلُوا الْعَبْدَ بِقَبْضِهِ مِنَ الْمَوْلَى لَمْ يَجُزْ تَوْكِيلُهُ وَلَا قَبْضُهُ؛ ,لِأَنَّ ذَلِكَ كَانَ عَلَى الْمَوْلَى بِطَرِيقِ الْحَوَالَةِ وَمَتَى تَوِيَ الدَّيْنُ عَلَى الْمُحْتَالِ عَلَيْهِ بِمَوْتِهِ مُفْلِسًا أَوْ بِجُحُودِهِ عَادَ الدَّيْنُ إِلَى ذِمَّةِ الْمُحِيلِ فَإِنْ لَمْ يَتْوِ مَا عَلَى الْمَوْلَى حَتَّى وَكَّلُوا الْعَبْدَ بِقَبْضِهِ مِنَ الْمَوْلَى لَمْ يَجُزْ تَوْكِيلُهُ وَلَا قَبْضُهُ؛
"لأنه افتتح الصلاة بعد التقبيل حتى إذا أحس (1/190)
بالمذي انصرف، وتوضأ، ولأن عين المس ليس بحدث بدليل مس ذوات المحارم فبقي الحدث ما يخرج عند المس، وذلك ظاهر يوقف عليه فلا حاجة إلى إقامة السبب الظاهر مقامه، ","لِأَنَّهُ افْتَتَحَ الصَّلَاةَ بَعْدَ التَّقْبِيلِ حَتَّى إِذَا أَحَسَّ (1/190)
بِالْمَذْيِ انْصَرَفَ، وَتَوَضَّأَ، وَلِأَنَّ عَيْنَ الْمَسِّ لَيْسَ بِحَدَثٍ بِدَلِيلِ مَسِّ ذَوَاتِ الْمَحَارِمِ فَبَقِيَ الْحَدَثُ مَا يَخْرُجُ عِنْدَ الْمَسِّ، وَذَلِكَ ظَاهِرٌ يُوقَفُ عَلَيْهِ فَلَا حَاجَةَ إِلَى إِقَامَةِ السَّبَبِ الظَّاهِرِ مَقَامَهُ، ","لِأَنَّهُ افْتَتَحَ الصَّلَاةَ بَعْدَ التَّقْبِيلِ حَتَّى إِذَا أَحَسَّ (1/190)
بِالْمَذْيِ انْصَرَفَ، وَتَوَضَّأَ، وَلِأَنَّ عَيْنَ الْمَسِّ لَيْسَ بِحَدَثٍ بِدَلِيلِ مَسِّ ذَوَاتِ الْمَحَارِمِ فَبَقِيَ الْحَدَثُ مَا يَخْرُجُ عِنْدَ الْمَسِّ، وَذَلِكَ ظَاهِرٌ يُوقَفُ عَلَيْهِ فَلَا حَاجَةَ إِلَى إِقَامَةِ السَّبَبِ الظَّاهِرِ مَقَامَهُ،"
"لو غصب حياصة فضة مموهة بالذهب فزال تمويهها يخير مالكها بين تضمينها مموهة أو أخذها بلا شيء لأن التمويه تابع مستهلك ولأنه يلزم منه الربا ولو كان مكان الغصب شراء بوزنها فضة وقبض المشتري وزال التمويه وهي في يده ثم وجدها معيبة بأن وجدها غير جيدة فلا رد لتعييبها بعيب حادث (6/378)
","لَوْ غَصَبَ حِيَاصَةَ فِضَّةٍ مُمَوَّهَةً بِالذَّهَبِ فَزَالَ تَمْوِيهُهَا يُخَيَّرُ مَالِكُهَا بَيْنَ تَضْمِينِهَا مُمَوَّهَةً أَوْ أَخْذِهَا بِلَا شَيْءٍ لِأَنَّ التَّمْوِيهَ تَابِعُ مُسْتَهْلِكٍ وَلِأَنَّهُ يَلْزَمُ مِنْهُ الرِّبَا وَلَوْ كَانَ مَكَانُ الْغَصْبِ شِرَاءً بِوَزْنِهَا فِضَّةً وَقَبَضَ الْمُشْتَرِي وَزَالَ التَّمْوِيهُ وَهِيَ فِي يَدِهِ ثُمَّ وَجَدَهَا مَعِيبَةً بِأَنْ وَجَدَهَا غَيْرَ جَيِّدَةٍ فَلَا رَدَّ لِتَعْيِيبِهَا بِعَيْبٍ حَادِثٍ (6/378)
",لَوْ غَصَبَ حِيَاصَةَ فِضَّةٍ مُمَوَّهَةٍ بِالذَّهَبِ فَزَالَ تَمْوِيهُهَا يُخَيَّرُ مَالِكُهَا بَيْنَ تَضْمِينِهَا مُمَوَّهَةً أَوْ أَخْذِهَا بِلَا شَيْءٍ لِأَنَّ التَّمْوِيهَ تَابِعٌ مُسْتَهْلَكٌ وَلِأَنَّهُ يَلْزَمُ مِنْهُ الرِّبَا وَلَوْ كَانَ مَكَانَ الْغَصْبِ شِرَاءٌ بِوَزْنِهَا فِضَّةً وَقَبَضَ الْمُشْتَرِي وَزَالَ التَّمْوِيهُ وَهِيَ فِي يَدِهِ ثُمَّ وَجَدَهَا مَعِيبَةً بِأَنْ وَجَدَهَا غَيْرَ جَيِّدَةٍ فَلَا رَدَّ لِتَعْيِيبِهَا بِعَيْبٍ حَادِثٍ (6/378)
"واستنكره أحمد، والمشهور فيه طريق عمارة، عن ثابت عنه، ورواه أبو داود في المراسيل عن موسى بن إسماعيل، عن حماد، عن ثابت، ووصله الحاكم من هذا الوجه بذكر أنس فيه، وتعقبه البيهقي بأن ذكر أنس فيه وهم، قال: ورواه أبو النعمان، عن حماد مرسلا، قال: ورواه ابن كثير الصنعاني، عن حماد موصولا.
(","وَاسْتَنْكَرَهُ أَحْمَدُ، وَالْمَشْهُورُ فِيهِ طَرِيقُ عُمَارَةَ، عَنْ ثَابِتٍ عَنْهُ، وَرَوَاهُ أَبُو دَاوُدَ فِي الْمَرَاسِيلِ عَنْ مُوسَى بْنِ إِسْمَاعِيلَ، عَنْ حَمَّادٍ، عَنْ ثَابِتٍ، وَوَصَلَهُ الْحَاكِمُ مِنْ هَذَا الْوَجْهِ بِذِكْرِ أَنَسٍ فِيهِ، وَتَعَقَّبَهُ الْبَيْهَقِيّ بِأَنَّ ذِكْرَ أَنَسٍ فِيهِ وَهْمٌ، قَالَ: وَرَوَاهُ أَبُو النُّعْمَانِ، عَنْ حَمَّادٍ مُرْسَلًا، قَالَ: وَرَوَاهُ ابْنُ كَثِيرٍ الصَّنْعَانِيُّ، عَنْ حَمَّادٍ مَوْصُولًا.
(","وَاسْتَنْكَرَهُ أَحْمَدُ، وَالْمَشْهُورُ فِيهِ طَرِيقُ عُمَارَةَ، عَنْ ثَابِتٍ عَنْهُ، وَرَوَاهُ أَبُو دَاوُدَ فِي الْمَرَاسِيلِ عَنْ مُوسَى بْنِ إِسْمَاعِيلَ، عَنْ حَمَّادٍ، عَنْ ثَابِتٍ، وَوَصَلَهُ الْحَاكِمُ مِنْ هَذَا الْوَجْهِ بِذِكْرِ أَنَسٍ فِيهِ، وَتَعَقَّبَهُ الْبَيْهَقِيُّ بِأَنَّ ذِكْرَ أَنَسٍ فِيهِ وَهْمٌ، قَالَ: وَرَوَاهُ أَبُو النُّعْمَانِ، عَنْ حَمَّادٍ مُرْسَلًا، قَالَ: وَرَوَاهُ ابْنُ كَثِيرٍ الصَّنْعَانِيُّ، عَنْ حَمَّادٍ مَوْصُولًا.
("
"وفي التوكيل بالبيع لا يعد، وتصرفه ما أمر ببيعه، فأمكن اعتبار إطلاق الأمر فيه.
وروى الحسن عن أبي حنيفة - رحمهما الله - في الوكيل في البيع إذا باع بعرض، فإن كان يساويه جاز وإلا فلا، ووجه هذه الرواية: أنه في جانب العرض مشتر فالوكيل بالشراء لا يشتري للآمر بالمحاباة الفاحشة، ","وَفِي التَّوْكِيلِ بِالْبَيْعِ لَا يُعَدُّ، وَتَصَرُّفُهُ مَا أُمِرَ بِبَيْعِهِ، فَأَمْكَنَ اعْتِبَارُ إِطْلَاقِ الْأَمْرِ فِيهِ.
وَرَوَى الْحَسَنُ عَنْ أَبِي حَنِيفَةَ - رَحِمَهُمَا اللَّهُ - فِي الْوَكِيلِ فِي الْبَيْعِ إِذَا بَاعَ بِعَرَضٍ، فَإِنْ كَانَ يُسَاوِيه جَازَ وَإِلَّا فَلَا، وَوَجْهُ هَذِهِ الرِّوَايَةِ: أَنَّهُ فِي جَانِبِ الْعَرْضِ مُشْتَرٍ فَالْوَكِيلُ بِالشِّرَاءِ لَا يَشْتَرِي لِلْآمِرِ بِالْمُحَابَاةِ الْفَاحِشَةِ، ","وَفِي التَّوْكِيلِ بِالْبَيْعِ لَا يُعَدُّ، وَتَصَرُّفُهُ مَا أُمِرَ بِبَيْعِهِ، فَأَمْكَنَ اعْتِبَارُ إِطْلَاقِ الْأَمْرِ فِيهِ.
وَرَوَى الْحَسَنُ عَنْ أَبِي حَنِيفَةَ - رَحِمَهُمَا اللَّهُ - فِي الْوَكِيلِ فِي الْبَيْعِ إِذَا بَاعَ بِعَرَضٍ، فَإِنْ كَانَ يُسَاوِيهِ جَازَ وَإِلَّا فَلَا، وَوَجْهُ هَذِهِ الرِّوَايَةِ: أَنَّهُ فِي جَانِبِ الْعَرَضِ مُشْتَرٍ فَالْوَكِيلُ بِالشِّرَاءِ لَا يَشْتَرِي لِلْآمِرِ بِالْمُحَابَاةِ الْفَاحِشَةِ،"
قوله: ولو وقف على نفسه إلخ) شمل ما لو وكله غيره في الوقف على نفسه فإنه لا يصح بناء على اشتراط قبوله وكتب أيضا الحيلة في الوقف على نفسه أن يهب الشيء من غيره ويقبضه إياه، أو يبيعه منه بثمن ما ويقبضه، ثم يقفه المتهب أو المشتري عليه ولو وقف على نفسه، ,قَوْلُهُ: وَلَوْ وَقَفَ عَلَى نَفْسِهِ إِلَخْ) شَمِلَ مَا لَوْ وَكَّلَهُ غَيْرُهُ فِي الْوَقْفِ عَلَى نَفْسِهِ فَإِنَّهُ لَا يَصِحُّ بِنَاءً عَلَى اشْتِرَاطِ قَبُولِهِ وَكَتَبَ أَيْضًا الْحِيلَةُ فِي الْوَقْفِ عَلَى نَفْسِهِ أَنْ يَهَبَ الشَّيْءَ مِنْ غَيْرِهِ وَيُقْبِضَهُ إِيَّاهُ، أَوْ يَبِيعَهُ مِنْهُ بِثَمَنٍ مَا وَيَقْبِضَهُ، ثُمَّ يَقِفَهُ الْمُتَّهِبُ أَوِ الْمُشْتَرِي عَلَيْهِ وَلَوْ وَقَفَ عَلَى نَفْسِهِ، ,قَوْلُهُ: وَلَوْ وَقَفَ عَلَى نَفْسِهِ إِلَخْ) شَمِلَ مَا لَوْ وَكَّلَهُ غَيْرُهُ فِي الْوَقْفِ عَلَى نَفْسِهِ فَإِنَّهُ لَا يَصِحُّ بِنَاءً عَلَى اشْتِرَاطِ قَبُولِهِ وَكَتَبَ أَيْضًا الْحِيلَةُ فِي الْوَقْفِ عَلَى نَفْسِهِ أَنْ يَهَبَ الشَّيْءَ مِنْ غَيْرِهِ وَيَقْبِضَهُ إِيَّاهُ، أَوْ يَبِيعَهُ مِنْهُ بِثَمَنٍ مَا وَيَقْبِضَهُ، ثُمَّ يَقِفَهُ الْمُتَّهِبُ أَوِ الْمُشْتَرِي عَلَيْهِ وَلَوْ وَقَفَ عَلَى نَفْسِهِ،
لأن الجالس على البساط أو الحصير لا يعد جالسا على الأرض عادة فانقطعت النسبة إلى الأرض فلا يحنث بخلاف ما إذا حال بينه وبين الأرض ثوبه وهو لابسه حيث يحنث لأنه تبع له فلا يعتبر حائلا إلا إذا نزعه وفرشه على الأرض وجلس عليه فإنه حينئذ يكون كالفراش وكذا النوم على فراش فوق فراش أو الجلوس على سرير فوق سرير لا يعد جالسا ولا نائما على الفراش الأسفل أو على السرير الأسفل وذكر في الكافي معزيا إلى المختلف أن عند أبي يوسف رحمه الله يحنث في الفراش فوق الفراش لأنه نائم عليهما عرفا يقال نائم على فراشين فصار كمن حلف لا يكلم فلانا فسلم على جمع هو فيهم وقوله لا يجلس على سرير ليس على ظاهره لأنه لو كان السرير المحلوف عليه نكرة كما ذكره يحنث بالجلوس على السرير الأعلى لأن اللفظ المنكر يتناوله وإنما لا يحنث إذا كان السرير المحلوف عليه معينا بأن حلف لا يجلس على هذا السرير فجعل فوقه سريرا آخر فجلس عليه لأنه غيره قال رحمه الله (ولو جعل على الفراش قرام أو على السرير بساط أو حصير حنث) ,لِأَنَّ الْجَالِسَ عَلَى الْبِسَاطِ أَوِ الْحَصِيرِ لَا يُعَدُّ جَالِسًا عَلَى الْأَرْضِ عَادَةً فَانْقَطَعَتِ النِّسْبَةُ إِلَى الْأَرْضِ فَلَا يَحْنَثُ بِخِلَافِ مَا إِذَا حَالَ بَيْنَهُ وَبَيْنَ الْأَرْضِ ثَوْبُهُ وَهُوَ لَابِسُهُ حَيْثُ يَحْنَثُ لِأَنَّهُ تَبَعٌ لَهُ فَلَا يُعْتَبَرُ حَائِلًا إِلَّا إِذَا نَزَعَهُ وَفَرَشَهُ عَلَى الْأَرْضِ وَجَلَسَ عَلَيْهِ فَإِنَّهُ حِينَئِذٍ يَكُونُ كَالْفِرَاشِ وَكَذَا النَّوْمُ عَلَى فِرَاشٍ فَوْقَ فِرَاشٍ أَوِ الْجُلُوسُ عَلَى سَرِيرٍ فَوْقَ سَرِيرٍ لَا يُعَدُّ جَالِسًا وَلَا نَائِمًا عَلَى الْفِرَاشِ الْأَسْفَلِ أَوْ عَلَى السَّرِيرِ الْأَسْفَلِ وَذُكِرَ فِي الْكَافِي مَعْزِيًّا إِلَى الْمُخْتَلِفِ أَنَّ عِنْدَ أَبِي يُوسُفَ رَحِمَهُ اللَّهُ يَحْنَثُ فِي الْفِرَاشِ فَوْقَ الْفِرَاشِ لِأَنَّهُ نَائِمٌ عَلَيْهِمَا عُرْفًا يُقَالُ نَائِمٌ عَلَى فِرَاشَيْنِ فَصَارَ كَمَنْ حَلَفَ لَا يُكَلِّمُ فُلَانًا فَسَلَّمَ عَلَى جَمْعٍ هُوَ فِيهِمْ وَقَوْلُهُ لَا يَجْلِسُ عَلَى سَرِيرٍ لَيْسَ عَلَى ظَاهِرِهِ لِأَنَّهُ لَوْ كَانَ السَّرِيرُ الْمَحْلُوفُ عَلَيْهِ نَكِرَةً كَمَا ذَكَرَهُ يَحْنَثُ بِالْجُلُوسِ عَلَى السَّرِيرِ الْأَعْلَى لِأَنَّ اللَّفْظَ الْمُنَكَّرَ يَتَنَاوَلُهُ وَإِنَّمَا لَا يَحْنَثُ إِذَا كَانَ السَّرِيرُ الْمَحْلُوفُ عَلَيْهِ مُعَيَّنًا بِأَنْ حَلَفَ لَا يَجْلِسُ عَلَى هَذَا السَّرِيرِ فَجَعَلَ فَوْقَهُ سَرِيرًا آخَرَ فَجَلَسَ عَلَيْهِ لِأَنَّهُ غَيْرُهُ قَالَ رَحِمَهُ اللَّهُ (وَلَوْ جُعِلَ عَلَى الْفِرَاشِ قِرَامٌ أَوْ عَلَى السَّرِيرِ بِسَاطٌ أَوْ حَصِيرٌ حَنِثَ) ,لِأَنَّ الْجَالِسَ عَلَى الْبِسَاطِ أَوِ الْحَصِيرِ لَا يُعَدُّ جَالِسًا عَلَى الْأَرْضِ عَادَةً فَانْقَطَعَتِ النِّسْبَةُ إِلَى الْأَرْضِ فَلَا يَحْنَثُ بِخِلَافِ مَا إِذَا حَالَ بَيْنَهُ وَبَيْنَ الْأَرْضِ ثَوْبُهُ وَهُوَ لَابِسُهُ حَيْثُ يَحْنَثُ لِأَنَّهُ تَبَعٌ لَهُ فَلَا يُعْتَبَرُ حَائِلًا إِلَّا إِذَا نَزَعَهُ وَفَرَشَهُ عَلَى الْأَرْضِ وَجَلَسَ عَلَيْهِ فَإِنَّهُ حِينَئِذٍ يَكُونُ كَالْفِرَاشِ وَكَذَا النَّوْمُ عَلَى فِرَاشٍ فَوْقَ فِرَاشٍ أَوِ الْجُلُوسُ عَلَى سَرِيرٍ فَوْقَ سَرِيرٍ لَا يُعَدُّ جَالِسًا وَلَا نَائِمًا عَلَى الْفِرَاشِ الْأَسْفَلِ أَوْ عَلَى السَّرِيرِ الْأَسْفَلِ وَذَكَرَ فِي الْكَافِي مَعْزِيًّا إِلَى الْمُخْتَلِفِ أَنَّ عِنْدَ أَبِي يُوسُفَ رَحِمَهُ اللَّهُ يَحْنَثُ فِي الْفِرَاشِ فَوْقَ الْفِرَاشِ لِأَنَّهُ نَائِمٌ عَلَيْهِمَا عُرْفًا يُقَالُ نَائِمٌ عَلَى فِرَاشَيْنِ فَصَارَ كَمَنْ حَلَفَ لَا يُكَلِّمُ فُلَانًا فَسَلَّمَ عَلَى جَمْعٍ هُوَ فِيهِمْ وَقَوْلُهُ لَا يَجْلِسُ
"أو أن يده ضمان فلذلك إذا تلف بدل الإيجار في يد الشريك المؤجر بعد قبضه له بلا تعد ولا تقصير يلزمه ضمان؟.
إن يد الضمان هي أعلى من يد الأمانة.
وأظن أنه يجب أن نقبل أنها يد أمانة حتى نجد نقلا ودليلا على أنها يد ضمان (الشارح) .
وإذا اقتضى إيجاد فرق بين هذه المادة والمادة (84 1) ","أَوْ أَنَّ يَدَهُ ضَمَانٌ فَلِذَلِكَ إِذَا تَلِفَ بَدَلُ الْإِيجَارِ فِي يَدِ الشَّرِيكِ الْمُؤَجِّرِ بَعْدَ قَبْضِهِ لَهُ بِلَا تَعَدٍّ وَلَا تَقْصِيرٍ يَلْزَمُهُ ضَمَانٌ؟.
إِنَّ يَدَ الضَّمَانِ هِيَ أَعْلَى مِنْ يَدِ الْأَمَانَةِ.
وَأَظُنُّ أَنَّهُ يَجِبُ أَنْ نَقْبَلَ أَنَّهَا يَدُ أَمَانَةٍ حَتَّى نَجِدَ نَقْلًا وَدَلِيلًا عَلَى أَنَّهَا يَدُ ضَمَانٍ (الشَّارِحُ) .
وَإِذَا اقْتَضَى إِيجَادُ فَرْقٍ بَيْنَ هَذِهِ الْمَادَّةِ وَالْمَادَّةِ (84 1) ","أَوْ أَنَّ يَدَهُ ضَمَانٌ فَلِذَلِكَ إِذَا تَلِفَ بَدَلُ الْإِيجَارِ فِي يَدِ الشَّرِيكِ الْمُؤَجِّرِ بَعْدَ قَبْضِهِ لَهُ بِلَا تَعَدٍّ وَلَا تَقْصِيرٍ يَلْزَمُهُ ضَمَانٌ؟.
إِنَّ يَدَ الضَّمَانِ هِيَ أَعْلَى مِنْ يَدِ الْأَمَانَةِ.
وَأَظُنُّ أَنَّهُ يَجِبُ أَنْ نَقْبَلَ أَنَّهَا يَدُ أَمَانَةٍ حَتَّى نَجِدَ نَقْلًا وَدَلِيلًا عَلَى أَنَّهَا يَدُ ضَمَانٍ (الشَّارِحُ) .
وَإِذَا اقْتَضَى إِيجَادَ فَرْقٍ بَيْنَ هَذِهِ الْمَادَّةِ وَالْمَادَّةِ (84 1)"
"لا بد من نقل كل المتاع، حتى لو بقي وتد يحنث لأن السكنى قد ثبت بالكل فيبقى ما بقي شيء منه.
وقال أبو يوسف رحمه الله تعالى عليه.
يعتبر نقل الأكثر لأن نقل الكل قد يتعذر.
وقال محمد رحمة الله تعالى عليه: يعتبر نقل ما يقوم به كدخدائيته لأن ما وراء ذلك ليس من السكنى.
قالوا: ","لَا بُدَّ مِنْ نَقْلِ كُلِّ الْمَتَاعِ، حَتَّى لَوْ بَقِيَ وَتَدٌ يَحْنَثُ لِأَنَّ السُّكْنَى قَدْ ثَبَتَ بِالْكُلِّ فَيَبْقَى مَا بَقِيَ شَيْءٌ مِنْهُ.
وَقَالَ أَبُو يُوسُفَ رَحِمَهُ اللَّهُ تَعَالَى عَلَيْهِ.
يُعْتَبَرُ نَقْلُ الْأَكْثَرِ لِأَنَّ نَقْلَ الْكُلِّ قَدْ يَتَعَذَّرُ.
وَقَالَ مُحَمَّدٌ رَحْمَةُ اللَّهِ تَعَالَى عَلَيْهِ: يُعْتَبَرُ نَقْلُ مَا يَقُومُ بِهِ كَدَخْدَائِيَّتِهِ لِأَنَّ مَا وَرَاء ذَلِكَ لَيْسَ مِنَ السُّكْنَى.
قَالُوا: ","لَا بُدَّ مِنْ نَقْلِ كُلِّ الْمَتَاعِ، حَتَّى لَوْ بَقِيَ وَتَدٌ يَحْنَثُ لِأَنَّ السُّكْنَى قَدْ ثَبَتَ بِالْكُلِّ فَيَبْقَى مَا بَقِيَ شَيْءٌ مِنْهُ.
وَقَالَ أَبُو يُوسُفَ رَحِمَهُ اللَّهُ تَعَالَى عَلَيْهِ.
يُعْتَبَرُ نَقْلُ الْأَكْثَرِ لِأَنَّ نَقْلَ الْكُلِّ قَدْ يَتَعَذَّرُ.
وَقَالَ مُحَمَّدٌ رَحْمَةُ اللَّهِ تَعَالَى عَلَيْهِ: يُعْتَبَرُ نَقْلُ مَا يَقُومُ بِهِ كَدَخْدَائِيَّتِهِ لِأَنَّ مَا وَرَاءَ ذَلِكَ لَيْسَ مِنَ السُّكْنَى.
قَالُوا:"
"كما هو ظاهر.
(تنبيه) سيأتي أن المالك لا يلزمه بذل طعامه للمضطر إلا ببدله، وحينئذ قد يشكل بما هنا فليحمل ذاك على غير غني تلزمه المواساة حتى يجامع كلامهم هذا أو يفرق بأن غرض إحياء النفوس ثم أوجب حمل الناس على البذل، بأن لا يكلفوه مجانا مطلقا، بل مع التزام العوض وإلا لامتنعوا من البدل وإن عصوا، ","كَمَا هُوَ ظَاهِرٌ.
(تَنْبِيهٌ) سَيَأْتِي أَنَّ الْمَالِكَ لَا يَلْزَمُهُ بَذْلُ طَعَامِهِ لِلْمُضْطَرِّ إِلَّا بِبَدَلِهِ، وَحِينَئِذٍ قَدْ يُشْكِلُ بِمَا هُنَا فَلْيُحْمَلْ ذَاكَ عَلَى غَيْرِ غَنِيٍّ تَلْزَمُهُ الْمُوَاسَاةُ حَتَّى يُجَامِعَ كَلَامَهُمْ هَذَا أَوْ يُفَرَّقَ بِأَنَّ غَرَضَ إِحْيَاءِ النُّفُوسِ ثَمَّ أَوْجَبَ حَمْلَ النَّاسِ عَلَى الْبَذْلِ، بِأَنْ لَا يُكَلِّفُوهُ مَجَّانًا مُطْلَقًا، بَلْ مَعَ الْتِزَامِ الْعِوَضِ وَإِلَّا لَامْتَنَعُوا مِنَ الْبَدَلِ وَإِنْ عَصَوْا، ","كَمَا هُوَ ظَاهِرٌ.
(تَنْبِيهٌ) سَيَأْتِي أَنَّ الْمَالِكَ لَا يَلْزَمُهُ بَذْلُ طَعَامِهِ لِلْمُضْطَرِّ إِلَّا بِبَدَلِهِ، وَحِينَئِذٍ قَدْ يُشْكِلُ بِمَا هُنَا فَلْيُحْمَلْ ذَاكَ عَلَى غَيْرِ غَنِيٍّ تَلْزَمُهُ الْمُوَاسَاةُ حَتَّى يُجَامِعَ كَلَامَهُمْ هَذَا أَوْ يُفَرَّقَ بِأَنَّ غَرَضَ إِحْيَاءِ النُّفُوسِ ثَمَّ أَوْجَبَ حَمْلَ النَّاسِ عَلَى الْبَذْلِ، بِأَنْ لَا يُكَلِّفُوهُ مَجَّانًا مُطْلَقًا، بَلْ مَعَ الْتِزَامِ الْعِوَضِ وَإِلَّا لَامْتَنَعُوا مِنَ الْبَدَلِ وَإِنْ عَصَوْا،"
"إنما خص ذوي القربى بالذكر دون بقية أهل الخمس كاليتامى؛ لأنها جهات عامة لا يتصور فيها إعراض كالفقراء. (17/355)
والمعرض كمن لم يحضر، ومن مات فحقه لوارثه، ولا تملك إلا بقسمة.
الشرح
(والمعرض) من الغانمين عن حقه حكمه (كمن لم يحضر) فيضم نصيبه إلى المغنم ويقسم بين المرتزقة وأهل الخمس، وقيل يضم إلى الخمس خاصة (ومن) ","إِنَّمَا خَصَّ ذَوِي الْقُرْبَى بِالذِّكْرِ دُونَ بَقِيَّة أَهْلِ الْخُمْسِ كَالْيَتَامَى؛ لِأَنَّهَا جِهَاتٌ عَامَّةٌ لَا يُتَصَوَّرُ فِيهَا إِعْرَاضُ كَالْفُقَرَاءِ. (17/355)
وَالْمُعْرِضُ كَمَنْ لَمْ يَحْضُرْ، وَمَنْ مَاتَ فَحَقُّهُ لِوَارِثِهِ، وَلَا تُمْلَكُ إِلَّا بِقِسْمَةٍ.
الشَّرْحُ
(وَالْمُعْرِضُ) مِنَ الْغَانِمِينَ عَنْ حَقِّهِ حُكْمُهُ (كَمَنْ لَمْ يَحْضُرْ) فَيَضُمُّ نَصِيبَهُ إِلَى الْمَغْنَمِ وَيُقَسَّمُ بَيْنَ الْمُرْتَزَقَةِ وَأَهْلِ الْخُمْسِ، وَقِيلَ يَضُمُّ إِلَى الْخُمْسِ خَاصَّةً (وَمَنْ) ","إِنَّمَا خَصَّ ذَوِي الْقُرْبَى بِالذِّكْرِ دُونَ بَقِيَّةِ أَهْلِ الْخُمُسِ كَالْيَتَامَى؛ لِأَنَّهَا جِهَاتٌ عَامَّةٌ لَا يُتَصَوَّرُ فِيهَا إِعْرَاضٌ كَالْفُقَرَاءِ. (17/355)
وَالْمُعْرِضُ كَمَنْ لَمْ يَحْضُرْ، وَمَنْ مَاتَ فَحَقُّهُ لِوَارِثِهِ، وَلَا تُمْلَكُ إِلَّا بِقِسْمَةٍ.
الشَّرْحُ
(وَالْمُعْرِضُ) مِنَ الْغَانِمِينَ عَنْ حَقِّهِ حُكْمُهُ (كَمَنْ لَمْ يَحْضُرْ) فَيُضَمُّ نَصِيبُهُ إِلَى الْمَغْنَمِ وَيُقْسَمُ بَيْنَ الْمُرْتَزِقَةِ وَأَهْلِ الْخُمُسِ، وَقِيلَ يُضَمُّ إِلَى الْخُمُسِ خَاصَّةً (وَمَنْ)"
خلاف الظاهر) في التلويح أنه ليس من قبيل النسخ قبل التمكن من الفعل كما في نسخ الصلوات ليلة المعراج للقطع بأنه تمكن من الذبح، وإنما امتنع لمانع من الخارج، وأما كونه قبل الفعل فالنسخ لا يكون إلا كذلك؛ إذ لا يتصور نسخ ماض، ولذلك قال إمام الحرمين: كل نسخ واقع فهو متعلق بما كان يقدر وقوعه في المستقبل، ,خِلَافُ الظَّاهِرِ) فِي التَّلْوِيحِ أَنَّهُ لَيْسَ مِنْ قَبِيلِ النَّسْخِ قَبْلَ التَّمَكُّنِ مِنَ الْفِعْلِ كَمَا فِي نَسْخِ الصَّلَوَاتِ لَيْلَةَ الْمِعْرَاجِ لِلْقَطْعِ بِأَنَّهُ تَمَكَّنَ مِنَ الذَّبْحِ، وَإِنَّمَا امْتَنَعَ لِمَانِعٍ مِنَ الْخَارِجِ، وَأَمَّا كَوْنُهُ قَبْلَ الْفِعْلِ فَالنَّسْخُ لَا يَكُونُ إِلَّا كَذَلِكَ؛ إِذْ لَا يُتَصَوَّرُ نَسْخُ مَاضٍ، وَلِذَلِكَ قَالَ إِمَامُ الْحَرَمَيْنِ: كُلُّ نَسْخٍ وَاقِعٍ فَهُوَ مُتَعَلِّقٌ بِمَا كَانَ يُقَدَّرُ وُقُوعُهُ فِي الْمُسْتَقْبَلِ، ,خِلَافُ الظَّاهِرِ) فِي التَّلْوِيحِ أَنَّهُ لَيْسَ مِنْ قَبِيلِ النَّسْخِ قَبْلَ التَّمَكُّنِ مِنَ الْفِعْلِ كَمَا فِي نَسْخِ الصَّلَوَاتِ لَيْلَةَ الْمِعْرَاجِ لِلْقَطْعِ بِأَنَّهُ تَمَكَّنَ مِنَ الذَّبْحِ، وَإِنَّمَا امْتَنَعَ لِمَانِعٍ مِنَ الْخَارِجِ، وَأَمَّا كَوْنُهُ قَبْلَ الْفِعْلِ فَالنَّسْخُ لَا يَكُونُ إِلَّا كَذَلِكَ؛ إِذْ لَا يُتَصَوَّرُ نَسْخُ مَاضٍ، وَلِذَلِكَ قَالَ إِمَامُ الْحَرَمَيْنِ: كُلُّ نَسْخٍ وَاقِعٍ فَهُوَ مُتَعَلِّقٌ بِمَا كَانَ يُقَدَّرُ وُقُوعُهُ فِي الْمُسْتَقْبَلِ،
"وغيره (في الأظهر) ؛ لأنها هيئة مشروعة في الصلاة فكانت أولى من غيرها.
والثاني تربيعه أفضل، وهو نصه في البويطي.
وقيل: إن تربيع المرأة أفضل، واختاره في الحاوي؛ لأنه أستر لها، وقيل: التورك أفضل؛ لأنه أعون للمصلي.
فإن قيل: ","وَغَيْرِهِ (فِي الْأَظْهَرِ) ؛ لِأَنَّهَا هَيْئَةٌ مَشْرُوعَةٌ فِي الصَّلَاةِ فَكَانَتْ أَوْلَى مِنْ غَيْرِهَا.
وَالثَّانِي تَرْبِيعُهُ أَفْضَلُ، وَهُوَ نَصُّهُ فِي الْبُوَيْطِيِّ.
وَقِيلَ: إِنَّ تَرْبِيعَ الْمَرْأَةِ أَفْضَلُ، وَاخْتَارَهُ فِي الْحَاوِي؛ لِأَنَّهُ أَسْتَرُ لَهَا، وَقِيلَ: التَّوَرُّكُ أَفْضَلُ؛ لِأَنَّهُ أَعْوَنُ لِلْمُصَلِّي.
فَإِنْ قِيلَ: ","وَغَيْرِهِ (فِي الْأَظْهَرِ) ؛ لِأَنَّهَا هَيْئَةٌ مَشْرُوعَةٌ فِي الصَّلَاةِ فَكَانَتْ أَوْلَى مِنْ غَيْرِهَا.
وَالثَّانِي تَرْبِيعُهُ أَفْضَلُ، وَهُوَ نَصُّهُ فِي الْبُوَيْطِيِّ.
وَقِيلَ: إِنَّ تَرْبِيعَ الْمَرْأَةِ أَفْضَلُ، وَاخْتَارَهُ فِي الْحَاوِي؛ لِأَنَّهُ أَسْتَرُ لَهَا، وَقِيلَ: التَّوَرُّكُ أَفْضَلُ؛ لِأَنَّهُ أَعْوَنُ لِلْمُصَلِّي.
فَإِنْ قِيلَ:"
"والكسب والأولاد لا يتبعان فيه، قول المتن: (إن كان متقوما) أي له قيمة قول المتن: (والثالث إلخ) وجهه غير الشارح بأن ذلك نظير المثلي المشترك يجبر أحد الشريكين على قسمته بطلب الآخر،. (17/385)
(ولو ادعى) العبد (كتابة فأنكر سيده أو وارثه صدقا) باليمين (ويحلف الوارث على نفي العلم) والسيد على البت، (","وَالْكَسْبُ وَالْأَوْلَادُ لَا يَتْبَعَانِ فِيهِ، قَوْلُ الْمَتْنِ: (إِنْ كَانَ مُتَقَوِّمًا) أَيْ لَهُ قِيمَةٌ قَوْلُ الْمَتْنِ: (وَالثَّالِثُ إِلَخْ) وَجَّهَهُ غَيْرُ الشَّارِحِ بِأَنَّ ذَلِكَ نَظِيرُ الْمِثْلِيِّ الْمُشْتَرَكِ يُجْبَرُ أَحَدُ الشَّرِيكَيْنِ عَلَى قِسْمَتِهِ بِطَلَبِ الْآخَرِ،. (17/385)
(وَلَوِ ادَّعَى) الْعَبْدُ (كِتَابَةً فَأَنْكَرَ سَيِّدُهُ أَوْ وَارِثُهُ صُدِّقَا) بِالْيَمِينِ (وَيَحْلِفُ الْوَارِثُ عَلَى نَفْيِ الْعِلْمِ) وَالسَّيِّدُ عَلَى الْبَتِّ، (","وَالْكَسْبُ وَالْأَوْلَادُ لَا يُتْبَعَانِ فِيهِ، قَوْلُ الْمَتْنِ: (إِنْ كَانَ مُتَقَوِّمًا) أَيْ لَهُ قِيمَةٌ قَوْلُ الْمَتْنِ: (وَالثَّالِثُ إِلَخْ) وَجَّهَهُ غَيْرُ الشَّارِحِ بِأَنَّ ذَلِكَ نَظِيرُ الْمِثْلِيِّ الْمُشْتَرَكِ يُجْبَرُ أَحَدُ الشَّرِيكَيْنِ عَلَى قِسْمَتِهِ بِطَلَبِ الْآخَرِ،. (17/385)
(وَلَوِ ادَّعَى) الْعَبْدُ (كِتَابَةً فَأَنْكَرَ سَيِّدُهُ أَوْ وَارِثُهُ صُدِّقَا) بِالْيَمِينِ (وَيَحْلِفُ الْوَارِثُ عَلَى نَفْيِ الْعِلْمِ) وَالسَّيِّدُ عَلَى الْبَتِّ، ("
"أن ابن الماجشون وأصبغ يريان أنه لا ترجى حجة لغائب.
وذلك أن من أصلهما أن يقدم القاضي له وكيلا يقوم بحجته ويعذر إليه، فهو عندهما كالحضر، وابن القاسم يرى إرجاء الحجة للغائب؛ لأن من أصله أنه لا يقيم له وكيلا، ","أَنَّ ابْنَ الْمَاجِشُونِ وَأَصْبَغَ يَرَيَانِ أَنَّهُ لَا تُرْجَى حُجَّةٌ لِغَائِبٍ.
وَذَلِكَ أَنَّ مِنْ أَصْلِهِمَا أَنْ يُقَدِّمَ الْقَاضِي لَهُ وَكِيلًا يَقُومُ بِحُجَّتِهِ وَيُعْذِرُ إِلَيْهِ، فَهُوَ عِنْدَهُمَا كَالْحَضَرِ، وَابْنُ الْقَاسِمِ يَرَى إِرْجَاءَ الْحُجَّةِ لِلْغَائِبِ؛ لِأَنَّ مِنْ أَصْلِهِ أَنَّهُ لَا يُقِيمُ لَهُ وَكِيلًا، ","أَنَّ ابْنَ الْمَاجِشُونِ وَأَصْبَغَ يَرَيَانِ أَنَّهُ لَا تُرْجَى حُجَّةٌ لِغَائِبٍ.
وَذَلِكَ أَنَّ مِنْ أَصْلِهِمَا أَنْ يُقَدِّمَ الْقَاضِي لَهُ وَكِيلًا يَقُومُ بِحُجَّتِهِ وَيُعْذَرُ إِلَيْهِ، فَهُوَ عِنْدَهُمَا كَالْحَضَرِ، وَابْنُ الْقَاسِمِ يَرَى إِرْجَاءَ الْحُجَّةِ لِلْغَائِبِ؛ لِأَنَّ مِنْ أَصْلِهِ أَنَّهُ لَا يُقِيمُ لَهُ وَكِيلًا،"
"أما لو كان مسلما إليه فظاهر إلحاقه بما لو اشترى نسيئة فيأتي فيه ما مر كذا بخط شيخنا فليتأمل فقد يقال: المسلم إليه نظير البائع لا المشتري، وكتب أيضا عبارة الشارح في بيانه ما نصه ومنها السلم لاقتضائه تسليم رأس المال في المجلس، وانتظار المسلم فيه.
ا ه.
(قوله: كذا فداء لابنه إذا جنى) ","أَمَّا لَوْ كَانَ مُسَلَّمًا إِلَيْهِ فَظَاهِرٌ إِلْحَاقُهُ بِمَا لَوِ اشْتَرَى نَسِيئَةً فَيَأْتِي فِيهِ مَا مَرَّ كَذَا بِخَطِّ شَيْخِنَا فَلْيُتَأَمَّلْ فَقَدْ يُقَالُ: الْمُسْلَمُ إِلَيْهِ نَظِيرُ الْبَائِعِ لَا الْمُشْتَرِي، وَكَتَبَ أَيْضًا عِبَارَةَ الشَّارِحِ فِي بَيَانِهِ مَا نَصُّهُ وَمِنْهَا السَّلَمُ لِاقْتِضَائِهِ تَسْلِيمَ رَأْسِ الْمَالِ فِي الْمَجْلِسِ، وَانْتِظَارَ الْمُسْلَمِ فِيهِ.
ا ه.
(قَوْلُهُ: كَذَا فِدَاءً لِابْنِهِ إِذَا جَنَى) ","أَمَّا لَوْ كَانَ مُسْلَمًا إِلَيْهِ فَظَاهِرٌ إِلْحَاقُهُ بِمَا لَوِ اشْتَرَى نَسِيئَةً فَيَأْتِي فِيهِ مَا مَرَّ كَذَا بِخَطِّ شَيْخِنَا فَلْيُتَأَمَّلْ فَقَدْ يُقَالُ: الْمُسْلَمُ إِلَيْهِ نَظِيرُ الْبَائِعِ لَا الْمُشْتَرِي، وَكَتَبَ أَيْضًا عِبَارَةَ الشَّارِحِ فِي بَيَانِهِ مَا نَصُّهُ وَمِنْهَا السَّلَمُ لِاقْتِضَائِهِ تَسْلِيمَ رَأْسِ الْمَالِ فِي الْمَجْلِسِ، وَانْتِظَارَ الْمُسْلَمِ فِيهِ.
ا ه.
(قَوْلُهُ: كَذَا فِدَاءٌ لِابْنِهِ إِذَا جَنَى)"
"فإذا قلنا إن الحرة ليست بطول فإن كان عنده زوجتان أو ثلاث فليس بطول وله أن يتزوج الأمة لوجود شرطي إباحة ذلك رواه ابن المواز عن عبد الملك عن مالك وإذا قلنا إن الطول هو المال فكم المعتبر منه روى ابن حبيب عن أصبغ أنه قال عدم الطول أن لا يجد ما يصلح لنكاح الحرة وهي المحصنة المذكورة في قوله تعالى أن ينكح المحصنات من المهر والنفقة والمؤنة ونكاح الأمة أخف عليه وربما كانت نفقتها على غيره وروى ابن المواز فيمن قال أنا أجد ما أتزوج به حرة ولا أجد ما أنفق عليها ليس له أن يتزوج أمة إنما قال الله تعالى ومن لم يستطع منكم طولا أن ينكح المحصنات المؤمنات فظاهر هذا اللفظ يقتضي ما يتوصل به إلى النكاح وهو المهر وقول أصبغ محتمل لأنه إذا لم يجد ما ينفقه على الحرة لم يصل إلى الاستمتاع بها وبه يأمن العنت وقد قال جابر بن زيد لا يجوز اليوم لأحد نكاح الأمة لأنه يجد نكاح الحرة ما ينكح به الأمة.
(","فَإِذَا قُلْنَا إِنَّ الْحُرَّةَ لَيْسَتْ بِطَوْلٍ فَإِنْ كَانَ عِنْدَهُ زَوْجَتَانِ أَوْ ثَلَاثٌ فَلَيْسَ بِطَوْلٍ وَلَهُ أَنْ يَتَزَوَّجَ الْأَمَةَ لِوُجُودِ شَرْطَيْ إِبَاحَةِ ذَلِكَ رَوَاهُ ابْنُ الْمَوَّازِ عَنْ عَبْدِ الْمَلِكِ عَنْ مَالِكٍ وَإِذَا قُلْنَا إِنَّ الطَّوْلَ هُوَ الْمَالُ فَكَمِ الْمُعْتَبَرُ مِنْهُ رَوَى ابْنُ حَبِيبٍ عَنْ أَصْبَغَ أَنَّهُ قَالَ عَدَمُ الطَّوْلِ أَنْ لَا يَجِدَ مَا يَصْلُحُ لِنِكَاحِ الْحُرَّةِ وَهِيَ الْمُحْصَنَةُ الْمَذْكُورَةُ فِي قَوْلُهُ تَعَالَى أَنْ يَنْكِحَ الْمُحْصَنَاتِ مِنَ الْمَهْرِ وَالنَّفَقَةِ وَالْمُؤْنَةِ وَنِكَاحُ الْأَمَةِ أَخَفُّ عَلَيْهِ وَرُبَّمَا كَانَتْ نَفَقَتُهَا عَلَى غَيْرِهِ وَرَوَى ابْنُ الْمَوَّازِ فِيمَنْ قَالَ أَنَا أَجِدُ مَا أَتَزَوَّجُ بِهِ حُرَّةً وَلَا أَجِدُ مَا أُنْفِقُ عَلَيْهَا لَيْسَ لَهُ أَنْ يَتَزَوَّجَ أَمَةً إِنَّمَا قَالَ اللَّهُ تَعَالَى وَمَنْ لَمْ يَسْتَطِعْ مِنْكُمْ طَوْلًا أَنْ يَنْكِحَ الْمُحْصَنَاتِ الْمُؤْمِنَاتِ فَظَاهِرُ هَذَا اللَّفْظِ يَقْتَضِي مَا يُتَوَصَّلُ بِهِ إِلَى النِّكَاحِ وَهُوَ الْمَهْرُ وَقَوْلُ أَصْبَغَ مُحْتَمَلٌ لِأَنَّهُ إِذَا لَمْ يَجِدْ مَا يُنْفِقُهُ عَلَى الْحُرَّةِ لَمْ يَصِلْ إِلَى الِاسْتِمْتَاعِ بِهَا وَبِهِ يَأْمَنُ الْعَنَتَ وَقَدْ قَالَ جَابِرُ بْنُ زَيْدٍ لَا يَجُوزُ الْيَوْمَ لِأَحَدٍ نِكَاحُ الْأَمَةِ لِأَنَّهُ يَجِدُ نِكَاحَ الْحُرَّةِ مَا يَنْكِحُ بِهِ الْأَمَةَ.
(",فَإِذَا قُلْنَا إِنَّ الْحُرَّةَ لَيْسَتْ بِطَوْلٍ فَإِنْ كَانَ عِنْدَهُ زَوْجَتَانِ أَوْ ثَلَاثٌ فَلَيْسَ بِطَوْلٍ وَلَهُ أَنْ يَتَزَوَّجَ الْأَمَةَ لِوُجُودِ شَرْطَيْ إِبَاحَةِ ذَلِكَ رَوَاهُ ابْنُ الْمَوَّازِ عَنْ عَبْدِ الْمَلِكِ عَنْ مَالِكٍ وَإِذَا قُلْنَا إِنَّ الطَّوْلَ هُوَ الْمَالُ فَكَمِ الْمُعْتَبَرُ مِنْهُ رَوَى ابْنُ حَبِيبٍ عَنْ أَصْبَغَ أَنَّهُ قَالَ عَدَمُ الطَّوْلِ أَنْ لَا يَجِدَ مَا يَصْلُحُ لِنِكَاحِ الْحُرَّةِ وَهِيَ الْمُحْصَنَةُ الْمَذْكُورَةُ فِي قَوْلِهِ تَعَالَى أَنْ يَنْكِحَ الْمُحْصَنَاتِ مِنَ الْمَهْرِ وَالنَّفَقَةِ وَالْمُؤْنَةِ وَنِكَاحُ الْأَمَةِ أَخَفُّ عَلَيْهِ وَرُبَّمَا كَانَتْ نَفَقَتُهَا عَلَى غَيْرِهِ وَرَوَى ابْنُ الْمَوَّازِ فِيمَنْ قَالَ أَنَا أَجِدُ مَا أَتَزَوَّجُ بِهِ حُرَّةً وَلَا أَجِدُ مَا أُنْفِقُ عَلَيْهَا لَيْسَ لَهُ أَنْ يَتَزَوَّجَ أَمَةً إِنَّمَا قَالَ اللَّهُ تَعَالَى وَمَنْ لَمْ يَسْتَطِعْ مِنْكُمْ طَوْلًا أَنْ يَنْكِحَ الْمُحْصَنَاتِ الْم
"ولا يصح الاستثناء بدونه وجه ما ذكره الكرخي أن الكلام هو الحروف المنظومة وقد وجدت.
فأما السماع فليس بشرط لكونه كلاما فإن الأصم يصح استثناؤه، وإن كان لا يسمع، (7/248)
والصحيح ما ذكره الفقيه أبو جعفر؛ لأن الحروف المنظومة، وإن كانت كلاما - عند الكرخي، وعندنا - هي دلالة على الكلام، وعبارة عنه لا نفس الكلام في الغائب، ","وَلَا يَصِحُّ الِاسْتِثْنَاءُ بِدُونِهِ وَجْهُ مَا ذَكَرَهُ الْكَرْخِيُّ أَنَّ الْكَلَامَ هُوَ الْحُرُوفُ الْمَنْظُومَةُ وَقَدْ وُجِدَتْ.
فَأَمَّا السَّمَاعُ فَلَيْسَ بِشَرْطٍ لِكَوْنِهِ كَلَامًا فَإِنَّ الْأَصَمَّ يَصِحُّ اسْتِثْنَاؤُهُ، وَإِنْ كَانَ لَا يَسْمَعُ، (7/248)
وَالصَّحِيحُ مَا ذَكَرَهُ الْفَقِيهُ أَبُو جَعْفَرٍ؛ لِأَنَّ الْحُرُوفَ الْمَنْظُومَةَ، وَإِنْ كَانَتْ كَلَامًا - عِنْدَ الْكَرْخِيِّ، وَعِنْدَنَا - هِيَ دَلَالَةٌ عَلَى الْكَلَامِ، وَعِبَارَةٌ عَنْهُ لَا نَفْسِ الْكَلَامِ فِي الْغَائِبِ، ","وَلَا يَصِحُّ الِاسْتِثْنَاءُ بِدُونِهِ وَجْهُ مَا ذَكَرَهُ الْكَرْخِيُّ أَنَّ الْكَلَامَ هُوَ الْحُرُوفُ الْمَنْظُومَةُ وَقَدْ وُجِدَتْ.
فَأَمَّا السَّمَاعُ فَلَيْسَ بِشَرْطٍ لِكَوْنِهِ كَلَامًا فَإِنَّ الْأَصَمَّ يَصِحُّ اسْتِثْنَاؤُهُ، وَإِنْ كَانَ لَا يَسْمَعُ، (7/248)
وَالصَّحِيحُ مَا ذَكَرَهُ الْفَقِيهُ أَبُو جَعْفَرٍ؛ لِأَنَّ الْحُرُوفَ الْمَنْظُومَةَ، وَإِنْ كَانَتْ كَلَامًا - عِنْدَ الْكَرْخِيِّ، وَعِنْدَنَا - هِيَ دَلَالَةٌ عَلَى الْكَلَامِ، وَعِبَارَةٌ عَنْهُ لَا نَفْسُ الْكَلَامِ فِي الْغَائِبِ،"
"حييت صباحا وحييت مساء, وكان ذلك تحية القوم بينهم, كان أحدهم ينطلق إلى صاحبه فلا يستأذن حتى يقتحم ويقول: قد دخلت فيشق ذلك على الرجل ولعله يكون مع أهله, فغير الله ذلك كله في ستر وعفة, وجعله نقيا نزها من الدنس والقذر والدرن, فقال: لا تدخلوا بيوتا غير بيوتكم حتى تستأنسوا وتسلموا على أهلها .
قوله: ","حُيِّيتَ صَبَاحًا وَحُيِّيتَ مَسَاءً, وَكَانَ ذَلِكَ تَحِيَّةَ الْقَوْمِ بَيْنَهُمْ, كَانَ أَحَدُهُمْ يَنْطَلِقُ إِلَى صَاحِبِهِ فَلَا يَسْتَأْذِنُ حَتَّى يَقْتَحِمَ وَيَقُولَ: قَدْ دَخَلْتُ فَيَشُقُّ ذَلِكَ عَلَى الرَّجُلِ وَلَعَلَّهُ يَكُونُ مَعَ أَهْلِهِ, فَغَيَّرَ اللَّهُ ذَلِكَ كُلَّهُ فِي سِتْرٍ وَعِفَّةٍ, وَجَعَلَهُ نَقِيًّا نَزِهًا مِنَ الدَّنَسِ وَالْقَذَرِ وَالدَّرَنِ, فَقَالَ: لَا تَدْخُلُوا بُيُوتًا غَيْرَ بُيُوتِكُمْ حَتَّى تَسْتَأْنِسُوا وَتُسَلِّمُوا عَلَى أَهْلِهَا .
قوله: ","حَيِّيتَ صَبَاحًا وَحَيِّيتَ مَسَاءً, وَكَانَ ذَلِكَ تَحِيَّةَ الْقَوْمِ بَيْنَهُمْ, كَانَ أَحَدُهُمْ يَنْطَلِقُ إِلَى صَاحِبِهِ فَلَا يَسْتَأْذِنُ حَتَّى يَقْتَحِمَ وَيَقُولَ: قَدْ دَخَلْتُ فَيَشُقُّ ذَلِكَ عَلَى الرَّجُلِ وَلَعَلَّهُ يَكُونُ مَعَ أَهْلِهِ, فَغَيَّرَ اللَّهُ ذَلِكَ كُلَّهُ فِي سِتْرٍ وَعِفَّةٍ, وَجَعَلَهُ نَقِيًّا نَزِهًا مِنَ الدَّنَسِ وَالْقَذَرِ وَالدَّرَنِ, فَقَالَ: لَا تَدْخُلُوا بُيُوتًا غَيْرَ بُيُوتِكُمْ حَتَّى تَسْتَأْنِسُوا وَتُسَلِّمُوا عَلَى أَهْلِهَا .
قَوْلُهُ:"
"ونص صاحب المختصر على أن الثلاثة سنة آكدها غسل الإحرام ويتدلك فيه دون غسل مكة وعرفة، والأفضل أن يغتسل غسل مكة بذي طوى بفتح الطاء مقصور لفعله صلى الله عليه وسلم ذلك، ومن لم يأت على ذي طوى اغتسل (4/141)
من مقدار ما بينهما.
الشرح
(4/142)
[قوله: ولو حائضا أو نفساء] كبيرا أو صغيرا.
[قوله: ","وَنَصَّ صَاحِبُ الْمُخْتَصَرِ عَلَى أَنَّ الثَّلَاثَةَ سُنَّةٌ آكَدُهَا غُسْلُ الْإِحْرَامِ وَيَتَدَلَّك فِيهِ دُونَ غُسْلِ مَكَّةَ وَعَرَفَةَ، وَالْأَفْضَلُ أَنْ يَغْتَسِلَ غُسْلَ مَكَّةَ بِذِي طَوَى بِفَتْحِ الطَّاءِ مَقْصُورٌ لِفِعْلِهِ صَلَّى اللَّهُ عَلَيْهِ وَسَلَّمَ ذَلِكَ، وَمَنْ لَمْ يَأْتِ عَلَى ذِي طَوَى اغْتَسَلَ (4/141)
مِنْ مِقْدَارِ مَا بَيْنَهُمَا.
الشَّرْحُ
(4/142)
[قَوْلُهُ: وَلَوْ حَائِضًا أَوْ نُفَسَاءَ] كَبِيرًا أَوْ صَغِيرًا.
[قَوْلُهُ: ","وَنَصَّ صَاحِبُ الْمُخْتَصَرِ عَلَى أَنَّ الثَّلَاثَةَ سُنَّةٌ آكَدُهَا غُسْلُ الْإِحْرَامِ وَيَتَدَلَّكُ فِيهِ دُونَ غُسْلِ مَكَّةَ وَعَرَفَةَ، وَالْأَفْضَلُ أَنْ يَغْتَسِلَ غُسْلَ مَكَّةَ بِذِي طُوًى بِفَتْحِ الطَّاءِ مَقْصُورٌ لِفِعْلِهِ صَلَّى اللَّهُ عَلَيْهِ وَسَلَّمَ ذَلِكَ، وَمَنْ لَمْ يَأْتِ عَلَى ذِي طُوًى اغْتَسَلَ (4/141)
مِنْ مِقْدَارِ مَا بَيْنَهُمَا.
الشَّرْحُ
(4/142)
[قَوْلُهُ: وَلَوْ حَائِضًا أَوْ نُفَسَاءَ] كَبِيرًا أَوْ صَغِيرًا.
[قَوْلُهُ:"
والصلاة مع كونها من المقاصد قد اشتملت على حق الله تعالى كالنية والتكبير والتسبيح والتشهد والركوع والسجود وما يصحبها من الحركات والتروك والكف عن الكلام وكثير الأفعال وعلى حقه صلى الله عليه وسلم كالصلاة عليه والتسليم عليه والشهادة له بالرسالة وعلى حق المكلف وهو دعاؤه لنفسه في القيام بالهداية والاستقامة على العبادة وغيرها، والقنوت، ,وَالصَّلَاةُ مَعَ كَوْنِهَا مِنَ الْمَقَاصِدِ قَدِ اشْتَمَلَتْ عَلَى حَقِّ اللَّهِ تَعَالَى كَالنِّيَّةِ وَالتَّكْبِيرِ وَالتَّسْبِيحِ وَالتَّشَهُّدِ وَالرُّكُوعِ وَالسُّجُودِ وَمَا يَصْحَبُهَا مِنَ الْحَرَكَاتِ وَالتُّرُوكِ وَالْكَفِّ عَنِ الْكَلَامِ وَكَثِيرِ الْأَفْعَالِ وَعَلَى حَقِّهِ صَلَّى اللَّهُ عَلَيْهِ وَسَلَّمَ كَالصَّلَاةِ عَلَيْهِ وَالتَّسْلِيمِ عَلَيْهِ وَالشَّهَادَةِ لَهُ بِالرِّسَالَةِ وَعَلَى حَقِّ الْمُكَلَّفِ وَهُوَ دُعَاؤُهُ لِنَفْسِهِ فِي الْقِيَامِ بِالْهِدَايَةِ وَالِاسْتِقَامَةِ عَلَى الْعِبَادَةِ وَغَيْرِهَا، وَالْقُنُوتُ، ,وَالصَّلَاةُ مَعَ كَوْنِهَا مِنَ الْمَقَاصِدِ قَدِ اشْتَمَلَتْ عَلَى حَقِّ اللَّهِ تَعَالَى كَالنِّيَّةِ وَالتَّكْبِيرِ وَالتَّسْبِيحِ وَالتَّشَهُّدِ وَالرُّكُوعِ وَالسُّجُودِ وَمَا يَصْحَبُهَا مِنَ الْحَرَكَاتِ وَالتُّرُوكِ وَالْكَفِّ عَنِ الْكَلَامِ وَكَثِيرِ الْأَفْعَالِ وَعَلَى حَقِّهِ صَلَّى اللَّهُ عَلَيْهِ وَسَلَّمَ كَالصَّلَاةِ عَلَيْهِ وَالتَّسْلِيمِ عَلَيْهِ وَالشَّهَادَةِ لَهُ بِالرِّسَالَةِ وَعَلَى حَقِّ الْمُكَلَّفِ وَهُوَ دُعَاؤُهُ لِنَفْسِهِ فِي الْقِيَامِ بِالْهِدَايَةِ وَالِاسْتِقَامَةِ عَلَى الْعِبَادَةِ وَغَيْرِهَا، وَالْقُنُوتِ،
ويأخذ كفيلا (ولأبي حنيفة رحمه الله أن الحق ثابت قطعا) أي فيما إذا كان الوارث الآخر معدوما (أو ظاهرا) فيما إذا كان موجودا والقاضي لم يكلف بإظهاره على وجه يوجب حق الحاضر بل هو مكلف بالعمل بما ظهر عنده (فلا يؤخر) إلى زمان التكفيل (لحق موهوم) ,وَيَأْخُذُ كَفِيلًا (وَلِأَبِي حَنِيفَةَ رَحِمَهُ اللَّهُ أَنَّ الْحَقَّ ثَابِتٌ قَطْعًا) أَيْ فِيمَا إِذَا كَانَ الْوَارِثُ الْآخَرُ مَعْدُومًا (أَوْ ظَاهِرًا) فِيمَا إِذَا كَانَ مَوْجُودًا وَالْقَاضِي لَمْ يُكَلَّفْ بِإِظْهَارِهِ عَلَى وَجْهٍ يُوجِبُ حَقَّ الْحَاضِرِ بَلْ هُوَ مُكَلَّفٌ بِالْعَمَلِ بِمَا ظَهَرَ عِنْدَهُ (فَلَا يُؤَخَّرُ) إِلَى زَمَانِ التَّكْفِيلِ (لِحَقٍّ مَوْهُومٍ) ,وَيَأْخُذُ كَفِيلًا (وَلِأَبِي حَنِيفَةَ رَحِمَهُ اللَّهُ أَنَّ الْحَقَّ ثَابِتٌ قَطْعًا) أَيْ فِيمَا إِذَا كَانَ الْوَارِثُ الْآخَرُ مَعْدُومًا (أَوْ ظَاهِرًا) فِيمَا إِذَا كَانَ مَوْجُودًا وَالْقَاضِي لَمْ يُكَلَّفْ بِإِظْهَارِهِ عَلَى وَجْهٍ يُوجِبُ حَقَّ الْحَاضِرِ بَلْ هُوَ مُكَلَّفٌ بِالْعَمَلِ بِمَا ظَهَرَ عِنْدَهُ (فَلَا يُؤَخَّرُ) إِلَى زَمَانِ التَّكْفِيلِ (لِحَقٍّ مَوْهُومٍ)
"وقدمهما على باقي الخيارات لأنهما يمنعان ابتداء الحكم، ثم ذكر خيار الرؤية؛ لأنه يمنع تمام الحكم، وأخر خيار العيب؛ لأنه يمنع لزوم الحكم.
وخيار الشرط أنواع: فاسد وفاقا، كما إذا قال: اشتريت على أني بالخيار أو على أني بالخيار أياما أو أبدا.
وجائز وفاقا، ","وَقَدَّمَهُمَا عَلَى بَاقِي الْخِيَارَاتِ لِأَنَّهُمَا يَمْنَعَانِ ابْتِدَاءَ الْحُكْمِ، ثُمَّ ذَكَرَ خِيَارَ الرُّؤْيَةِ؛ لِأَنَّهُ يَمْنَعُ تَمَامَ الْحُكْمِ، وَأَخَّرَ خِيَارَ الْعَيْبِ؛ لِأَنَّهُ يَمْنَعُ لُزُومَ الْحُكْمِ.
وَخِيَارُ الشَّرْطِ أَنْوَاعٌ: فَاسِدٌ وِفَاقًا، كَمَا إِذَا قَالَ: اشْتَرَيْتُ عَلَى أَنِّي بِالْخِيَارِ أَوْ عَلَى أَنِّي بِالْخِيَارِ أَيَّامًا أَوْ أَبَدًا.
وَجَائِزٌ وِفَاقًا، ","وَقَدَّمَهُمَا عَلَى بَاقِي الْخِيَارَاتِ لِأَنَّهُمَا يَمْنَعَانِ ابْتِدَاءَ الْحُكْمِ، ثُمَّ ذَكَرَ خِيَارَ الرُّؤْيَةِ؛ لِأَنَّهُ يَمْنَعُ تَمَامَ الْحُكْمِ، وَأَخَّرَ خِيَارَ الْعَيْبِ؛ لِأَنَّهُ يَمْنَعُ لُزُومَ الْحُكْمِ.
وَخِيَارُ الشَّرْطِ أَنْوَاعٌ: فَاسِدٌ وِفَاقًا، كَمَا إِذَا قَالَ: اشْتَرَيْت عَلَى أَنِّي بِالْخِيَارِ أَوْ عَلَى أَنِّي بِالْخِيَارِ أَيَّامًا أَوْ أَبَدًا.
وَجَائِزٌ وِفَاقًا،"
"قياس المذهب لا يصح.
وجزم به ابن عبدوس في تذكرته، وصاحب المنور فيه.
وصححه الأزجي في نهايته.
وقدمه في التلخيص.
وأطلقهما في المحرر، والرعاية الصغرى، والحاوي الصغير.
وأما إذا شرط الدابة حاملا، فقال (7/338)
في الرعاية الكبرى: أشهر الوجهين البطلان.
وقيل: يصح الشرط.
الثانية: لو شرط أنها لا تحمل: ","قِيَاسُ الْمَذْهَبِ لَا يَصِحُّ.
وَجَزَمَ بِهِ ابْنُ عَبْدُوسٍ فِي تَذْكِرَتِهِ، وَصَاحِبُ الْمُنَوِّرِ فِيهِ.
وَصَحَّحَهُ الْأَزَجِيُّ فِي نِهَايَتِهِ.
وَقَدَّمَهُ فِي التَّلْخِيصِ.
وَأَطْلَقَهُمَا فِي الْمُحَرَّرِ، وَالرِّعَايَةِ الصُّغْرَى، وَالْحَاوِي الصَّغِيرِ.
وَأَمَّا إِذَا شَرَطَ الدَّابَّةَ حَامِلًا، فَقَالَ (7/338)
فِي الرِّعَايَةِ الْكُبْرَى: أَشْهَرُ الْوَجْهَيْنِ الْبُطْلَانُ.
وَقِيلَ: يَصِحُّ الشَّرْطُ.
الثَّانِيَةُ: لَوْ شَرَطَ أَنَّهَا لَا تَحْمِلُ: ","قِيَاسُ الْمَذْهَبِ لَا يَصِحُّ.
وَجَزَمَ بِهِ ابْنُ عَبْدُوسٍ فِي تَذْكِرَتِهِ، وَصَاحِبُ الْمُنَوِّرِ فِيهِ.
وَصَحَّحَهُ الْأَزَجِيُّ فِي نِهَايَتِهِ.
وَقَدَّمَهُ فِي التَّلْخِيصِ.
وَأَطْلَقَهُمَا فِي الْمُحَرَّرِ، وَالرِّعَايَةِ الصُّغْرَى، وَالْحَاوِي الصَّغِيرِ.
وَأَمَّا إِذَا شَرَطَ الدَّابَّةَ حَامِلًا، فَقَالَ (7/338)
فِي الرِّعَايَةِ الْكُبْرَى: أَشْهَرُ الْوَجْهَيْنِ الْبُطْلَانُ.
وَقِيلَ: يَصِحُّ الشَّرْطُ.
الثَّانِيَةُ: لَوْ شَرَطَ أَنَّهَا لَا تَحْمِلُ:"
"لأنه تبين أنه استوفى منه زيادة على مقدار حقه وهو نظير الوصي إذا قضى دين أحد الغريمين من التركة ولم يعلم بالدين الآخر أو قضى دين الغريم ثم أحدث آخر بسبب كان وجد من الميت في حياته فإن كان دفعه بقضاء القاضي لم يضمن للثاني شيئا ولكن الثاني يتبع الأول بنصيبه (30/160)
","لِأَنَّهُ تَبَيَّنَ أَنَّهُ اسْتَوْفَى مِنْهُ زِيَادَةً عَلَى مِقْدَارِ حَقِّهِ وَهُوَ نَظِيرُ الْوَصِيِّ إِذَا قَضَى دَيْنَ أَحَدِ الْغَرِيمَيْنِ مِنَ التَّرِكَةِ وَلَمْ يَعْلَمْ بِالدَّيْنِ الْآخَرِ أَوْ قَضَى دَيْنَ الْغَرِيمِ ثُمَّ أَحْدَثَ آخَرُ بِسَبَبٍ كَانَ وُجِدَ مِنَ الْمَيِّتِ فِي حَيَاتِهِ فَإِنْ كَانَ دَفَعَهُ بِقَضَاءِ الْقَاضِي لَمْ يَضْمَنْ لِلثَّانِي شَيْئًا وَلَكِنَّ الثَّانِيَ يُتْبِعُ الْأَوَّلَ بِنَصِيبِهِ (30/160)
",لِأَنَّهُ تَبَيَّنَ أَنَّهُ اسْتَوْفَى مِنْهُ زِيَادَةً عَلَى مِقْدَارِ حَقِّهِ وَهُوَ نَظِيرُ الْوَصِيِّ إِذَا قَضَى دَيْنَ أَحَدِ الْغَرِيمَيْنِ مِنَ التَّرِكَةِ وَلَمْ يَعْلَمْ بِالدَّيْنِ الْآخَرِ أَوْ قَضَى دَيْنَ الْغَرِيمِ ثُمَّ أَحْدَثَ آخَرُ بِسَبَبٍ كَانَ وُجِدَ مِنَ الْمَيِّتِ فِي حَيَاتِهِ فَإِنْ كَانَ دَفَعَهُ بِقَضَاءِ الْقَاضِي لَمْ يَضْمَنْ لِلثَّانِي شَيْئًا وَلَكِنَّ الثَّانِيَ يَتْبَعُ الْأَوَّلَ بِنَصِيبِهِ (30/160)
"ومن اشترى منه (11/60)
لأن الزرع لا ينسخه الشراء، أما لو اشترى شخص ذلك الزرع فبذره وأكل منه لا يحنث، ومثله من طعام يصنعه فلان فصنعه وباعه فأكل يحنث، وكذا من كسب فلان فاكتسب ومات فورث عنه فأكله حنث، ولو انتقل بشراء أو هبة أو وصية ونحوها لم يحنث، ولا يشتري ثوبا مسه فلان فمسه فلان فباعه منه حنث.
","وَمَنِ اشْتَرَى مِنْهُ (11/60)
لِأَنَّ الزَّرْعَ لَا يَنْسَخُهُ الشِّرَاءُ، أَمَّا لَوِ اشْتَرَى شَخْصٌ ذَلِكَ الزَّرْعَ فَبَذَرَهُ وَأَكَلَ مِنْهُ لَا يَحْنَثُ، وَمِثْلُهُ مِنْ طَعَامٍ يَصْنَعُهُ فُلَانٌ فَصَنَعَهُ وَبَاعَهُ فَأَكَلَ يَحْنَثُ، وَكَذَا مِنْ كَسْبِ فُلَانٍ فَاكْتَسَبَ وَمَاتَ فَوَرِثَ عَنْهُ فَأَكَلَهُ حَنِثَ، وَلَوِ انْتَقَلَ بِشِرَاءٍ أَوْ هِبَةٍ أَوْ وَصِيَّةٍ وَنَحْوِهَا لَمْ يَحْنَثْ، وَلَا يَشْتَرِي ثَوْبًا مَسَّهُ فُلَانٌ فَمَسَّهُ فُلَانٌ فَبَاعَهُ مِنْهُ حَنِثَ.
","وَمَنِ اشْتَرَى مِنْهُ (11/60)
لِأَنَّ الزَّرْعَ لَا يَنْسَخُهُ الشِّرَاءُ، أَمَّا لَوِ اشْتَرَى شَخْصٌ ذَلِكَ الزَّرْعَ فَبَذَرَهُ وَأَكَلَ مِنْهُ لَا يَحْنَثُ، وَمِثْلُهُ مِنْ طَعَامٍ يَصْنَعُهُ فُلَانٌ فَصَنَعَهُ وَبَاعَهُ فَأَكَلَ يَحْنَثُ، وَكَذَا مِنْ كَسْبِ فُلَانٍ فَاكْتَسَبَ وَمَاتَ فَوَرِثَ عَنْهُ فَأَكَلَهُ حَنِثَ، وَلَوِ انْتَقَلَ بِشِرَاءٍ أَوْ هِبَةٍ أَوْ وَصِيَّةٍ وَنَحْوِهَا لَمْ يَحْنَثْ، وَلَا يَشْتَرِي ثَوْبًا مَسَّهُ فُلَانٌ فَمَسَّهُ فُلَانٌ فَبَاعَهُ مِنْهُ حَنِثَ."
"والفرق بين الوضوء والغسل وبين الصلاة] أي حيث جرى الخلاف القوي في سنن الصلاة من أنه إذا ترك سنة عمدا من سننها فقيل بالبطلان وقيل بعدمه.
[قوله: لقوله توضأ كما أمرك الله] أي ولم يأمر إلا بأربعة.
[قوله: ويستحب للمتعمد إلخ] هذا أحد الأقوال وهو المعتمد [قوله: ","وَالْفَرْقُ بَيْنَ الْوُضُوءِ وَالْغُسْلِ وَبَيْنَ الصَّلَاةِ] أَيْ حَيْثُ جَرَى الْخِلَافُ الْقَوِيُّ فِي سُنَنِ الصَّلَاةِ مِنْ أَنَّهُ إِذَا تَرَكَ سُنَّةً عَمْدًا مِنْ سُنَنِهَا فَقِيلَ بِالْبُطْلَانِ وَقِيلَ بِعَدَمِهِ.
[قَوْلُهُ: لِقَوْلِهِ تَوَضَّأَ كَمَا أَمَرَك اللَّهُ] أَيْ وَلَمْ يَأْمُرْ إِلَّا بِأَرْبَعَةٍ.
[قَوْلُهُ: وَيُسْتَحَبُّ لِلْمُتَعَمِّدِ إِلَخْ] هَذَا أَحَدُ الْأَقْوَالِ وَهُوَ الْمُعْتَمَدُ [قَوْلُهُ: ","وَالْفَرْقُ بَيْنَ الْوُضُوءِ وَالْغُسْلِ وَبَيْنَ الصَّلَاةِ] أَيْ حَيْثُ جَرَى الْخِلَافُ الْقَوِيُّ فِي سُنَنِ الصَّلَاةِ مِنْ أَنَّهُ إِذَا تَرَكَ سُنَّةً عَمْدًا مِنْ سُنَنِهَا فَقِيلَ بِالْبُطْلَانِ وَقِيلَ بِعَدَمِهِ.
[قَوْلُهُ: لِقَوْلِهِ تَوَضَّأَ كَمَا أَمَرَك اللَّهُ] أَيْ وَلَمْ يَأْمُرْ إِلَّا بِأَرْبَعَةٍ.
[قَوْلُهُ: وَيُسْتَحَبُّ لِلْمُتَعَمِّدِ إِلَخْ] هَذَا أَحَدُ الْأَقْوَالِ وَهُوَ الْمُعْتَمَدُ [قَوْلُهُ:"
"كما يستحب الرمل في الأشواط الثلاثة الأول من طواف الإفاضة لمن لم يطف للقدوم ولو تركه عمدا، وأما من طاف للقدوم فلا يرمل في إفاضته ولو تركه في طواف القدوم، وأما طواف التطوع وداعا أو غيره فيكره الرمل فيه ولا رمل فيما بعد الثلاثة الأول ولو لتاركه من الأول عمدا أو نسيانا، ولا يكون آتيا بالسنة إن فعل.
[قوله: ","كَمَا يُسْتَحَبُّ الرَّمَلُ فِي الْأَشْوَاطِ الثَّلَاثَةِ الْأُوَلِ مِنْ طَوَافِ الْإِفَاضَةِ لِمَنْ لَمْ يَطُفْ لِلْقُدُومِ وَلَوْ تَرَكَهُ عَمْدًا، وَأَمَّا مَنْ طَافَ لِلْقُدُومِ فَلَا يَرْمُلُ فِي إِفَاضَتِهِ وَلَوْ تَرَكَهُ فِي طَوَافِ الْقُدُومِ، وَأَمَّا طَوَافُ التَّطَوُّعِ وَدَاعًا أَوْ غَيْرَهُ فَيُكْرَهُ الرَّمَلُ فِيهِ وَلَا رَمَلَ فِيمَا بَعْدَ الثَّلَاثَةِ الْأُوَلِ وَلَوْ لِتَارِكِهِ مِنَ الْأَوَّلِ عَمْدًا أَوْ نِسْيَانًا، وَلَا يَكُونُ آتِيًا بِالسُّنَّةِ إِنْ فَعَلَ.
[قَوْلُهُ: ","كَمَا يُسْتَحَبُّ الرَّمَلُ فِي الْأَشْوَاطِ الثَّلَاثَةِ الْأُوَلِ مِنْ طَوَافِ الْإِفَاضَةِ لِمَنْ لَمْ يَطُفْ لِلْقُدُومِ وَلَوْ تَرَكَهُ عَمْدًا، وَأَمَّا مَنْ طَافَ لِلْقُدُومِ فَلَا يَرْمُلُ فِي إِفَاضَتِهِ وَلَوْ تَرَكَهُ فِي طَوَافِ الْقُدُومِ، وَأَمَّا طَوَافُ التَّطَوُّعِ وَدَاعًا أَوْ غَيْرَهُ فَيُكْرَهُ الرَّمَلُ فِيهِ وَلَا رَمَلَ فِيمَا بَعْدَ الثَّلَاثَةِ الْأُوَلِ وَلَوْ لِتَارِكِهِ مِنَ الْأَوَّلِ عَمْدًا أَوْ نِسْيَانًا، وَلَا يَكُونُ آتِيًا بِالسُّنَّةِ إِنْ فَعَلَ.
[قَوْلُهُ:"
كفاه شهر هلالي ناقص) بلياليه، أو ثلاثون يوما بلياليها، لأن الشهر اسم لما بين الهلالين ناقصا كان أو تاما، ولثلاثين يوما، (ومن اعتكف رمضان أو عشره) الأخير، (سن أن يبيت ليلة العيد في معتكفه) لإحيائها، (ويخرج منه للمصلى) نص عليه، قال إبراهيم: كانوا يحبون لمن اعتكف العشر الأواخر من رمضان أن يبيت ليلة الفطر في المسجد، ,كَفَاهُ شَهْرٌ هِلَالِيٌّ نَاقِصٌ) بِلَيَالِيِهِ، أَوْ ثَلَاثُونَ يَوْمًا بِلَيَالِيِهَا، لِأَنَّ الشَّهْرَ اسْمٌ لِمَا بَيْنَ الْهِلَالَيْنِ نَاقِصًا كَانَ أَوْ تَامًّا، وَلِثَلَاثِينَ يَوْمًا، (وَمَنِ اعْتَكَفَ رَمَضَانَ أَوْ عَشَرَهُ) الْأَخِيرَ، (سُنَّ أَنْ يَبِيتَ لَيْلَةَ الْعِيدِ فِي مُعْتَكَفِهِ) لِإِحْيَائِهَا، (وَيَخْرُجَ مِنْهُ لِلْمُصَلَّى) نَصَّ عَلَيْهِ، قَالَ إِبْرَاهِيمُ: كَانُوا يُحِبُّونَ لِمَنِ اعْتَكَفَ الْعَشْرَ الْأَوَاخِرَ مِنْ رَمَضَانَ أَنْ يَبِيتَ لَيْلَةَ الْفِطْرِ فِي الْمَسْجِدِ، ,كَفَاهُ شَهْرٌ هِلَالِيٌّ نَاقِصٌ) بِلَيَالِيِهِ، أَوْ ثَلَاثُونَ يَوْمًا بِلَيَالِيِهَا، لِأَنَّ الشَّهْرَ اسْمٌ لِمَا بَيْنَ الْهِلَالَيْنِ نَاقِصًا كَانَ أَوْ تَامًّا، وَلِثَلَاثِينَ يَوْمًا، (وَمَنِ اعْتَكَفَ رَمَضَانَ أَوْ عَشْرَهُ) الْأَخِيرَ، (سُنَّ أَنْ يَبِيتَ لَيْلَةَ الْعِيدِ فِي مُعْتَكَفِهِ) لِإِحْيَائِهَا، (وَيَخْرُجَ مِنْهُ لِلْمُصَلَّى) نَصَّ عَلَيْهِ، قَالَ إِبْرَاهِيمُ: كَانُوا يُحِبُّونَ لِمَنِ اعْتَكَفَ الْعَشْرَ الْأَوَاخِرَ مِنْ رَمَضَانَ أَنْ يَبِيتَ لَيْلَةَ الْفِطْرِ فِي الْمَسْجِدِ،
"وعلى هذا فقولهم المولى من لا يخلو عن أحد المكروهين من الطلاق أو الكفارة مبني على أحد قسمي الإيلاء الحقيقي فلا يعترض عليهم بالمعنوي كما في فتح القدير، والشامل لهما المولى من لا يخلو (10/253)
عن أحد المكروهين من الطلاق أو لزوم ما يشق عليه، وأوردت عليه إيلاء الذمي على قول أبي حنيفة فإنه إذا أقر بها خلا عنهما كما سيأتي، ","وَعَلَى هَذَا فَقَوْلُهُمُ الْمَوْلَى مَنْ لَا يَخْلُو عَنْ أَحَدِ الْمَكْرُوهَيْنِ مِنَ الطَّلَاقِ أَوِ الْكَفَّارَةِ مَبْنِيٌّ عَلَى أَحَدِ قِسْمَيِ الْإِيلَاءِ الْحَقِيقِيِّ فَلَا يُعْتَرَضُ عَلَيْهِمْ بِالْمَعْنَوِيِّ كَمَا فِي فَتْحِ الْقَدِيرِ، وَالشَّامِلُ لَهُمَا الْمَوْلَى مَنْ لَا يَخْلُو (10/253)
عَنْ أَحَدِ الْمَكْرُوهَيْنِ مِنَ الطَّلَاقِ أَوْ لُزُومِ مَا يَشُقُّ عَلَيْهِ، وَأَوْرَدْت عَلَيْهِ إِيلَاءَ الذِّمِّيِّ عَلَى قَوْلِ أَبِي حَنِيفَةَ فَإِنَّهُ إِذَا أَقَرَّ بِهَا خَلَا عَنْهُمَا كَمَا سَيَأْتِي، ","وَعَلَى هَذَا فَقَوْلُهُمُ الْمَوْلَى مَنْ لَا يَخْلُو عَنْ أَحَدِ الْمَكْرُوهَيْنِ مِنَ الطَّلَاقِ أَوِ الْكَفَّارَةِ مَبْنِيٌّ عَلَى أَحَدِ قِسْمَيِ الْإِيلَاءِ الْحَقِيقِيِّ فَلَا يُعْتَرَضُ عَلَيْهِمْ بِالْمَعْنَوِيِّ كَمَا فِي فَتْحِ الْقَدِيرِ، وَالشَّامِلُ لَهُمَا الْمَوْلَى مَنْ لَا يَخْلُو (10/253)
عَنْ أَحَدِ الْمَكْرُوهَيْنِ مِنَ الطَّلَاقِ أَوْ لُزُومِ مَا يَشُقُّ عَلَيْهِ، وَأَوْرَدْت عَلَيْهِ إِيلَاءَ الذِّمِّيِّ عَلَى قَوْلِ أَبِي حَنِيفَةَ فَإِنَّهُ إِذَا أَقَرَّ بِهَا خَلَا عَنْهُمَا كَمَا سَيَأْتِي،"
"فإن كان الخيار للبائع فهو أن يتصرف في المبيع تصرف الملاك كالعتق والبيع والوطء، وجميع ما قدمنا أنه إجازة إذا صدر من المشتري من الأفعال فهو فسخ إذا صدر (14/322)
من البائع (له) أي لأبي يوسف (أنه) أي الفاسخ منهما (مسلط على الفسخ من جهة صاحبه) يعني الذي لا خيار له (فلا يتوقف) ","فَإِنْ كَانَ الْخِيَارُ لِلْبَائِعِ فَهُوَ أَنْ يَتَصَرَّفَ فِي الْمَبِيعِ تَصَرُّفَ الْمُلَّاكِ كَالْعِتْقِ وَالْبَيْعِ وَالْوَطْءِ، وَجَمِيعُ مَا قَدَّمْنَا أَنَّهُ إِجَازَةٌ إِذَا صَدَرَ مِنَ الْمُشْتَرِي مِنَ الْأَفْعَالِ فَهُوَ فَسْخٌ إِذَا صَدَرَ (14/322)
مِنَ الْبَائِعِ (لَهُ) أَيْ لِأَبِي يُوسُفَ (أَنَّهُ) أَيِ الْفَاسِخُ مِنْهُمَا (مُسَلَّطٌ عَلَى الْفَسْخِ مِنْ جِهَةِ صَاحِبِهِ) يَعْنِي الَّذِي لَا خِيَارَ لَهُ (فَلَا يَتَوَقَّفُ) ","فَإِنْ كَانَ الْخِيَارُ لِلْبَائِعِ فَهُوَ أَنْ يَتَصَرَّفَ فِي الْمَبِيعِ تَصَرُّفَ الْمُلَّاكِ كَالْعِتْقِ وَالْبَيْعِ وَالْوَطْءِ، وَجَمِيعُ مَا قَدَّمْنَا أَنَّهُ إِجَازَةٌ إِذَا صَدَرَ مِنَ الْمُشْتَرِي مِنَ الْأَفْعَالِ فَهُوَ فَسْخٌ إِذَا صَدَرَ (14/322)
مِنَ الْبَائِعِ (لَهُ) أَيْ لِأَبِي يُوسُفَ (أَنَّهُ) أَيِ الْفَاسِخَ مِنْهُمَا (مُسَلَّطٌ عَلَى الْفَسْخِ مِنْ جِهَةِ صَاحِبِهِ) يَعْنِي الَّذِي لَا خِيَارَ لَهُ (فَلَا يَتَوَقَّفُ)"
"إذ كان عنده حكم رسول الله صلى الله عليه وسلم ثابتا في الذين فرقوا بين الصلاة والزكاة وأرادوا تبديل الدين وأحكامه وقال النبي صلى الله عليه وسلم: من بدل دينه فاقتلوه وكان القراء أصحاب مشورة عمر كهولا كانوا أو شبانا، وكان وقافا عند كتاب الله.
هذا جملة ما قال في جملة تلك الترجمة مما يليق بهذا الموضع، ","إِذْ كَانَ عِنْدَهُ حُكْمُ رَسُولِ اللَّهِ صَلَّى اللَّهُ عَلَيْهِ وَسَلَّمَ ثَابِتًا فِي الَّذِينَ فَرَّقُوا بَيْنَ الصَّلَاةِ وَالزَّكَاةِ وَأَرَادُوا تَبْدِيلَ الدِّينِ وَأَحْكَامِهِ وَقَالَ النَّبِيُّ صَلَّى اللَّهُ عَلَيْهِ وَسَلَّمَ: مَنْ بَدَّلَ دِينَهُ فَاقْتُلُوهُ وَكَانَ الْقُرَّاءُ أَصْحَابَ مَشُورَةِ عُمَرَ كُهُولًا كَانُوا أَوْ شُبَّانًا، وَكَانَ وَقَّافًا عِنْدَ كِتَابِ اللَّهِ.
هَذَا جُمْلَةُ مَا قَالَ فِي جُمْلَةِ تِلْكَ التَّرْجَمَةِ مِمَّا يَلِيقُ بِهَذَا الْمَوْضِعِ، ","إِذْ كَانَ عِنْدَهُ حُكْمُ رَسُولِ اللَّهِ صَلَّى اللَّهُ عَلَيْهِ وَسَلَّمَ ثَابِتًا فِي الَّذِينَ فَرَّقُوا بَيْنَ الصَّلَاةِ وَالزَّكَاةِ وَأَرَادُوا تَبْدِيلَ الدِّينِ وَأَحْكَامِهِ وَقَالَ النَّبِيُّ صَلَّى اللَّهُ عَلَيْهِ وَسَلَّمَ: مَنْ بَدَّلَ دِينَهُ فَاقْتُلُوهُ وَكَانَ الْقُرَّاءُ أَصْحَابَ مَشُورَةِ عُمَرَ كُهُولًا كَانُوا أَوْ شُبَّانًا، وَكَانَ وَقَّافًا عِنْدَ كِتَابِ اللَّهِ.
هَذَا جُمْلَةُ مَا قَالَ فِي جُمْلَةِ تِلْكَ التَّرْجَمَةِ مِمَّا يَلِيقُ بِهَذَا الْمَوْضِعِ،"
وفي جامع الفصولين رجل أحرق شوكا أو شيئا في أرضه فذهبت الريح بالشرارات إلى أرض جاره وأحرقت زرعه إن كان يبعد من أرض الجار على وجه لا يصل إليه شرر النار في العادة فلا ضمان عليه؛ لأنه حصل بفعل النار وأنه جار ولو كان بقرب من أرضه على وجه يصل شرر النار غالبا، فإنه يضمن؛ ,وَفِي جَامِعِ الْفُصُولَيْنِ رَجُلٌ أَحْرَقَ شَوْكًا أَوْ شَيْئًا فِي أَرْضِهِ فَذَهَبَتِ الرِّيحُ بِالشَّرَارَاتِ إِلَى أَرْضِ جَارِهِ وَأَحْرَقَتْ زَرْعَهُ إِنْ كَانَ يَبْعُدُ مِنْ أَرْضِ الْجَارِ عَلَى وَجْهٍ لَا يَصِلُ إِلَيْهِ شَرَرُ النَّارِ فِي الْعَادَةِ فَلَا ضَمَانَ عَلَيْهِ؛ لِأَنَّهُ حَصَلَ بِفِعْلِ النَّارِ وَأَنَّهُ جَارٌ وَلَوْ كَانَ بِقُرْبٍ مِنْ أَرْضِهِ عَلَى وَجْهٍ يَصِلُ شَرَرُ النَّارِ غَالِبًا، فَإِنَّهُ يَضْمَنُ؛ ,وَفِي جَامِعِ الْفُصُولَيْنِ رَجُلٌ أَحْرَقَ شَوْكًا أَوْ شَيْئًا فِي أَرْضِهِ فَذَهَبَتِ الرِّيحُ بِالشَّرَارَاتِ إِلَى أَرْضِ جَارِهِ وَأَحْرَقَتْ زَرْعَهُ إِنْ كَانَ يَبْعُدُ مِنْ أَرْضِ الْجَارِ عَلَى وَجْهٍ لَا يَصِلُ إِلَيْهِ شَرَرُ النَّارِ فِي الْعَادَةِ فَلَا ضَمَانَ عَلَيْهِ؛ لِأَنَّهُ حَصَلَ بِفِعْلِ النَّارِ وَأَنَّهُ جَارٌ وَلَوْ كَانَ بِقُرْبٍ مِنْ أَرْضِهِ عَلَى وَجْهٍ يَصِلُ شَرَرُ النَّارِ غَالِبًا، فَإِنَّهُ يَضْمَنُ؛
"أي الله أو ابن عباس وقتا والمراد على الثاني أنه لم يعينه في الآية فلا ينافي تعيينه في الأثر وهو ما رواه الحاكم في مستدركه وقال صحيح على شرط الشيخين عن ابن عباس أنه قال إذا حلف الرجال على يمين (3/418)
فله أن يستثني إلى سنة قاله شيخ الإسلام.
(قوله: فاختلفت الآراء فيه) ","أَيِ اللَّهُ أَوِ ابْنُ عَبَّاسٍ وَقْتًا وَالْمُرَادُ عَلَى الثَّانِي أَنَّهُ لَمْ يُعَيِّنْهُ فِي الْآيَةِ فَلَا يُنَافِي تَعْيِينَهُ فِي الْأَثَرِ وَهُوَ مَا رَوَاهُ الْحَاكِمُ فِي مُسْتَدْرَكِهِ وَقَالَ صَحِيحٌ عَلَى شَرْطِ الشَّيْخَيْنِ عَنِ ابْنِ عَبَّاسٍ أَنَّهُ قَالَ إِذَا حَلَفَ الرِّجَالُ عَلَى يَمِينٍ (3/418)
فَلَهُ أَنْ يَسْتَثْنِيَ إِلَى سَنَةٍ قَالَهُ شَيْخُ الْإِسْلَامِ.
(قَوْلُهُ: فَاخْتَلَفَتِ الْآرَاءُ فِيهِ) ","أَيِ اللَّهِ أَوِ ابْنِ عَبَّاسٍ وَقْتًا وَالْمُرَادُ عَلَى الثَّانِي أَنَّهُ لَمْ يُعَيِّنْهُ فِي الْآيَةِ فَلَا يُنَافِي تَعْيِينَهُ فِي الْأَثَرِ وَهُوَ مَا رَوَاهُ الْحَاكِمُ فِي مُسْتَدْرَكِهِ وَقَالَ صَحِيحٌ عَلَى شَرْطِ الشَّيْخَيْنِ عَنِ ابْنِ عَبَّاسٍ أَنَّهُ قَالَ إِذَا حَلَفَ الرِّجَالُ عَلَى يَمِينٍ (3/418)
فَلَهُ أَنْ يَسْتَثْنِيَ إِلَى سَنَةٍ قَالَهُ شَيْخُ الْإِسْلَامِ.
(قَوْلُهُ: فَاخْتَلَفَتِ الْآرَاءُ فِيهِ)"
وحينئذ لو (قال) الحالف (لا آكل من هذه البقرة تناول لحمها) فيحنث به؛ لأنه المفهوم عرفا، وكذا شحمها وكبدها وغيرهما مما يؤكل منها كما صرح به القاضي حسين وغيره، وإن أوهمت عبارة المصنف الاقتصار على اللحم (دون ولد) لها (ولبن) منها فلا يحنث بهما حملا على الحقيقة المتعارفة، وأما الجلد فإن جرت العادة بأكله مسموطا حنث به وإلا فلا، ,وَحِينَئِذٍ لَوْ (قَالَ) الْحَالِفُ (لَا آكُلُ مِنْ هَذِهِ الْبَقَرَةِ تَنَاوَلَ لَحْمَهَا) فَيَحْنَثُ بِهِ؛ لِأَنَّهُ الْمَفْهُومُ عُرْفًا، وَكَذَا شَحْمُهَا وَكَبِدُهَا وَغَيْرُهُمَا مِمَّا يُؤْكَلُ مِنْهَا كَمَا صَرَّحَ بِهِ الْقَاضِي حُسَيْنٌ وَغَيْرُهُ، وَإِنْ أَوْهَمَتْ عِبَارَةُ الْمُصَنِّفِ الِاقْتِصَارَ عَلَى اللَّحْمِ (دُونَ وَلَدٍ) لَهَا (وَلَبَنٍ) مِنْهَا فَلَا يَحْنَثُ بِهِمَا حَمْلًا عَلَى الْحَقِيقَةِ الْمُتَعَارَفَةِ، وَأَمَّا الْجِلْدُ فَإِنْ جَرَتِ الْعَادَةُ بِأَكْلِهِ مَسْمُوطًا حَنِثَ بِهِ وَإِلَّا فَلَا، ,وَحِينَئِذٍ لَوْ (قَالَ) الْحَالِفُ (لَا آكُلُ مِنْ هَذِهِ الْبَقَرَةِ تَنَاوَلَ لَحْمَهَا) فَيَحْنَثُ بِهِ؛ لِأَنَّهُ الْمَفْهُومُ عُرْفًا، وَكَذَا شَحْمُهَا وَكَبِدُهَا وَغَيْرُهُمَا مِمَّا يُؤْكَلُ مِنْهَا كَمَا صَرَّحَ بِهِ الْقَاضِي حُسَيْنٌ وَغَيْرُهُ، وَإِنْ أَوْهَمَتْ عِبَارَةُ الْمُصَنِّفِ الِاقْتِصَارَ عَلَى اللَّحْمِ (دُونَ وَلَدٍ) لَهَا (وَلَبَنٍ) مِنْهَا فَلَا يَحْنَثُ بِهِمَا حَمْلًا عَلَى الْحَقِيقَةِ الْمُتَعَارَفَةِ، وَأَمَّا الْجِلْدُ فَإِنْ جَرَتِ الْعَادَةُ بِأَكْلِهِ مَسْمُوطًا حَنِثَ بِهِ وَإِلَّا فَلَا،
"ولا في صدور الرواة، ذكره الإمام الرازي وغيره، وغايته الظن لا القطع، واحترز بقوله: بعد استقرار الأخبار عما قبل ذلك في زمن الصحابة والتابعين وتابعيهم حيث كانت الأخبار منتشرة، ولم تعتن الرواة بتدوينها.
قال ابن دقيق العيد: وفيما ذكروه نظر عندي؛ لأنهم إن أرادوا جميع الدفاتر وجميع الرواة، فالإحاطة بذلك متعذرة مع انتشار أقطار الإسلام، ","وَلَا فِي صُدُورِ الرُّوَاةِ، ذَكَرَهُ الْإِمَامُ الرَّازِيَّ وَغَيْرُهُ، وَغَايَتُهُ الظَّنُّ لَا الْقَطْعُ، وَاحْتَرَزَ بِقَوْلِهِ: بَعْدَ اسْتِقْرَارِ الْأَخْبَارِ عَمَّا قَبْلَ ذَلِكَ فِي زَمَنِ الصَّحَابَةِ وَالتَّابِعِينَ وَتَابِعِيهِمْ حَيْثُ كَانَتِ الْأَخْبَارُ مُنْتَشِرَةً، وَلَمْ تَعْتَنِ الرُّوَاةُ بِتَدْوِينِهَا.
قَالَ ابْنُ دَقِيقِ الْعِيدِ: وَفِيمَا ذَكَرُوهُ نَظَرٌ عِنْدِي؛ لِأَنَّهُمْ إِنْ أَرَادُوا جَمِيعَ الدَّفَاتِرِ وَجَمِيعَ الرُّوَاةِ، فَالْإِحَاطَةُ بِذَلِكَ مُتَعَذِّرَةٌ مَعَ انْتِشَارِ أَقْطَارِ الْإِسْلَامِ، ","وَلَا فِي صُدُورِ الرُّوَاةِ، ذَكَرَهُ الْإِمَامُ الرَّازِيّ وَغَيْرُهُ، وَغَايَتُهُ الظَّنُّ لَا الْقَطْعُ، وَاحْتَرَزَ بِقَوْلِهِ: بَعْدَ اسْتِقْرَارِ الْأَخْبَارِ عَمَّا قَبْلَ ذَلِكَ فِي زَمَنِ الصَّحَابَةِ وَالتَّابِعِينَ وَتَابِعِيهِمْ حَيْثُ كَانَتِ الْأَخْبَارُ مُنْتَشِرَةً، وَلَمْ تَعْتَنِ الرُّوَاةُ بِتَدْوِينِهَا.
قَالَ ابْنُ دَقِيقِ الْعِيدِ: وَفِيمَا ذَكَرُوهُ نَظَرٌ عِنْدِي؛ لِأَنَّهُمْ إِنْ أَرَادُوا جَمِيعَ الدَّفَاتِرِ وَجَمِيعَ الرُّوَاةِ، فَالْإِحَاطَةُ بِذَلِكَ مُتَعَذِّرَةٌ مَعَ انْتِشَارِ أَقْطَارِ الْإِسْلَامِ،"
"بتخفيف الواو: أي الواسع العطاء.
وقيل: المتفضل بالنعم قبل استحقاقها المتكفل للأمم بأرزاقها.
وقيل: الكثير الجود: أي العطاء، وقد خرج الترمذي في جامعه حديثا مرفوعا ذكر فيه عن الرب - سبحانه وتعالى - أنه قال: {وذلك أني جواد ماجد} ويجمع على: أجواد وأجاويد، وجود (الذي جلت) أي عظمت، والجليل: العظيم (نعمه) بمعنى إنعامه: ","بِتَخْفِيفِ الْوَاوِ: أَيِ الْوَاسِعِ الْعَطَاءِ.
وَقِيلَ: الْمُتَفَضِّلُ بِالنِّعَمِ قَبْلَ اسْتِحْقَاقِهَا الْمُتَكَفِّلُ لِلْأُمَمِ بِأَرْزَاقِهَا.
وَقِيلَ: الْكَثِيرُ الْجُودِ: أَيِ الْعَطَاءِ، وَقَدْ خَرَّجَ التِّرْمِذِيُّ فِي جَامِعِهِ حَدِيثًا مَرْفُوعًا ذَكَرَ فِيهِ عَنِ الرَّبِّ - سُبْحَانَهُ وَتَعَالَى - أَنَّهُ قَالَ: {وَذَلِكَ أَنِّي جَوَادٌ مَاجِدٌ} وَيُجْمَعُ عَلَى: أَجْوَادٍ وَأَجَاوِيدَ، وَجُودٍ (الَّذِي جَلَّتْ) أَيْ عَظُمَتْ، وَالْجَلِيلُ: الْعَظِيمُ (نِعَمُهُ) بِمَعْنَى إِنْعَامِهِ: ","بِتَخْفِيفِ الْوَاوِ: أَيِ الْوَاسِعُ الْعَطَاءِ.
وَقِيلَ: الْمُتَفَضِّلُ بِالنِّعَمِ قَبْلَ اسْتِحْقَاقِهَا الْمُتَكَفِّلُ لِلْأُمَمِ بِأَرْزَاقِهَا.
وَقِيلَ: الْكَثِيرُ الْجُودِ: أَيِ الْعَطَاءِ، وَقَدْ خَرَّجَ التِّرْمِذِيُّ فِي جَامِعِهِ حَدِيثًا مَرْفُوعًا ذَكَرَ فِيهِ عَنِ الرَّبِّ - سُبْحَانَهُ وَتَعَالَى - أَنَّهُ قَالَ: {وَذَلِكَ أَنِّي جَوَادٌ مَاجِدٌ} وَيُجْمَعُ عَلَى: أَجْوَادٍ وَأَجَاوِيدَ، وُجُودٍ (الَّذِي جَلَّتْ) أَيْ عَظُمَتْ، وَالْجَلِيلُ: الْعَظِيمُ (نِعَمُهُ) بِمَعْنَى إِنْعَامِهِ:"
لأن الضمان هنا ضمان تهمة ينتفي بإقامة البينة واحترز بقوله إن كان بيده مما إذا كان بيد أمين فلا ضمان على المرتهن وإنما الضمان على الراهن وأشار بقوله (ولو شرط البراءة) إلى أن الرهن المذكور يضمنه المرتهن بالشروط المذكورة ولو شرط في عقد الرهن أنه لا ضمان عليه، ولا يفيده شيئا عند ابن القاسم؛ ,لِأَنَّ الضَّمَانَ هُنَا ضَمَانُ تُهْمَةٍ يَنْتَفِي بِإِقَامَةِ الْبَيِّنَةِ وَاحْتَرَزَ بِقَوْلِهِ إِنْ كَانَ بِيَدِهِ مِمَّا إِذَا كَانَ بِيَدِ أَمِينٍ فَلَا ضَمَانَ عَلَى الْمُرْتَهِنِ وَإِنَّمَا الضَّمَانُ عَلَى الرَّاهِنِ وَأَشَارَ بِقَوْلِهِ (وَلَوْ شَرَطَ الْبَرَاءَةَ) إِلَى أَنَّ الرَّهْنَ الْمَذْكُورَ يَضْمَنُهُ الْمُرْتَهِنُ بِالشُّرُوطِ الْمَذْكُورَةِ وَلَوْ شُرِطَ فِي عَقْدِ الرَّهْنِ أَنَّهُ لَا ضَمَانَ عَلَيْهِ، وَلَا يُفِيدُهُ شَيْئًا عِنْدَ ابْنِ الْقَاسِمِ؛ ,لِأَنَّ الضَّمَانَ هُنَا ضَمَانُ تُهْمَةٍ يَنْتَفِي بِإِقَامَةِ الْبَيِّنَةِ وَاحْتَرَزَ بِقَوْلِهِ إِنْ كَانَ بِيَدِهِ مِمَّا إِذَا كَانَ بِيَدِ أَمِينٍ فَلَا ضَمَانَ عَلَى الْمُرْتَهِنِ وَإِنَّمَا الضَّمَانُ عَلَى الرَّاهِنِ وَأَشَارَ بِقَوْلِهِ (وَلَوْ شَرَطَ الْبَرَاءَةَ) إِلَى أَنَّ الرَّهْنَ الْمَذْكُورَ يَضْمَنُهُ الْمُرْتَهِنُ بِالشُّرُوطِ الْمَذْكُورَةِ وَلَوْ شَرَطَ فِي عَقْدِ الرَّهْنِ أَنَّهُ لَا ضَمَانَ عَلَيْهِ، وَلَا يُفِيدُهُ شَيْئًا عِنْدَ ابْنِ الْقَاسِمِ؛
"لا أن كل واحد منهما علة مستقلة.
وقوله (ولأن الظاهر) وجه آخر لإبطال القياس ولا يجوز في الدابتين عنده خلافا لهما، والوجه ما بيناه في الركوب وهو قوله اعتبارا بقسمة الأعيان إلخ (14/85)
وقوله (ولو كان نخل أو شجر إلخ) واضح (14/86)
(كتاب المزارعة) : (قال أبو حنيفة رحمه الله: المزارعة بالثلث والربع باطلة) ","لَا أَنَّ كُلَّ وَاحِدٍ مِنْهُمَا عِلَّةٌ مُسْتَقِلَّةٌ.
وَقَوْلُهُ (وَلِأَنَّ الظَّاهِرَ) وَجْهٌ آخَرُ لِإِبْطَالِ الْقِيَاسِ وَلَا يَجُوزُ فِي الدَّابَّتَيْنِ عِنْدَهُ خِلَافًا لَهُمَا، وَالْوَجْهُ مَا بَيَّنَّاهُ فِي الرُّكُوبِ وَهُوَ قَوْلُهُ اعْتِبَارًا بِقِسْمَةِ الْأَعْيَانِ إِلَخْ (14/85)
وَقَوْلُهُ (وَلَوْ كَانَ نَخْلٌ أَوْ شَجَرٌ إِلَخْ) وَاضِحٌ (14/86)
(كِتَابُ الْمُزَارَعَةِ) : (قَالَ أَبُو حَنِيفَةَ رَحِمَهُ اللَّهُ: الْمُزَارَعَةُ بِالثُّلُثِ وَالرُّبُعِ بَاطِلَةٌ) ","لَا أَنَّ كُلَّ وَاحِدٍ مِنْهُمَا عِلَّةٌ مُسْتَقِلَّةٌ.
وَقَوْلُهُ (وَلِأَنَّ الظَّاهِرَ) وَجْهٌ آخَرُ لِإِبْطَالِ الْقِيَاسِ وَلَا يَجُوزُ فِي الدَّابَّتَيْنِ عِنْدَهُ خِلَافًا لَهُمَا، وَالْوَجْهُ مَا بَيَّنَّاهُ فِي الرُّكُوبِ وَهُوَ قَوْلُهُ اعْتِبَارًا بِقِسْمَةِ الْأَعْيَانِ إِلَخْ (14/85)
وَقَوْلُهُ (وَلَوْ كَانَ نَخْلٌ أَوْ شَجَرٌ إِلَخْ) وَاضِحٌ (14/86)
(كِتَابُ الْمُزَارَعَةِ) : (قَالَ أَبُو حَنِيفَةَ رَحِمَهُ اللَّهُ: الْمُزَارَعَةُ بِالثُّلُثِ وَالرُّبُعِ بَاطِلَةٌ)"
"بل إنما يمتنع عليه الصلاة ما دام يرجو أحد الطهورين كما قاله الأذرعي وهو ظاهر وأفتى به الوالد رحمه الله تعالى (ويعيد) إذا وجد الماء أو التراب بمحل تسقط به الصلاة وإلا حرم عليه قضاؤها، وإنما وجبت الإعادة لأنه عذر نادر.
","بَلْ إِنَّمَا يَمْتَنِعُ عَلَيْهِ الصَّلَاةُ مَا دَامَ يَرْجُو أَحَدَ الطَّهُورَيْنِ كَمَا قَالَهُ الْأَذْرَعِيِّ وَهُوَ ظَاهِرٌ وَأَفْتَى بِهِ الْوَالِدُ رَحِمَهُ اللَّهُ تَعَالَى (وَيُعِيدُ) إِذَا وَجَدَ الْمَاءَ أَوِ التُّرَابَ بِمَحَلٍّ تَسْقُطُ بِهِ الصَّلَاةُ وَإِلَّا حَرُمَ عَلَيْهِ قَضَاؤُهَا، وَإِنَّمَا وَجَبَتِ الْإِعَادَةُ لِأَنَّهُ عُذْرٌ نَادِرٌ.
",بَلْ إِنَّمَا يَمْتَنِعُ عَلَيْهِ الصَّلَاةُ مَا دَامَ يَرْجُو أَحَدَ الطَّهُورَيْنِ كَمَا قَالَهُ الْأَذْرَعِيُّ وَهُوَ ظَاهِرٌ وَأَفْتَى بِهِ الْوَالِدُ رَحِمَهُ اللَّهُ تَعَالَى (وَيُعِيدُ) إِذَا وَجَدَ الْمَاءَ أَوِ التُّرَابَ بِمَحَلٍّ تَسْقُطُ بِهِ الصَّلَاةُ وَإِلَّا حَرُمَ عَلَيْهِ قَضَاؤُهَا، وَإِنَّمَا وَجَبَتِ الْإِعَادَةُ لِأَنَّهُ عُذْرٌ نَادِرٌ.
"هذا جائز عند مالك، إلا أن يكون أحدهما أقرضه قرضا على أن يبيع الرجل الآخر بيعا ويأخذ بذلك جميعا رهنا، فهذا لا يجوز؛ لأن هذا قرض جر منفعة.
وأما إن كان الدين قد وجب من بيع ومن قرض، ولم يقع بينهما شيء من هذا الشرط، ","هَذَا جَائِزٌ عِنْدَ مَالِكٍ، إِلَّا أَنْ يَكُونَ أَحَدُهُمَا أَقْرَضَهُ قَرْضًا عَلَى أَنْ يَبِيعَ الرَّجُلُ الْآخَرُ بَيْعًا وَيَأْخُذَ بِذَلِكَ جَمِيعًا رَهْنًا، فَهَذَا لَا يَجُوزُ؛ لِأَنَّ هَذَا قَرْضٌ جَرَّ مَنْفَعَةً.
وَأَمَّا إِنْ كَانَ الدَّيْنُ قَدْ وَجَبَ مِنْ بَيْعٍ وَمِنْ قَرْضٍ، وَلَمْ يَقَعْ بَيْنَهُمَا شَيْءٌ مِنْ هَذَا الشَّرْطِ، ","هَذَا جَائِزٌ عِنْدَ مَالِكٍ، إِلَّا أَنْ يَكُونَ أَحَدُهُمَا أَقْرَضَهُ قَرْضًا عَلَى أَنْ يَبِيعَ الرَّجُلُ الْآخَرُ بَيْعًا وَيَأْخُذَ بِذَلِكَ جَمِيعًا رَهْنًا، فَهَذَا لَا يَجُوزُ؛ لِأَنَّ هَذَا قَرْضٌ جَرَّ مَنْفَعَةً.
وَأَمَّا إِنْ كَانَ الدَّيْنُ قَدْ وَجَبَ مِنْ بَيْعٍ وَمِنْ قَرْضٍ، وَلَمْ يَقَعْ بَيْنَهُمَا شَيْءٌ مِنْ هَذَا الشَّرْطِ،"
"لأنه يعين أن التخيير للمشتري فلو حذف لفظ دفع لاستقام قوله هنا وهل إلخ إلا أن يجعل نائب فاعل خير هو في دفع لا ضمير المشتري أي وقع التخيير لأهل المذهب في دفع (أو للمشتري) وهو المعتمد (قولان) .
الشرح
(11/17)
(قوله: فيجري فيها إلخ) أي فيقال: إن حصل البيع واستثناؤها قبل الذبح أو قبل السلخ جاز إن كانت أقل من الثلث، ","لِأَنَّهُ يُعَيَّنُ أَنَّ التَّخْيِيرَ لِلْمُشْتَرِي فَلَوْ حُذِفَ لَفْظُ دَفَعَ لَاسْتَقَامَ قَوْلَهُ هُنَا وَهَلْ إِلَخْ إِلَّا أَنْ يُجْعَلَ نَائِبَ فَاعِلِ خُيِّرَ هُوَ فِي دَفَعَ لَا ضَمِيرَ الْمُشْتَرِي أَيْ وَقَعَ التَّخْيِيرُ لِأَهْلِ الْمَذْهَبِ فِي دَفَعَ (أَوْ لِلْمُشْتَرِي) وَهُوَ الْمُعْتَمَدُ (قَوْلَانِ) .
الشَّرْحُ
(11/17)
(قَوْلُهُ: فَيَجْرِي فِيهَا إِلَخْ) أَيْ فَيُقَالُ: إِنْ حَصَلَ الْبَيْعُ وَاسْتِثْنَاؤُهَا قَبْلَ الذَّبْحِ أَوْ قَبْلَ السَّلْخِ جَازَ إِنْ كَانَتْ أَقَلَّ مِنَ الثُّلُثِ، ","لِأَنَّهُ يُعَيِّنُ أَنَّ التَّخْيِيرَ لِلْمُشْتَرِي فَلَوْ حَذَفَ لَفْظَ دَفَعَ لَاسْتَقَامَ قَوْلُهُ هُنَا وَهَلْ إِلَخْ إِلَّا أَنْ يُجْعَلَ نَائِبَ فَاعِلِ خُيِّرَ هُوَ فِي دَفْعٍ لَا ضَمِيرُ الْمُشْتَرِي أَيْ وَقَعَ التَّخْيِيرُ لِأَهْلِ الْمَذْهَبِ فِي دَفْعٍ (أَوْ لِلْمُشْتَرِي) وَهُوَ الْمُعْتَمَدُ (قَوْلَانِ) .
الشَّرْحُ
(11/17)
(قَوْلُهُ: فَيَجْرِي فِيهَا إِلَخْ) أَيْ فَيُقَالُ: إِنْ حَصَلَ الْبَيْعُ وَاسْتِثْنَاؤُهَا قَبْلَ الذَّبْحِ أَوْ قَبْلَ السَّلْخِ جَازَ إِنْ كَانَتْ أَقَلَّ مِنَ الثُّلُثِ،"
"بغير شيء، وإن وجدوها بعد أن اقتسموها أخذوها بالقيمة إن اختاروا، فإن حمل القسمة على قسمة الكفار مخالف لجميع الكتب كما لا يخفى على أولي الأبصار.
(و) أخذه (بالثمن إن اشتراه منهم) في دار الحرب (تاجر) وأخرجه إلى دارنا، فإن المالك القديم إن وجد ماله في ملك خاص، ","بِغَيْرِ شَيْءٍ، وَإِنْ وَجَدُوهَا بَعْدَ أَنِ اقْتَسَمُوهَا أَخَذُوهَا بِالْقِيمَةِ إِنِ اخْتَارُوا، فَإِنَّ حَمْلَ الْقِسْمَةِ عَلَى قِسْمَةِ الْكُفَّارِ مُخَالِفٌ لِجَمِيعِ الْكُتُبِ كَمَا لَا يَخْفَى عَلَى أُولِي الْأَبْصَارِ.
(وَ) أَخَذَهُ (بِالثَّمَنِ إِنِ اشْتَرَاهُ مِنْهُمْ) فِي دَارِ الْحَرْبِ (تَاجِرٌ) وَأَخْرَجَهُ إِلَى دَارِنَا، فَإِنَّ الْمَالِكَ الْقَدِيمَ إِنْ وَجَدَ مَالَهُ فِي مِلْكٍ خَاصٍّ، ","بِغَيْرِ شَيْءٍ، وَإِنْ وَجَدُوهَا بَعْدَ أَنِ اقْتَسَمُوهَا أَخَذُوهَا بِالْقِيمَةِ إِنِ اخْتَارُوا، فَإِنَّ حَمْلَ الْقِسْمَةِ عَلَى قِسْمَةِ الْكُفَّارِ مُخَالِفٌ لِجَمِيعِ الْكُتُبِ كَمَا لَا يَخْفَى عَلَى أُولِي الْأَبْصَارِ.
(وَ) أَخَذَهُ (بِالثَّمَنِ إِنِ اشْتَرَاهُ مِنْهُمْ) فِي دَارِ الْحَرْبِ (تَاجِرٌ) وَأَخْرَجَهُ إِلَى دَارِنَا، فَإِنَّ الْمَالِكَ الْقَدِيمَ إِنْ وَجَدَ مَالَهُ فِي مِلْكٍ خَاصٍّ،"
"وقياس ما مر من صحة الوقف على الخيل المسبلة كما قاله الزركشي صحة الوصية لها بل أولى أي عند الإطلاق؛ ا ه بحروفه.
قوله: (وضية هذا) أي قوله بأن يتصور له الملك وقوله لا تصح لميت أي كالوقف عليه؛ لأنه ليس أهلا للملك.
قوله: (عدم المعصية) فلا تصح لأهل الحرب ولا لأهل الردة.
","وَقِيَاسُ مَا مَرَّ مِنْ صِحَّةِ الْوَقْفِ عَلَى الْخَيْلِ الْمُسَبَّلَةِ كَمَا قَالَهُ الزَّرْكَشِيّ صِحَّةُ الْوَصِيَّةِ لَهَا بَلْ أَوْلَى أَيْ عِنْدَ الْإِطْلَاقِ؛ ا ه بِحُرُوفِهِ.
قَوْلُهُ: (وَضِيَّةُ هَذَا) أَيْ قَوْلِهِ بِأَنْ يَتَصَوَّرَ لَهُ الْمِلْكُ وَقَوْلُهُ لَا تَصِحُّ لِمَيِّتٍ أَيْ كَالْوَقْفِ عَلَيْهِ؛ لِأَنَّهُ لَيْسَ أَهْلًا لِلْمِلْكِ.
قَوْلُهُ: (عَدَمُ الْمَعْصِيَةِ) فَلَا تَصِحُّ لِأَهْلِ الْحَرْبِ وَلَا لِأَهْلِ الرِّدَّةِ.
","وَقِيَاسُ مَا مَرَّ مِنْ صِحَّةِ الْوَقْفِ عَلَى الْخَيْلِ الْمُسَبَّلَةِ كَمَا قَالَهُ الزَّرْكَشِيُّ صِحَّةُ الْوَصِيَّةِ لَهَا بَلْ أَوْلَى أَيْ عِنْدَ الْإِطْلَاقِ؛ ا ه بِحُرُوفِهِ.
قَوْلُهُ: (وَضِيَّةُ هَذَا) أَيْ قَوْلُهُ بِأَنْ يُتَصَوَّرَ لَهُ الْمِلْكُ وَقَوْلُهُ لَا تَصِحُّ لِمَيِّتٍ أَيْ كَالْوَقْفِ عَلَيْهِ؛ لِأَنَّهُ لَيْسَ أَهْلًا لِلْمِلْكِ.
قَوْلُهُ: (عَدَمُ الْمَعْصِيَةِ) فَلَا تَصِحُّ لِأَهْلِ الْحَرْبِ وَلَا لِأَهْلِ الرِّدَّةِ."
"أن أعرابيا بايع رسول الله صلى الله عليه وسلم على الإسلام فأصاب الأعرابي وعك بالمدينة فأتى النبي صلى الله عليه وسلم فقال يا رسول الله: أقلني بيعتي فأبى ثم جاءه فقال: أقلني بيعتي فأبى رسول الله صلى الله عليه وسلم فخرج الأعرابي فقال رسول الله: صلى الله عليه وسلم إنما المدينة كالكير تنفي خبثها وينصع طيبها} .
","أَنَّ أَعْرَابِيًّا بَايَعَ رَسُولَ اللَّهِ صَلَّى اللَّهُ عَلَيْهِ وَسَلَّمَ عَلَى الْإِسْلَامِ فَأَصَابَ الْأَعْرَابِيَّ وَعْكٌ بِالْمَدِينَةِ فَأَتَى النَّبِيَّ صَلَّى اللَّهُ عَلَيْهِ وَسَلَّمَ فَقَالَ يَا رَسُولَ اللَّهِ: أَقِلْنِي بَيْعَتِي فَأَبَى ثُمَّ جَاءَهُ فَقَالَ: أَقِلْنِي بَيْعَتِي فَأَبَى رَسُولُ اللَّهِ صَلَّى اللَّهُ عَلَيْهِ وَسَلَّمَ فَخَرَجَ الْأَعْرَابِيُّ فَقَالَ رَسُولُ اللَّهِ: صَلَّى اللَّهُ عَلَيْهِ وَسَلَّمَ إِنَّمَا الْمَدِينَةُ كَالْكِيرِ تَنْفِي خَبَثَهَا وَيَنْصَعُ طِيبُهَا} .
",أَنَّ أَعْرَابِيًّا بَايَعَ رَسُولَ اللَّهِ صَلَّى اللَّهُ عَلَيْهِ وَسَلَّمَ عَلَى الْإِسْلَامِ فَأَصَابَ الْأَعْرَابِيَّ وَعْكٌ بِالْمَدِينَةِ فَأَتَى النَّبِيَّ صَلَّى اللَّهُ عَلَيْهِ وَسَلَّمَ فَقَالَ يَا رَسُولَ اللَّهِ: أَقِلْنِي بَيْعَتِي فَأَبَى ثُمَّ جَاءَهُ فَقَالَ: أَقِلْنِي بَيْعَتِي فَأَبَى رَسُولُ اللَّهِ صَلَّى اللَّهُ عَلَيْهِ وَسَلَّمَ فَخَرَجَ الْأَعْرَابِيُّ فَقَالَ رَسُولُ اللَّهِ: صَلَّى اللَّهُ عَلَيْهِ وَسَلَّمَ إِنَّمَا الْمَدِينَةُ كَالْكِيرِ تَنْفِي خَبَثَهَا وَيَنْصَعُ طِيبُهَا} .
وصي شهد عنده عدلان لهذا الرجل على الميت ألف درهم حكي عن أبي سليمان الجرجاني أنه قال يسع الوصي أن يدفع إليه المال وإن خاف الوصي الضمان على نفسه وسعه أن لا يعطيه قيل إن كان مال المدعي جارية بعينها يعلم الوصي أنها للمدعي، وإن الميت كان غصبها منه فإن الوصي يدفعها إلى المغصوب منه؛ ,وَصِيٌّ شَهِدَ عِنْدَهُ عَدْلَانِ لِهَذَا الرَّجُلِ عَلَى الْمَيِّتِ أَلْفُ دِرْهَمٍ حُكِيَ عَنْ أَبِي سُلَيْمَانَ الْجُرْجَانِيِّ أَنَّهُ قَالَ يَسَعُ الْوَصِيَّ أَنْ يَدْفَعَ إِلَيْهِ الْمَالَ وَإِنْ خَافَ الْوَصِيُّ الضَّمَانَ عَلَى نَفْسِهِ وَسِعَهُ أَنْ لَا يُعْطِيَهُ قِيلَ إِنْ كَانَ مَالُ الْمُدَّعِي جَارِيَةً بِعَيْنِهَا يَعْلَمُ الْوَصِيُّ أَنَّهَا لِلْمُدَّعِي، وَإِنَّ الْمَيِّتَ كَانَ غَصَبَهَا مِنْهُ فَإِنَّ الْوَصِيَّ يَدْفَعُهَا إِلَى الْمَغْصُوبِ مِنْهُ؛ ,وَصِيٌّ شَهِدَ عِنْدَهُ عَدْلَانِ لِهَذَا الرَّجُلِ عَلَى الْمَيِّتِ أَلْفُ دِرْهَمٍ حُكِيَ عَنْ أَبِي سُلَيْمَانَ الْجُرْجَانِيِّ أَنَّهُ قَالَ يَسَعُ الْوَصِيَّ أَنْ يَدْفَعَ إِلَيْهِ الْمَالَ وَإِنْ خَافَ الْوَصِيُّ الضَّمَانَ عَلَى نَفْسِهِ وَسِعَهُ أَنْ لَا يُعْطِيَهُ قِيلَ إِنْ كَانَ مَالُ الْمُدَّعِي جَارِيَةً بِعَيْنِهَا يَعْلَمُ الْوَصِيُّ أَنَّهَا لِلْمُدَّعِي، وَإِنَّ الْمَيِّتَ كَانَ غَصَبَهَا مِنْهُ فَإِنَّ الْوَصِيَّ يَدْفَعُهَا إِلَى الْمَغْصُوبِ مِنْهُ؛
"ونافجة المسك إن كانت بحال لو أصابها الماء لم تفسد فهي طاهرة والأصح أنها طاهرة بكل حال ومن الذكية طاهرة بالاتفاق.
كذا في التبيين. (1/322)
أما الخنزير فجميع أجزائه نجسة.
كذا في الاختيار شرح المختار. (1/323)
لو وقع في البئر عظم الميتة وعليه لحم أو دسم تنجس وإلا لا.
كذا في معراج الدراية. (1/324)
","وَنَافِجَةُ الْمِسْكِ إِنْ كَانَتْ بِحَالٍ لَوْ أَصَابَهَا الْمَاءُ لَمْ تَفْسُدْ فَهِيَ طَاهِرَةٌ وَالْأَصَحُّ أَنَّهَا طَاهِرَةٌ بِكُلِّ حَالٍ وَمِنَ الذَّكِيَّةِ طَاهِرَةٌ بِالِاتِّفَاقِ.
كَذَا فِي التَّبْيِينِ. (1/322)
أَمَّا الْخِنْزِيرُ فَجَمِيعُ أَجْزَائِهِ نَجِسَةٌ.
كَذَا فِي الِاخْتِيَارِ شَرْحِ الْمُخْتَارِ. (1/323)
لَوْ وَقَعَ فِي الْبِئْرِ عَظْمُ الْمَيْتَةِ وَعَلَيْهِ لَحْمٌ أَوْ دَسَمٌ تَنَجَّسَ وَإِلَّا لَا.
كَذَا فِي مِعْرَاجِ الدِّرَايَةِ. (1/324)
","وَنَافِجَةُ الْمِسْكِ إِنْ كَانَتْ بِحَالٍ لَوْ أَصَابَهَا الْمَاءُ لَمْ تَفْسُدْ فَهِيَ طَاهِرَةٌ وَالْأَصَحُّ أَنَّهَا طَاهِرَةٌ بِكُلِّ حَالٍ وَمِنَ الذَّكِيَّةِ طَاهِرَةٌ بِالِاتِّفَاقِ.
كَذَا فِي التَّبْيِينِ. (1/322)
أَمَّا الْخِنْزِيرُ فَجَمِيعُ أَجْزَائِهِ نَجِسَةٌ.
كَذَا فِي الِاخْتِيَارِ شَرْحِ الْمُخْتَارِ. (1/323)
لَوْ وَقَعَ فِي الْبِئْرِ عَظْمُ الْمَيْتَةِ وَعَلَيْهِ لَحْمٌ أَوْ دَسَمٌ تَنَجَّسَ وَإِلَّا لَا.
كَذَا فِي مِعْرَاجِ الدِّرَايَةِ. (1/324)"
"ولو قال: بعتك قفيزا من هذه الصبرة صح وإن كان قفيزا من صبرة مجهولا لكن هذه جهالة لا تفضي إلى المنازعة؛ لأن الصبرة الواحدة متماثلة القفزان بخلاف الشاة من القطيع وثوب من الأربعة؛ لأن بين شاة وشاة تفاوتا فاحشا وكذا بين ثوب وثوب والله سبحانه وتعالى أعلم. (11/168)
","وَلَوْ قَالَ: بِعْتُكَ قَفِيزًا مِنْ هَذِهِ الصُّبْرَةِ صَحَّ وَإِنْ كَانَ قَفِيزًا مِنْ صُبْرَةٍ مَجْهُولًا لَكِنْ هَذِهِ جَهَالَةٌ لَا تُفْضِي إِلَى الْمُنَازَعَةِ؛ لِأَنَّ الصُّبْرَةَ الْوَاحِدَةَ مُتَمَاثِلَةُ الْقُفْزَانِ بِخِلَافِ الشَّاةِ مِنَ الْقَطِيعِ وَثَوْبٍ مِنَ الْأَرْبَعَةِ؛ لِأَنَّ بَيْنَ شَاةٍ وَشَاةٍ تَفَاوُتًا فَاحِشًا وَكَذَا بَيْنَ ثَوْبٍ وَثَوْبٍ وَاللَّهُ سُبْحَانَهُ وَتَعَالَى أَعْلَمُ. (11/168)
",وَلَوْ قَالَ: بِعْتُكَ قَفِيزًا مِنْ هَذِهِ الصُّبْرَةِ صَحَّ وَإِنْ كَانَ قَفِيزًا مِنْ صُبْرَةٍ مَجْهُولًا لَكِنَّ هَذِهِ جَهَالَةٌ لَا تُفْضِي إِلَى الْمُنَازَعَةِ؛ لِأَنَّ الصُّبْرَةَ الْوَاحِدَةَ مُتَمَاثِلَةُ الْقُفْزَانِ بِخِلَافِ الشَّاةِ مِنَ الْقَطِيعِ وَثَوْبٍ مِنَ الْأَرْبَعَةِ؛ لِأَنَّ بَيْنَ شَاةٍ وَشَاةٍ تَفَاوُتًا فَاحِشًا وَكَذَا بَيْنَ ثَوْبٍ وَثَوْبٍ وَاللَّهُ سُبْحَانَهُ وَتَعَالَى أَعْلَمُ. (11/168)
"لا خير فيه، ورأيته منتقضا إنما بيع بالذهب والورق أن يأخذ ويعطي بحضرة البيع ولا يتأخر شيء من ذلك عن حضور البيع.
مخرمة بن بكير، عن أبيه قال: سمعت عمرو بن شعيب يقول: قال عبد الله بن عمرو بن العاص: {قال لنا رسول الله صلى الله عليه وسلم يوم خيبر: ","لَا خَيْرَ فِيهِ، وَرَأَيْتُهُ مُنْتَقِضًا إِنَّمَا بِيعَ بِالذَّهَبِ وَالْوَرِقِ أَنْ يَأْخُذَ وَيُعْطِيَ بِحَضْرَةِ الْبَيْعِ وَلَا يَتَأَخَّرُ شَيْءٌ مِنْ ذَلِكَ عَنْ حُضُورِ الْبَيْعِ.
مَخْرَمَةُ بْنُ بُكَيْرٍ، عَنْ أَبِيهِ قَالَ: سَمِعْت عَمْرَو بْنَ شُعَيْبٍ يَقُولُ: قَالَ عَبْدُ اللَّهِ بْنُ عَمْرِو بْنِ الْعَاصِ: {قَالَ لَنَا رَسُولُ اللَّهِ صَلَّى اللَّهُ عَلَيْهِ وَسَلَّمَ يَوْمَ خَيْبَرَ: ","لَا خَيْرَ فِيهِ، وَرَأَيْتُهُ مُنْتَقِضًا إِنَّمَا بِيعَ بِالذَّهَبِ وَالْوَرِقِ أَنْ يَأْخُذَ وَيُعْطِيَ بِحَضْرَةِ الْبَيْعِ وَلَا يَتَأَخَّرُ شَيْءٌ مِنْ ذَلِكَ عَنْ حُضُورِ الْبَيْعِ.
مَخْرَمَةُ بْنُ بُكَيْرٍ، عَنْ أَبِيهِ قَالَ: سَمِعْتُ عَمْرَو بْنَ شُعَيْبٍ يَقُولُ: قَالَ عَبْدُ اللَّهِ بْنُ عَمْرِو بْنِ الْعَاصِ: {قَالَ لَنَا رَسُولُ اللَّهِ صَلَّى اللَّهُ عَلَيْهِ وَسَلَّمَ يَوْمَ خَيْبَرَ:"
"وإن لم تخرج الأرض شيئا، والفرق أن الواجب في العقد الصحيح هو المسمى وهو بعض الخارج، ولم يوجد الخارج فلا يجب شيء، والواجب في المزارعة الفاسدة أجر مثل العمل في الذمة لا في الخارج، فانعدام الخارج لا يمنع وجوبه في الذمة فهو الفرق (ومنها) : أن هذا العقد غير لازم في جانب صاحب البذر لازم في جانب صاحبه.
","وَإِنْ لَمْ تُخْرِجِ الْأَرْضُ شَيْئًا، وَالْفَرْقُ أَنَّ الْوَاجِبَ فِي الْعَقْدِ الصَّحِيحِ هُوَ الْمُسَمَّى وَهُوَ بَعْضُ الْخَارِجِ، وَلَمْ يُوجَدِ الْخَارِجُ فَلَا يَجِبُ شَيْءٌ، وَالْوَاجِبُ فِي الْمُزَارَعَةِ الْفَاسِدَةِ أَجْرُ مِثْلِ الْعَمَلِ فِي الذِّمَّةِ لَا فِي الْخَارِجِ، فَانْعِدَامُ الْخَارِجِ لَا يَمْنَعُ وُجُوبَهُ فِي الذِّمَّةِ فَهُوَ الْفَرْقُ (وَمِنْهَا) : أَنَّ هَذَا الْعَقْدَ غَيْرُ لَازِمٍ فِي جَانِبِ صَاحِبِ الْبَذْرِ لَازِمٌ فِي جَانِبِ صَاحِبِهِ.
",وَإِنْ لَمْ تُخْرِجِ الْأَرْضُ شَيْئًا، وَالْفَرْقُ أَنَّ الْوَاجِبَ فِي الْعَقْدِ الصَّحِيحِ هُوَ الْمُسَمَّى وَهُوَ بَعْضُ الْخَارِجِ، وَلَمْ يُوجَدِ الْخَارِجُ فَلَا يَجِبُ شَيْءٌ، وَالْوَاجِبُ فِي الْمُزَارَعَةِ الْفَاسِدَةِ أَجْرُ مِثْلِ الْعَمَلِ فِي الذِّمَّةِ لَا فِي الْخَارِجِ، فَانْعِدَامُ الْخَارِجِ لَا يَمْنَعُ وُجُوبَهُ فِي الذِّمَّةِ فَهُوَ الْفَرْقُ (وَمِنْهَا) : أَنَّ هَذَا الْعَقْدَ غَيْرُ لَازِمٍ فِي جَانِبِ صَاحِبِ الْبَذْرِ لَازِمٌ فِي جَانِبِ صَاحِبِهِ.
"لم يكن الحديث من صنعته فكثر المناكير في حديثه فاستحق ترك الاحتجاج به، كذا قال، والصواب كلام الأئمة قبله، فهذا حديث حسن، قال بعضهم: كان قوم (10/252)
في الجاهلية لهم إماء بغايا تلد وقد زنت فيدعي سيدها الولد، ويدعيه الزاني، حتى جاء الإسلام، فقضى عليه السلام بالولد للسيد لأنه صاحب الفراش، ","لَمْ يَكُنِ الْحَدِيثُ مِنْ صَنْعَتِهِ فَكَثُرَ الْمَنَاكِيرُ فِي حَدِيثِهِ فَاسْتَحَقَّ تَرْكَ الِاحْتِجَاجِ بِهِ، كَذَا قَالَ، وَالصَّوَابُ كَلَامُ الْأَئِمَّةِ قَبْلَهُ، فَهَذَا حَدِيثٌ حَسَنٌ، قَالَ بَعْضُهُمْ: كَانَ قَوْمٌ (10/252)
فِي الْجَاهِلِيَّةِ لَهُمْ إِمَاءٌ بَغَايَا تَلِدُ وَقَدْ زَنَتْ فَيَدَّعِي سَيِّدُهَا الْوَلَدَ، وَيَدَّعِيهِ الزَّانِي، حَتَّى جَاءَ الْإِسْلَامُ، فَقَضَى عَلَيْهِ السَّلَامُ بِالْوَلَدِ لِلسَّيِّدِ لِأَنَّهُ صَاحِبُ الْفِرَاشِ، ","لَمْ يَكُنِ الْحَدِيثُ مِنْ صَنْعَتِهِ فَكَثُرَ الْمَنَاكِيرُ فِي حَدِيثِهِ فَاسْتَحَقَّ تَرْكَ الِاحْتِجَاجِ بِهِ، كَذَا قَالَ، وَالصَّوَابُ كَلَامُ الْأَئِمَّةِ قَبْلَهُ، فَهَذَا حَدِيثٌ حَسَنٌ، قَالَ بَعْضُهُمْ: كَانَ قَوْمٌ (10/252)
فِي الْجَاهِلِيَّةِ لَهُمْ إِمَاءٌ بَغَايَا تَلِدُ وَقَدْ زَنَتْ فَيَدَّعِي سَيِّدُهَا الْوَلَدَ، وَيَدَّعِيهِ الزَّانِي، حَتَّى جَاءَ الْإِسْلَامُ، فَقَضَى عَلَيْهِ السَّلَامُ بِالْوَلَدِ لِلسَّيِّدِ لِأَنَّهُ صَاحِبُ الْفِرَاشِ،"
والصحيح عندنا أنه لا بأس باتخاذ الحمام للرجال والنساء جميعا للحاجة إلى ذلك خصوصا في ديارنا والحاجة في حق النساء أظهر لأن المرأة تحتاج إلى الاغتسال من الحيض والنفاس والجنابة ولا تتمكن من ذلك إلا في الأنهار والحياض كما يتمكن منه الرجل ولأن المطلوب به معنى الزينة بإزالة الدرن وحاجة النساء فيما يرجع إلى الزينة أكثر وقد صح في الحديث أن النبي صلى الله عليه وسلم {,وَالصَّحِيحُ عِنْدَنَا أَنَّهُ لَا بَأْسَ بِاتِّخَاذِ الْحَمَّامِ لِلرِّجَالِ وَالنِّسَاءِ جَمِيعًا لِلْحَاجَةِ إِلَى ذَلِكَ خُصُوصًا فِي دِيَارِنَا وَالْحَاجَةُ فِي حَقِّ النِّسَاءِ أَظْهَرُ لِأَنَّ الْمَرْأَةَ تَحْتَاجُ إِلَى الِاغْتِسَالِ مِنَ الْحَيْضِ وَالنِّفَاسِ وَالْجَنَابَةِ وَلَا تَتَمَكَّنُ مِنْ ذَلِكَ إِلَّا فِي الْأَنْهَارِ وَالْحِيَاضِ كَمَا يَتَمَكَّنُ مِنْهُ الرَّجُلُ وَلِأَنَّ الْمَطْلُوبَ بِهِ مَعْنَى الزِّينَةِ بِإِزَالَةِ الدَّرَنِ وَحَاجَةُ النِّسَاءِ فِيمَا يَرْجِعُ إِلَى الزِّينَةِ أَكْثَرُ وَقَدْ صَحَّ فِي الْحَدِيثِ أَنَّ النَّبِيَّ صَلَّى اللَّهُ عَلَيْهِ وَسَلَّمَ {,وَالصَّحِيحُ عِنْدَنَا أَنَّهُ لَا بَأْسَ بِاتِّخَاذِ الْحَمَّامِ لِلرِّجَالِ وَالنِّسَاءِ جَمِيعًا لِلْحَاجَةِ إِلَى ذَلِكَ خُصُوصًا فِي دِيَارِنَا وَالْحَاجَةُ فِي حَقِّ النِّسَاءِ أَظْهَرُ لِأَنَّ الْمَرْأَةَ تَحْتَاجُ إِلَى الِاغْتِسَالِ مِنَ الْحَيْضِ وَالنِّفَاسِ وَالْجَنَابَةِ وَلَا تَتَمَكَّنُ مِنْ ذَلِكَ إِلَّا فِي الْأَنْهَارِ وَالْحِيَاضِ كَمَا يَتَمَكَّنُ مِنْهُ الرَّجُلُ وَلِأَنَّ الْمَطْلُوبَ بِهِ مَعْنَى الزِّينَةِ بِإِزَالَةِ الدَّرَنِ وَحَاجَةُ النِّسَاءِ فِيمَا يَرْجِعُ إِلَى الزِّينَةِ أَكْثَرُ وَقَدْ صَحَّ فِي الْحَدِيثِ أَنَّ النَّبِيَّ صَلَّى اللَّهُ عَلَيْهِ وَسَلَّمَ {
لأن المكث هناك أخوف عليها من الخروج؛ لأنه لا يصلح للإقامة إلا أن الرجوع أولى لما ذكرنا ثم إذا مضت وبلغت إلى أقرب بقعة فيها الأمن، وهي تصلح للإقامة أقامت فيه عند أبي حنيفة وأما إذا كان موضع الطلاق أو الموت يصلح للإقامة فإنها لا تخرج منه حتى تنقضي عدتها سواء كان معها محرم أو لا ثم تخرج بعد ذلك، ,لِأَنَّ الْمُكْثَ هُنَاكَ أَخْوَفُ عَلَيْهَا مِنَ الْخُرُوجِ؛ لِأَنَّهُ لَا يَصْلُحُ لِلْإِقَامَةِ إِلَّا أَنَّ الرُّجُوعَ أَوْلَى لِمَا ذَكَرْنَا ثُمَّ إِذَا مَضَتْ وَبَلَغَتْ إِلَى أَقْرَبِ بُقْعَةٍ فِيهَا الْأَمْنُ، وَهِيَ تَصْلُحُ لِلْإِقَامَةِ أَقَامَتْ فِيهِ عِنْدَ أَبِي حَنِيفَةَ وَأَمَّا إِذَا كَانَ مَوْضِعُ الطَّلَاقِ أَوِ الْمَوْتِ يَصْلُحُ لِلْإِقَامَةِ فَإِنَّهَا لَا تَخْرُجُ مِنْهُ حَتَّى تَنْقَضِيَ عِدَّتُهَا سَوَاءٌ كَانَ مَعَهَا مُحْرِمٌ أَوْ لَا ثُمَّ تَخْرُجُ بَعْدَ ذَلِكَ، ,لِأَنَّ الْمُكْثَ هُنَاكَ أَخْوَفُ عَلَيْهَا مِنَ الْخُرُوجِ؛ لِأَنَّهُ لَا يَصْلُحُ لِلْإِقَامَةِ إِلَّا أَنَّ الرُّجُوعَ أَوْلَى لِمَا ذَكَرْنَا ثُمَّ إِذَا مَضَتْ وَبَلَغَتْ إِلَى أَقْرَبِ بُقْعَةٍ فِيهَا الْأَمْنُ، وَهِيَ تَصْلُحُ لِلْإِقَامَةِ أَقَامَتْ فِيهِ عِنْدَ أَبِي حَنِيفَةَ وَأَمَّا إِذَا كَانَ مَوْضِعُ الطَّلَاقِ أَوِ الْمَوْتِ يَصْلُحُ لِلْإِقَامَةِ فَإِنَّهَا لَا تَخْرُجُ مِنْهُ حَتَّى تَنْقَضِيَ عِدَّتُهَا سَوَاءٌ كَانَ مَعَهَا مَحْرَمٌ أَوْ لَا ثُمَّ تَخْرُجُ بَعْدَ ذَلِكَ،
"والدفع يجب من ماله حالا، كذلك ههنا، والله تعالى الموفق للصواب، وإن كان القاتل أم ولد فأم الولد في جميع ما وصفنا والمدبر سواء؛ لأن الواجب في جنايتهما ضمان المنع أيضا، إلا أن جهة المنع تختلف، فالمنع في أم الولد بالاستيلاد، وفي المدبر بالتدبير؛ لذلك استويا في حكم الجناية، والله تعالى أعلم. (16/403)
","وَالدَّفْعُ يَجِبُ مِنْ مَالِهِ حَالًا، كَذَلِكَ هَهُنَا، وَاللَّهُ تَعَالَى الْمُوَفِّقُ لِلصَّوَابِ، وَإِنْ كَانَ الْقَاتِلُ أُمَّ وَلَدٍ فَأُمُّ الْوَلَدِ فِي جَمِيعِ مَا وَصَفْنَا وَالْمُدَبَّرُ سَوَاءٌ؛ لِأَنَّ الْوَاجِبَ فِي جِنَايَتِهِمَا ضَمَانُ الْمَنْعِ أَيْضًا، إِلَّا أَنَّ جِهَةَ الْمَنْعِ تَخْتَلِفُ، فَالْمَنْعُ فِي أُمِّ الْوَلَدِ بِالِاسْتِيلَادِ، وَفِي الْمُدَبَّرِ بِالتَّدْبِيرِ؛ لِذَلِكَ اسْتَوَيَا فِي حُكْمِ الْجِنَايَةِ، وَاللَّهُ تَعَالَى أَعْلَمُ. (16/403)
",وَالدَّفْعُ يَجِبُ مِنْ مَالِهِ حَالًّا، كَذَلِكَ هَهُنَا، وَاللَّهُ تَعَالَى الْمُوَفِّقُ لِلصَّوَابِ، وَإِنْ كَانَ الْقَاتِلُ أُمَّ وَلَدٍ فَأُمُّ الْوَلَدِ فِي جَمِيعِ مَا وَصَفْنَا وَالْمُدَبَّرُ سَوَاءٌ؛ لِأَنَّ الْوَاجِبَ فِي جِنَايَتِهِمَا ضَمَانُ الْمَنْعِ أَيْضًا، إِلَّا أَنَّ جِهَةَ الْمَنْعِ تَخْتَلِفُ، فَالْمَنْعُ فِي أُمِّ الْوَلَدِ بِالِاسْتِيلَادِ، وَفِي الْمُدَبَّرِ بِالتَّدْبِيرِ؛ لِذَلِكَ اسْتَوَيَا فِي حُكْمِ الْجِنَايَةِ، وَاللَّهُ تَعَالَى أَعْلَمُ. (16/403)
"الكلام النفسي (1/409)
","الْكَلَامُ النَّفْسِيُّ (1/409)
",الْكَلَامُ النَّفْسِيُّ (1/409)
"هذا الإسناد، وإن كان فيه مقال ففيه لهذا المذهب استظهار وروى أبو داود وغيره عن عبد الله بن عمر وقال: قال رسول الله صلى الله عليه وسلم {لا يحل بيع وسلف ولا بيع ما لم يضمن ولا بيع ما ليس عندك} وتقدم من حديث (6/335)
","هَذَا الْإِسْنَادُ، وَإِنْ كَانَ فِيهِ مَقَالٌ فَفِيهِ لِهَذَا الْمَذْهَبِ اسْتِظْهَارٌ وَرَوَى أَبُو دَاوُدَ وَغَيْرُهُ عَنْ عَبْدِ اللَّهِ بْنِ عُمَرَ وَقَالَ: قَالَ رَسُولُ اللَّهِ صَلَّى اللَّهُ عَلَيْهِ وَسَلَّمَ {لَا يَحِلُّ بَيْعٌ وَسَلَفٌ وَلَا بَيْعُ مَا لَمْ يُضْمَنْ وَلَا بَيْعُ مَا لَيْسَ عِنْدَك} وَتَقَدَّمَ مِنْ حَدِيثِ (6/335)
",هَذَا الْإِسْنَادُ، وَإِنْ كَانَ فِيهِ مَقَالٌ فَفِيهِ لِهَذَا الْمَذْهَبِ اسْتِظْهَارٌ وَرَوَى أَبُو دَاوُدَ وَغَيْرُهُ عَنْ عَبْدِ اللَّهِ بْنِ عُمَرَ وَقَالَ: قَالَ رَسُولُ اللَّهِ صَلَّى اللَّهُ عَلَيْهِ وَسَلَّمَ {لَا يَحِلُّ بَيْعٌ وَسَلَفٌ وَلَا بَيْعُ مَا لَمْ يُضْمَنْ وَلَا بَيْعُ مَا لَيْسَ عِنْدَك} وَتَقَدَّمَ مِنْ حَدِيثِ (6/335)
"ويترتب على عدمها وجوب الثواب.
قوله: {أمير نفسه} بالراء وبالنون روايتان.
قوله: {إن شاء صام} أي أتم صومه فلا يرد أن فرض الكلام أنه صائم.
وأما قوله: {ولا تبطلوا أعمالكم} فمحمول على الفرض. (7/31)
ومن تلبس بصوم واجب أو صلاة واجبة حرم عليه قطعه سواء كان قضاؤه على الفور كصوم من تعدى بالفطر، ","وَيَتَرَتَّبُ عَلَى عَدَمِهَا وُجُوبُ الثَّوَابِ.
قَوْلُهُ: {أَمِيرُ نَفْسِهِ} بِالرَّاءِ وَبِالنُّونِ رِوَايَتَانِ.
قَوْلُهُ: {إِنْ شَاءَ صَامَ} أَيْ أَتَمَّ صَوْمَهُ فَلَا يَرِدُ أَنَّ فَرْضَ الْكَلَامِ أَنَّهُ صَائِمٌ.
وَأَمَّا قَوْلُهُ: {وَلَا تُبْطِلُوا أَعْمَالَكُمْ} فَمَحْمُولٌ عَلَى الْفَرْضِ. (7/31)
وَمَنْ تَلَبَّسَ بِصَوْمٍ وَاجِبٍ أَوْ صَلَاةٍ وَاجِبَةٍ حَرُمَ عَلَيْهِ قَطْعُهُ سَوَاءٌ كَانَ قَضَاؤُهُ عَلَى الْفَوْرِ كَصَوْمِ مَنْ تَعَدَّى بِالْفِطْرِ، ","وَيَتَرَتَّبُ عَلَى عَدَمِهَا وُجُوبُ الثَّوَابِ.
قَوْلُهُ: {أَمِيرَ نَفْسِهِ} بِالرَّاءِ وَبِالنُّونِ رِوَايَتَانِ.
قَوْلُهُ: {إِنْ شَاءَ صَامَ} أَيْ أَتَمَّ صَوْمَهُ فَلَا يَرِدُ أَنَّ فَرْضَ الْكَلَامِ أَنَّهُ صَائِمٌ.
وَأَمَّا قَوْلُهُ: {وَلَا تُبْطِلُوا أَعْمَالَكُمْ} فَمَحْمُولٌ عَلَى الْفَرْضِ. (7/31)
وَمَنْ تَلَبَّسَ بِصَوْمٍ وَاجِبٍ أَوْ صَلَاةٍ وَاجِبَةٍ حَرُمَ عَلَيْهِ قَطْعُهُ سَوَاءٌ كَانَ قَضَاؤُهُ عَلَى الْفَوْرِ كَصَوْمِ مَنْ تَعَدَّى بِالْفِطْرِ،"
"فأما إذا قامتا على ملك موقت من غير سبب فإن استوى الوقتان يقضي للخارج لأنه بطل اعتبار الوقتين للتعارض فبقي دعوى ملك مطلق وإن كان أحدهما أسبق من الآخر يقضى للأسبق وقتا أيهما كان في قول أبي حنيفة وأبي يوسف ومحمد رحمهم الله تعالى وروى ابن سماعة عن محمد أنه رجع عن هذا القول عند رجوعه من الرقة وقال لا تقبل من صاحب اليد بينة على وقت وغيره إلا في النتاج والصحيح جواب ظاهر الرواية لأن بينة صاحب الوقت الأسبق أظهرت الملك له في وقت لا ينازعه فيه أحد فيدفع المدعي إلى أن يثبت بالدليل سببا للانتقال عنه إلى غيره (14/189)
","فَأَمَّا إِذَا قَامَتَا عَلَى مِلْكٍ مُوَقَّتٍ مِنْ غَيْرِ سَبَبٍ فَإِنِ اسْتَوَى الْوَقْتَانِ يَقْضِي لِلْخَارِجِ لِأَنَّهُ بَطَل اعْتِبَارُ الْوَقْتَيْنِ لِلتَّعَارُضِ فَبَقِيَ دَعْوَى مِلْكٍ مُطْلَقٍ وَإِنْ كَانَ أَحَدُهُمَا أَسْبَقَ مِنَ الْآخَرِ يُقْضَى لِلْأَسْبَقِ وَقْتًا أَيُّهُمَا كَانَ فِي قَوْلِ أَبِي حَنِيفَةَ وَأَبِي يُوسُفَ وَمُحَمَّدٍ رَحِمَهُمُ اللَّهُ تَعَالَى وَرَوَى ابْنُ سِمَاعَةَ عَنْ مُحَمَّدٍ أَنَّهُ رَجَعَ عَنْ هَذَا الْقَوْلِ عِنْدَ رُجُوعِهِ مِنَ الرِّقَّةِ وَقَالَ لَا تُقْبَلُ مِنْ صَاحِبِ الْيَدِ بَيِّنَةٌ عَلَى وَقْتٍ وَغَيْرِهِ إِلَّا فِي النِّتَاجِ وَالصَّحِيحُ جَوَابُ ظَاهِرِ الرِّوَايَةِ لِأَنَّ بَيِّنَةَ صَاحِبِ الْوَقْتِ الْأَسْبَقِ أَظْهَرَتِ الْمِلْكَ لَهُ فِي وَقْتٍ لَا يُنَازِعهُ فِيهِ أَحَدٌ فَيَدْفَعُ الْمُدَّعِي إِلَى أَنْ يُثْبِتَ بِالدَّلِيلِ سَبَبًا لِلِانْتِقَالِ عَنْهُ إِلَى غَيْرِهِ (14/189)
",فَأَمَّا إِذَا قَامَتَا عَلَى مِلْكٍ مُوَقَّتٍ مِنْ غَيْرِ سَبَبٍ فَإِنِ اسْتَوَى الْوَقْتَانِ يَقْضِي لِلْخَارِجِ لِأَنَّهُ بَطَلَ اعْتِبَارُ الْوَقْتَيْنِ لِلتَّعَارُضِ فَبَقِيَ دَعْوَى مِلْكٍ مُطْلَقٍ وَإِنْ كَانَ أَحَدُهُمَا أَسْبَقَ مِنَ الْآخَرِ يُقْضَى لِلْأَسْبَقِ وَقْتًا أَيُّهُمَا كَانَ فِي قَوْلِ أَبِي حَنِيفَةَ وَأَبِي يُوسُفَ وَمُحَمَّدٍ رَحِمَهُمُ اللَّهُ تَعَالَى وَرَوَى ابْنُ سِمَاعَةَ عَنْ مُحَمَّدٍ أَنَّهُ رَجَعَ عَنْ هَذَا الْقَوْلِ عِنْدَ رُجُوعِهِ مِنَ الرِّقَّةِ وَقَالَ لَا تُقْبَلُ مِنْ صَاحِبِ الْيَدِ بَيِّنَةٌ عَلَى وَقْتٍ وَغَيْرِهِ إِلَّا فِي النِّتَاجِ وَالصَّحِيحُ جَوَابُ ظَاهِرِ الرِّوَايَةِ لِأَنَّ بَيِّنَةَ صَاحِبِ الْوَقْتِ الْأَسْبَقِ أَظْهَرَتِ الْمِلْكَ لَهُ فِي وَقْتٍ لَا يُنَازِعُهُ فِيهِ أَحَدٌ فَيَدْفَعُ الْمُدَّعِي إِلَى أَنْ يُثْبِتَ بِالدَّلِيلِ سَبَبًا لِلِانْتِقَالِ عَنْهُ إِلَى غَيْرِهِ (14/189)
لأنه العادة في حقها دونه أما جعله في الخنصر فيحنث به كل منهما وما قاله تبع فيه ابن الرفعة وغيره أخذا من كلامهم في الوديعة بل نقله ابن الرفعة عن الجامع الكبير ردا على قول الأصل فعن المزني في الجامع أنه لا يحنث؛ ,لِأَنَّهُ الْعَادَةُ فِي حَقِّهَا دُونَهُ أَمَّا جَعَلَهُ فِي الْخِنْصَرِ فَيَحْنَثُ بِهِ كُلٌّ مِنْهُمَا وَمَا قَالَهُ تَبِعَ فِيهِ ابْنَ الرِّفْعَةِ وَغَيْرَهُ أَخْذًا مِنْ كَلَامِهِمْ فِي الْوَدِيعَةِ بَلْ نَقَلَهُ ابْنُ الرِّفْعَةِ عَنِ الْجَامِعِ الْكَبِيرِ رَدًّا عَلَى قَوْلِ الْأَصْلِ فَعَنِ الْمُزَنِيّ فِي الْجَامِعِ أَنَّهُ لَا يَحْنَثُ؛ ,لِأَنَّهُ الْعَادَةُ فِي حَقِّهَا دُونَهُ أَمَّا جَعْلُهُ فِي الْخِنْصَرِ فَيَحْنَثُ بِهِ كُلٌّ مِنْهُمَا وَمَا قَالَهُ تَبِعَ فِيهِ ابْنَ الرِّفْعَةِ وَغَيْرَهُ أَخْذًا مِنْ كَلَامِهِمْ فِي الْوَدِيعَةِ بَلْ نَقَلَهُ ابْنُ الرِّفْعَةِ عَنِ الْجَامِعِ الْكَبِيرِ رَدًّا عَلَى قَوْلِ الْأَصْلِ فَعَنِ الْمُزَنِيّ فِي الْجَامِعِ أَنَّهُ لَا يَحْنَثُ؛
ولم يذكر تحية المسجد أيضا مع ذكرهم لها هنا لأنه ضعيف إذا صرحوا بأنه إذا شرع في الفريضة حين دخل المسجد أجزأه عن تحية المسجد لحصولها بذلك فلا حاجة إلى تحية غيرها وكذا لو شرع في السنة كذا في البحر تبعا للفتح لكن نقل الخير الرملي على خط العلامة المقدسي أنه لا شك أن صلاة التحية بالاستقلال أفضل من الإتيان بها في ضمن الفريضة ولا يخفى أن من يعتكف ويلازم باب الكريم إنما يروم ما يوجب له مزيد التفضيل والتكريم ا ه فافهم (قوله على الخلاف) ,وَلَمْ يَذْكُرْ تَحِيَّةَ الْمَسْجِدِ أَيْضًا مَعَ ذِكْرِهِمْ لَهَا هُنَا لِأَنَّهُ ضَعِيفٌ إِذَا صَرَّحُوا بِأَنَّهُ إِذَا شَرَعَ فِي الْفَرِيضَةِ حِينَ دَخَلَ الْمَسْجِدَ أَجْزَأَهُ عَنْ تَحِيَّةِ الْمَسْجِدِ لِحُصُولِهَا بِذَلِكَ فَلَا حَاجَةَ إِلَى تَحِيَّةِ غَيْرِهَا وَكَذَا لَوْ شَرَعَ فِي السُّنَّةِ كَذَا فِي الْبَحْرِ تَبَعًا لِلْفَتْحِ لَكِنْ نَقَلَ الْخَيْرُ الرَّمْلِيُّ عَلَى خَطِّ الْعَلَّامَةِ الْمَقْدِسِيَّ أَنَّهُ لَا شَكَّ أَنَّ صَلَاةَ التَّحِيَّةِ بِالِاسْتِقْلَالِ أَفْضَلُ مِنَ الْإِتْيَانِ بِهَا فِي ضِمْنِ الْفَرِيضَةِ وَلَا يَخْفَى أَنَّ مَنْ يَعْتَكِفُ وَيُلَازِمُ بَابَ الْكَرِيمِ إِنَّمَا يَرُومُ مَا يُوجِبُ لَهُ مَزِيدَ التَّفْضِيلِ وَالتَّكْرِيمِ ا ه فَافْهَمْ (قَوْلُهُ عَلَى الْخِلَافِ) ,وَلَمْ يَذْكُرْ تَحِيَّةَ الْمَسْجِدِ أَيْضًا مَعَ ذِكْرِهِمْ لَهَا هُنَا لِأَنَّهُ ضَعِيفٌ إِذَا صَرَّحُوا بِأَنَّهُ إِذَا شَرَعَ فِي الْفَرِيضَةِ حِينَ دَخَلَ الْمَسْجِدَ أَجْزَأَهُ عَنْ تَحِيَّةِ الْمَسْجِدِ لِحُصُولِهَا بِذَلِكَ فَلَا حَاجَةَ إِلَى تَحِيَّةِ غَيْرِهَا وَكَذَا لَوْ شَرَعَ فِي السُّنَّةِ كَذَا فِي الْبَحْرِ تَبَعًا لِلْفَتْحِ لَكِنْ نَقَلَ الْخَيْرُ الرَّمْلِيُّ عَلَى خَطِّ الْعَلَّامَةِ الْمَقْدِسِيَّ أَنَّهُ لَا شَكَّ أَنَّ صَلَاةَ التَّحِيَّةِ بِالِاسْتِقْلَالِ أَفْضَلُ مِنَ الْإِتْيَانِ بِهَا فِي ضِمْنِ الْفَرِيضَةِ وَلَا يَخْفَى أَنَّ مَنْ يَعْتَكِفُ وَيُلَازِمُ بَابَ الْكَرِيمِ إِنَّمَا يَرُومُ مَا يُوجِبُ لَهُ مَزِيدَ التَّفْضِيلِ وَالتَّكْرِيمِ ا ه فَافْهَمْ (قَوْلُهُ عَلَى الْخِلَافِ)
"الوانوغي الصواب تقييد عدم وجوب البيان بعدم حدوث ما يؤثر نقصا في المبيع أو ما تختلف الأغراض به وشبه في عدم وجوب البيان فقال (كتكميل شرائه) سلعة ابتاع بعضها أولا ثم اشترى باقيها من شريكه فيها ثم أراد بيعها مرابحة فلا يجب عليه بيان ذلك اللخمي إذا لم يزد في شراء الباقي لدفع ضرر الشركة وإلا وجب بيانه.
","الْوَانُّوغِيُّ الصَّوَابُ تَقْيِيدُ عَدَمِ وُجُوبِ الْبَيَانِ بِعَدَمِ حُدُوثِ مَا يُؤَثِّرُ نَقْصًا فِي الْمَبِيعِ أَوْ مَا تَخْتَلِفُ الْأَغْرَاضُ بِهِ وَشَبَّهَ فِي عَدَمِ وُجُوبِ الْبَيَانِ فَقَالَ (كَتَكْمِيلِ شِرَائِهِ) سِلْعَةً ابْتَاعَ بَعْضَهَا أَوَّلًا ثُمَّ اشْتَرَى بَاقِيَهَا مِنْ شَرِيكِهِ فِيهَا ثُمَّ أَرَادَ بَيْعَهَا مُرَابَحَةً فَلَا يَجِبُ عَلَيْهِ بَيَانُ ذَلِكَ اللَّخْمِيُّ إِذَا لَمْ يُزِدْ فِي شِرَاءِ الْبَاقِي لِدَفْعِ ضَرَرِ الشَّرِكَةِ وَإِلَّا وَجَبَ بَيَانُهُ.
",الْوَانُّوغِيُّ الصَّوَابُ تَقْيِيدُ عَدَمِ وُجُوبِ الْبَيَانِ بِعَدَمِ حُدُوثِ مَا يُؤَثِّرُ نَقْصًا فِي الْمَبِيعِ أَوْ مَا تَخْتَلِفُ الْأَغْرَاضُ بِهِ وَشَبَّهَ فِي عَدَمِ وُجُوبِ الْبَيَانِ فَقَالَ (كَتَكْمِيلِ شِرَائِهِ) سِلْعَةً ابْتَاعَ بَعْضَهَا أَوَّلًا ثُمَّ اشْتَرَى بَاقِيَهَا مِنْ شَرِيكِهِ فِيهَا ثُمَّ أَرَادَ بَيْعَهَا مُرَابَحَةً فَلَا يَجِبُ عَلَيْهِ بَيَانُ ذَلِكَ اللَّخْمِيُّ إِذَا لَمْ يَزِدْ فِي شِرَاءِ الْبَاقِي لِدَفْعِ ضَرَرِ الشَّرِكَةِ وَإِلَّا وَجَبَ بَيَانُهُ.
"ذكره الولوالجي رحمه الله في الفصل الثاني من الكراهية (قوله: إلا أن تكون الأرض مغصوبة أو يأخذها شفيع) ولذا لم يحول كثير من الصحابة، وقد دفنوا بأرض الحرب إذ لا عذر.
ا ه.
كمال (قوله: زراعة أو غيرها إلخ) فإن حقه في ظاهرها وباطنها فإن شاء ترك حقه في باطنها، ","ذَكَرَهُ الْوَلْوَالِجِيُّ رَحِمَهُ اللَّهُ فِي الْفَصْلِ الثَّانِي مِنَ الْكَرَاهِيَةِ (قَوْلُهُ: إِلَّا أَنْ تَكُونَ الْأَرْضُ مَغْصُوبَةً أَوْ يَأْخُذُهَا شَفِيعٌ) وَلِذَا لَمْ يُحَوَّلْ كَثِيرٌ مِنَ الصَّحَابَةِ، وَقَدْ دُفِنُوا بِأَرْضِ الْحَرْبِ إِذْ لَا عُذْرَ.
ا ه.
كَمَالٌ (قَوْلُهُ: زِرَاعَةً أَوْ غَيْرَهَا إِلَخْ) فَإِنَّ حَقَّهُ فِي ظَاهِرِهَا وَبَاطِنِهَا فَإِنْ شَاءَ تَرَكَ حَقَّهُ فِي بَاطِنِهَا، ","ذَكَرَهُ الْوَلْوَالِجِيُّ رَحِمَهُ اللَّهُ فِي الْفَصْلِ الثَّانِي مِنَ الْكَرَاهِيَةِ (قَوْلُهُ: إِلَّا أَنْ تَكُونَ الْأَرْضُ مَغْصُوبَةً أَوْ يَأْخُذَهَا شَفِيعٌ) وَلِذَا لَمْ يُحَوِّلْ كَثِيرٌ مِنَ الصَّحَابَةِ، وَقَدْ دُفِنُوا بِأَرْضِ الْحَرْبِ إِذْ لَا عُذْرَ.
ا ه.
كَمَالٌ (قَوْلُهُ: زِرَاعَةً أَوْ غَيْرَهَا إِلَخْ) فَإِنَّ حَقَّهُ فِي ظَاهِرِهَا وَبَاطِنِهَا فَإِنْ شَاءَ تَرَكَ حَقَّهُ فِي بَاطِنِهَا،"
"أو سيئ الأدب، أو ولد زنا، أو عنينا، أو مغنيا أو حجاما أو أكولا أو ثيبا أو عقيما أو غير مختون، أو يعتق عليه، أوأخته من رضاع، أو نسب، أو موطوءة أبيه، أو البائع وكيل، أو ولي، أو قطع من فخذه أو ساقه فلذة يسيرة، إلا في حيوان التضحية حيث منعها. (2/361)
","أَوْ سَيِّئَ الْأَدَبِ، أَوْ وَلَدَ زِنَا، أَوْ عِنِّينًا، أَوْ مُغَنِّيًا أَوْ حَجَّامًا أَوْ أَكُولًا أَوْ ثَيِّبًا أَوْ عَقِيمًا أَوْ غَيْرَ مَخْتُونٍ، أَوْ يَعْتِقُ عَلَيْهِ، أَوَأُخْتَهُ مِنْ رَضَاعٍ، أَوْ نَسَبٍ، أَوْ مَوْطُوءَةَ أَبِيهِ، أَوِ الْبَائِعُ وَكِيلٌ، أَوْ وَلِيٌّ، أَوْ قُطِعَ مِنْ فَخِذِهِ أَوْ سَاقِهِ فِلْذَةٌ يَسِيرَةٌ، إِلَّا فِي حَيَوَانِ التَّضْحِيَةِ حَيْثُ مُنِعَهَا. (2/361)
",أَوْ سَيِّئَ الْأَدَبِ، أَوْ وَلَدَ زِنًا، أَوْ عِنِّينًا، أَوْ مُغَنِّيًا أَوْ حَجَّامًا أَوْ أَكُولًا أَوْ ثَيِّبًا أَوْ عَقِيمًا أَوْ غَيْرَ مَخْتُونٍ، أَوْ يَعْتِقُ عَلَيْهِ، أَوَأُخْتَهُ مِنْ رَضَاعٍ، أَوْ نَسَبٍ، أَوْ مَوْطُوءَةَ أَبِيهِ، أَوِ الْبَائِعَ وَكِيلٌ، أَوْ وَلِيٌّ، أَوْ قَطَعَ مِنْ فَخِذِهِ أَوْ سَاقِهِ فَلَذَّةً يَسِيرَةً، إِلَّا فِي حَيَوَانِ التَّضْحِيَةِ حَيْثُ مَنَعَهَا. (2/361)
أي وإن مزجها بمثلها من الماء (قوله: قال تعالى {إنما الخمر} ) الآية وقال {إنما حرم ربي الفواحش ما ظهر منها وما بطن والإثم} وجاء في التفسير أن الإثم هي الخمر وتظافرت الأحاديث على تحريمها وكذا الإجماع (قوله: وروى الشيخان إلخ) روى الترمذي عن أنس قال {,أَيْ وَإِنْ مَزَجَهَا بِمِثْلِهَا مِنَ الْمَاءِ (قَوْلُهُ: قَالَ تَعَالَى {إِنَّمَا الْخَمْرُ} ) الْآيَةَ وَقَالَ {إِنَّمَا حَرَّمَ رَبِّي الْفَوَاحِشَ مَا ظَهَرَ مِنْهَا وَمَا بَطَنَ وَالْإِثْمَ} وَجَاءَ فِي التَّفْسِيرِ أَنَّ الْإِثْمَ هِيَ الْخَمْرُ وَتَظَافَرَتِ الْأَحَادِيثُ عَلَى تَحْرِيمِهَا وَكَذَا الْإِجْمَاعُ (قَوْلُهُ: وَرَوَى الشَّيْخَانِ إِلَخْ) رَوَى التِّرْمِذِيُّ عَنْ أَنَسٍ قَالَ {,أَيْ وَإِنْ مَزَجَهَا بِمِثْلِهَا مِنَ الْمَاءِ (قَوْلُهُ: قَالَ تَعَالَى {إِنَّمَا الْخَمْرُ} ) الْآيَةَ وَقَالَ {إِنَّمَا حَرَّمَ رَبِّي الْفَوَاحِشَ مَا ظَهَرَ مِنْهَا وَمَا بَطَنَ وَالْإِثْمَ} وَجَاءَ فِي التَّفْسِيرِ أَنَّ الْإِثْمَ هِيَ الْخَمْرُ وَتَظَافَرَتِ الْأَحَادِيثُ عَلَى تَحْرِيمِهَا وَكَذَا الْإِجْمَاعُ (قَوْلُهُ: وَرَوَى الشَّيْخَانِ إِلَخْ) رَوَى التِّرْمِذِيُّ عَنْ أَنَسٍ قَالَ {
"بقي ما لو لم يعلم وجوب العود إلى القعود فأتم الركعة التي سلم الإمام وهو قائم فيها.
فهل إذا جلس بين سجدتيها حسب عن القعود الذي وجب عليه ليحسب له ما يأتي به بعد ذلك أو لا، ولا بد من قعود بعد العلم بوجوبه؟ فيه نظر وقد يتجه الأول.
(قوله: ","بَقِيَ مَا لَوْ لَمْ يَعْلَمْ وُجُوبَ الْعَوْدِ إِلَى الْقُعُودِ فَأَتَمَّ الرَّكْعَةَ الَّتِي سَلَّمَ الْإِمَامُ وَهُوَ قَائِمٌ فِيهَا.
فَهَلْ إِذَا جَلَسَ بَيْنَ سَجْدَتَيْهَا حُسِبَ عَنِ الْقُعُودِ الَّذِي وَجَبَ عَلَيْهِ لِيُحْسَبَ لَهُ مَا يَأْتِي بِهِ بَعْدَ ذَلِكَ أَوْ لَا، وَلَا بُدَّ مِنْ قُعُودٍ بَعْدَ الْعِلْمِ بِوُجُوبِهِ؟ فِيهِ نَظَرٌ وَقَدْ يُتَّجَهُ الْأَوَّلُ.
(قَوْلُهُ: ","بَقِيَ مَا لَوْ لَمْ يَعْلَمْ وُجُوبَ الْعَوْدِ إِلَى الْقُعُودِ فَأَتَمَّ الرَّكْعَةَ الَّتِي سَلَّمَ الْإِمَامُ وَهُوَ قَائِمٌ فِيهَا.
فَهَلْ إِذَا جَلَسَ بَيْنَ سَجْدَتَيْهَا حَسَبَ عَنِ الْقُعُودِ الَّذِي وَجَبَ عَلَيْهِ لِيَحْسِبَ لَهُ مَا يَأْتِي بِهِ بَعْدَ ذَلِكَ أَوْ لَا، وَلَا بُدَّ مِنْ قُعُودٍ بَعْدَ الْعِلْمِ بِوُجُوبِهِ؟ فِيهِ نَظَرٌ وَقَدْ يُتَّجَهُ الْأَوَّلُ.
(قَوْلُهُ:"
"ولأنها أولى بانتفاء الخيلاء من التطريف ومثل ذلك فيما يظهر الخيط الذي ينظم فيه أغطية الكيزان ونحوها من العنبر والصندل ونحوهما والخيط الذي يعقد عليه المنطقة وهي التي يسمونها الحياصة بل أولى بالحل وجوز الفوراني للرجل منه كيس المصحف.
أما كيس الدراهم وغطاء العمامة منه فقد تقدم في الآنية أن الأرجح حرمته عليه، ","وَلِأَنَّهَا أَوْلَى بِانْتِفَاءِ الْخُيَلَاءِ مِنَ التَّطْرِيفِ وَمِثْلُ ذَلِكَ فِيمَا يَظْهَرُ الْخَيْطُ الَّذِي يُنَظَّمُ فِيهِ أَغْطِيَةُ الْكِيزَانِ وَنَحْوِهَا مِنَ الْعَنْبَرِ وَالصَّنْدَلِ وَنَحْوِهِمَا وَالْخَيْطُ الَّذِي يُعْقَدُ عَلَيْهِ الْمِنْطَقَةُ وَهِيَ الَّتِي يُسَمُّونَهَا الْحَيَّاصَةُ بَلْ أَوْلَى بِالْحِلِّ وَجَوَّزَ الْفُورَانِيُّ لِلرَّجُلِ مِنْهُ كِيسُ الْمُصْحَفِ.
أَمَّا كِيسُ الدَّرَاهِمِ وَغِطَاءُ الْعِمَامَةِ مِنْهُ فَقَدْ تَقَدَّمَ فِي الْآنِيَةِ أَنَّ الْأَرْجَحَ حُرْمَتُهُ عَلَيْهِ، ","وَلِأَنَّهَا أَوْلَى بِانْتِفَاءِ الْخُيَلَاءِ مِنَ التَّطْرِيفِ وَمِثْلُ ذَلِكَ فِيمَا يَظْهَرُ الْخَيْطُ الَّذِي يُنْظَمُ فِيهِ أَغْطِيَةُ الْكِيزَانِ وَنَحْوِهَا مِنَ الْعَنْبَرِ وَالصَّنْدَلِ وَنَحْوِهِمَا وَالْخَيْطُ الَّذِي يُعْقَدُ عَلَيْهِ الْمِنْطَقَةُ وَهِيَ الَّتِي يُسَمُّونَهَا الْحِيَاصَةَ بَلْ أَوْلَى بِالْحِلِّ وَجَوَّزَ الْفُورَانِيُّ لِلرَّجُلِ مِنْهُ كِيسَ الْمُصْحَفِ.
أَمَّا كِيسُ الدَّرَاهِمِ وَغِطَاءُ الْعِمَامَةِ مِنْهُ فَقَدْ تَقَدَّمَ فِي الْآنِيَةِ أَنَّ الْأَرْجَحَ حُرْمَتُهُ عَلَيْهِ،"
"أو الصوف ولا يكون من الإبريسم وينبغي أن يكون غليظا، ولا يكون رقيقا بحيث لا يقع البصر عليه إلا وأن يدقق النظر قال شيخ الإسلام رحمه الله تعالى وينبغي أن يعقده على وسطه عقدا، ولا يجعل له حلقة يشده كما يشد المسلم المنطقة، ولكن يعلقون على اليمين والشمال.
ولا يتركون أن يلبسوا خفافا مزينة، ","أَوِ الصُّوفِ وَلَا يَكُونَ مِنَ الْإِبْرَيْسَمِ وَيَنْبَغِي أَنْ يَكُونَ غَلِيظًا، وَلَا يَكُونَ رَقِيقًا بِحَيْثُ لَا يَقَعُ الْبَصَرُ عَلَيْهِ إِلَّا وَأَنْ يُدَقِّقَ النَّظَرَ قَالَ شَيْخُ الْإِسْلَامِ رَحِمَهُ اللَّهُ تَعَالَى وَيَنْبَغِي أَنْ يَعْقِدَهُ عَلَى وَسْطِهِ عَقْدًا، وَلَا يَجْعَلَ لَهُ حَلَقَةً يَشُدُّهُ كَمَا يَشُدُّ الْمُسْلِمُ الْمِنْطَقَةَ، وَلَكِنْ يُعَلِّقُونَ عَلَى الْيَمِينِ وَالشِّمَالِ.
وَلَا يُتْرَكُونَ أَنْ يَلْبَسُوا خِفَافًا مُزَيَّنَةً، ","أَوِ الصُّوفِ وَلَا يَكُونُ مِنَ الْإِبْرَيْسَمِ وَيَنْبَغِي أَنْ يَكُونَ غَلِيظًا، وَلَا يَكُونُ رَقِيقًا بِحَيْثُ لَا يَقَعُ الْبَصَرُ عَلَيْهِ إِلَّا وَأَنْ يُدَقِّقَ النَّظَرَ قَالَ شَيْخُ الْإِسْلَامِ رَحِمَهُ اللَّهُ تَعَالَى وَيَنْبَغِي أَنْ يَعْقِدَهُ عَلَى وَسَطِهِ عَقْدًا، وَلَا يَجْعَلُ لَهُ حَلْقَةً يَشُدُّهُ كَمَا يَشُدُّ الْمُسْلِمُ الْمِنْطَقَةَ، وَلَكِنْ يُعَلِّقُونَ عَلَى الْيَمِينِ وَالشِّمَالِ.
وَلَا يَتْرُكُونَ أَنْ يَلْبَسُوا خِفَافًا مُزَيَّنَةً،"
"يستجاب لأحدكم ما لم يعجل} .
الحديث.
(* * *) قوله: إن رسول الله صلى الله عليه وسلم لم يصل صلاة الاستسقاء إلا عند الحاجة لم أجده صريحا، لكن بالاستقراء يتبين صحة ذلك.
717 - (6) - حديث: {أن رسول الله صلى الله عليه وسلم كان يخرج في صلاة الاستسقاء إلى الصحراء} .
هو بين في حديث عبيد الله بن زيد، ","يُسْتَجَابُ لِأَحَدِكُمْ مَا لَمْ يَعْجَلْ} .
الْحَدِيثَ.
(* * *) قَوْلُهُ: إِنَّ رَسُولَ اللَّهِ صَلَّى اللَّهُ عَلَيْهِ وَسَلَّمَ لَمْ يُصَلِّ صَلَاةَ الِاسْتِسْقَاءِ إِلَّا عِنْدَ الْحَاجَةِ لَمْ أَجِدْهُ صَرِيحًا، لَكِنْ بِالِاسْتِقْرَاءِ يَتَبَيَّنُ صِحَّةُ ذَلِكَ.
717 - (6) - حَدِيثٌ: {أَنَّ رَسُولَ اللَّهِ صَلَّى اللَّهُ عَلَيْهِ وَسَلَّمَ كَانَ يَخْرُجُ فِي صَلَاةِ الِاسْتِسْقَاءِ إِلَى الصَّحْرَاءِ} .
هُوَ بَيِّنٌ فِي حَدِيثِ عُبَيْدِ اللَّهِ بْنِ زَيْدٍ، ","يُسْتَجَابُ لِأَحَدِكُمْ مَا لَمْ يُعَجِّلْ} .
الْحَدِيثَ.
(* * *) قَوْلُهُ: إِنَّ رَسُولَ اللَّهِ صَلَّى اللَّهُ عَلَيْهِ وَسَلَّمَ لَمْ يُصَلِّ صَلَاةَ الِاسْتِسْقَاءِ إِلَّا عِنْدَ الْحَاجَةِ لَمْ أَجِدْهُ صَرِيحًا، لَكِنْ بِالِاسْتِقْرَاءِ يَتَبَيَّنُ صِحَّةُ ذَلِكَ.
717 - (6) - حَدِيثُ: {أَنَّ رَسُولَ اللَّهِ صَلَّى اللَّهُ عَلَيْهِ وَسَلَّمَ كَانَ يَخْرُجُ فِي صَلَاةِ الِاسْتِسْقَاءِ إِلَى الصَّحْرَاءِ} .
هُوَ بَيِّنٌ فِي حَدِيثِ عُبَيْدِ اللَّهِ بْنِ زَيْدٍ،"
فالثلاث مبنية على أن القوي الصالح للحيض إذا سبق ثم لحقه مثله بحيث لا يمكن جمعهما وبينهما ضعيف، فالأول حيض وهي مميزة بالسبق وإن طال زمن الأخير ما لم يتغير بأقوى منه، ومثلها ما لو كان القوي الأول دون الحيض والآخر قدره، ولا يجتمعان حيضا كنصف يوم أسود ثم نصفه أحمر، ,فَالثَّلَاثُ مَبْنِيَّةٌ عَلَى أَنَّ الْقَوِيَّ الصَّالِحَ لِلْحَيْضِ إِذَا سَبَقَ ثُمَّ لَحِقَهُ مِثْلُهُ بِحَيْثُ لَا يُمْكِنُ جَمْعُهُمَا وَبَيْنَهُمَا ضَعِيفٌ، فَالْأَوَّلُ حَيْضٌ وَهِيَ مُمَيِّزَةٌ بِالسَّبْقِ وَإِنْ طَالَ زَمَنُ الْأَخِيرِ مَا لَمْ يَتَغَيَّرْ بِأَقْوَى مِنْهُ، وَمِثْلُهَا مَا لَوْ كَانَ الْقَوِيُّ الْأَوَّلُ دُونَ الْحَيْضِ وَالْآخَرُ قَدْرَهُ، وَلَا يَجْتَمِعَانِ حَيْضًا كَنِصْفِ يَوْمٍ أَسْوَدَ ثُمَّ نِصْفِهِ أَحْمَرَ، ,فَالثَّلَاثُ مَبْنِيَّةٌ عَلَى أَنَّ الْقَوِيَّ الصَّالِحَ لِلْحَيْضِ إِذَا سَبَقَ ثُمَّ لَحِقَهُ مِثْلُهُ بِحَيْثُ لَا يُمْكِنُ جَمْعُهُمَا وَبَيْنَهُمَا ضَعِيفٌ، فَالْأَوَّلُ حَيْضٌ وَهِيَ مُمَيِّزَةٌ بِالسَّبْقِ وَإِنْ طَالَ زَمَنُ الْأَخِيرِ مَا لَمْ يَتَغَيَّرْ بِأَقْوَى مِنْهُ، وَمِثْلُهَا مَا لَوْ كَانَ الْقَوِيُّ الْأَوَّلُ دُونَ الْحَيْضِ وَالْآخَرُ قَدْرَهُ، وَلَا يَجْتَمِعَانِ حَيْضًا كَنِصْفِ يَوْمٍ أَسْوَدَ ثُمَّ نِصْفِهِ أَحْمَرَ،
"فهنا أولى، وفي جميع هذه المسائل لو كان لرب الأرض والنخل فعل ما فعل بأمر العامل والمزارع كان الخارج بينهما على الشرط؛ لأن المزارع استعان به في العمل وهو قصد إعانته لا إقامة العمل لنفسه، فتكون الاستعانة به بمنزلة الاستعانة بغيره.
ولو كان استأجر رب الأرض والبذر أو رب النخل على ذلك بأجر معلوم - فالخارج بينهما على الشرط، ","فَهُنَا أَوْلَى، وَفِي جَمِيعِ هَذِهِ الْمَسَائِلِ لَوْ كَانَ لِرَبِّ الْأَرْضِ وَالنَّخْلِ فِعْلُ مَا فَعَلَ بِأَمْرِ الْعَامِلِ وَالْمُزَارِعِ كَانَ الْخَارِجُ بَيْنَهُمَا عَلَى الشَّرْطِ؛ لِأَنَّ الْمُزَارِعَ اسْتَعَانَ بِهِ فِي الْعَمَلِ وَهُوَ قَصْدُ إِعَانَتِهِ لَا إِقَامَةُ الْعَمَلِ لِنَفْسِهِ، فَتَكُونُ الِاسْتِعَانَةُ بِهِ بِمَنْزِلَةِ الِاسْتِعَانَةِ بِغَيْرِهِ.
وَلَوْ كَانَ اسْتَأْجَرَ رَبَّ الْأَرْضِ وَالْبَذْرِ أَوْ رَبَّ النَّخْلِ عَلَى ذَلِكَ بِأَجْرٍ مَعْلُومٍ - فَالْخَارِجُ بَيْنَهُمَا عَلَى الشَّرْطِ، ","فَهُنَا أَوْلَى، وَفِي جَمِيعِ هَذِهِ الْمَسَائِلِ لَوْ كَانَ لِرَبِّ الْأَرْضِ وَالنَّخْلِ فِعْلُ مَا فَعَلَ بِأَمْرِ الْعَامِلِ وَالْمُزَارِعِ كَانَ الْخَارِجُ بَيْنَهُمَا عَلَى الشَّرْطِ؛ لِأَنَّ الْمُزَارِعَ اسْتَعَانَ بِهِ فِي الْعَمَلِ وَهُوَ قَصَدَ إِعَانَتَهُ لَا إِقَامَةَ الْعَمَلِ لِنَفْسِهِ، فَتَكُونُ الِاسْتِعَانَةُ بِهِ بِمَنْزِلَةِ الِاسْتِعَانَةِ بِغَيْرِهِ.
وَلَوْ كَانَ اسْتَأْجَرَ رَبُّ الْأَرْضِ وَالْبَذْرِ أَوْ رَبُّ النَّخْلِ عَلَى ذَلِكَ بِأَجْرٍ مَعْلُومٍ - فَالْخَارِجُ بَيْنَهُمَا عَلَى الشَّرْطِ،"
"فإنها تنظر منه غير ما بين سرة وركبة وعنه رضي الله عنه أنه يحرم عليها أن تنظر من الرجل ما يحرم على الرجل أن ينظر منها. (1/147)
قال ابن الجوزي في كتاب آداب النساء: واعلم أن أصل العشق إطلاق البصر، وكما يخاف على الرجل من ذلك يخاف على المرأة، قال: وقد ذهب دين خلق كثير من المتعبدين بإطلاق البصر وما جلبه، ","فَإِنَّهَا تَنْظُرُ مِنْهُ غَيْرَ مَا بَيْنَ سُرَّةٍ وَرُكْبَةٍ وَعَنْهُ رَضِيَ اللَّهُ عَنْهُ أَنَّهُ يَحْرُمُ عَلَيْهَا أَنْ تَنْظُرَ مِنَ الرَّجُلِ مَا يَحْرُمُ عَلَى الرَّجُلِ أَنْ يَنْظُرَ مِنْهَا. (1/147)
قَالَ ابْنُ الْجَوْزِيِّ فِي كِتَابِ آدَابِ النِّسَاءِ: وَاعْلَمْ أَنَّ أَصْلَ الْعِشْقِ إِطْلَاقُ الْبَصَرِ، وَكَمَا يُخَافُ عَلَى الرَّجُلِ مِنْ ذَلِكَ يُخَافُ عَلَى الْمَرْأَةِ، قَالَ: وَقَدْ ذَهَبَ دِينُ خَلْقٍ كَثِيرٍ مِنَ الْمُتَعَبِّدِينَ بِإِطْلَاقِ الْبَصَرِ وَمَا جَلَبَهُ، ","فَإِنَّهَا تَنْظُرُ مِنْهُ غَيْرَ مَا بَيْنَ سُرَّةٍ وَرُكْبَةٍ وَعَنْهُ رَضِيَ اللَّهُ عَنْهُ أَنَّهُ يَحْرُمُ عَلَيْهَا أَنْ تَنْظُرَ مِنَ الرَّجُلِ مَا يَحْرُمُ عَلَى الرَّجُلِ أَنْ يَنْظُرَ مِنْهَا. (1/147)
قَالَ ابْنُ الْجَوْزِيِّ فِي كِتَابِ آدَابِ النِّسَاءِ: وَاعْلَمْ أَنَّ أَصْلَ الْعِشْقِ إِطْلَاقُ الْبَصَرِ، وَكَمَا يُخَافُ عَلَى الرَّجُلِ مِنْ ذَلِكَ يُخَافُ عَلَى الْمَرْأَةِ، قَالَ: وَقَدْ ذَهَبَ دِينُ خَلْقٍ كَثِيرٍ مِنَ الْمُتَعَبِّدِينَ بِإِطْلَاقِ الْبَصَرِ وَمَا جَلَبَهُ،"
"هذا نقله في الفروع.
وقال في التلخيص فيما إذا قال وكل عني أنه وكيل الموكل وقطع به.
وقال فيما إذا قال وكل عنك هل يكون وكيل الموكل، أو وكيل الوكيل؟ يحتمل وجهين.
فتعاكسا في محل الخلاف.
فلعل ما في التلخيص غلط من الناسخ.
فإن الطريقة الأولى أصوب.
وأوفق للأصول، أو يكون طريقة.
","هَذَا نَقَلَهُ فِي الْفُرُوعِ.
وَقَالَ فِي التَّلْخِيصِ فِيمَا إِذَا قَالَ وَكِّلْ عَنِّي أَنَّهُ وَكِيلُ الْمُوَكِّلِ وَقَطَعَ بِهِ.
وَقَالَ فِيمَا إِذَا قَالَ وَكِّلْ عَنْكَ هَلْ يَكُونُ وَكِيلَ الْمُوَكِّلِ، أَوْ وَكِيلَ الْوَكِيلِ؟ يَحْتَمِلُ وَجْهَيْنِ.
فَتَعَاكَسَا فِي مَحَلِّ الْخِلَافِ.
فَلَعَلَّ مَا فِي التَّلْخِيصِ غَلَطٌ مِنَ النَّاسِخِ.
فَإِنَّ الطَّرِيقَةَ الْأُولَى أَصْوَبُ.
وَأَوْفَقُ لِلْأُصُولِ، أَوْ يَكُونُ طَرِيقَةً.
","هَذَا نَقَلَهُ فِي الْفُرُوعِ.
وَقَالَ فِي التَّلْخِيصِ فِيمَا إِذَا قَالَ وَكِّلْ عَنِّي أَنَّهُ وَكِيلُ الْمُوَكِّلِ وَقَطَعَ بِهِ.
وَقَالَ فِيمَا إِذَا قَالَ وَكِّلْ عَنْك هَلْ يَكُونُ وَكِيلَ الْمُوَكِّلِ، أَوْ وَكِيلَ الْوَكِيلِ؟ يَحْتَمِلُ وَجْهَيْنِ.
فَتَعَاكَسَا فِي مَحَلِّ الْخِلَافِ.
فَلَعَلَّ مَا فِي التَّلْخِيصِ غَلَطٌ مِنَ النَّاسِخِ.
فَإِنَّ الطَّرِيقَةَ الْأُولَى أَصْوَبُ.
وَأَوْفَقُ لِلْأُصُولِ، أَوْ يَكُونُ طَرِيقَةً."
"حدثنا أبو معاوية حدثنا الأعمش عن شقيق عن مسروق عن عبد الله بن عمرو قال قال رسول الله صلى الله عليه وسلم خذوا القرآن من أربعة من ابن مسعود وأبي بن كعب ومعاذ بن جبل وسالم مولى أبي حذيفة قال فقال عبد الله فذاك رجل لا أزال أحبه منذ رأيت رسول الله صلى الله عليه وسلم بدأ به (11/395)
6787 - ","حَدَّثَنَا أَبُو مُعَاوِيَةَ حَدَّثَنَا الْأَعْمَشُ عَنْ شَقِيقٍ عَنْ مَسْرُوقٍ عَنْ عَبْدِ اللَّهِ بْنِ عَمْرٍو قَالَ قَالَ رَسُولُ اللَّهِ صَلَّى اللَّهُ عَلَيْهِ وَسَلَّمَ خُذُوا الْقُرْآنَ مِنْ أَرْبَعَةٍ مِنَ ابْنِ مَسْعُودٍ وَأُبَيِّ بْنِ كَعْبٍ وَمُعَاذِ بْنِ جَبَلٍ وَسَالِمٍ مَوْلَى أَبِي حُذَيْفَةَ قَالَ فَقَالَ عَبْدُ اللَّهِ فَذَاكَ رَجُلٌ لَا أَزَالُ أُحِبُّهُ مُنْذُ رَأَيْتُ رَسُولَ اللَّهِ صَلَّى اللَّهُ عَلَيْهِ وَسَلَّمَ بَدَأَ بِهِ (11/395)
6787 - ","حَدَّثَنَا أَبُو مُعَاوِيَةَ حَدَّثَنَا الْأَعْمَشُ عَنْ شَقِيقٍ عَنْ مَسْرُوقٍ عَنْ عَبْدِ اللَّهِ بْنِ عَمْرٍو قَالَ قَالَ رَسُولُ اللَّهِ صَلَّى اللَّهُ عَلَيْهِ وَسَلَّمَ خُذُوا الْقُرْآنَ مِنْ أَرْبَعَةٍ مِنَ ابْنِ مَسْعُودٍ وَأُبَيِّ بْنِ كَعْبٍ وَمُعَاذِ بْنِ جَبَلٍ وَسَالِمٍ مَوْلَى أَبِي حُذَيْفَةَ قَالَ فَقَالَ عَبْدُ اللَّهِ فَذَاكَ رَجُلٌ لَا أَزَالُ أُحِبُّهُ مُنْذُ رَأَيْتُ رَسُولَ اللَّهِ صَلَّى اللَّهُ عَلَيْهِ وَسَلَّمَ بَدَأَ بِهِ (11/395)
6787 -"
"لتفريطه، ولا يكون الحج لأحدهما بعينه لعدم أولويته (وإن فرط موصى إليه) فلم يسمه للنائب (غرم) موصى إليه (ذلك) أي نفقة إعادة الحج عنهما (وإلا) يفرط نائب ولا موصى إليه، فالغرم لذلك (من تركة موصيه) بالحج عنهما، لأن الحج عنهما، فنفقته عليهما ولا موجب لضمان عنهما (3/452)
فصل ويسن لمن أحرم، عين نسكا أو أطلق (من عقب إحرامه تلبية) ","لِتَفْرِيطِهِ، وَلَا يَكُونُ الْحَجُّ لِأَحَدِهِمَا بِعَيْنِهِ لِعَدَمِ أَوْلَوِيَّتِهِ (وَإِنْ فَرَّطَ مُوصًى إِلَيْهِ) فَلَمْ يُسَمِّهِ لِلنَّائِبِ (غَرِمَ) مُوصًى إِلَيْهِ (ذَلِكَ) أَيْ نَفَقَةُ إِعَادَةِ الْحَجِّ عَنْهُمَا (وَإِلَّا) يُفَرِّطُ نَائِبٌ وَلَا مُوصًى إِلَيْهِ، فَالْغُرْمُ لِذَلِكَ (مِنْ تَرِكَةِ مُوصِيهِ) بِالْحَجِّ عَنْهُمَا، لِأَنَّ الْحَجَّ عَنْهُمَا، فَنَفَقَتُهُ عَلَيْهِمَا وَلَا مُوجِبَ لِضَمَانٍ عَنْهُمَا (3/452)
فَصْلٌ وَيُسَنُّ لِمَنْ أَحْرَمَ، عَيَّنَ نُسُكًا أَوْ أَطْلَقَ (مِنْ عَقِبِ إِحْرَامِهِ تَلْبِيَةٌ) ","لِتَفْرِيطِهِ، وَلَا يَكُونُ الْحَجُّ لِأَحَدِهِمَا بِعَيْنِهِ لِعَدَمِ أَوْلَوِيَّتِهِ (وَإِنْ فَرَّطَ مُوصًى إِلَيْهِ) فَلَمْ يُسَمِّهِ لِلنَّائِبِ (غَرِمَ) مُوصًى إِلَيْهِ (ذَلِكَ) أَيْ نَفَقَةَ إِعَادَةِ الْحَجِّ عَنْهُمَا (وَإِلَّا) يُفَرِّطْ نَائِبٌ وَلَا مُوصًى إِلَيْهِ، فَالْغُرْمُ لِذَلِكَ (مِنْ تَرِكَةِ مُوصِيهِ) بِالْحَجِّ عَنْهُمَا، لِأَنَّ الْحَجَّ عَنْهُمَا، فَنَفَقَتُهُ عَلَيْهِمَا وَلَا مُوجِبَ لِضَمَانٍ عَنْهُمَا (3/452)
فَصْلٌ وَيُسَنُّ لِمَنْ أَحْرَمَ، عَيَّنَ نُسُكًا أَوْ أَطْلَقَ (مِنْ عَقِبِ إِحْرَامِهِ تَلْبِيَةٌ)"
"التوفيق. (3/215)
باب (بيان مشكل ما روي عن رسول الله صلى الله عليه وسلم فيما كان تشتكي امرأة صفوان بن المعطل إلى رسول الله صلى الله عليه وسلم أنه كان يضربها إذا صلت ويفطرها إذا صامت وينام حتى تطلع الشمس) .
","التَّوْفِيقَ. (3/215)
بَابُ (بَيَانُ مُشْكِلِ مَا رُوِيَ عَنْ رَسُولِ اللَّهِ صَلَّى اللَّهُ عَلَيْهِ وَسَلَّمَ فِيمَا كَانَ تَشْتَكِي امْرَأَةُ صَفْوَانَ بْنِ الْمُعَطِّلِ إِلَى رَسُولِ اللَّهِ صَلَّى اللَّهُ عَلَيْهِ وَسَلَّمَ أَنَّهُ كَانَ يَضْرِبُهَا إِذَا صَلَّتْ وَيُفَطِّرُهَا إِذَا صَامَتْ وَيَنَامُ حَتَّى تَطْلُعَ الشَّمْسُ) .
","التَّوْفِيقِ. (3/215)
بَابٌ (بَيَانُ مُشْكِلِ مَا رُوِيَ عَنْ رَسُولِ اللَّهِ صَلَّى اللَّهُ عَلَيْهِ وَسَلَّمَ فِيمَا كَانَ تَشْتَكِي امْرَأَةُ صَفْوَانَ بْنِ الْمُعَطَّلِ إِلَى رَسُولِ اللَّهِ صَلَّى اللَّهُ عَلَيْهِ وَسَلَّمَ أَنَّهُ كَانَ يَضْرِبُهَا إِذَا صَلَّتْ وَيُفَطِّرُهَا إِذَا صَامَتْ وَيَنَامُ حَتَّى تَطْلُعَ الشَّمْسُ) ."
إن كان الخلاف الذي جرى بين أهل العصر في جواز التوضؤ من الفساقي وعدمه مطلقا سواء كان بانغماس بجسد أو يد أو بغيره فلا كلام في أن ما ذكره من النقول يدل على مدعاه من الجواز فعبارة البدائع تدل على الجواز في الانغماس وغيرها في غيره، ,إِنْ كَانَ الْخِلَافُ الَّذِي جَرَى بَيْنَ أَهْلِ الْعَصْرِ فِي جَوَازِ التَّوَضُّؤِ مِنَ الْفَسَاقِي وَعَدَمِهِ مُطْلَقًا سَوَاءٌ كَانَ بِانْغِمَاسٍ بِجَسَدٍ أَوْ يَدٍ أَوْ بِغَيْرِهِ فَلَا كَلَامَ فِي أَنَّ مَا ذَكَرَهُ مِنَ النُّقُولِ يَدُلُّ عَلَى مُدَّعَاهُ مِنَ الْجَوَازِ فَعِبَارَةُ الْبَدَائِعِ تَدُلُّ عَلَى الْجَوَازِ فِي الِانْغِمَاسِ وَغَيْرِهَا فِي غَيْرِهِ، ,إِنْ كَانَ الْخِلَافُ الَّذِي جَرَى بَيْنَ أَهْلِ الْعَصْرِ فِي جَوَازِ التَّوَضُّؤِ مِنَ الْفَسَاقِي وَعَدَمِهِ مُطْلَقًا سَوَاءٌ كَانَ بِانْغِمَاسٍ بِجَسَدٍ أَوْ يَدٍ أَوْ بِغَيْرِهِ فَلَا كَلَامَ فِي أَنَّ مَا ذَكَرَهُ مِنَ النُّقُولِ يَدُلُّ عَلَى مُدَّعَاهُ مِنَ الْجَوَازِ فَعِبَارَةُ الْبَدَائِعِ تَدُلُّ عَلَى الْجَوَازِ فِي الِانْغِمَاسِ وَغَيْرِهَا فِي غَيْرِهِ،
"وأنها تابعة. (17/331)
ولو أوصى لرجل أن يشتري له عبدا بعينه ثم رجع العبد إلى الموصي بهبة أو صدقة أو وصية أو ميراث - فالوصية لا تبطل، ويجب تنفيذها؛ لأن الوصية ما وقعت بثمن العبد بل بعين العبد، وهو مقصود الموصى، وإنما ذكر الشراء للتوصل به إلى ملكه، وقد ملكه فتنفذ فيه الوصية. (17/332)
","وَأَنَّهَا تَابِعَةٌ. (17/331)
وَلَوْ أَوْصَى لِرَجُلٍ أَنْ يَشْتَرِيَ لَهُ عَبْدًا بِعَيْنِهِ ثُمَّ رَجَعَ الْعَبْدُ إِلَى الْمُوصِي بِهِبَةٍ أَوْ صَدَقَةٍ أَوْ وَصِيَّةٍ أَوْ مِيرَاثٍ - فَالْوَصِيَّةُ لَا تَبْطُلُ، وَيَجِبُ تَنْفِيذُهَا؛ لِأَنَّ الْوَصِيَّةَ مَا وَقَعَتْ بِثَمَنِ الْعَبْدِ بَلْ بِعَيْنِ الْعَبْدِ، وَهُوَ مَقْصُودُ الْمُوصَى، وَإِنَّمَا ذَكَرَ الشِّرَاءَ لِلتَّوَصُّلِ بِهِ إِلَى مِلْكِهِ، وَقَدْ مَلَكَهُ فَتُنَفَّذُ فِيهِ الْوَصِيَّةُ. (17/332)
","وَأَنَّهَا تَابِعَةٌ. (17/331)
وَلَوْ أَوْصَى لِرَجُلٍ أَنْ يَشْتَرِيَ لَهُ عَبْدًا بِعَيْنِهِ ثُمَّ رَجَعَ الْعَبْدُ إِلَى الْمُوصِي بِهِبَةٍ أَوْ صَدَقَةٍ أَوْ وَصِيَّةٍ أَوْ مِيرَاثٍ - فَالْوَصِيَّةُ لَا تَبْطُلُ، وَيَجِبُ تَنْفِيذُهَا؛ لِأَنَّ الْوَصِيَّةَ مَا وَقَعَتْ بِثَمَنِ الْعَبْدِ بَلْ بِعَيْنِ الْعَبْدِ، وَهُوَ مَقْصُودُ الْمُوصَى، وَإِنَّمَا ذَكَرَ الشِّرَاءَ لِلتَّوَصُّلِ بِهِ إِلَى مِلْكِهِ، وَقَدْ مَلَكَهُ فَتَنْفُذُ فِيهِ الْوَصِيَّةُ. (17/332)"
"تأبيدا إذا مات الأول أو طلقها؛ لأنا لما ألحقنا الولد بالأول لزم أن يكون الثاني تزوج ذات زوج لا معتدة
الشرح
(9/316)
(قوله: أو ولدت لدون ستة أشهر إلخ) في بعض النسخ ولو تزوجت وولدت لدون ستة أشهر ردت برجعته قال ابن غازي وهي أجود من نسخة أو ولدت؛ لأنه عطف على ما تصح فيه الرجعة فيكون قوله: ","تَأْبِيدًا إِذَا مَاتَ الْأَوَّلُ أَوْ طَلَّقَهَا؛ لِأَنَّا لَمَّا أَلْحَقْنَا الْوَلَدَ بِالْأَوَّلِ لَزِمَ أَنْ يَكُونَ الثَّانِي تَزَوَّجَ ذَاتَ زَوْجٍ لَا مُعْتَدَّةً
الشَّرْحُ
(9/316)
(قَوْلُهُ: أَوْ وَلَدَتْ لِدُونِ سِتَّةِ أَشْهُرٍ إِلَخْ) فِي بَعْضِ النُّسَخِ وَلَوْ تَزَوَّجَتْ وَوَلَدَتْ لِدُونِ سِتَّةِ أَشْهُرٍ رُدَّتْ بِرَجْعَتِهِ قَالَ ابْنُ غَازِيٍّ وَهِيَ أَجْوَدُ مِنْ نُسْخَةِ أَوْ وَلَدَتْ؛ لِأَنَّهُ عَطْفٌ عَلَى مَا تَصِحُّ فِيهِ الرَّجْعَةُ فَيَكُونُ قَوْلُهُ: ","تَأْبِيدًا إِذَا مَاتَ الْأَوَّلُ أَوْ طَلَّقَهَا؛ لِأَنَّا لَمَّا أَلْحَقْنَا الْوَلَدَ بِالْأَوَّلِ لَزِمَ أَنْ يَكُونَ الثَّانِي تَزَوَّجَ ذَاتَ زَوْجٍ لَا مُعْتَدَّةً
الشَّرْحُ
(9/316)
(قَوْلُهُ: أَوْ وَلَدَتْ لِدُونِ سِتَّةِ أَشْهُرٍ إِلَخْ) فِي بَعْضِ النُّسَخِ وَلَوْ تَزَوَّجَتْ وَوَلَدَتْ لِدُونِ سِتَّةِ أَشْهُرٍ رُدَّتْ بِرَجْعَتِهِ قَالَ ابْنُ غَازِيٍّ وَهِيَ أَجْوَدُ مِنْ نُسْخَةِ أَوْ وَلَدَتْ؛ لِأَنَّهُ عَطْفٌ عَلَى مَا تَصِحُّ فِيهِ الرَّجْعَةُ فَيَكُونُ قَوْلُهُ:"
"وإن تزوج مدبر بإذن سيده فالنفقة تتعلق بكسبه، وكذا المكاتب ما لم يعجز، فإن عجز بيع، فإن تزوج هؤلاء بغير إذن المولى فلا نفقة عليهم، ولا مهر كذا في الكافي فإن عتق واحد منهم جاز نكاحه حين عتق وجب عليه المهر والنفقة في المستقبل، ومعتق البعض عند أبي حنيفة - رحمه الله تعالى - بمنزلة المكاتب كذا في المحيط. (11/405)
","وَإِنْ تَزَوَّجَ مُدَبَّرٌ بِإِذْنِ سَيِّدِهِ فَالنَّفَقَةُ تَتَعَلَّقُ بِكَسْبِهِ، وَكَذَا الْمُكَاتَبُ مَا لَمْ يَعْجِزْ، فَإِنْ عَجَزَ بِيعَ، فَإِنْ تَزَوَّجَ هَؤُلَاءِ بِغَيْرِ إِذْنِ الْمَوْلَى فَلَا نَفَقَةَ عَلَيْهِمْ، وَلَا مَهْرَ كَذَا فِي الْكَافِي فَإِنْ عَتَقَ وَاحِدٌ مِنْهُمْ جَازَ نِكَاحُهُ حِينَ عَتَقَ وَجَبَ عَلَيْهِ الْمَهْرُ وَالنَّفَقَةُ فِي الْمُسْتَقْبَلِ، وَمُعْتَقُ الْبَعْضِ عِنْدَ أَبِي حَنِيفَةَ - رَحِمَهُ اللَّهُ تَعَالَى - بِمَنْزِلَةِ الْمُكَاتَبِ كَذَا فِي الْمُحِيطِ. (11/405)
",وَإِنْ تَزَوَّجَ مُدَبَّرٌ بِإِذْنِ سَيِّدِهِ فَالنَّفَقَةُ تَتَعَلَّقُ بِكَسْبِهِ، وَكَذَا الْمُكَاتَبُ مَا لَمْ يَعْجِزْ، فَإِنْ عَجَزَ بِيعَ، فَإِنْ تَزَوَّجَ هَؤُلَاءِ بِغَيْرِ إِذْنِ الْمَوْلَى فَلَا نَفَقَةَ عَلَيْهِمْ، وَلَا مَهْرَ كَذَا فِي الْكَافِي فَإِنْ عَتَقَ وَاحِدٌ مِنْهُمْ جَازَ نِكَاحُهُ حِينَ عَتَقَ وَجَبَ عَلَيْهِ الْمَهْرُ وَالنَّفَقَةُ فِي الْمُسْتَقْبَلِ، وَمُعْتَقُ الْبَعْضِ عِنْدَ أَبِي حَنِيفَةَ - رَحِمَهُ اللَّهُ تَعَالَى - بِمَنْزِلَةِ الْمُكَاتَبِ كَذَا فِي الْمُحِيطِ. (11/405)
"أو كان له سلف فيه بخلاف هذه الأربعة فإنه استحسنها من عند نفسه ولم يسبقه غيره بذلك لقوله وما علمت أحدا قاله قبلي (قوله أن الأنملة إلخ) .
حاصله أن كل أصبع ديته عشر من الإبل وفي الأنملة ثلث ما في الأصبع إلا الأنملة من الإبهام ففيها نصف ما في الأصبع أعني خمسة من الإبل (قوله أي بالأقل منهما) (15/60)
","أَوْ كَانَ لَهُ سَلَفٌ فِيهِ بِخِلَافِ هَذِهِ الْأَرْبَعَةِ فَإِنَّهُ اسْتَحْسَنَهَا مِنْ عِنْدِ نَفْسِهِ وَلَمْ يَسْبِقْهُ غَيْرُهُ بِذَلِكَ لِقَوْلِهِ وَمَا عَلِمْت أَحَدًا قَالَهُ قَبْلِي (قَوْلُهُ أَنَّ الْأُنْمُلَةَ إِلَخْ) .
حَاصِلُهُ أَنَّ كُلَّ أُصْبُعٍ دِيَتُهُ عَشَرٌ مِنَ الْإِبِلِ وَفِي الْأُنْمُلَةِ ثُلُثُ مَا فِي الْأُصْبُعِ إِلَّا الْأُنْمُلَةَ مِنَ الْإِبْهَامِ فَفِيهَا نِصْفُ مَا فِي الْأُصْبُعِ أَعْنِي خَمْسَةً مِنَ الْإِبِلِ (قَوْلُهُ أَيْ بِالْأَقَلِّ مِنْهُمَا) (15/60)
","أَوْ كَانَ لَهُ سَلَفٌ فِيهِ بِخِلَافِ هَذِهِ الْأَرْبَعَةِ فَإِنَّهُ اسْتَحْسَنَهَا مِنْ عِنْدِ نَفْسِهِ وَلَمْ يَسْبِقْهُ غَيْرُهُ بِذَلِكَ لِقَوْلِهِ وَمَا عَلِمْت أَحَدًا قَالَهُ قَبْلِي (قَوْلُهُ أَنَّ الْأُنْمُلَةَ إِلَخْ) .
حَاصِلُهُ أَنَّ كُلَّ أُصْبُعٍ دِيَتُهُ عَشْرٌ مِنَ الْإِبِلِ وَفِي الْأُنْمُلَةِ ثُلُثُ مَا فِي الْأُصْبُعِ إِلَّا الْأُنْمُلَةَ مِنَ الْإِبْهَامِ فَفِيهَا نِصْفُ مَا فِي الْأُصْبُعِ أَعْنِي خَمْسَةً مِنَ الْإِبِلِ (قَوْلُهُ أَيْ بِالْأَقَلِّ مِنْهُمَا) (15/60)"
"المتقدمين بعدم التوقيت إلى التوقيت إنما هو بسبب الخوف على الوقف فإذا كانت المصلحة الزيادة أو النقص اتبعت، وهو توفيق حسن.
ومن فروع ذلك ما في الإسعاف: دار لرجل فيها موضع وقف بمقدار بيت واحد، ","الْمُتَقَدِّمِينَ بِعَدَمِ التَّوْقِيتِ إِلَى التَّوْقِيتِ إِنَّمَا هُوَ بِسَبَبِ الْخَوْفِ عَلَى الْوَقْفِ فَإِذَا كَانَتِ الْمَصْلَحَةُ الزِّيَادَةَ أَوِ النَّقْصَ اتُّبِعَتْ، وَهُوَ تَوْفِيقٌ حَسَنٌ.
وَمِنْ فُرُوعِ ذَلِكَ مَا فِي الْإِسْعَافِ: دَارٌ لِرَجُلٍ فِيهَا مَوْضِعُ وَقْفٍ بِمِقْدَارِ بَيْتٍ وَاحِدٍ، ","الْمُتَقَدِّمِينَ بِعَدَمِ التَّوْقِيتِ إِلَى التَّوْقِيتِ إِنَّمَا هُوَ بِسَبَبِ الْخَوْفِ عَلَى الْوَقْفِ فَإِذَا كَانَتِ الْمَصْلَحَةُ الزِّيَادَةَ أَوِ النَّقْصَ اتُّبِعَتْ، وَهُوَ تَوْفِيقٌ حَسَنٌ.
وَمِنْ فُرُوعِ ذَلِكَ مَا فِي الْإِسْعَافِ: دَارٌ لِرَجُلٍ فِيهَا مَوْضِعُ وَقْفٍ بِمِقْدَارِ بَيْتٍ وَاحِدٍ،"
"لأنه هو الذي جر الثالث على الأول، وإن علم أنه مات بوقوعه في البئر ووقوع الثاني والثالث عليه فالثلث هدر، والثلث على الحافر، والثلث على الثاني؛ لأنه مات بثلاث جنايات: أحدهما هدر، وهي جره الثاني على نفسه فبقيت جناية الحافر، وجناية الثاني بجرة الثالث على الأول فتعتبر.
(وأما) موت الثاني فلا يخلو من ثلاثة أوجه: (","لِأَنَّهُ هُوَ الَّذِي جَرَّ الثَّالِثَ عَلَى الْأَوَّلِ، وَإِنْ عَلِمَ أَنَّهُ مَاتَ بِوُقُوعِهِ فِي الْبِئْرِ وَوُقُوعِ الثَّانِي وَالثَّالِثِ عَلَيْهِ فَالثُّلُثُ هَدَرٌ، وَالثُّلُثُ عَلَى الْحَافِرِ، وَالثُّلُثُ عَلَى الثَّانِي؛ لِأَنَّهُ مَاتَ بِثَلَاثِ جِنَايَاتٍ: أَحَدُهُمَا هَدَرٌ، وَهِيَ جَرُّهُ الثَّانِيَ عَلَى نَفْسِهِ فَبَقِيَتْ جِنَايَةُ الْحَافِرِ، وَجِنَايَةُ الثَّانِي بِجَرَّةِ الثَّالِثَ عَلَى الْأَوَّلِ فَتُعْتَبَرُ.
(وَأَمَّا) مَوْتُ الثَّانِي فَلَا يَخْلُو مِنْ ثَلَاثَةِ أَوْجُهٍ: (","لِأَنَّهُ هُوَ الَّذِي جَرَّ الثَّالِثَ عَلَى الْأَوَّلِ، وَإِنْ عُلِمَ أَنَّهُ مَاتَ بِوُقُوعِهِ فِي الْبِئْرِ وَوُقُوعِ الثَّانِي وَالثَّالِثِ عَلَيْهِ فَالثُّلُثُ هَدَرٌ، وَالثُّلُثُ عَلَى الْحَافِرِ، وَالثُّلُثُ عَلَى الثَّانِي؛ لِأَنَّهُ مَاتَ بِثَلَاثِ جِنَايَاتٍ: أَحَدُهُمَا هَدَرٌ، وَهِيَ جَرُّهُ الثَّانِيَ عَلَى نَفْسِهِ فَبَقِيَتْ جِنَايَةُ الْحَافِرِ، وَجِنَايَةُ الثَّانِي بِجَرَّةِ الثَّالِثِ عَلَى الْأَوَّلِ فَتُعْتَبَرُ.
(وَأَمَّا) مَوْتُ الثَّانِي فَلَا يَخْلُو مِنْ ثَلَاثَةِ أَوْجُهٍ: ("
وإن أبى قيل للراهن: بعه فيه إلا أن يؤدي عنه فإن أدى بطل دين المرتهن كما ذكرنا في الفداء، وإن لم يؤد، وبيع العبد يأخذ صاحب دين العبد دينه؛ لأن دين العبد مقدم على دين المرتهن فإن فضل شيء ودين غريم العبد مثل دين المرتهن أو أكثر فالفضل للراهن، ,وَإِنْ أَبَى قِيلَ لِلرَّاهِنِ: بِعْهُ فِيهِ إِلَّا أَنْ يُؤَدِّيَ عَنْهُ فَإِنْ أَدَّى بَطَلَ دَيْنُ الْمُرْتَهِنِ كَمَا ذَكَرْنَا فِي الْفِدَاءِ، وَإِنْ لَمْ يُؤَدِّ، وَبِيعَ الْعَبْدُ يَأْخُذُ صَاحِبُ دَيْنِ الْعَبْدِ دَيْنَهُ؛ لِأَنَّ دَيْنَ الْعَبْدِ مُقَدَّمٌ عَلَى دَيْنِ الْمُرْتَهِنِ فَإِنْ فَضَلَ شَيْءٌ وَدَيْنُ غَرِيمِ الْعَبْدِ مِثْلُ دَيْنِ الْمُرْتَهِنِ أَوْ أَكْثَرَ فَالْفَضْلُ لِلرَّاهِنِ، ,وَإِنْ أَبَى قِيلَ لِلرَّاهِنِ: بِعْهُ فِيهِ إِلَّا أَنْ يُؤَدِّيَ عَنْهُ فَإِنْ أَدَّى بَطَلَ دَيْنُ الْمُرْتَهِنِ كَمَا ذَكَرْنَا فِي الْفِدَاءِ، وَإِنْ لَمْ يُؤَدِّ، وَبِيعَ الْعَبْدُ يَأْخُذُ صَاحِبُ دَيْنِ الْعَبْدِ دَيْنَهُ؛ لِأَنَّ دَيْنَ الْعَبْدِ مُقَدَّمٌ عَلَى دَيْنِ الْمُرْتَهِنِ فَإِنْ فَضَلَ شَيْءٌ وَدَيْنُ غَرِيمِ الْعَبْدِ مِثْلُ دَيْنِ الْمُرْتَهِنِ أَوْ أَكْثَرُ فَالْفَضْلُ لِلرَّاهِنِ،
"ومراده الضمان فيهما من البائع أصالة وهو أحد قولي مالك رضي الله عنه في المدونة وعليه قرره في توضيحه، فجاء الاستثناء في كلامه حسنا.
ثم قال: فلو درج المصنف على أحد قوليها أن ضمانهما من البائع أصالة لجاء الاستثناء في كلامه حسنا ووافق ما يأتي له في السلم، ","وَمُرَادُهُ الضَّمَانُ فِيهِمَا مِنَ الْبَائِعِ أَصَالَةً وَهُوَ أَحَدُ قَوْلَيْ مَالِكٍ رَضِيَ اللَّهُ عَنْهُ فِي الْمُدَوَّنَةِ وَعَلَيْهِ قَرَّرَهُ فِي تَوْضِيحِهِ، فَجَاءَ الِاسْتِثْنَاءُ فِي كَلَامِهِ حَسَنًا.
ثُمَّ قَالَ: فَلَوْ دَرَجَ الْمُصَنِّفُ عَلَى أَحَدِ قَوْلَيْهَا أَنَّ ضَمَانَهُمَا مِنَ الْبَائِعِ أَصَالَةً لَجَاءَ الِاسْتِثْنَاءُ فِي كَلَامِهِ حَسَنًا وَوَافَقَ مَا يَأْتِي لَهُ فِي السَّلَمِ، ","وَمُرَادُهُ الضَّمَانُ فِيهِمَا مِنَ الْبَائِعِ أَصَالَةً وَهُوَ أَحَدُ قَوْلَيْ مَالِكٍ رَضِيَ اللَّهُ عَنْهُ فِي الْمُدَوَّنَةِ وَعَلَيْهِ قَرَّرَهُ فِي تَوْضِيحِهِ، فَجَاءَ الِاسْتِثْنَاءُ فِي كَلَامِهِ حَسَنًا.
ثُمَّ قَالَ: فَلَوْ دَرَجَ الْمُصَنِّفُ عَلَى أَحَدِ قَوْلَيْهَا أَنَّ ضَمَانَهُمَا مِنَ الْبَائِعِ أَصَالَةً لَجَاءَ الِاسْتِثْنَاءُ فِي كَلَامِهِ حَسَنًا وَوَافَقَ مَا يَأْتِي لَهُ فِي السَّلَمِ،"
لرفع القلم عنهما لكن ينبغي تعزير المميز على قياس ما مر (وحربيا) أو معاهدا لعدم التزامه (وذميا) ؛ لأنه لم يلتزم بالذمة مما لا يعتقده إلا ما يتعلق بالآدميين (وموجرا) مسكرا مقهرا إذ لا صنع له (وكذا مكره على شربها على المذهب) ,لِرَفْعِ الْقَلَمِ عَنْهُمَا لَكِنْ يَنْبَغِي تَعْزِيرُ الْمُمَيِّزِ عَلَى قِيَاسِ مَا مَرَّ (وَحَرْبِيًّا) أَوْ مُعَاهَدًا لِعَدَمِ الْتِزَامِهِ (وَذِمِّيًّا) ؛ لِأَنَّهُ لَمْ يَلْتَزِمْ بِالذِّمَّةِ مِمَّا لَا يَعْتَقِدُهُ إِلَّا مَا يَتَعَلَّقُ بِالْآدَمِيِّينَ (وَمُوجَرًا) مُسْكِرًا مُقْهَرًا إِذْ لَا صُنْعَ لَهُ (وَكَذَا مُكْرَهٌ عَلَى شُرْبِهَا عَلَى الْمَذْهَبِ) ,لِرَفْعِ الْقَلَمِ عَنْهُمَا لَكِنْ يَنْبَغِي تَعْزِيرُ الْمُمَيِّزِ عَلَى قِيَاسِ مَا مَرَّ (وَحَرْبِيًّا) أَوْ مُعَاهَدًا لِعَدَمِ الْتِزَامِهِ (وَذِمِّيًّا) ؛ لِأَنَّهُ لَمْ يَلْتَزِمْ بِالذِّمَّةِ مِمَّا لَا يَعْتَقِدُهُ إِلَّا مَا يَتَعَلَّقُ بِالْآدَمِيِّينَ (وَمُوجِرًا) مُسْكِرًا مُقْهِرًا إِذْ لَا صُنْعَ لَهُ (وَكَذَا مُكْرَهٌ عَلَى شُرْبِهَا عَلَى الْمَذْهَبِ)
"وذلك مختص بذوي الحاجة، وأما المسدد فهو الذي له كفاية وربما ضاقت حاله بكثرة عياله، وأما ولد الغني لا مال له فهو فقير وإذا بلغ صحيحا فلم يلزم الأب الإنفاق عليه فهو من الفقراء وذوي الحاجة.
(فرع) وإذا تساوى أهل الحبس في الفقر، أو الغنى أوثر الأقرب ويعطى الفضل من يليه، ","وَذَلِكَ مُخْتَصٌّ بِذَوِي الْحَاجَةِ، وَأَمَّا الْمُسَدِّدُ فَهُوَ الَّذِي لَهُ كِفَايَةٌ وَرُبَّمَا ضَاقَتْ حَالُهُ بِكَثْرَةِ عِيَالِهِ، وَأَمَّا وَلَدُ الْغَنِيِّ لَا مَالَ لَهُ فَهُوَ فَقِيرٌ وَإِذَا بَلَغَ صَحِيحًا فَلَمْ يَلْزَمِ الْأَبَ الْإِنْفَاقُ عَلَيْهِ فَهُوَ مِنَ الْفُقَرَاءِ وَذَوِي الْحَاجَةِ.
(فَرْعٌ) وَإِذَا تَسَاوَى أَهْلُ الْحَبْسِ فِي الْفَقْرِ، أَوِ الْغِنَى أُوثِرَ الْأَقْرَبُ وَيُعْطَى الْفَضْلُ مَنْ يَلِيه، ","وَذَلِكَ مُخْتَصٌّ بِذَوِي الْحَاجَةِ، وَأَمَّا الْمُسَدِّدُ فَهُوَ الَّذِي لَهُ كِفَايَةٌ وَرُبَّمَا ضَاقَتْ حَالُهُ بِكَثْرَةِ عِيَالِهِ، وَأَمَّا وَلَدُ الْغَنِيِّ لَا مَالَ لَهُ فَهُوَ فَقِيرٌ وَإِذَا بَلَغَ صَحِيحًا فَلَمْ يَلْزَمِ الْأَبَ الْإِنْفَاقُ عَلَيْهِ فَهُوَ مِنَ الْفُقَرَاءِ وَذَوِي الْحَاجَةِ.
(فَرْعٌ) وَإِذَا تَسَاوَى أَهْلُ الْحَبْسِ فِي الْفَقْرِ، أَوِ الْغِنَى أُوثِرَ الْأَقْرَبُ وَيُعْطَى الْفَضْلُ مَنْ يَلِيهِ،"
"قال لخليطه ادفع إلى زيد ألفا ففعل ضمن الآمر لا زيد عكس أقرض فإن الآمر لا يضمن إذ موضع الخلطة أن لا يقتضي ضمان التملك وضمان القرض ضمان التملك فيجب على القابض. (5/39)
أمره ليشتري له أسيرا فلو قال اشتره لي، أو قال من مالي رجع وإلا لا إلا أن يكون خليطا. (5/40)
","قَالَ لِخَلِيطِهِ ادْفَعْ إِلَى زَيْدٍ أَلْفًا فَفَعَلَ ضَمِنَ الْآمِرُ لَا زَيْدٌ عَكْسُ أَقْرِضْ فَإِنَّ الْآمِرَ لَا يَضْمَنُ إِذْ مَوْضِعُ الْخُلْطَةِ أَنْ لَا يَقْتَضِيَ ضَمَانَ التَّمَلُّكِ وَضَمَانُ الْقَرْضِ ضَمَانُ التَّمَلُّكِ فَيَجِبُ عَلَى الْقَابِضِ. (5/39)
أَمَرَهُ لِيَشْتَرِيَ لَهُ أَسِيرًا فَلَوْ قَالَ اشْتَرِهِ لِي، أَوْ قَالَ مِنْ مَالِي رَجَعَ وَإِلَّا لَا إِلَّا أَنْ يَكُونَ خَلِيطًا. (5/40)
","قَالَ لِخَلِيطِهِ ادْفَعْ إِلَى زَيْدٍ أَلْفًا فَفَعَلَ ضَمِنَ الْآمِرُ لَا زَيْدٌ عَكْسُ أَقْرَضَ فَإِنَّ الْآمِرَ لَا يَضْمَنُ إِذْ مَوْضِعُ الْخُلْطَةِ أَنْ لَا يَقْتَضِيَ ضَمَانَ التَّمَلُّكِ وَضَمَانُ الْقَرْضِ ضَمَانُ التَّمَلُّكِ فَيَجِبُ عَلَى الْقَابِضِ. (5/39)
أَمَرَهُ لِيَشْتَرِيَ لَهُ أَسِيرًا فَلَوْ قَالَ اشْتَرِهِ لِي، أَوْ قَالَ مِنْ مَالِي رَجَعَ وَإِلَّا لَا إِلَّا أَنْ يَكُونَ خَلِيطًا. (5/40)"
"حدثنا حجاج قال سمعت شعبة يحدث عن قتادة عن هلال بن يزيد أنه سمع أبا هريرة يقول عن النبي صلى الله عليه وسلم إن هذه الحبة السوداء شفاء من كل داء إلا السام قال شعبة فقلت لقتادة ما السام قال الموت (16/85)
10048 - ","حَدَّثَنَا حَجَّاجٌ قَالَ سَمِعْتُ شُعْبَةَ يُحَدِّثُ عَنْ قَتَادَةَ عَنْ هِلَالِ بْنِ يَزِيدَ أَنَّهُ سَمِعَ أَبَا هُرَيْرَةَ يَقُولُ عَنِ النَّبِيِّ صَلَّى اللَّهُ عَلَيْهِ وَسَلَّمَ إِنَّ هَذِهِ الْحَبَّةَ السَّوْدَاءَ شِفَاءٌ مِنْ كُلِّ دَاءٍ إِلَّا السَّامَ قَالَ شُعْبَةُ فَقُلْتُ لِقَتَادَةَ مَا السَّامُ قَالَ الْمَوْتُ (16/85)
10048 - ","حَدَّثَنَا حَجَّاجٌ قَالَ سَمِعْتُ شُعْبَةَ يُحَدِّثُ عَنْ قَتَادَةَ عَنْ هِلَالِ بْنِ يَزِيدَ أَنَّهُ سَمِعَ أَبَا هُرَيْرَةَ يَقُولُ عَنِ النَّبِيِّ صَلَّى اللَّهُ عَلَيْهِ وَسَلَّمَ إِنَّ هَذِهِ الْحَبَّةَ السَّوْدَاءَ شِفَاءٌ مِنْ كُلِّ دَاءٍ إِلَّا السَّامَ قَالَ شُعْبَةُ فَقُلْتُ لِقَتَادَةَ مَا السَّامُ قَالَ الْمَوْتُ (16/85)
10048 -"
"فائدتان: إحداهما: لو علق طلاقها بقيامها، فقامت حائضا، فقال في الانتصار: هو طلاق مباح.
وقال في الترغيب: هو طلاق بدعي.
وقال في الرعاية: يحتمل وجهين.
وذكر المصنف: إن علق الطلاق بقدوم زيد، فقدم في حيضها: فبدعة، ولا إثم.
قلت: ","فَائِدَتَانِ: إِحْدَاهُمَا: لَوْ عَلَّقَ طَلَاقَهَا بِقِيَامِهَا، فَقَامَتْ حَائِضًا، فَقَالَ فِي الِانْتِصَارِ: هُوَ طَلَاقٌ مُبَاحٌ.
وَقَالَ فِي التَّرْغِيبِ: هُوَ طَلَاقٌ بِدْعِيٌّ.
وَقَالَ فِي الرِّعَايَةِ: يَحْتَمِلُ وَجْهَيْنِ.
وَذَكَرَ الْمُصَنِّفُ: إِنْ عَلَّقَ الطَّلَاقَ بِقُدُومِ زَيْدٍ، فَقَدِمَ فِي حَيْضِهَا: فَبِدْعَةٌ، وَلَا إِثْمَ.
قُلْت: ","فَائِدَتَانِ: إِحْدَاهُمَا: لَوْ عَلَّقَ طَلَاقَهَا بِقِيَامِهَا، فَقَامَتْ حَائِضًا، فَقَالَ فِي الِانْتِصَارِ: هُوَ طَلَاقٌ مُبَاحٌ.
وَقَالَ فِي التَّرْغِيبِ: هُوَ طَلَاقٌ بِدْعِيٌّ.
وَقَالَ فِي الرِّعَايَةِ: يَحْتَمِلُ وَجْهَيْنِ.
وَذَكَرَ الْمُصَنِّفُ: إِنْ عَلَّقَ الطَّلَاقَ بِقُدُومِ زَيْدٍ، فَقَدِمَ فِي حَيْضِهَا: فَبِدْعَةٌ، وَلَا إِثْمَ.
قُلْت:"
كما يعلم من المطولات (قوله وإمساك فمه عند التثاؤب) بالهمز، وأما الواو فغلط كما في المغرب وغيره وسيأتي في باب ما يفسد الصلاة أو يكره أنه يكره ولو خارجها لأنه من الشيطان والأنبياء محفوظون منه (قوله ولو بأخذ شفتيه بسنه) ,كَمَا يُعْلَمُ مِنَ الْمُطَوَّلَاتِ (قَوْلُهُ وَإِمْسَاكُ فَمِهِ عِنْدَ التَّثَاؤُبِ) بِالْهَمْزِ، وَأَمَّا الْوَاوُ فَغَلَطٌ كَمَا فِي الْمُغْرِبِ وَغَيْرِهِ وَسَيَأْتِي فِي بَابِ مَا يُفْسِدُ الصَّلَاةَ أَوْ يُكْرَهُ أَنَّهُ يُكْرَهُ وَلَوْ خَارِجَهَا لِأَنَّهُ مِنَ الشَّيْطَانِ وَالْأَنْبِيَاءُ مَحْفُوظُونَ مِنْهُ (قَوْلُهُ وَلَوْ بِأَخْذِ شَفَتَيْهِ بِسِنِّهِ) ,كَمَا يُعْلَمُ مِنَ الْمُطَوَّلَاتِ (قَوْلُهُ وَإِمْسَاكُ فَمِهِ عِنْدَ التَّثَاؤُبِ) بِالْهَمْزِ، وَأَمَّا الْوَاوُ فَغَلَطٌ كَمَا فِي الْمُغْرِبِ وَغَيْرِهِ وَسَيَأْتِي فِي بَابِ مَا يُفْسِدُ الصَّلَاةَ أَوْ يُكْرَهُ أَنَّهُ يُكْرَهُ وَلَوْ خَارِجَهَا لِأَنَّهُ مِنَ الشَّيْطَانِ وَالْأَنْبِيَاءُ مَحْفُوظُونَ مِنْهُ (قَوْلُهُ وَلَوْ بِأَخْذِ شَفَتَيْهِ بِسِنِّهِ)
"إن بنت أو انفسخ نكاحك فأنت طالق قبله ثلاثا.
ثم بانت منه بخلع أو غيره أو انفسخ نكاحها لمقتض فلا تطلق؛ لأنه بالإبانة لم يبق للطلاق محل يقع فيه. (9/394)
(و) إن قال لإحدى امرأتيه (كلما طلقت ضرتك فأنت طالق.
ثم قال مثله للضرة ثم طلق الأولى) فقال لها أنت طالق (طلقت الضرة طلقة) ","إِنْ بِنْتِ أَوِ انْفَسَخَ نِكَاحُكِ فَأَنْتِ طَالِقٌ قَبْلَهُ ثَلَاثًا.
ثُمَّ بَانَتْ مِنْهُ بِخُلْعٍ أَوْ غَيْرِهِ أَوِ انْفَسَخَ نِكَاحُهَا لِمُقْتَضٍ فَلَا تَطْلُقُ؛ لِأَنَّهُ بِالْإِبَانَةِ لَمْ يَبْقَ لِلطَّلَاقِ مَحَلٌّ يَقَعُ فِيهِ. (9/394)
(وَ) إِنْ قَالَ لِإِحْدَى امْرَأَتَيْهِ (كُلَّمَا طَلَّقْتُ ضَرَّتَكِ فَأَنْتِ طَالِقٌ.
ثُمَّ قَالَ مِثْلَهُ لِلضَّرَّةِ ثُمَّ طَلَّقَ الْأُولَى) فَقَالَ لَهَا أَنْتِ طَالِقٌ (طَلُقَتِ الضَّرَّةُ طَلْقَةً) ","إِنْ بِنْتِ أَوِ انْفَسَخَ نِكَاحُكِ فَأَنْتِ طَالِقٌ قَبْلَهُ ثَلَاثًا.
ثُمَّ بَانَتْ مِنْهُ بِخُلْعٍ أَوْ غَيْرِهِ أَوِ انْفَسَخَ نِكَاحُهَا لِمُقْتَضٍ فَلَا تَطْلُقُ؛ لِأَنَّهُ بِالْإِبَانَةِ لَمْ يَبْقَ لِلطَّلَاقِ مَحَلٌّ يَقَعُ فِيهِ. (9/394)
(وَ) إِنْ قَالَ لِإِحْدَى امْرَأَتَيْهِ (كُلَّمَا طَلَّقْتُ ضَرَّتَكِ فَأَنْتِ طَالِقٌ.
ثُمَّ قَالَ مِثْلَهُ لِلضَّرَّةِ ثُمَّ طَلَّقَ الْأُولَى) فَقَالَ لَهَا أَنْتِ طَالِقٌ (طَلُقَتِ الضَّرَّةُ طَلْقَةً)"
"إن تساووا؛ لأنه لا مرجح إذن غيرها. (4/305)
(فرع: حرم أن يعود) مسلم كافرا كبداءته بالسلام.
لما فيه من تعظيم، (أو يغسل مسلم كافرا، أو يكفنه أو يصلي عليه.
أو يتبع جنازته، ولو ذميا قريبا) قال في الإنصاف : وهذا المذهب في ذلك كله، وعليه أكثر الأصحاب لقوله تعالى: {لا تتولوا قوما غضب الله عليهم} .
(بل يواري وجوبا، لعدم) ","إِنْ تُسَاوَوْا؛ لِأَنَّهُ لَا مُرَجِّحَ إِذَنْ غَيْرُهَا. (4/305)
(فَرْعٌ: حَرُمَ أَنْ يَعُودَ) مُسْلِمٌ كَافِرًا كَبُدَاءَتِهِ بِالسَّلَامِ.
لِمَا فِيهِ مِنْ تَعْظِيمٍ، (أَوْ يُغَسِّلَ مُسْلِمٌ كَافِرًا، أَوْ يُكَفِّنَهُ أَوْ يُصَلِّي عَلَيْهِ.
أَوْ يَتْبَعَ جِنَازَتَهُ، وَلَوْ ذِمِّيًّا قَرِيبًا) قَالَ فِي الْإِنْصَافِ : وَهَذَا الْمَذْهَبُ فِي ذَلِكَ كُلِّهِ، وَعَلَيْهِ أَكْثَرُ الْأَصْحَابِ لِقَوْلِهِ تَعَالَى: {لَا تَتَوَلَّوْا قَوْمًا غَضِبَ اللَّهُ عَلَيْهِمْ} .
(بَلْ يُوَارِي وُجُوبًا، لِعَدَمِ) ","إِنْ تَسَاوَوْا؛ لِأَنَّهُ لَا مُرَجِّحَ إِذَنْ غَيْرُهَا. (4/305)
(فَرْعٌ: حَرُمَ أَنْ يَعُودَ) مُسْلِمٌ كَافِرًا كَبُدَاءَتِهِ بِالسَّلَامِ.
لِمَا فِيهِ مِنْ تَعْظِيمٍ، (أَوْ يُغَسِّلَ مُسْلِمٌ كَافِرًا، أَوْ يُكَفِّنَهُ أَوْ يُصَلِّيَ عَلَيْهِ.
أَوْ يَتَّبِعَ جِنَازَتَهُ، وَلَوْ ذِمِّيًّا قَرِيبًا) قَالَ فِي الْإِنْصَافِ : وَهَذَا الْمَذْهَبُ فِي ذَلِكَ كُلِّهِ، وَعَلَيْهِ أَكْثَرُ الْأَصْحَابِ لِقَوْلِهِ تَعَالَى: {لَا تَتَوَلَّوْا قَوْمًا غَضِبَ اللَّهُ عَلَيْهِمْ} .
(بَلْ يُوَارِي وُجُوبًا، لِعَدَمِ)"
"ولا ضرب رسول الله صلى الله عليه وسلم بيده شيئا قط إلا أن يجاهد في سبيل الله عز وجل، ولا خير بين أمرين قط إلا كان أحبهما إليه أيسرهما حتى يكون إثما فإذا كان إثما كان أبعد الناس من الإثم ولا انتقم لنفسه من شيء يؤتى إليه حتى تنتهك حرمات الله فيكون هو ينتقم لله عز وجل} .
(","وَلَا ضَرَبَ رَسُولُ اللَّهِ صَلَّى اللَّهُ عَلَيْهِ وَسَلَّمَ بِيَدِهِ شَيْئًا قَطُّ إِلَّا أَنْ يُجَاهِدَ فِي سَبِيلِ اللَّهِ عَزَّ وَجَلَّ، وَلَا خُيِّرَ بَيْنَ أَمْرَيْنِ قَطُّ إِلَّا كَانَ أَحَبُّهُمَا إِلَيْهِ أَيْسَرَهُمَا حَتَّى يَكُونَ إِثْمًا فَإِذَا كَانَ إِثْمًا كَانَ أَبْعَدَ النَّاسِ مِنَ الْإِثْمِ وَلَا انْتَقَمَ لِنَفْسِهِ مِنْ شَيْءٍ يُؤْتَى إِلَيْهِ حَتَّى تُنْتَهَكَ حُرُمَاتُ اللَّهِ فَيَكُونَ هُوَ يَنْتَقِمُ لِلَّهِ عَزَّ وَجَلَّ} .
(","وَلَا ضَرَبَ رَسُولُ اللَّهِ صَلَّى اللَّهُ عَلَيْهِ وَسَلَّمَ بِيَدِهِ شَيْئًا قَطُّ إِلَّا أَنْ يُجَاهِدَ فِي سَبِيلِ اللَّهِ عَزَّ وَجَلَّ، وَلَا خُيِّرَ بَيْنَ أَمْرَيْنِ قَطُّ إِلَّا كَانَ أَحَبُّهُمَا إِلَيْهِ أَيْسَرَهُمَا حَتَّى يَكُونَ إِثْمًا فَإِذَا كَانَ إِثْمًا كَانَ أَبْعَدَ النَّاسِ مِنَ الْإِثْمِ وَلَا انْتَقَمَ لِنَفْسِهِ مِنْ شَيْءٍ يُؤْتَى إِلَيْهِ حَتَّى تُنْتَهَكَ حُرُمَاتُ اللَّهِ فَيَكُونَ هُوَ يَنْتَقِمُ لِلَّهِ عَزَّ وَجَلَّ} .
("
"ويكفي الزاني إباحة دمه وأنه غير معصوم.
فيا لها من صفقة ما أبخسها، وخصلة ما أنحسها.
قد ذهبت اللذات.
وبقيت الحسرات.
وكان سيدنا الإمام أحمد رضي الله عنه كثيرا ما ينشد: تفنى اللذاذة ممن نال صفوتها من الحرام ويبقى الخزي والعار تبقى عواقب سوء في مغبتها لا خير في لذة من بعدها النار والله سبحانه وتعالى أعلم. (4/10)
","وَيَكْفِي الزَّانِي إِبَاحَةَ دَمِهِ وَأَنَّهُ غَيْرُ مَعْصُومٍ.
فَيَا لَهَا مِنْ صَفْقَةٍ مَا أَبْخَسَهَا، وَخَصْلَةٍ مَا أَنْحَسَهَا.
قَدْ ذَهَبَتِ اللَّذَّاتُ.
وَبَقِيَتِ الْحَسَرَاتُ.
وَكَانَ سَيِّدُنَا الْإِمَامُ أَحْمَدُ رَضِيَ اللَّهُ عَنْهُ كَثِيرًا مَا يَنْشُدُ: تَفْنَى اللَّذَاذَةُ مِمَّنْ نَالَ صَفْوَتَهَا مِنَ الْحَرَامِ وَيَبْقَى الْخِزْيُ وَالْعَارُ تَبْقَى عَوَاقِبُ سُوءٍ فِي مَغَبَّتِهَا لَا خَيْرَ فِي لَذَّةٍ مِنْ بَعْدِهَا النَّارُ وَاللَّهُ سُبْحَانَهُ وَتَعَالَى أَعْلَمُ. (4/10)
","وَيَكْفِي الزَّانِيَ إِبَاحَةُ دَمِهِ وَأَنَّهُ غَيْرُ مَعْصُومٍ.
فَيَا لَهَا مِنْ صَفْقَةٍ مَا أَبْخَسَهَا، وَخَصْلَةٍ مَا أَنْحَسَهَا.
قَدْ ذَهَبَتِ اللَّذَّاتُ.
وَبَقِيَتِ الْحَسَرَاتُ.
وَكَانَ سَيِّدُنَا الْإِمَامُ أَحْمَدُ رَضِيَ اللَّهُ عَنْهُ كَثِيرًا مَا يَنْشُدُ: تَفْنَى اللَّذَاذَةُ مِمَّنْ نَالَ صَفْوَتَهَا مِنَ الْحَرَامِ وَيَبْقَى الْخِزْيُ وَالْعَارُ تَبْقَى عَوَاقِبُ سُوءٍ فِي مَغِبَّتِهَا لَا خَيْرَ فِي لَذَّةٍ مِنْ بَعْدِهَا النَّارُ وَاللَّهُ سُبْحَانَهُ وَتَعَالَى أَعْلَمُ. (4/10)"
"أي المشروط (عليه) أي الشرط لأن الشرط مجموع الطلقات الثلاث فلا (3/86)
تتحقق المعاقبة بينهما وهو باطل اتفاقا (وعندهما للإلصاق عوضا) لأن الطلاق على مال معاوضة من جانبها ولذا كان لها الرجوع قبل كلام الزوج وكلمة على تحتمل معنى الباء فيحمل عليها بدلالة الحال (فتنقسم الألف) على الطلقات الثلاث فيقع عليها واحدة بائنة بثلث الألف عندهما (للمعية) ","أَيِ الْمَشْرُوطِ (عَلَيْهِ) أَيِ الشَّرْطِ لِأَنَّ الشَّرْطَ مَجْمُوعُ الطَّلْقَاتِ الثَّلَاثِ فَلَا (3/86)
تَتَحَقَّقُ الْمُعَاقَبَةُ بَيْنَهُمَا وَهُوَ بَاطِلٌ اتِّفَاقًا (وَعِنْدَهُمَا لِلْإِلْصَاقِ عِوَضًا) لِأَنَّ الطَّلَاقَ عَلَى مَالٍ مُعَاوَضَةٌ مِنْ جَانِبِهَا وَلِذَا كَانَ لَهَا الرُّجُوعُ قَبْلَ كَلَامِ الزَّوْجِ وَكَلِمَةُ عَلَى تَحْتَمِلُ مَعْنَى الْبَاءِ فَيُحْمَلُ عَلَيْهَا بِدَلَالَةِ الْحَالِ (فَتَنْقَسِمُ الْأَلْفُ) عَلَى الطَّلْقَاتِ الثَّلَاثِ فَيَقَعُ عَلَيْهَا وَاحِدَةٌ بَائِنَةٌ بِثُلُثِ الْأَلْفِ عِنْدَهُمَا (لِلْمَعِيَّةِ) ","أَيِ الْمَشْرُوطُ (عَلَيْهِ) أَيِ الشَّرْطِ لِأَنَّ الشَّرْطَ مَجْمُوعُ الطَّلْقَاتِ الثَّلَاثِ فَلَا (3/86)
تَتَحَقَّقُ الْمُعَاقَبَةُ بَيْنَهُمَا وَهُوَ بَاطِلٌ اتِّفَاقًا (وَعِنْدَهُمَا لِلْإِلْصَاقِ عِوَضًا) لِأَنَّ الطَّلَاقَ عَلَى مَالٍ مُعَاوَضَةٌ مِنْ جَانِبِهَا وَلِذَا كَانَ لَهَا الرُّجُوعُ قَبْلَ كَلَامِ الزَّوْجِ وَكَلِمَةُ عَلَى تَحْتَمِلُ مَعْنَى الْبَاءِ فَيُحْمَلُ عَلَيْهَا بِدَلَالَةِ الْحَالِ (فَتَنْقَسِمُ الْأَلْفُ) عَلَى الطَّلْقَاتِ الثَّلَاثِ فَيَقَعُ عَلَيْهَا وَاحِدَةٌ بَائِنَةٌ بِثُلُثِ الْأَلْفِ عِنْدَهُمَا (لِلْمَعِيَّةِ)"
"حدثنا أبو كامل قال حدثنا حماد عن حماد عن إبراهيم عن الأسود عن عائشة وعطاء بن السائب عن إبراهيم عن علقمة عن عائشة قالت كأني أنظر إلى وبيص الطيب في مفرق رسول الله صلى الله عليه وسلم بعد أيام وهو محرم (42/511)
25776 - ","حَدَّثَنَا أَبُو كَامِلٍ قَالَ حَدَّثَنَا حَمَّادٌ عَنْ حَمَّادٍ عَنْ إِبْرَاهِيمَ عَنِ الْأَسْوَدِ عَنْ عَائِشَةَ وَعَطَاءُ بْنُ السَّائِبِ عَنْ إِبْرَاهِيمَ عَنْ عَلْقَمَةَ عَنْ عَائِشَةَ قَالَتْ كَأَنِّي أَنْظُرُ إِلَى وَبِيصِ الطِّيبِ فِي مَفْرِقِ رَسُولِ اللَّهِ صَلَّى اللَّهُ عَلَيْهِ وَسَلَّمَ بَعْدَ أَيَّامٍ وَهُوَ مُحْرِمٌ (42/511)
25776 - ","حَدَّثَنَا أَبُو كَامِلٍ قَالَ حَدَّثَنَا حَمَّادٌ عَنْ حَمَّادٍ عَنْ إِبْرَاهِيمَ عَنِ الْأَسْوَدِ عَنْ عَائِشَةَ وَعَطَاءِ بْنِ السَّائِبِ عَنْ إِبْرَاهِيمَ عَنْ عَلْقَمَةَ عَنْ عَائِشَةَ قَالَتْ كَأَنِّي أَنْظُرُ إِلَى وَبِيصِ الطِّيبِ فِي مَفْرِقِ رَسُولِ اللَّهِ صَلَّى اللَّهُ عَلَيْهِ وَسَلَّمَ بَعْدَ أَيَّامٍ وَهُوَ مُحْرِمٌ (42/511)
25776 -"
ولحم الخنزير، ولا بأس بالإصابة منها عند تحقق الضرورة بقدر ما يدفع الهلاك به عن نفسه، وشرب الخمر يرد عطشه في الحال؛ لأن في الخمر رطوبة، وحرارة، فالرطوبة التي فيها ترد عطشه في الحال، ثم بالحرارة التي فيها يزداد العطش في الثاني، وإلى أن يهيج ذلك به ربما يصل إلى الماء، ,وَلَحْمِ الْخِنْزِيرِ، وَلَا بَأْسَ بِالْإِصَابَةِ مِنْهَا عِنْدَ تَحَقُّقِ الضَّرُورَةِ بِقَدْرِ مَا يَدْفَعُ الْهَلَاكَ بِهِ عَنْ نَفْسِهِ، وَشُرْبُ الْخَمْرِ يَرُدُّ عَطَشَهُ فِي الْحَالِ؛ لِأَنَّ فِي الْخَمْرِ رُطُوبَةً، وَحَرَارَةً، فَالرُّطُوبَةُ الَّتِي فِيهَا تَرُدُّ عَطَشَهُ فِي الْحَالِ، ثُمَّ بِالْحَرَارَةِ الَّتِي فِيهَا يَزْدَادُ الْعَطَشُ فِي الثَّانِي، وَإِلَى أَنْ يَهِيجَ ذَلِكَ بِهِ رُبَّمَا يَصِلُ إِلَى الْمَاءِ، ,وَلَحْمِ الْخِنْزِيرِ، وَلَا بَأْسَ بِالْإِصَابَةِ مِنْهَا عِنْدَ تَحَقُّقِ الضَّرُورَةِ بِقَدْرِ مَا يَدْفَعُ الْهَلَاكَ بِهِ عَنْ نَفْسِهِ، وَشُرْبُ الْخَمْرِ يَرُدُّ عَطَشَهُ فِي الْحَالِ؛ لِأَنَّ فِي الْخَمْرِ رُطُوبَةً، وَحَرَارَةً، فَالرُّطُوبَةُ الَّتِي فِيهَا تَرُدُّ عَطَشَهُ فِي الْحَالِ، ثُمَّ بِالْحَرَارَةِ الَّتِي فِيهَا يَزْدَادُ الْعَطَشُ فِي الثَّانِي، وَإِلَى أَنْ يَهِيجَ ذَلِكَ بِهِ رُبَّمَا يَصِلُ إِلَى الْمَاءِ،
"قال: ولا بد أن يشترط الشيخ في ذلك (3/220)
شرطين: أحدهما: أن يكون مع وجوبه مضيقا، مستحق العين لأجل أن الواجب الموسع ليس بنهي عن ضده.
والثاني: أن يكون نهيا عن ضده، وضد البدل منه الذي هو بدل لا ما إذا كان أمر على غير وجه التخيير.
انتهى.
وهذا الشرط الثاني قد سبق تصوير المسألة به، ","قَالَ: وَلَا بُدَّ أَنْ يَشْتَرِطَ الشَّيْخُ فِي ذَلِكَ (3/220)
شَرْطَيْنِ: أَحَدُهُمَا: أَنْ يَكُونَ مَعَ وُجُوبِهِ مُضَيِّقًا، مُسْتَحِقَّ الْعَيْنِ لِأَجْلِ أَنَّ الْوَاجِبَ الْمُوَسِّعَ لَيْسَ بِنَهْيٍ عَنْ ضِدِّهِ.
وَالثَّانِي: أَنْ يَكُونَ نَهْيًا عَنْ ضِدِّهِ، وَضِدُّ الْبَدَلِ مِنْهُ الَّذِي هُوَ بَدَلُ لَا مَا إِذَا كَانَ أَمْرٌ عَلَى غَيْرِ وَجْهِ التَّخْيِيرِ.
انْتَهَى.
وَهَذَا الشَّرْطُ الثَّانِي قَدْ سَبَقَ تَصْوِيرُ الْمَسْأَلَةِ بِهِ، ","قَالَ: وَلَا بُدَّ أَنْ يَشْتَرِطَ الشَّيْخُ فِي ذَلِكَ (3/220)
شَرْطَيْنِ: أَحَدُهُمَا: أَنْ يَكُونَ مَعَ وُجُوبِهِ مُضَيَّقًا، مُسْتَحَقَّ الْعَيْنِ لِأَجْلِ أَنَّ الْوَاجِبَ الْمُوَسَّعَ لَيْسَ بِنَهْيٍ عَنْ ضِدِّهِ.
وَالثَّانِي: أَنْ يَكُونَ نَهْيًا عَنْ ضِدِّهِ، وَضِدُّ الْبَدَلِ مِنْهُ الَّذِي هُوَ بَدَلٌ لَا مَا إِذَا كَانَ أَمْرٌ عَلَى غَيْرِ وَجْهِ التَّخْيِيرِ.
انْتَهَى.
وَهَذَا الشَّرْطُ الثَّانِي قَدْ سَبَقَ تَصْوِيرُ الْمَسْأَلَةِ بِهِ،"
"ولو قال رب الأرض للمكتري: اصنع بها كيف شئت وقيل يجوز حينئذ لأنه داخل على الأضر.
قوله: [فلا يجوز ويفسخ للجهالة] إلخ: الذي يفيده (9/75)
كلام التوضيح أن ابن القاسم يقول بجواز العقد المذكور وصحته عند الإجمال لكن يمنع المكتري من فعل ما فيه ضرر وغير ابن القاسم يقول بعدم الجواز والفساد كما قال الشارح.
","وَلَوْ قَالَ رَبُّ الْأَرْضِ لِلْمُكْتَرِي: اصْنَعْ بِهَا كَيْفَ شِئْت وَقِيلَ يَجُوزُ حِينَئِذٍ لِأَنَّهُ دَاخِلٌ عَلَى الْأَضَرِّ.
قَوْلُهُ: [فَلَا يَجُوزُ وَيُفْسَخُ لِلْجَهَالَةِ] إِلَخْ: الَّذِي يُفِيدُهُ (9/75)
كَلَامُ التَّوْضِيحِ أَنَّ ابْنَ الْقَاسِمِ يَقُولُ بِجَوَازِ الْعَقْدِ الْمَذْكُورِ وَصِحَّتِهِ عِنْدَ الْإِجْمَالِ لَكِنْ يُمْنَعُ الْمُكْتَرِي مِنْ فِعْلِ مَا فِيهِ ضَرَرٌ وَغَيْرُ ابْنِ الْقَاسِمِ يَقُولُ بِعَدَمِ الْجَوَازِ وَالْفَسَادِ كَمَا قَالَ الشَّارِحُ.
","وَلَوْ قَالَ رَبُّ الْأَرْضِ لِلْمُكْتَرِي: اصْنَعْ بِهَا كَيْفَ شِئْت وَقِيلَ يَجُوزُ حِينَئِذٍ لِأَنَّهُ دَاخِلٌ عَلَى الْأَضَرِّ.
قَوْلُهُ: [فَلَا يَجُوزُ وَيُفْسَخُ لِلْجَهَالَةِ] إِلَخْ: الَّذِي يُفِيدُهُ (9/75)
كَلَامُ التَّوْضِيحِ أَنَّ ابْنَ الْقَاسِمِ يَقُولُ بِجَوَازِ الْعَقْدِ الْمَذْكُورِ وَصِحَّتِهِ عِنْدَ الْإِجْمَالِ لَكِنْ يُمْنَعُ الْمُكْتَرِي مِنْ فِعْلِ مَا فِيهِ ضَرَرٌ وَغَيْرُ ابْنِ الْقَاسِمِ يَقُولُ بِعَدَمِ الْجَوَازِ وَالْفَسَادِ كَمَا قَالَ الشَّارِحُ."
"والتراب لصاحب الأرض، ولو قال صاحب الحائط: لا أريد أخذ تراب الحائط، وادفعه إلى الهادم كان له ذلك، ويضمنه مائة درهم من قاضي خان. (2/467)
رجل هدم بيته فألقى ترابا كثيرا بزيق الجدار الذي بينه وبين جاره، ","وَالتُّرَابُ لِصَاحِبِ الْأَرْضِ، وَلَوْ قَالَ صَاحِبُ الْحَائِطِ: لَا أُرِيدُ أَخْذَ تُرَابِ الْحَائِطِ، وَادْفَعْهُ إِلَى الْهَادِمِ كَانَ لَهُ ذَلِكَ، وَيُضَمِّنُهُ مِائَةَ دِرْهَمٍ مِنْ قَاضِي خَانْ. (2/467)
رَجُلٌ هَدَمَ بَيْتَهُ فَأَلْقَى تُرَابًا كَثِيرًا بِزِيقِ الْجِدَارِ الَّذِي بَيْنَهُ وَبَيْنَ جَارِهِ، ","وَالتُّرَابُ لِصَاحِبِ الْأَرْضِ، وَلَوْ قَالَ صَاحِبُ الْحَائِطِ: لَا أُرِيدُ أَخْذَ تُرَابِ الْحَائِطِ، وَادْفَعْهُ إِلَى الْهَادِمِ كَانَ لَهُ ذَلِكَ، وَيُضَمِّنُهُ مِائَةَ دِرْهَمٍ مِنْ قَاضِي خَانْ. (2/467)
رَجُلٌ هَدَمَ بَيْتَهُ فَأَلْقَى تُرَابًا كَثِيرًا بِزِيقِ الْجِدَارِ الَّذِي بَيْنَهُ وَبَيْنَ جَارِهِ،"
"وأما الإرضاع فلقوله تعالى {فإن أرضعن لكم} الآية، وإذا جاز الاستئجار للإرضاع وحده فله مع الحضانة أولى والحاجة داعية إلى ذلك ا ه.
(قوله ويدخل) إلى قوله فإن امتنعت في المغني إلا قوله وإنما إلى ويجب (قوله فيه) أي الإرضاع (قوله لتوقفه عليها) أي الإرضاع على الحضانة الصغرى (قوله كانت هي) ","وَأَمَّا الْإِرْضَاعُ فَلِقَوْلِهِ تَعَالَى {فَإِنْ أَرْضَعْنَ لَكُمْ} الْآيَةَ، وَإِذَا جَازَ الِاسْتِئْجَارُ لِلْإِرْضَاعِ وَحْدَهُ فَلَهُ مَعَ الْحَضَانَةِ أَوْلَى وَالْحَاجَةُ دَاعِيَةٌ إِلَى ذَلِكَ ا ه.
(قَوْلُهُ وَيَدْخُلُ) إِلَى قَوْلِهِ فَإِنِ امْتَنَعَتْ فِي الْمُغْنِي إِلَّا قَوْلَهُ وَإِنَّمَا إِلَى وَيَجِبُ (قَوْلُهُ فِيهِ) أَيِ الْإِرْضَاعِ (قَوْلُهُ لِتَوَقُّفِهِ عَلَيْهَا) أَيِ الْإِرْضَاعِ عَلَى الْحَضَانَةِ الصُّغْرَى (قَوْلُهُ كَانَتْ هِيَ) ","وَأَمَّا الْإِرْضَاعُ فَلِقَوْلِهِ تَعَالَى {فَإِنْ أَرْضَعْنَ لَكُمْ} الْآيَةَ، وَإِذَا جَازَ الِاسْتِئْجَارُ لِلْإِرْضَاعِ وَحْدَهُ فَلَهُ مَعَ الْحَضَانَةِ أَوْلَى وَالْحَاجَةُ دَاعِيَةٌ إِلَى ذَلِكَ ا ه.
(قَوْلُهُ وَيَدْخُلُ) إِلَى قَوْلِهِ فَإِنِ امْتَنَعَتْ فِي الْمُغْنِي إِلَّا قَوْلَهُ وَإِنَّمَا إِلَى وَيَجِبُ (قَوْلُهُ فِيهِ) أَيِ الْإِرْضَاعِ (قَوْلُهُ لِتَوَقُّفِهِ عَلَيْهَا) أَيِ الْإِرْضَاعِ عَلَى الْحَضَانَةِ الصُّغْرَى (قَوْلُهُ كَانَتْ هِيَ)"
نص عليه أحمد، ولم يحك فيه خلافا في المذهب قال في شرح الإقناع: فإن قيل الزيادة على اثنتين ليلا مكروهة فقط، وذلك لا يقتضي بطلانها، قلت: ,نَصَّ عَلَيْهِ أَحْمَدُ، وَلَمْ يَحْكِ فِيهِ خِلَافًا فِي الْمَذْهَبِ قَالَ فِي شَرْحِ الْإِقْنَاعِ: فَإِنْ قِيلَ الزِّيَادَةُ عَلَى اثْنَتَيْنِ لَيْلًا مَكْرُوهَةٌ فَقَطْ، وَذَلِكَ لَا يَقْتَضِي بُطْلَانَهَا، قُلْتُ: ,نَصَّ عَلَيْهِ أَحْمَدُ، وَلَمْ يَحْكِ فِيهِ خِلَافًا فِي الْمَذْهَبِ قَالَ فِي شَرْحِ الْإِقْنَاعِ: فَإِنْ قِيلَ الزِّيَادَةُ عَلَى اثْنَتَيْنِ لَيْلًا مَكْرُوهَةٌ فَقَطْ، وَذَلِكَ لَا يَقْتَضِي بُطْلَانَهَا، قُلْت:
"وهذا مفهوم إن لم توقن البراءة فالكاف للتمثيل، ويحتمل أنها للتشبيه والمعنى أن الأمة المودعة إذا ردت لمودعها بالكسر فلا يجب عليه استبراؤها قبل وطئها، والمسألتان في المدونة ونصها ومن رهن جاريته أو أودعها فلا يستبرئها إذا ارتجعها، ولو ابتاعها منه المودع بعد أن حاضت عنده أجزأه عن الاستبراء إن كانت لا تخرج ولو كانت تخرج للسوق لم يجزه.
(و) ","وَهَذَا مَفْهُومُ إِنْ لَمْ تُوقَنِ الْبَرَاءَةُ فَالْكَافُ لِلتَّمْثِيلِ، وَيُحْتَمَلُ أَنَّهَا لِلتَّشْبِيهِ وَالْمَعْنَى أَنَّ الْأَمَةَ الْمُودَعَةَ إِذَا رُدَّتْ لِمُودِعِهَا بِالْكَسْرِ فَلَا يَجِبُ عَلَيْهِ اسْتِبْرَاؤُهَا قَبْلَ وَطْئِهَا، وَالْمَسْأَلَتَانِ فِي الْمُدَوَّنَةِ وَنَصُّهَا وَمَنْ رَهَنَ جَارِيَتَهُ أَوْ أَوْدَعَهَا فَلَا يَسْتَبْرِئُهَا إِذَا ارْتَجَعَهَا، وَلَوِ ابْتَاعَهَا مِنْهُ الْمُودِعُ بَعْدَ أَنْ حَاضَتْ عِنْدَهُ أَجْزَأَهُ عَنِ الِاسْتِبْرَاءِ إِنْ كَانَتْ لَا تَخْرُجُ وَلَوْ كَانَتْ تَخْرُجُ لِلسُّوقِ لَمْ يُجْزِهِ.
(وَ) ","وَهَذَا مَفْهُومُ إِنْ لَمْ تُوقِنِ الْبَرَاءَةَ فَالْكَافُ لِلتَّمْثِيلِ، وَيُحْتَمَلُ أَنَّهَا لِلتَّشْبِيهِ وَالْمَعْنَى أَنَّ الْأَمَةَ الْمُودَعَةَ إِذَا رُدَّتْ لِمُودِعِهَا بِالْكَسْرِ فَلَا يَجِبُ عَلَيْهِ اسْتِبْرَاؤُهَا قَبْلَ وَطْئِهَا، وَالْمَسْأَلَتَانِ فِي الْمُدَوَّنَةِ وَنَصُّهَا وَمَنْ رَهَنَ جَارِيَتَهُ أَوْ أَوْدَعَهَا فَلَا يَسْتَبْرِئُهَا إِذَا ارْتَجَعَهَا، وَلَوِ ابْتَاعَهَا مِنْهُ الْمُودِعُ بَعْدَ أَنْ حَاضَتْ عِنْدَهُ أَجْزَأَهُ عَنِ الِاسْتِبْرَاءِ إِنْ كَانَتْ لَا تَخْرُجُ وَلَوْ كَانَتْ تَخْرُجُ لِلسُّوقِ لَمْ يُجْزِهِ.
(وَ)"
وهل الحكم بالموجب من الحاكم الشافعي المذكور أعلاه حكم بالصحة أو لا؟ وهل الإيجار المذكور صحيح على النص المذكور المشروح أو لا؟ (فأجبت) : الذي دل عليه المستند المذكور أن حكم الحاكم إنما استند فيه إلى شهادة الشاهدين المذكورين وأن حاصل صيغة تلك الشهادة أشهد أن المكان الموصوف بكذا أجرة مثله كذا لمدة مائة سنة، ,وَهَلِ الْحُكْمُ بِالْمُوجَبِ مِنَ الْحَاكِمِ الشَّافِعِيِّ الْمَذْكُورِ أَعْلَاهُ حُكْمٌ بِالصِّحَّةِ أَوْ لَا؟ وَهَلِ الْإِيجَارُ الْمَذْكُورُ صَحِيحٌ عَلَى النَّصِّ الْمَذْكُورِ الْمَشْرُوحِ أَوْ لَا؟ (فَأَجَبْتُ) : الَّذِي دَلَّ عَلَيْهِ الْمُسْتَنَدُ الْمَذْكُورُ أَنَّ حُكْمَ الْحَاكِمِ إِنَّمَا اسْتَنَدَ فِيهِ إِلَى شَهَادَةِ الشَّاهِدَيْنِ الْمَذْكُورَيْنِ وَأَنَّ حَاصِلَ صِيغَةِ تِلْكَ الشَّهَادَةِ أَشْهَدُ أَنَّ الْمَكَانَ الْمَوْصُوفَ بِكَذَا أُجْرَةُ مِثْلِهِ كَذَا لِمُدَّةِ مِائَةِ سَنَةٍ، ,وَهَلِ الْحُكْمُ بِالْمُوجَبِ مِنَ الْحَاكِمِ الشَّافِعِيِّ الْمَذْكُورِ أَعْلَاهُ حُكْمٌ بِالصِّحَّةِ أَوْ لَا؟ وَهَلِ الْإِيجَارُ الْمَذْكُورُ صَحِيحٌ عَلَى النَّصِّ الْمَذْكُورِ الْمَشْرُوحِ أَوْ لَا؟ (فَأَجَبْت) : الَّذِي دَلَّ عَلَيْهِ الْمُسْتَنَدُ الْمَذْكُورُ أَنَّ حُكْمَ الْحَاكِمِ إِنَّمَا اسْتَنَدَ فِيهِ إِلَى شَهَادَةِ الشَّاهِدَيْنِ الْمَذْكُورَيْنِ وَأَنَّ حَاصِلَ صِيغَةِ تِلْكَ الشَّهَادَةِ أَشْهَدُ أَنَّ الْمَكَانَ الْمَوْصُوفَ بِكَذَا أُجْرَةُ مِثْلِهِ كَذَا لِمُدَّةِ مِائَةِ سَنَةٍ،
لأن كل ذكر يكون المقتدي فيه تبعا لإمامه لم يأت به المقتدي أصلا كالقراءة؛ ولأن التحليل معتبر بالتحريم فكما لا يصير المقتدي شارعا بتكبير الإمام لا يصير خارجا من الصلاة بتسليم الإمام ومحمد رحمه الله تعالى يقول: هو تبع للإمام في الصلاة فلو بقي بعد خروج الإمام في حرمة الصلاة بقي مقصودا وفيما يكون هو تبعا لا يكون مقصودا (قال) : ,لِأَنَّ كُلَّ ذِكْرٍ يَكُونُ الْمُقْتَدِي فِيهِ تَبَعًا لِإِمَامِهِ لَمْ يَأْتِ بِهِ الْمُقْتَدِي أَصْلًا كَالْقِرَاءَةِ؛ وَلِأَنَّ التَّحْلِيلَ مُعْتَبَرٌ بِالتَّحْرِيمِ فَكَمَا لَا يَصِيرُ الْمُقْتَدِي شَارِعًا بِتَكْبِيرِ الْإِمَامِ لَا يَصِيرُ خَارِجًا مِنَ الصَّلَاةِ بِتَسْلِيمِ الْإِمَامِ وَمُحَمَّدٌ رَحِمَهُ اللَّهُ تَعَالَى يَقُولُ: هُوَ تَبَعٌ لِلْإِمَامِ فِي الصَّلَاةِ فَلَوْ بَقِيَ بَعْدَ خُرُوجِ الْإِمَامِ فِي حُرْمَةِ الصَّلَاةِ بَقِيَ مَقْصُودًا وَفِيمَا يَكُونُ هُوَ تَبَعًا لَا يَكُونُ مَقْصُودًا (قَالَ) : ,لِأَنَّ كُلَّ ذِكْرٍ يَكُونُ الْمُقْتَدِي فِيهِ تَبَعًا لِإِمَامِهِ لَمْ يَأْتِ بِهِ الْمُقْتَدِي أَصْلًا كَالْقِرَاءَةِ؛ وَلِأَنَّ التَّحْلِيلَ مُعْتَبَرٌ بِالتَّحْرِيمِ فَكَمَا لَا يَصِيرُ الْمُقْتَدِي شَارِعًا بِتَكْبِيرِ الْإِمَامِ لَا يَصِيرُ خَارِجًا مِنَ الصَّلَاةِ بِتَسْلِيمِ الْإِمَامِ وَمُحَمَّدٌ رَحِمَهُ اللَّهُ تَعَالَى يَقُولُ: هُوَ تَبَعٌ لِلْإِمَامِ فِي الصَّلَاةِ فَلَوْ بَقِيَ بَعْدَ خُرُوجِ الْإِمَامِ فِي حُرْمَةِ الصَّلَاةِ بَقِيَ مَقْصُودًا وَفِيمَا يَكُونُ هُوَ تَبَعًا لَا يَكُونُ مَقْصُودًا (قَالَ) :
وقد استهلكه القابض فلا يكون له أن يرجع عليه بشيء منه؛ لأن الذمي لا يضمن الخمر للمسلم بالاستهلاك، وإن كاتباه جميعا على خمر مكاتبة واحدة لم يجز في نصيب واحد منهما؛ لأن العقد واحد، ,وَقَدِ اسْتَهْلَكَهُ الْقَابِضُ فَلَا يَكُونُ لَهُ أَنْ يَرْجِعَ عَلَيْهِ بِشَيْءٍ مِنْهُ؛ لِأَنَّ الذِّمِّيَّ لَا يَضْمَنُ الْخَمْرَ لِلْمُسْلِمِ بِالِاسْتِهْلَاكِ، وَإِنْ كَاتَبَاهُ جَمِيعًا عَلَى خَمْرٍ مُكَاتَبَةً وَاحِدَةً لَمْ يَجُزْ فِي نَصِيبِ وَاحِدٍ مِنْهُمَا؛ لِأَنَّ الْعَقْدَ وَاحِدٌ، ,وَقَدِ اسْتَهْلَكَهُ الْقَابِضُ فَلَا يَكُونُ لَهُ أَنْ يَرْجِعَ عَلَيْهِ بِشَيْءٍ مِنْهُ؛ لِأَنَّ الذِّمِّيَّ لَا يَضْمَنُ الْخَمْرَ لِلْمُسْلِمِ بِالِاسْتِهْلَاكِ، وَإِنْ كَاتَبَاهُ جَمِيعًا عَلَى خَمْرٍ مُكَاتَبَةٍ وَاحِدَةٍ لَمْ يَجُزْ فِي نَصِيبِ وَاحِدٍ مِنْهُمَا؛ لِأَنَّ الْعَقْدَ وَاحِدٌ،
"فلهذا يسقط عن الأصيل فأما الإبراء فإسقاط محض، وإسقاط المطالبة دون أصل الدين صحيح، فكان إبراء الكفيل إسقاطا للمطالبة عنه فيبقى المال على الأصيل بحاله، وإن أبرأ العبد برئا جميعا؛ لأن إبراء الأصيل إسقاط لأصل الدين، وذلك يوجب براءة الكفيل ضرورة (23/225)
","فَلِهَذَا يَسْقُطُ عَنِ الْأَصِيلِ فَأَمَّا الْإِبْرَاءُ فَإِسْقَاطٌ مَحْضٌ، وَإِسْقَاطُ الْمُطَالَبَةِ دُونَ أَصْلِ الدَّيْنِ صَحِيحٌ، فَكَانَ إِبْرَاءُ الْكَفِيلِ إِسْقَاطًا لِلْمُطَالَبَةِ عَنْهُ فَيَبْقَى الْمَالُ عَلَى الْأَصِيلِ بِحَالِهِ، وَإِنْ أَبْرَأَ الْعَبْدَ بَرِئَا جَمِيعًا؛ لِأَنَّ إِبْرَاءَ الْأَصِيلِ إِسْقَاطٌ لِأَصْلِ الدَّيْنِ، وَذَلِكَ يُوجِبُ بَرَاءَةَ الْكَفِيلِ ضَرُورَةً (23/225)
",فَلِهَذَا يَسْقُطُ عَنِ الْأَصِيلِ فَأَمَّا الْإِبْرَاءُ فَإِسْقَاطٌ مَحْضٌ، وَإِسْقَاطُ الْمُطَالَبَةِ دُونَ أَصْلِ الدَّيْنِ صَحِيحٌ، فَكَانَ إِبْرَاءُ الْكَفِيلِ إِسْقَاطًا لِلْمُطَالَبَةِ عَنْهُ فَيَبْقَى الْمَالُ عَلَى الْأَصِيلِ بِحَالِهِ، وَإِنْ أَبْرَأَ الْعَبْدَ بَرِئَا جَمِيعًا؛ لِأَنَّ إِبْرَاءَ الْأَصِيلِ إِسْقَاطٌ لِأَصْلِ الدَّيْنِ، وَذَلِكَ يُوجِبُ بَرَاءَةَ الْكَفِيلِ ضَرُورَةً (23/225)
"وهي المدينة التي بناها على مرحلة من مصر وحمل إلى مصر في النيل.
ولما بلغ عبد الملك بن مروان موته بايع بولاية العهد لابنيه الوليد ثم سليمان، بعد أن كان هم بخلع أخيه. (2/968)
97- عبد الملك بن مروان ابن الحكم بن أبي العاص بن أمية بن عبد شمس بن عبد مناف بن قصي بن كلاب، الخليفة، أبو الوليد القرشي الأموي
","وَهِيَ الْمَدِينَةُ الَّتِي بَنَاهَا عَلَى مَرْحَلَةٍ مِنْ مِصْرَ وَحُمِلَ إِلَى مِصْرَ فِي النِّيلِ.
وَلَمَّا بَلَغَ عَبْدَ الْمَلِكِ بْنَ مَرْوَانَ مَوْتُهُ بَايَعَ بِوِلَايَةِ الْعَهْدِ لَابْنَيْهِ الْوَلِيدِ ثُمَّ سُلَيْمَانَ، بَعْدَ أَنْ كَانَ هَمَّ بِخَلْعِ أَخِيهِ. (2/968)
97- عَبْدُ الْمَلِكِ بْنُ مَرْوَانَ ابْنُ الْحَكَمِ بْنِ أَبِي الْعَاصِ بْنِ أُمَيَّةَ بْنِ عَبْدِ شَمْسِ بْنِ عَبْدِ مَنَافِ بْنِ قُصَيِّ بْنِ كِلَابٍ، الْخَلِيفَةُ، أَبُو الْوَلِيدِ الْقُرَشِيُّ الْأُمَوِيُّ
","وَهِيَ الْمَدِينَةُ الَّتِي بَنَاهَا عَلَى مَرْحَلَةٍ مِنْ مِصْرَ وَحُمِلَ إِلَى مِصْرَ فِي النِّيلِ.
وَلَمَّا بَلَغَ عَبْدُ الْمَلِكِ بْنُ مَرْوَانَ مَوْتَهُ بَايَعَ بِوِلَايَةِ الْعَهْدِ لِابْنَيْهِ الْوَلِيدِ ثُمَّ سُلَيْمَانَ، بَعْدَ أَنْ كَانَ هَمَّ بِخَلْعِ أَخِيهِ. (2/968)
97- عَبْدُ الْمَلِكِ بْنُ مَرْوَانَ ابْنُ الْحَكَمِ بْنِ أَبِي الْعَاصِ بْنِ أُمَيَّةَ بْنِ عَبْدِ شَمْسِ بْنِ عَبْدِ مَنَافِ بْنِ قُصَيّ بْنِ كِلَابٍ، الْخَلِيفَةُ، أَبُو الْوَلِيدِ الْقُرَشِيُّ الْأُمَوِيُّ"
"صح في الأصح.
قال الناظم: هذا أظهر الوجهين.
وجزم به في الوجيز، والمنور، ومنتخب الأدمي، وغيرهم.
وقدمه في المغني، والمحرر، والشرح، وغيرهم.
والوجه الثاني: لا يصح.
ذكره أبو الخطاب ومن بعده.
تنبيه: محل الخلاف: إذا أذنت لهم.
فأما إن أذنت لواحد منهم: تعين.
ولم يصح نكاح غيره.
جزم به في الفروع، وغيره من الأصحاب.
وقال في الرعاية الكبرى: ","صَحَّ فِي الْأَصَحِّ.
قَالَ النَّاظِمُ: هَذَا أَظْهَرُ الْوَجْهَيْنِ.
وَجَزَمَ بِهِ فِي الْوَجِيزِ، وَالْمُنَوِّرِ، وَمُنْتَخَبِ الْأَدَمِيِّ، وَغَيْرِهِمْ.
وَقَدَّمَهُ فِي الْمُغْنِي، وَالْمُحَرَّرِ، وَالشَّرْحِ، وَغَيْرِهِمْ.
وَالْوَجْهُ الثَّانِي: لَا يَصِحُّ.
ذَكَرَهُ أَبُو الْخَطَّابِ وَمَنْ بَعْدَهُ.
تَنْبِيهٌ: مَحَلُّ الْخِلَافِ: إِذَا أَذِنَتْ لَهُمْ.
فَأَمَّا إِنْ أَذِنَتْ لِوَاحِدٍ مِنْهُمْ: تَعَيَّنَ.
وَلَمْ يَصِحَّ نِكَاحُ غَيْرِهِ.
جَزَمَ بِهِ فِي الْفُرُوعِ، وَغَيْرِهِ مِنَ الْأَصْحَابِ.
وَقَالَ فِي الرِّعَايَةِ الْكُبْرَى: ","صَحَّ فِي الْأَصَحِّ.
قَالَ النَّاظِمُ: هَذَا أَظْهَرُ الْوَجْهَيْنِ.
وَجَزَمَ بِهِ فِي الْوَجِيزِ، وَالْمُنَوِّرِ، وَمُنْتَخَبِ الْأَدَمِيِّ، وَغَيْرِهِمْ.
وَقَدَّمَهُ فِي الْمُغْنِي، وَالْمُحَرَّرِ، وَالشَّرْحِ، وَغَيْرِهِمْ.
وَالْوَجْهُ الثَّانِي: لَا يَصِحُّ.
ذَكَرَهُ أَبُو الْخَطَّابِ وَمَنْ بَعْدَهُ.
تَنْبِيهٌ: مَحَلُّ الْخِلَافِ: إِذَا أَذِنَتْ لَهُمْ.
فَأَمَّا إِنْ أَذِنَتْ لِوَاحِدٍ مِنْهُمْ: تَعَيَّنَ.
وَلَمْ يَصِحَّ نِكَاحُ غَيْرِهِ.
جَزَمَ بِهِ فِي الْفُرُوعِ، وَغَيْرِهِ مِنَ الْأَصْحَابِ.
وَقَالَ فِي الرِّعَايَةِ الْكُبْرَى:"
"نعم مرسل صحيح فإنه صح عن يوسف بن ماهك وهو تابعي أنه قال: إن رسول الله صلى الله عليه وسلم قال {ابتغوا في مال اليتامى لا تذهبها أو لا تستهلكها الصدقة} فإن قلت: هل لكم عاضد آخر؟ قلت: نعم صح عن عمر من قوله اتجروا في مال اليتامى لا تأكلها الصدقة.
","نَعَمْ مُرْسَلٌ صَحِيحٌ فَإِنَّهُ صَحَّ عَنْ يُوسُفَ بْنِ مَاهَكَ وَهُوَ تَابِعِيٌّ أَنَّهُ قَالَ: إِنَّ رَسُولَ اللَّهِ صَلَّى اللَّهُ عَلَيْهِ وَسَلَّمَ قَالَ {ابْتَغُوا فِي مَالِ الْيَتَامَى لَا تُذْهِبْهَا أَوْ لَا تَسْتَهْلِكْهَا الصَّدَقَةُ} فَإِنْ قُلْتَ: هَلْ لَكُمْ عَاضِدٌ آخَرُ؟ قُلْتُ: نَعَمْ صَحَّ عَنْ عُمَرَ مِنْ قَوْلِهِ اتَّجِرُوا فِي مَالِ الْيَتَامَى لَا تَأْكُلْهَا الصَّدَقَةُ.
",نَعَمْ مُرْسَلٌ صَحِيحٌ فَإِنَّهُ صَحَّ عَنْ يُوسُفَ بْنِ مَاهَكَ وَهُوَ تَابِعِيٌّ أَنَّهُ قَالَ: إِنَّ رَسُولَ اللَّهِ صَلَّى اللَّهُ عَلَيْهِ وَسَلَّمَ قَالَ {ابْتَغُوا فِي مَالِ الْيَتَامَى لَا تُذْهِبُهَا أَوْ لَا تَسْتَهْلِكُهَا الصَّدَقَةَ} فَإِنْ قُلْتَ: هَلْ لَكُمْ عَاضِدٌ آخَرُ؟ قُلْتُ: نَعَمْ صَحَّ عَنْ عُمَرَ مِنْ قَوْلِهِ اتَّجِرُوا فِي مَالِ الْيَتَامَى لَا تَأْكُلُهَا الصَّدَقَةَ.
"ويوم التروية اليوم الثامن سمي به لترويهم فيه الماء ويسمى يوم النقلة لانتقالهم فيه من مكة إلى منى والسابع يسمى يوم الزينة لتزيينهم فيه هوادجهم ويسن أن يفتتح الخطبة بالتلبية إن كان محرما وإلا فبالتكبير وقدمت في باب صلاة العيد أن خطب الحج أربع هذه وخطبة يوم عرفة ويوم النحر ويوم النفر الأول كلها فرادى وبعد صلاة الظهر إلا يوم عرفة فثنتان وقبل صلاة الظهر وقضية كلامه كأصله أنه يخبرهم في كل خطبة بما بين أيديهم من المناسك وهو ما اقتضاه الخبر السابق ونص عليه الشافعي في الإملاء لكن الذي ذكره الشيخان أنه يخبرهم في كل خطبة بما بين أيديهم من المناسك إلى الخطبة الأخرى قال في المهمات وهو خلاف مذهب الشافعي وساق نصه في الإملاء وقضية تعبير الحاوي وغيره بالغدو إلى منى أنهم يخرجون إليها بكرة النهار بحيث يصلون الظهر بمنى وهو المرجح في الروضة وأصلها هنا لكنهما قالا (8/29)
","وَيَوْمُ التَّرْوِيَةِ الْيَوْمُ الثَّامِنُ سُمِّيَ بِهِ لِتَرَوِّيهِمْ فِيهِ الْمَاءَ وَيُسَمَّى يَوْمَ النَّقْلَةِ لِانْتِقَالِهِمْ فِيهِ مِنْ مَكَّةَ إِلَى مِنًى وَالسَّابِعُ يُسَمَّى يَوْمَ الزِّينَةِ لِتَزْيِينِهِمْ فِيهِ هَوَادِجَهُمْ وَيُسَنُّ أَنْ يَفْتَتِحَ الْخُطْبَةَ بِالتَّلْبِيَةِ إِنْ كَانَ مُحْرِمًا وَإِلَّا فَبِالتَّكْبِيرِ وَقَدَّمْت فِي بَابِ صَلَاةِ الْعِيدِ أَنَّ خُطَبَ الْحَجِّ أَرْبَعٌ هَذِهِ وَخُطْبَةُ يَوْمِ عَرَفَةَ وَيَوْمِ النَّحْرِ وَيَوْمِ النَّفْرِ الْأَوَّلِ كُلُّهَا فُرَادَى وَبَعْدَ صَلَاةِ الظُّهْرِ إِلَّا يَوْمَ عَرَفَةَ فَثِنْتَانِ وَقَبْلَ صَلَاةِ الظُّهْرِ وَقَضِيَّةُ كَلَامِهِ كَأَصْلِهِ أَنَّهُ يُخْبِرُهُمْ فِي كُلِّ خُطْبَةٍ بِمَا بَيْنَ أَيْدِيهِمْ مِنَ الْمَنَاسِكِ وَهُوَ مَا اقْتَضَاهُ الْخَبَرُ السَّابِقُ وَنَصَّ عَلَيْهِ الشَّافِعِيُّ فِي الْإِمْلَاءِ لَكِنَّ الَّذِي ذَكَرَهُ الشَّيْخَانِ أَنَّهُ يُخْبِرُهُمْ فِي كُلِّ خُطْبَةٍ بِمَا بَيْنَ أَيْدِيهِمْ مِنَ الْمَنَاسِكِ إِلَى الْخُطْبَةِ الْأُخْرَى قَالَ فِي الْمُهِمَّاتِ وَهُوَ خِلَافُ مَذْهَبِ الشَّافِعِيِّ وَسَاقَ نَصَّهُ فِي الْإِمْلَاءِ وَقَضِيَّةُ تَعْبِيرِ الْحَاوِي وَغَيْرِهِ بِالْغُدُوِّ إِلَى مِنًى أَنَّهُمْ يَخْرُجُونَ إِلَيْهَا بُكْرَةَ النَّهَارِ بِحَيْثُ يُصَلُّونَ الظُّهْرَ بِمِنًى وَهُوَ الْمُرَجَّحُ فِي الرَّوْضَةِ وَأَصْلِهَا هُنَا لَكِنَّهُمَا قَالَا (8/29)
",وَيَوْمُ التَّرْوِيَةِ الْيَوْمُ الثَّامِنُ سُمِّيَ بِهِ لِتَرَوِّيهِمْ فِيهِ الْمَاءَ وَيُسَمَّى يَوْمَ النَّقْلَةِ لِانْتِقَالِهِمْ فِيهِ مِنْ مَكَّةَ إِلَى مِنًى وَالسَّابِعُ يُسَمَّى يَوْمَ الزِّينَةِ لِتَزْيِينِهِمْ فِيهِ هَوَادِجَهُمْ وَيُسَنُّ أَنْ يَفْتَتِحَ الْخُطْبَةَ بِالتَّلْبِيَةِ إِنْ كَانَ مُحْرِمًا وَإِلَّا فَبِالتَّكْبِيرِ وَقَدَّمْت فِي بَابِ صَلَاةِ الْعِيدِ أَنَّ خُطَبَ الْحَجِّ أَرْبَعٌ هَذِهِ وَخُطْبَةُ يَوْمِ عَرَفَةَ وَيَوْمِ النَّحْرِ وَيَوْمِ النَّفْرِ الْأَوَّلِ كُلُّهَا فُرَادَى وَبَعْدَ صَلَاةِ الظُّهْرِ إِلَّا يَوْمَ عَرَفَةَ فَثِنْتَانِ وَقَبْلَ صَلَاةِ الظُّهْرِ وَقَضِيَّةُ كَلَامِهِ كَأَصْلِهِ أَنَّهُ يُخْبِرُهُمْ فِي كُلِّ خُطْبَةٍ بِمَا بَيْنَ أَيْدِيهِمْ مِنَ الْمَنَاسِكِ وَهُوَ مَا اقْتَضَاهُ الْخَبَرُ السَّابِقُ وَنَصَّ عَلَيْهِ الشَّافِعِيُّ فِي الْإِمْلَاءِ لَكِنَّ الَّذِي ذَكَرَهُ الشَّيْخَانِ أَنَّهُ يُخْبِرُهُمْ فِي كُلِّ خُطْبَةٍ بِمَا بَيْنَ أَيْدِيهِمْ مِنَ الْمَنَاسِكِ
ثم أتى بهذا الحديث دليلا عليه لا له في ترك القيام للوالدين وأنه الذي اختار صاحب الشريعة صلوات الله عليه وسلامه، ,ثُمَّ أَتَى بِهَذَا الْحَدِيثِ دَلِيلًا عَلَيْهِ لَا لَهُ فِي تَرْكِ الْقِيَامِ لِلْوَالِدَيْنِ وَأَنَّهُ الَّذِي اخْتَارَ صَاحِبُ الشَّرِيعَةِ صَلَوَاتُ اللَّهِ عَلَيْهِ وَسَلَامُهُ، ,ثُمَّ أَتَى بِهَذَا الْحَدِيثِ دَلِيلًا عَلَيْهِ لَا لَهُ فِي تَرْكِ الْقِيَامِ لِلْوَالِدَيْنِ وَأَنَّهُ الَّذِي اخْتَارَ صَاحِبُ الشَّرِيعَةِ صَلَوَاتُ اللَّهِ عَلَيْهِ وَسَلَامُهُ،
لا يشترط في اللمس كونه بعضو أصلي بل ولو كان زائدا لا إحساس له حيث انضم له قصد لذة أو وجدان وهذا بخلاف مس الذكر وهذا ظاهر أفاده عج والفرق أنه إنما لم يشترط في اللمس كون العضو أصليا أو زائدا له إحساس لما انضم له من قصد اللذة أو الوجدان بخلاف مس الذكر لا يشترط فيه ذلك فلذلك كان لا بد أن يكون بعضو أصلي أو زائد له إحساس (قوله: ,لَا يُشْتَرَطُ فِي اللَّمْسِ كَوْنُهُ بِعُضْوٍ أَصْلِيٍّ بَلْ وَلَوْ كَانَ زَائِدًا لَا إِحْسَاسَ لَهُ حَيْثُ انْضَمَّ لَهُ قَصْدُ لَذَّةٍ أَوْ وِجْدَانٍ وَهَذَا بِخِلَافِ مَسِّ الذَّكَرِ وَهَذَا ظَاهِرٌ أَفَادَهُ عج وَالْفَرْقُ أَنَّهُ إِنَّمَا لَمْ يُشْتَرَطْ فِي اللَّمْسِ كَوْنُ الْعُضْوِ أَصْلِيًّا أَوْ زَائِدًا لَهُ إِحْسَاسٌ لِمَا انْضَمَّ لَهُ مِنْ قَصْدِ اللَّذَّةِ أَوِ الْوِجْدَانِ بِخِلَافِ مَسِّ الذَّكَرِ لَا يُشْتَرَطُ فِيهِ ذَلِكَ فَلِذَلِكَ كَانَ لَا بُدَّ أَنْ يَكُونَ بِعُضْوٍ أَصْلِيٍّ أَوْ زَائِدٍ لَهُ إِحْسَاسٌ (قَوْلُهُ: ,لَا يُشْتَرَطُ فِي اللَّمْسِ كَوْنُهُ بِعُضْوٍ أَصْلِيٍّ بَلْ وَلَوْ كَانَ زَائِدًا لَا إِحْسَاسَ لَهُ حَيْثُ انْضَمَّ لَهُ قَصْدُ لَذَّةٍ أَوْ وِجْدَانٍ وَهَذَا بِخِلَافِ مَسِّ الذَّكَرِ وَهَذَا ظَاهِرٌ أَفَادَهُ عج وَالْفَرْقُ أَنَّهُ إِنَّمَا لَمْ يُشْتَرَطْ فِي اللَّمْسِ كَوْنُ الْعُضْوِ أَصْلِيًّا أَوْ زَائِدًا لَهُ إِحْسَاسٌ لِمَا انْضَمَّ لَهُ مِنْ قَصْدِ اللَّذَّةِ أَوِ الْوِجْدَانِ بِخِلَافِ مَسِّ الذَّكَرِ لَا يُشْتَرَطُ فِيهِ ذَلِكَ فَلِذَلِكَ كَانَ لَا بُدَّ أَنْ يَكُونَ بِعُضْوٍ أَصْلِيٍّ أَوْ زَائِدٍ لَهُ إِحْسَاسٌ (قَوْلُهُ:
"ومعنى اجتماع النقيضين إلخ أنهما لو تعارضا لم يمكن العمل بأحدهما دون الآخر لامتناع الترجيح من غير مرجح وحينئذ يرتفع النقيضان إن لم يعمل بشيء منهما أو يجتمعان عمل بهما فتلخص أن الترجيح إنما يكون بين الظنيين إما منقولان كنصين أو معقولان كقياسين أو منقول ومعقول كنص وقياس.
(قوله: والمتأخر من النصين المتعارضين ناسخ) ","وَمَعْنَى اجْتِمَاعِ النَّقِيضَيْنِ إِلَخْ أَنَّهُمَا لَوْ تَعَارَضَا لَمْ يُمْكِنِ الْعَمَلُ بِأَحَدِهِمَا دُونَ الْآخَرِ لِامْتِنَاعِ التَّرْجِيحِ مِنْ غَيْرِ مُرَجِّحٍ وَحِينَئِذٍ يَرْتَفِعُ النَّقِيضَانِ إِنْ لَمْ يُعْمَلْ بِشَيْءٍ مِنْهُمَا أَوْ يَجْتَمِعَانِ عُمِلَ بِهِمَا فَتَلَخَّصَ أَنَّ التَّرْجِيحَ إِنَّمَا يَكُونُ بَيْنَ الظَّنِّيَّيْنِ إِمَّا مَنْقُولَانِ كَنَصَّيْنِ أَوْ مَعْقُولَانِ كَقِيَاسَيْنِ أَوْ مَنْقُولٌ وَمَعْقُولٌ كَنَصٍّ وَقِيَاسٍ.
(قَوْلُهُ: وَالْمُتَأَخِّرُ مِنَ النَّصَّيْنِ الْمُتَعَارِضَيْنِ نَاسِخٌ) ","وَمَعْنَى اجْتِمَاعِ النَّقِيضَيْنِ إِلَخْ أَنَّهُمَا لَوْ تَعَارَضَا لَمْ يُمْكِنِ الْعَمَلُ بِأَحَدِهِمَا دُونَ الْآخَرِ لِامْتِنَاعِ التَّرْجِيحِ مِنْ غَيْرِ مُرَجِّحٍ وَحِينَئِذٍ يَرْتَفِعُ النَّقِيضَانِ إِنْ لَمْ يُعْمَلْ بِشَيْءٍ مِنْهُمَا أَوْ يَجْتَمِعَانِ عُمِلَ بِهِمَا فَتَلَخَّصَ أَنَّ التَّرْجِيحَ إِنَّمَا يَكُونُ بَيْنَ الظَّنِّيَّيْنِ إِمَّا مَنْقُولَانِ كَنَصَّيْنِ أَوْ مَعْقُولَانِ كَقِيَاسَيْنِ أَوْ مَنْقُولٌ وَمَعْقُولٌ كَنَصٍّ وَقِيَاسٍ.
(قَوْلُهُ: وَالْمُتَأَخِّرُ مِنَ النَّصَّيْنِ الْمُتَعَارِضَيْنِ نَاسِخٌ)"
"العاشرة) ويخرج أيضا ما بين الخطبتين لأن الإمام لا يخطب في تلك الحالة وبهذا قطع الشيخ أبو إسحاق الشيرازي والغزالي من الشافعية وأجرى فيه ابن الصباغ والمحاملي وآخرون قولي الشافعي المتقدم ذكرهما وقال ابن المنذر ذكره مالك والشافعي والأوزاعي وإسحاق وروي ذلك عن ابن سيرين وكان الحسن (4/105)
","الْعَاشِرَةُ) وَيُخْرِجُ أَيْضًا مَا بَيْنَ الْخُطْبَتَيْنِ لِأَنَّ الْإِمَامَ لَا يَخْطُبُ فِي تِلْكَ الْحَالَةِ وَبِهَذَا قَطَعَ الشَّيْخُ أَبُو إِسْحَاقَ الشِّيرَازِيُّ وَالْغَزَالِيُّ مِنَ الشَّافِعِيَّةِ وَأَجْرَى فِيهِ ابْنُ الصَّبَّاغِ وَالْمَحَامِلِيُّ وَآخَرُونَ قَوْلَيِ الشَّافِعِيِّ الْمُتَقَدِّمِ ذِكْرُهُمَا وَقَالَ ابْنُ الْمُنْذِرِ ذَكَرَهُ مَالِكٌ وَالشَّافِعِيُّ وَالْأَوْزَاعِيُّ وَإِسْحَاقُ وَرُوِيَ ذَلِكَ عَنِ ابْنِ سِيرِينَ وَكَانَ الْحَسَنُ (4/105)
",الْعَاشِرَةُ) وَيُخْرِجُ أَيْضًا مَا بَيْنَ الْخُطْبَتَيْنِ لِأَنَّ الْإِمَامَ لَا يَخْطُبُ فِي تِلْكَ الْحَالَةِ وَبِهَذَا قَطَعَ الشَّيْخُ أَبُو إِسْحَاقَ الشِّيرَازِيُّ وَالْغَزَالِيُّ مِنَ الشَّافِعِيَّةِ وَأَجْرَى فِيهِ ابْنُ الصَّبَّاغِ وَالْمَحَامِلِيُّ وَآخَرُونَ قَوْلَيِ الشَّافِعِيِّ الْمُتَقَدِّمِ ذِكْرُهُمَا وَقَالَ ابْنُ الْمُنْذِرِ ذَكَرَهُ مَالِكٌ وَالشَّافِعِيُّ وَالْأَوْزَاعِيُّ وَإِسْحَاقُ وَرُوِيَ ذَلِكَ عَنِ ابْنِ سِيرِينَ وَكَانَ الْحَسَنُ (4/105)
أي وسواء ضمن بإذن أو بدونه كما هو المتبادر من لفظ مطلقا لكن هذا ظاهر إن ورثه قبل الأداء فلو ورثه بعد الأداء فالوجه عدم الرجوع إذا ضمن بغير الإذن كما لو لم يرثه بل أولى لأنه إن لم يرجع بعد أدائه وقد ضمن بلا إذن من غير استفادة شيء فلأن لا يرجع بعده كذلك وقد استفاد ما أداه بالإرث بالأولى (قوله مطلقا) ,أَيْ وَسَوَاءٌ ضَمِنَ بِإِذْنٍ أَوْ بِدُونِهِ كَمَا هُوَ الْمُتَبَادِرُ مِنْ لَفْظِ مُطْلَقًا لَكِنَّ هَذَا ظَاهِرٌ إِنْ وَرِثَهُ قَبْلَ الْأَدَاءِ فَلَوْ وَرِثَهُ بَعْدَ الْأَدَاءِ فَالْوَجْهُ عَدَمُ الرُّجُوعِ إِذَا ضَمِنَ بِغَيْرِ الْإِذْنِ كَمَا لَوْ لَمْ يَرِثْهُ بَلْ أَوْلَى لِأَنَّهُ إِنْ لَمْ يَرْجِعْ بَعْدَ أَدَائِهِ وَقَدْ ضَمِنَ بِلَا إِذْنٍ مِنْ غَيْرِ اسْتِفَادَةِ شَيْءٍ فَلَأَنْ لَا يَرْجِعَ بَعْدَهُ كَذَلِكَ وَقَدِ اسْتَفَادَ مَا أَدَّاهُ بِالْإِرْثِ بِالْأَوْلَى (قَوْلُهُ مُطْلَقًا) ,أَيْ وَسَوَاءٌ ضَمِنَ بِإِذْنٍ أَوْ بِدُونِهِ كَمَا هُوَ الْمُتَبَادَرُ مِنْ لَفْظٍ مُطْلَقًا لَكِنَّ هَذَا ظَاهِرٌ إِنْ وَرِثَهُ قَبْلَ الْأَدَاءِ فَلَوْ وَرِثَهُ بَعْدَ الْأَدَاءِ فَالْوَجْهُ عَدَمُ الرُّجُوعِ إِذَا ضَمِنَ بِغَيْرِ الْإِذْنِ كَمَا لَوْ لَمْ يَرِثْهُ بَلْ أَوْلَى لِأَنَّهُ إِنْ لَمْ يَرْجِعْ بَعْدَ أَدَائِهِ وَقَدْ ضَمِنَ بِلَا إِذْنٍ مِنْ غَيْرِ اسْتِفَادَةِ شَيْءٍ فَلَأَنْ لَا يَرْجِعَ بَعْدَهُ كَذَلِكَ وَقَدِ اسْتَفَادَ مَا أَدَّاهُ بِالْإِرْثِ بِالْأَوْلَى (قَوْلُهُ مُطْلَقًا)
"نحو اعتقاد جوازه، كما لو اعتقد المتنفل مفترضا، فتصح صلاته نفلا.
لأن الفرض لم يصح ولم يوجد ما يبطل النفل فإن لم يعتقد جوازه ونحوه، بل فعله مع علمه بعدم جوازه لم تنعقد صلاته فرضا ولا نفلا، لتلاعبه كمن أحرم بفرض قبل وقته عالما (ولم ينعقد) الفرض ( (2/449)
الثاني) ","نَحْوَ اعْتِقَادِ جَوَازِهِ، كَمَا لَوِ اعْتَقَدَ الْمُتَنَفِّلُ مُفْتَرِضًا، فَتَصِحُّ صَلَاتُهُ نَفْلًا.
لِأَنَّ الْفَرْضَ لَمْ يَصِحَّ وَلَمْ يُوجَدْ مَا يُبْطِلُ النَّفَلَ فَإِنْ لَمْ يَعْتَقِدْ جَوَازَهُ وَنَحْوَهُ، بَلْ فَعَلَهُ مَعَ عِلْمِهِ بِعَدَمِ جَوَازِهِ لَمْ تَنْعَقِدْ صَلَاتُهُ فَرْضًا وَلَا نَفْلًا، لِتَلَاعُبِهِ كَمَنْ أَحْرَمَ بِفَرْضٍ قَبْلَ وَقْتِهِ عَالِمًا (وَلَمْ يَنْعَقِدْ) الْفَرْضُ ( (2/449)
الثَّانِي) ","نَحْوُ اعْتِقَادِ جَوَازِهِ، كَمَا لَوِ اعْتَقَدَ الْمُتَنَفِّلُ مُفْتَرِضًا، فَتَصِحُّ صَلَاتُهُ نَفْلًا.
لِأَنَّ الْفَرْضَ لَمْ يَصِحَّ وَلَمْ يُوجَدْ مَا يُبْطِلُ النَّفَلَ فَإِنْ لَمْ يَعْتَقِدْ جَوَازَهُ وَنَحْوَهُ، بَلْ فَعَلَهُ مَعَ عِلْمِهِ بِعَدَمِ جَوَازِهِ لَمْ تَنْعَقِدْ صَلَاتُهُ فَرْضًا وَلَا نَفْلًا، لِتَلَاعُبِهِ كَمَنْ أَحْرَمَ بِفَرْضٍ قَبْلَ وَقْتِهِ عَالِمًا (وَلَمْ يَنْعَقِدْ) الْفَرْضُ ( (2/449)
الثَّانِي)"
"وشرحها.
فعليه لو استعار أحد سيفا وتوفي بعد ذلك مجهلا أي بدون أن يبين حال السيف وقال الورثة: إنهم لا يعلمون شيئا عنه فتؤخذ قيمته من تركة المتوفى. (5/409)
(المادة 808) : يشترط أن يكون الشيء المستعار صالحا للانتفاع به بناء عليه لا تصح إعارة الحيوان الفار ولا استعارته.
يشترط: 1 - أن يكون الشيء المستعار صالحا للانتفاع به بدون استهلاك عينه.
2 - ","وَشَرْحَهَا.
فَعَلَيْهِ لَوِ اسْتَعَارَ أَحَدٌ سَيْفًا وَتُوُفِّيَ بَعْدَ ذَلِكَ مُجْهِلًا أَيْ بِدُونِ أَنْ يُبَيِّنَ حَالٍ السَّيْفِ وَقَالَ الْوَرَثَةُ: إِنَّهُمْ لَا يَعْلَمُونَ شَيْئًا عَنْهُ فَتُؤْخَذُ قِيمَتُهُ مِنْ تَرِكَةِ الْمُتَوَفَّى. (5/409)
(الْمَادَّةُ 808) : يُشْتَرَطُ أَنْ يَكُونَ الشَّيْءُ الْمُسْتَعَارُ صَالِحًا لِلِانْتِفَاعِ بِهِ بِنَاءً عَلَيْهِ لَا تَصِحُّ إِعَارَةُ الْحَيَوَانِ الْفَارِّ وَلَا اسْتِعَارَتُهُ.
يُشْتَرَطُ: 1 - أَنْ يَكُونَ الشَّيْءُ الْمُسْتَعَارُ صَالِحًا لِلِانْتِفَاعِ بِهِ بِدُونِ اسْتِهْلَاكِ عَيْنِهِ.
2 - ","وَشَرْحِهَا.
فَعَلَيْهِ لَوِ اسْتَعَارَ أَحَدٌ سَيْفًا وَتُوُفِّيَ بَعْدَ ذَلِكَ مُجَهِّلًا أَيْ بِدُونِ أَنْ يُبَيِّنَ حَالَ السَّيْفِ وَقَالَ الْوَرَثَةُ: إِنَّهُمْ لَا يَعْلَمُونَ شَيْئًا عَنْهُ فَتُؤْخَذُ قِيمَتُهُ مِنْ تَرِكَةِ الْمُتَوَفَّى. (5/409)
(الْمَادَّةُ 808) : يُشْتَرَطُ أَنْ يَكُونَ الشَّيْءُ الْمُسْتَعَارُ صَالِحًا لِلِانْتِفَاعِ بِهِ بِنَاءً عَلَيْهِ لَا تَصِحُّ إِعَارَةُ الْحَيَوَانِ الْفَارِّ وَلَا اسْتِعَارَتُهُ.
يُشْتَرَطُ: 1 - أَنْ يَكُونَ الشَّيْءُ الْمُسْتَعَارُ صَالِحًا لِلِانْتِفَاعِ بِهِ بِدُونِ اسْتِهْلَاكِ عَيْنِهِ.
2 -"
"هذا إذا رجى إدراكها.
انتهى.
والذي يظهر: أن هذا مراد الأصحاب، والإمام أحمد، وإلا فما كان في الخلاف فائدة قال ابن حامد: إن بدأ بالطعام، ثم أقيمت الصلاة، ابتدر إلى الصلاة قال في الفروع: ولعل مراده مع عدم الحاجة. (3/344)
قوله {والخائف من ضياع ماله} كشرود دابته، وإباق عبده، ونحوه، أو يخاف عليه من لص أو سلطان، أو نحوه قوله {","هَذَا إِذَا رَجَى إِدْرَاكَهَا.
انْتَهَى.
وَالَّذِي يَظْهَرُ: أَنَّ هَذَا مُرَادُ الْأَصْحَابِ، وَالْإِمَامِ أَحْمَدَ، وَإِلَّا فَمَا كَانَ فِي الْخِلَافِ فَائِدَةٌ قَالَ ابْنُ حَامِدٍ: إِنْ بَدَأَ بِالطَّعَامِ، ثُمَّ أُقِيمَتِ الصَّلَاةُ، ابْتَدَرَ إِلَى الصَّلَاةِ قَالَ فِي الْفُرُوعِ: وَلَعَلَّ مُرَادَهُ مَعَ عَدَمِ الْحَاجَةِ. (3/344)
قَوْلُهُ {وَالْخَائِفُ مِنْ ضَيَاعِ مَالِهِ} كَشُرُودِ دَابَّتِهِ، وَإِبَاقِ عَبْدِهِ، وَنَحْوِهِ، أَوْ يَخَافُ عَلَيْهِ مِنْ لِصٍّ أَوْ سُلْطَانٍ، أَوْ نَحْوِهِ قَوْلُهُ {","هَذَا إِذَا رَجَى إِدْرَاكَهَا.
انْتَهَى.
وَالَّذِي يَظْهَرُ: أَنَّ هَذَا مُرَادُ الْأَصْحَابِ، وَالْإِمَامِ أَحْمَدَ، وَإِلَّا فَمَا كَانَ فِي الْخِلَافِ فَائِدَةٌ قَالَ ابْنُ حَامِدٍ: إِنْ بَدَأَ بِالطَّعَامِ، ثُمَّ أُقِيمَتِ الصَّلَاةُ، ابْتَدَرَ إِلَى الصَّلَاةِ قَالَ فِي الْفُرُوعِ: وَلَعَلَّ مُرَادَهُ مَعَ عَدَمِ الْحَاجَةِ. (3/344)
قَوْلُهُ {وَالْخَائِفُ مِنْ ضَيَاعِ مَالِهِ} كَشُرُودِ دَابَّتِهِ، وَإِبَاقِ عَبْدِهِ، وَنَحْوِهِ، أَوْ يَخَافُ عَلَيْهِ مِنْ لِصٍّ أَوْ سُلْطَانٍ، أَوْ نَحْوِهِ قَوْلُهُ {"
وأما التطوع بالنقد فلا يضر، وفرضنا أن الثمن مما لا يعرف بعينه؛ لأنه لو كان يعرف بعينه جاز نقده، ولو بشرط كان البيع على البت، أو على الخيار، وكذا يقال في بقية المسائل الأربع ونحوها (قوله ضمن بخيار) ,وَأَمَّا التَّطَوُّعُ بِالنَّقْدِ فَلَا يَضُرُّ، وَفَرْضُنَا أَنَّ الثَّمَنَ مِمَّا لَا يُعْرَفُ بِعَيْنِهِ؛ لِأَنَّهُ لَوْ كَانَ يُعْرَفُ بِعَيْنِهِ جَازَ نَقْدُهُ، وَلَوْ بِشَرْطٍ كَانَ الْبَيْعُ عَلَى الْبَتِّ، أَوْ عَلَى الْخِيَارِ، وَكَذَا يُقَالُ فِي بَقِيَّةِ الْمَسَائِلِ الْأَرْبَعِ وَنَحْوِهَا (قَوْلُهُ ضَمِنَ بِخِيَارٍ) ,وَأَمَّا التَّطَوُّعُ بِالنَّقْدِ فَلَا يَضُرُّ، وَفَرَضْنَا أَنَّ الثَّمَنَ مِمَّا لَا يُعْرَفُ بِعَيْنِهِ؛ لِأَنَّهُ لَوْ كَانَ يُعْرَفُ بِعَيْنِهِ جَازَ نَقْدُهُ، وَلَوْ بِشَرْطٍ كَانَ الْبَيْعُ عَلَى الْبَتِّ، أَوْ عَلَى الْخِيَارِ، وَكَذَا يُقَالُ فِي بَقِيَّةِ الْمَسَائِلِ الْأَرْبَعِ وَنَحْوِهَا (قَوْلُهُ ضَمِنَ بِخِيَارٍ)
"قوله في المدونة إن قال لامرأته كل من أتزوج عليك طالق ثم طلقها ثلاثا وراجعها بعد زوج فله أن (6/50)
يتزوج عليها وقد زالت يمينه.
وقد تقدم أن ابن يونس سلمه.
وقال عياض: اعترض هذا غير واحد وقالوا يمينه باقية عليه، وإنما يسقط زوال العصمة ما كان في المطلقة نفسها من الأيمان.
","قَوْلُهُ فِي الْمُدَوَّنَةِ إِنْ قَالَ لِامْرَأَتِهِ كُلُّ مَنْ أَتَزَوَّجُ عَلَيْكِ طَالِقٌ ثُمَّ طَلَّقَهَا ثَلَاثًا وَرَاجَعَهَا بَعْدَ زَوْجٍ فَلَهُ أَنْ (6/50)
يَتَزَوَّجَ عَلَيْهَا وَقَدْ زَالَتْ يَمِينُهُ.
وَقَدْ تَقَدَّمَ أَنَّ ابْنَ يُونُسَ سَلَّمَهُ.
وَقَالَ عِيَاضٌ: اعْتَرَضَ هَذَا غَيْرُ وَاحِدٍ وَقَالُوا يَمِينُهُ بَاقِيَةٌ عَلَيْهِ، وَإِنَّمَا يَسْقُطُ زَوَالُ الْعِصْمَةِ مَا كَانَ فِي الْمُطَلَّقَةِ نَفْسِهَا مِنَ الْأَيْمَانِ.
","قَوْلُهُ فِي الْمُدَوَّنَةِ إِنْ قَالَ لِامْرَأَتِهِ كُلُّ مَنْ أَتَزَوَّجُ عَلَيْك طَالِقٌ ثُمَّ طَلَّقَهَا ثَلَاثًا وَرَاجَعَهَا بَعْدَ زَوْجٍ فَلَهُ أَنْ (6/50)
يَتَزَوَّجَ عَلَيْهَا وَقَدْ زَالَتْ يَمِينُهُ.
وَقَدْ تَقَدَّمَ أَنَّ ابْنَ يُونُسَ سَلَّمَهُ.
وَقَالَ عِيَاضٌ: اعْتَرَضَ هَذَا غَيْرُ وَاحِدٍ وَقَالُوا يَمِينُهُ بَاقِيَةٌ عَلَيْهِ، وَإِنَّمَا يَسْقُطُ زَوَالُ الْعِصْمَةِ مَا كَانَ فِي الْمُطَلَّقَةِ نَفْسِهَا مِنَ الْأَيْمَانِ."
قوله وقالوا إلخ) الأصل أن القاضي إذا ظهر له الخطأ في التقدير يرده وإلا فلا فلو قدر لها عشرة دراهم نفقة شهر فمضى الشهر وبقي منها شيء يفرض لها عشرة أخرى إذا لم يظهر خطؤه في التقدير بيقين لجواز أنها قترت على نفسها فيبقى التقدير معتبرا فيقضي لها بأخرى، ,قَوْلُهُ وَقَالُوا إِلَخْ) الْأَصْلُ أَنَّ الْقَاضِيَ إِذَا ظَهَرَ لَهُ الْخَطَأُ فِي التَّقْدِيرِ يَرُدُّهُ وَإِلَّا فَلَا فَلَوْ قَدَّرَ لَهَا عَشَرَةَ دَرَاهِمَ نَفَقَةَ شَهْرٍ فَمَضَى الشَّهْرُ وَبَقِيَ مِنْهَا شَيْءٌ يَفْرِضُ لَهَا عَشَرَةً أُخْرَى إِذَا لَمْ يَظْهَرْ خَطَؤُهُ فِي التَّقْدِيرِ بِيَقِينٍ لِجَوَازِ أَنَّهَا قَتَّرَتْ عَلَى نَفْسِهَا فَيَبْقَى التَّقْدِيرُ مُعْتَبَرًا فَيَقْضِي لَهَا بِأُخْرَى، ,قَوْلُهُ وَقَالُوا إِلَخْ) الْأَصْلُ أَنَّ الْقَاضِيَ إِذَا ظَهَرَ لَهُ الْخَطَأُ فِي التَّقْدِيرِ يَرُدُّهُ وَإِلَّا فَلَا فَلَوْ قَدَّرَ لَهَا عَشَرَةَ دَرَاهِمَ نَفَقَةَ شَهْرٍ فَمَضَى الشَّهْرُ وَبَقِيَ مِنْهَا شَيْءٌ يَفْرِضُ لَهَا عَشَرَةً أُخْرَى إِذَا لَمْ يَظْهَرْ خَطَؤُهُ فِي التَّقْدِيرِ بِيَقِينٍ لِجَوَازِ أَنَّهَا قَتَّرَتْ عَلَى نَفْسِهَا فَيَبْقَى التَّقْدِيرُ مُعْتَبَرًا فَيَقْضِي لَهَا بِأُخْرَى،
"أي الالتقاط بالمعنى الأصلي أي والمراد به في عرف الفقهاء ما كان أعم ولو بطلب.
(قوله: بل لقيطا) قد يقال إن اللقيط هو صغير آدمي لم يعلم أبوه ولا أمه حر أو مشكوك فيه قد خرج بقوله، ","أَيِ الِالْتِقَاطُ بِالْمَعْنَى الْأَصْلِيِّ أَيْ وَالْمُرَادُ بِهِ فِي عُرْفِ الْفُقَهَاءِ مَا كَانَ أَعَمَّ وَلَوْ بِطَلَبٍ.
(قَوْلُهُ: بَلْ لَقِيطًا) قَدْ يُقَالُ إِنَّ اللَّقِيطَ هُوَ صَغِيرٌ آدَمِيٌّ لَمْ يُعْلَمْ أَبُوهُ وَلَا أُمُّهُ حُرٌّ أَوْ مَشْكُوكٌ فِيهِ قَدْ خَرَجَ بِقَوْلِهِ، ","أَيِ الِالْتِقَاطُ بِالْمَعْنَى الْأَصْلِيِّ أَيْ وَالْمُرَادُ بِهِ فِي عُرْفِ الْفُقَهَاءِ مَا كَانَ أَعَمَّ وَلَوْ بِطَلَبٍ.
(قَوْلُهُ: بَلْ لَقِيطًا) قَدْ يُقَالُ إِنَّ اللَّقِيطَ هُوَ صَغِيرٌ آدَمِيٌّ لَمْ يُعْلَمْ أَبُوهُ وَلَا أُمُّهُ حُرٌّ أَوْ مَشْكُوكٌ فِيهِ قَدْ خَرَجَ بِقَوْلِهِ،"
ولو لم يكن أهلا للقبول للصغر، أو الجنون قبل وليه وإن وقف هو كما قاله في الأنوار وقال الناشري وإن كان الواقف الأب، أو الجد فالحكم في القبول كالحكم في قبول البيع، ,وَلَوْ لَمْ يَكُنْ أَهْلًا لِلْقَبُولِ لِلصِّغَرِ، أَوِ الْجُنُونِ قَبِلَ وَلِيُّهُ وَإِنْ وَقَفَ هُوَ كَمَا قَالَهُ فِي الْأَنْوَارِ وَقَالَ النَّاشِرِيُّ وَإِنْ كَانَ الْوَاقِفُ الْأَبَ، أَوِ الْجَدَّ فَالْحُكْمُ فِي الْقَبُولِ كَالْحُكْمِ فِي قَبُولِ الْبَيْعِ، ,وَلَوْ لَمْ يَكُنْ أَهْلًا لِلْقَبُولِ لِلصِّغَرِ، أَوِ الْجُنُونِ قَبِلَ وَلِيُّهُ وَإِنْ وَقَفَ هُوَ كَمَا قَالَهُ فِي الْأَنْوَارِ وَقَالَ النَّاشِرِيُّ وَإِنْ كَانَ الْوَاقِفُ الْأَبَ، أَوِ الْجَدَّ فَالْحُكْمُ فِي الْقَبُولِ كَالْحُكْمِ فِي قَبُولِ الْبَيْعِ،
"أو سجدة من صلاة بعد أن تلبس بأخرى وذكر الفقه /97 كما تقدم /97.
ثم قال: في ذكر ركعة أو سجدة من نفل في نفل ما نصه: وإن نسي ذلك من نفل فذكر وهو في نفل لم يركع رجع إلى إصلاح النفل، وإن ركع بطل الأول وأتم الثاني ولم يقض الأول؛ لأن من دخل في نفل فغلب عن تمامه لم يقضه، ","أَوْ سَجْدَةً مِنْ صَلَاةٍ بَعْدَ أَنْ تَلَبَّسَ بِأُخْرَى وَذَكَرَ الْفِقْهَ /97 كَمَا تَقَدَّمَ /97.
ثُمَّ قَالَ: فِي ذِكْرِ رَكْعَةٍ أَوْ سَجْدَةٍ مِنْ نَفْلٍ فِي نَفْلٍ مَا نَصُّهُ: وَإِنْ نَسِيَ ذَلِكَ مِنْ نَفْلٍ فَذَكَرَ وَهُوَ فِي نَفْلٍ لَمْ يَرْكَعْ رَجَعَ إِلَى إِصْلَاحِ النَّفْلِ، وَإِنْ رَكَعَ بَطَلَ الْأَوَّلُ وَأَتَمَّ الثَّانِيَ وَلَمْ يَقْضِ الْأَوَّلَ؛ لِأَنَّ مَنْ دَخَلَ فِي نَفْلٍ فَغُلِبَ عَنْ تَمَامِهِ لَمْ يَقْضِهِ، ","أَوْ سَجْدَةٍ مِنْ صَلَاةٍ بَعْدَ أَنْ تَلَبَّسَ بِأُخْرَى وَذِكْرُ الْفِقْهِ /97 كَمَا تَقَدَّمَ /97.
ثُمَّ قَالَ: فِي ذِكْرِ رَكْعَةٍ أَوْ سَجْدَةٍ مِنْ نَفْلٍ فِي نَفْلٍ مَا نَصُّهُ: وَإِنْ نَسِيَ ذَلِكَ مِنْ نَفْلٍ فَذَكَرَ وَهُوَ فِي نَفْلٍ لَمْ يَرْكَعْ رَجَعَ إِلَى إِصْلَاحِ النَّفْلِ، وَإِنْ رَكَعَ بَطَلَ الْأَوَّلُ وَأَتَمَّ الثَّانِيَ وَلَمْ يَقْضِ الْأَوَّلَ؛ لِأَنَّ مَنْ دَخَلَ فِي نَفْلٍ فَغُلِبَ عَنْ تَمَامِهِ لَمْ يَقْضِهِ،"
"وإلا لم يفسخ، كالحنفي؛ فإنه يرى أن النهي في الحديث للكراهة. (4/414)
(و) حرم (صريح خطبة) امرأة (معتدة) عدة وفاة أو طلاق من غيره لا من عدتها منه، فيجوز إذ لم يكن بتا.
الشرح
قوله: [وحرم صريح خطبة] إلخ: أي سواء كانت مسلمة أو كتابية حرة أو أمة.
قوله: [أو طلاق] : ","وَإِلَّا لَمْ يُفْسَخْ، كَالْحَنَفِيِّ؛ فَإِنَّهُ يَرَى أَنَّ النَّهْيَ فِي الْحَدِيثِ لِلْكَرَاهَةِ. (4/414)
(وَ) حَرُمَ (صَرِيحُ خِطْبَةِ) امْرَأَةٍ (مُعْتَدَّةٍ) عِدَّةَ وَفَاةٍ أَوْ طَلَاقٍ مِنْ غَيْرِهِ لَا مِنْ عِدَّتِهَا مِنْهُ، فَيَجُوزُ إِذْ لَمْ يَكُنْ بَتًّا.
الشَّرْحُ
قَوْلُهُ: [وَحَرُمَ صَرِيحُ خِطْبَةِ] إِلَخْ: أَيْ سَوَاءٌ كَانَتْ مُسْلِمَةً أَوْ كِتَابِيَّةً حُرَّةً أَوْ أَمَةً.
قَوْلُهُ: [أَوْ طَلَاقٍ] : ","وَإِلَّا لَمْ يُفْسَخْ، كَالْحَنَفِيِّ؛ فَإِنَّهُ يَرَى أَنَّ النَّهْيَ فِي الْحَدِيثِ لِلْكَرَاهَةِ. (4/414)
(وَ) حَرُمَ (صَرِيحُ خِطْبَةِ) امْرَأَةٍ (مُعْتَدَّةٍ) عِدَّةَ وَفَاةٍ أَوْ طَلَاقٍ مِنْ غَيْرِهِ لَا مِنْ عِدَّتِهَا مِنْهُ، فَيَجُوزُ إِذْ لَمْ يَكُنْ بَتًّا.
الشَّرْحُ
قَوْلُهُ: [وَحَرُمَ صَرِيحُ خِطْبَةِ] إِلَخْ: أَيْ سَوَاءٌ كَانَتْ مُسْلِمَةً أَوْ كِتَابِيَّةً حُرَّةً أَوْ أَمَةً.
قَوْلُهُ: [أَوْ طَلَاقٍ] :"
"لا أعبد ما تعبدون ، حتى انقضت السورة
عن زرارة بن أوفى، قال: كانت هذه السورة تسمى المقشقشة. (12/462)
سورة النصر
قوله تعالى: إذا جاء نصر الله والفتح
عن أم حبيبة، قالت: لما نزلت: إذا جاء نصر الله والفتح ، قال رسول الله صلى الله عليه وسلم: إن الله لم يبعث نبيا إلا عمر في أمته شطر ما عمر النبي الماضي قبله، ","لَا أَعْبُدُ مَا تَعْبُدُونَ ، حَتَّى انْقَضَتِ السُّورَةُ
عَنْ زُرَارَةَ بْنِ أَوْفَى، قَالَ: كَانَتْ هَذِهِ السُّورَةُ تُسَمَّى الْمُقَشْقِشَةُ. (12/462)
سُورَةُ النَّصْرِ
قَوْلُهُ تَعَالَى: إِذَا جَاءَ نَصْرُ اللَّهِ وَالْفَتْحُ
عَنْ أُمِّ حَبِيبَةَ، قَالَت: لَمَّا نَزَلَتْ: إِذَا جَاءَ نَصْرُ اللَّهِ وَالْفَتْحُ ، قَالَ رَسُولُ اللَّهِ صَلَّى اللَّهُ عَلَيْهِ وَسَلَّمَ: إِنَّ اللَّهَ لَمْ يَبْعَثْ نَبِيًّا إِلَا عُمِّرَ فِي أُمَّتِهِ شَطْرَ مَا عُمِّرَ النَّبِيُّ الْمَاضِي قَبْلَهُ، ","لَا أَعْبُدُ مَا تَعْبُدُونَ ، حَتَّى انْقَضَتِ السُّورَةُ
عَنْ زُرَارَةَ بْنِ أَوْفَى، قَالَ: كَانَتْ هَذِهِ السُّورَةُ تُسَمَّى الْمُقَشْقَشَةَ. (12/462)
سُورَةُ النَّصْرِ
قَوْلُهُ تَعَالَى: إِذَا جَاءَ نَصْرُ اللَّهِ وَالْفَتْحُ
عَنْ أُمِّ حَبِيبَةَ، قَالَتْ: لَمَّا نَزَلَتْ: إِذَا جَاءَ نَصْرُ اللَّهِ وَالْفَتْحُ ، قَالَ رَسُولُ اللَّهِ صَلَّى اللَّهُ عَلَيْهِ وَسَلَّمَ: إِنَّ اللَّهَ لَمْ يَبْعَثْ نَبِيًّا إِلَّا عَمَّرَ فِي أُمَّتِهِ شَطْرَ مَا عَمَّرَ النَّبِيُّ الْمَاضِي قَبْلَهُ،"
لأن أوهام الناس لا تسبق إلى هذا حلف لا يركب دابة ولو لم ينو شيئا فركب حمارا أو فرسا أو برذونا أو بغلا حنث فإن ركب غيرها نحو البعير، والفيل لا يحنث استحسانا إلا أن ينوي ولو حلف لا يركب فرسا فركب برذونا أو بالعكس لا يحنث؛ لأن الفرس اسم للعربي، ,لِأَنَّ أَوْهَامَ النَّاسِ لَا تَسْبِقُ إِلَى هَذَا حَلَفَ لَا يَرْكَبُ دَابَّةً وَلَوْ لَمْ يَنْوِ شَيْئًا فَرَكِبَ حِمَارًا أَوْ فَرَسًا أَوْ بِرْذَوْنًا أَوْ بَغْلًا حَنِثَ فَإِنْ رَكِبَ غَيْرَهَا نَحْوَ الْبَعِيرِ، وَالْفِيلِ لَا يَحْنَثُ اسْتِحْسَانًا إِلَّا أَنْ يَنْوِيَ وَلَوْ حَلَفَ لَا يَرْكَبُ فَرَسًا فَرَكِبَ بِرْذَوْنًا أَوْ بِالْعَكْسِ لَا يَحْنَثُ؛ لِأَنَّ الْفَرَسَ اسْمٌ لِلْعَرَبِيِّ، ,لِأَنَّ أَوْهَامَ النَّاسِ لَا تَسْبِقُ إِلَى هَذَا حَلَفَ لَا يَرْكَبُ دَابَّةً وَلَوْ لَمْ يَنْوِ شَيْئًا فَرَكِبَ حِمَارًا أَوْ فَرَسًا أَوْ بِرْذَوْنًا أَوْ بَغْلًا حَنِثَ فَإِنْ رَكِبَ غَيْرَهَا نَحْوَ الْبَعِيرِ، وَالْفِيلِ لَا يَحْنَثُ اسْتِحْسَانًا إِلَّا أَنْ يَنْوِيَ وَلَوْ حَلَفَ لَا يَرْكَبُ فَرَسًا فَرَكِبَ بِرْذَوْنًا أَوْ بِالْعَكْسِ لَا يَحْنَثُ؛ لِأَنَّ الْفَرَسَ اسْمٌ لِلْعَرَبِيِّ،
ولا للمضارب أن يضارب فكذا الوصي ليس له أن يوصي في مال الموصى إليه، ولنا أن الوصي يتصرف بولاية منتقلة إليه فيملك الإيصاء إلى غيره كالجد ألا ترى أن الولاية التي كانت ثابتة للموصي تنتقل إلى الوصي، ولهذا يقدم على الجد، ,وَلَا لِلْمُضَارِبِ أَنْ يُضَارِبَ فَكَذَا الْوَصِيُّ لَيْسَ لَهُ أَنْ يُوصِيَ فِي مَالِ الْمُوصَى إِلَيْهِ، وَلَنَا أَنَّ الْوَصِيَّ يَتَصَرَّفُ بِوِلَايَةٍ مُنْتَقِلَةٍ إِلَيْهِ فَيَمْلِكُ الْإِيصَاءَ إِلَى غَيْرِهِ كَالْجَدِّ أَلَا تَرَى أَنَّ الْوِلَايَةَ الَّتِي كَانَتْ ثَابِتَةً لِلْمُوصِي تَنْتَقِلُ إِلَى الْوَصِيِّ، وَلِهَذَا يُقَدَّمُ عَلَى الْجَدِّ، ,وَلَا لِلْمُضَارِبِ أَنْ يُضَارِبَ فَكَذَا الْوَصِيُّ لَيْسَ لَهُ أَنْ يُوصِيَ فِي مَالِ الْمُوصَى إِلَيْهِ، وَلَنَا أَنَّ الْوَصِيَّ يَتَصَرَّفُ بِوِلَايَةٍ مُنْتَقِلَةٍ إِلَيْهِ فَيَمْلِكُ الْإِيصَاءَ إِلَى غَيْرِهِ كَالْجَدِّ أَلَا تَرَى أَنَّ الْوِلَايَةَ الَّتِي كَانَتْ ثَابِتَةً لِلْمُوصِي تَنْتَقِلُ إِلَى الْوَصِيِّ، وَلِهَذَا يُقَدَّمُ عَلَى الْجَدِّ،
وكذلك الصلاة على الحصير؛ لأنه عمل الناس في مساجدهم، بخلاف ما يقوله بعض من لا يعتد بقوله أنه لا يجوز الصلاة على الحصير؛ لأن {سائلا سأل عائشة رضي الله تعالى عنها هل صلى رسول الله صلى الله عليه وسلم على الحصير فإني سمعت قول الله تعالى - {وجعلنا جهنم للكافرين حصيرا} فقالت: ,وَكَذَلِكَ الصَّلَاةُ عَلَى الْحَصِيرِ؛ لِأَنَّهُ عَمَلُ النَّاسِ فِي مَسَاجِدِهِمْ، بِخِلَافِ مَا يَقُولُهُ بَعْضُ مَنْ لَا يُعْتَدَّ بِقَوْلِهِ أَنَّهُ لَا يَجُوزُ الصَّلَاةُ عَلَى الْحَصِيرِ؛ لِأَنَّ {سَائِلًا سَأَلَ عَائِشَةَ رَضِيَ اللَّهُ تَعَالَى عَنْهَا هَلْ صَلَّى رَسُولُ اللَّهِ صَلَّى اللَّهُ عَلَيْهِ وَسَلَّمَ عَلَى الْحَصِيرِ فَإِنِّي سَمِعْتُ قَوْلَ اللَّهِ تَعَالَى - {وَجَعَلْنَا جَهَنَّمَ لِلْكَافِرِينَ حَصِيرًا} فَقَالَتْ: ,وَكَذَلِكَ الصَّلَاةُ عَلَى الْحَصِيرِ؛ لِأَنَّهُ عَمَلُ النَّاسِ فِي مَسَاجِدِهِمْ، بِخِلَافِ مَا يَقُولُهُ بَعْضُ مَنْ لَا يُعْتَدُّ بِقَوْلِهِ أَنَّهُ لَا يَجُوزُ الصَّلَاةُ عَلَى الْحَصِيرِ؛ لِأَنَّ {سَائِلًا سَأَلَ عَائِشَةَ رَضِيَ اللَّهُ تَعَالَى عَنْهَا هَلْ صَلَّى رَسُولُ اللَّهِ صَلَّى اللَّهُ عَلَيْهِ وَسَلَّمَ عَلَى الْحَصِيرِ فَإِنِّي سَمِعْت قَوْلَ اللَّهِ تَعَالَى - {وَجَعَلْنَا جَهَنَّمَ لِلْكَافِرِينَ حَصِيرًا} فَقَالَتْ:
"لأنه مأمور به، وسكت عليه المصنف، وكذا إن أطلق.
فإن قيل: قد أطلق المصنف استحباب الإنذار، وهو تارة يكون واجبا كإنذار الأعمى، وتارة يكون مستحبا كتنبيه إمامه إذا هم بترك مستحب كالتشهد الأول، وتارة يكون مباحا كإذنه لداخل..
","لِأَنَّهُ مَأْمُورٌ بِهِ، وَسَكَتَ عَلَيْهِ الْمُصَنِّفُ، وَكَذَا إِنْ أَطْلَقَ.
فَإِنْ قِيلَ: قَدْ أَطْلَقَ الْمُصَنِّفُ اسْتِحْبَابَ الْإِنْذَارِ، وَهُوَ تَارَةً يَكُونُ وَاجِبًا كَإِنْذَارِ الْأَعْمَى، وَتَارَةً يَكُونُ مُسْتَحَبًّا كَتَنْبِيهِ إِمَامِهِ إِذَا هَمَّ بِتَرْكِ مُسْتَحَبٍّ كَالتَّشَهُّدِ الْأَوَّلِ، وَتَارَةً يَكُونُ مُبَاحًا كَإِذْنِهِ لِدَاخِلٍ..
","لِأَنَّهُ مَأْمُورٌ بِهِ، وَسَكَتَ عَلَيْهِ الْمُصَنِّفُ، وَكَذَا إِنْ أَطْلَقَ.
فَإِنْ قِيلَ: قَدْ أَطْلَقَ الْمُصَنِّفُ اسْتِحْبَابَ الْإِنْذَارِ، وَهُوَ تَارَةً يَكُونُ وَاجِبًا كَإِنْذَارِ الْأَعْمَى، وَتَارَةً يَكُونُ مُسْتَحَبًّا كَتَنْبِيهِ إِمَامِهِ إِذَا هَمَّ بِتَرْكِ مُسْتَحَبٍّ كَالتَّشَهُّدِ الْأَوَّلِ، وَتَارَةً يَكُونُ مُبَاحًا كَإِذْنِهِ لِدَاخِلٍ.."
أي بسماع البينة خاصة، أو بالحكم باستيفاء الحق يؤديانه عند القاضي الآخر، ولو لم يشهدهما ولكن أنشأ الحكم بحضورهما فلهما أن يشهدا عليه وإن لم يشهدهما كما يعلم مما يأتي (ويستحب) مع الإشهاد (كتاب به) ولا يجب؛ لأن الاعتماد على الشهادة، وفائدة الكتاب ليذكر الشاهد الحال؛ لأنه قد ينساه (يذكر فيه ما يتميز به المحكوم عليه) ,أَيْ بِسَمَاعِ الْبَيِّنَةِ خَاصَّةً، أَوْ بِالْحُكْمِ بِاسْتِيفَاءِ الْحَقِّ يُؤَدِّيَانِهِ عِنْدَ الْقَاضِي الْآخَرَ، وَلَوْ لَمْ يُشْهِدْهُمَا وَلَكِنْ أَنْشَأَ الْحُكْمَ بِحُضُورِهِمَا فَلَهُمَا أَنْ يَشْهَدَا عَلَيْهِ وَإِنْ لَمْ يُشْهِدْهُمَا كَمَا يُعْلَمُ مِمَّا يَأْتِي (وَيُسْتَحَبُّ) مَعَ الْإِشْهَادِ (كِتَابٌ بِهِ) وَلَا يَجِبُ؛ لِأَنَّ الِاعْتِمَادَ عَلَى الشَّهَادَةِ، وَفَائِدَةُ الْكِتَابِ لِيَذْكُرَ الشَّاهِدُ الْحَالَ؛ لِأَنَّهُ قَدْ يَنْسَاهُ (يَذْكُرُ فِيهِ مَا يَتَمَيَّزُ بِهِ الْمَحْكُومُ عَلَيْهِ) ,أَيْ بِسَمَاعِ الْبَيِّنَةِ خَاصَّةً، أَوْ بِالْحُكْمِ بِاسْتِيفَاءِ الْحَقِّ يُؤَدِّيَانِهِ عِنْدَ الْقَاضِي الْآخَرِ، وَلَوْ لَمْ يُشْهِدْهُمَا وَلَكِنْ أَنْشَأَ الْحُكْمَ بِحُضُورِهِمَا فَلَهُمَا أَنْ يَشْهَدَا عَلَيْهِ وَإِنْ لَمْ يُشْهِدْهُمَا كَمَا يُعْلَمُ مِمَّا يَأْتِي (وَيُسْتَحَبُّ) مَعَ الْإِشْهَادِ (كِتَابٌ بِهِ) وَلَا يَجِبُ؛ لِأَنَّ الِاعْتِمَادَ عَلَى الشَّهَادَةِ، وَفَائِدَةُ الْكِتَابِ لِيَذْكُرَ الشَّاهِدُ الْحَالَ؛ لِأَنَّهُ قَدْ يَنْسَاهُ (يَذْكُرُ فِيهِ مَا يَتَمَيَّزُ بِهِ الْمَحْكُومُ عَلَيْهِ)
"وينبغي أن يقول اللهم عذب الكفرة ليعم كل كافر، وما قاله ابن القاص واستحسنه الروياني، من أنه يزيد في القنوت: ربنا لا تؤاخذنا إلى آخر السورة، ضعفه في المجموع بأن المشهور كراهة القراءة في غير القيام.
(قلت: الأصح) أن يقول ذلك (بعده) أي بعد قنوت الصبح لأنه ثابت عن النبي صلى الله عليه وسلم في الوتر فكان تقديمه أولى، ","وَيَنْبَغِي أَنْ يَقُولَ اللَّهُمَّ عَذِّبِ الْكَفَرَةَ لِيَعُمَّ كُلَّ كَافِرٍ، وَمَا قَالَهُ ابْنُ الْقَاصِّ وَاسْتَحْسَنَهُ الرُّويَانِيُّ، مِنْ أَنَّهُ يَزِيدُ فِي الْقُنُوتِ: رَبَّنَا لَا تُؤَاخِذْنَا إِلَى آخِرِ السُّورَةِ، ضَعَّفَهُ فِي الْمَجْمُوعِ بِأَنَّ الْمَشْهُورَ كَرَاهَةُ الْقِرَاءَةِ فِي غَيْرِ الْقِيَامِ.
(قُلْت: الْأَصَحُّ) أَنْ يَقُولَ ذَلِكَ (بَعْدَهُ) أَيْ بَعْدَ قُنُوتِ الصُّبْحِ لِأَنَّهُ ثَابِتٌ عَنِ النَّبِيِّ صَلَّى اللَّهُ عَلَيْهِ وَسَلَّمَ فِي الْوِتْرِ فَكَانَ تَقْدِيمُهُ أَوْلَى، ","وَيَنْبَغِي أَنْ يَقُولَ اللَّهُمَّ عَذِّبِ الْكَفَرَةَ لِيَعُمَّ كُلَّ كَافِرٍ، وَمَا قَالَهُ ابْنُ الْقَاصِّ وَاسْتَحْسَنَهُ الرُّويَانِيُّ، مِنْ أَنَّهُ يَزِيدُ فِي الْقُنُوتِ: رَبَّنَا لَا تُؤَاخِذْنَا إِلَى آخِرِ السُّورَةِ، ضَعَّفَهُ فِي الْمَجْمُوعِ بِأَنَّ الْمَشْهُورَ كَرَاهَةُ الْقِرَاءَةِ فِي غَيْرِ الْقِيَامِ.
(قُلْت: الْأَصَحُّ) أَنْ يَقُولَ ذَلِكَ (بَعْدَهُ) أَيْ بَعْدَ قُنُوتِ الصُّبْحِ لِأَنَّهُ ثَابِتٌ عَنِ النَّبِيِّ صَلَّى اللَّهُ عَلَيْهِ وَسَلَّمَ فِي الْوِتْرِ فَكَانَ تَقْدِيمُهُ أَوْلَى،"
وهو لا يملك أن يلزمهم ذلك بإنشاء التصرف في هذه الحالة، فكذلك بالإقرار، وتكون الدية على القاتل في ماله؛ لأن أصل وجوب الدية عليه في ماله، وإن كان المقتول من الموالي فادعى رجل أنه أعتقه قبل القتل وأنه لا وارث له غيره، وأراد استحلاف القاتل على الولاء، وهو مقر بالقتل لم يستحلف عليه، ,وَهُوَ لَا يَمْلِكُ أَنْ يُلْزِمَهُمْ ذَلِكَ بِإِنْشَاءِ التَّصَرُّفِ فِي هَذِهِ الْحَالَةِ، فَكَذَلِكَ بِالْإِقْرَارِ، وَتَكُونُ الدِّيَةُ عَلَى الْقَاتِلِ فِي مَالِهِ؛ لِأَنَّ أَصْلَ وُجُوبِ الدِّيَةِ عَلَيْهِ فِي مَالِهِ، وَإِنْ كَانَ الْمَقْتُولُ مِنَ الْمَوَالِي فَادَّعَى رَجُلٌ أَنَّهُ أَعْتَقَهُ قَبْلَ الْقَتْلِ وَأَنَّهُ لَا وَارِثَ لَهُ غَيْرُهُ، وَأَرَادَ اسْتِحْلَافَ الْقَاتِلِ عَلَى الْوَلَاءِ، وَهُوَ مُقِرٌّ بِالْقَتْلِ لَمْ يُسْتَحْلَفْ عَلَيْهِ، ,وَهُوَ لَا يَمْلِكُ أَنْ يُلْزِمَهُمْ ذَلِكَ بِإِنْشَاءِ التَّصَرُّفِ فِي هَذِهِ الْحَالَةِ، فَكَذَلِكَ بِالْإِقْرَارِ، وَتَكُونُ الدِّيَةُ عَلَى الْقَاتِلِ فِي مَالِهِ؛ لِأَنَّ أَصْلَ وُجُوبِ الدِّيَةِ عَلَيْهِ فِي مَالِهِ، وَإِنْ كَانَ الْمَقْتُولُ مِنَ الْمَوَالِي فَادَّعَى رَجُلٌ أَنَّهُ أَعْتَقَهُ قَبْلَ الْقَتْلِ وَأَنَّهُ لَا وَارِثَ لَهُ غَيْرُهُ، وَأَرَادَ اسْتِحْلَافَ الْقَاتِلِ عَلَى الْوَلَاءِ، وَهُوَ مُقِرٌّ بِالْقَتْلِ لَمْ يُسْتَحْلَفْ عَلَيْهِ،
"بخلاف ما إذا قام الإمام قبل فراغ المقتدي من التشهد فإنه يتمه ثم يتابعه لأن في إتمامه متابعة لإمامه فيما فعله الإمام فافهم.
(قوله وتكبير عيد) ","بِخِلَافِ مَا إِذَا قَامَ الْإِمَامُ قَبْلَ فَرَاغِ الْمُقْتَدِي مِنَ التَّشَهُّدِ فَإِنَّهُ يُتِمُّهُ ثُمَّ يُتَابِعُهُ لِأَنَّ فِي إِتْمَامِهِ مُتَابَعَةً لِإِمَامِهِ فِيمَا فَعَلَهُ الْإِمَامُ فَافْهَمْ.
(قَوْلُهُ وَتَكْبِيرُ عِيدٍ) ","بِخِلَافِ مَا إِذَا قَامَ الْإِمَامُ قَبْلَ فَرَاغِ الْمُقْتَدِي مِنَ التَّشَهُّدِ فَإِنَّهُ يُتِمُّهُ ثُمَّ يُتَابِعُهُ لِأَنَّ فِي إِتْمَامِهِ مُتَابَعَةً لِإِمَامِهِ فِيمَا فَعَلَهُ الْإِمَامُ فَافْهَمْ.
(قَوْلُهُ وَتَكْبِيرِ عِيدٍ)"
"وهذه المسألة نظير مسألة (الجامع الصغير) إذا كان له على غيره عشرة جياد وستوق، فهلك في يده ثم علم أن المستوفى كان زيوفا فعند أبي حنيفة (رحمه الله) يسقط حقه، وعند أبي يوسف (رحمه الله) نضمنه مثل المقبوض، ويرجع بحقه.
ذكر قول محمد في تلك المسألة، كقول أبي حنيفة قال: ","وَهَذِهِ الْمَسْأَلَةُ نَظِيرُ مَسْأَلَةِ (الْجَامِعِ الصَّغِيرِ) إِذَا كَانَ لَهُ عَلَى غَيْرِهِ عَشَرَةُ جِيَادٍ وَسَتُّوقٍ، فَهَلَكَ فِي يَدِهِ ثُمَّ عَلِمَ أَنَّ الْمُسْتَوْفَى كَانَ زُيُوفًا فَعِنْدَ أَبِي حَنِيفَةَ (رَحِمَهُ اللَّهُ) يَسْقُطُ حَقُّهُ، وَعِنْدَ أَبِي يُوسُفَ (رَحِمَهُ اللَّهُ) نُضَمِّنُهُ مِثْلَ الْمَقْبُوضِ، وَيَرْجِعُ بِحَقِّهِ.
ذِكْرُ قَوْلِ مُحَمَّدٍ فِي تِلْكَ الْمَسْأَلَةِ، كَقَوْلِ أَبِي حَنِيفَةَ قَالَ: ","وَهَذِهِ الْمَسْأَلَةُ نَظِيرُ مَسْأَلَةِ (الْجَامِعِ الصَّغِيرِ) إِذَا كَانَ لَهُ عَلَى غَيْرِهِ عَشَرَةُ جِيَادٍ وَسَتُّوقٍ، فَهَلَكَ فِي يَدِهِ ثُمَّ عَلِمَ أَنَّ الْمُسْتَوْفَى كَانَ زُيُوفًا فَعِنْدَ أَبِي حَنِيفَةَ (رَحِمَهُ اللَّهُ) يَسْقُطُ حَقُّهُ، وَعِنْدَ أَبِي يُوسُفَ (رَحِمَهُ اللَّهُ) نُضَمِّنُهُ مِثْلَ الْمَقْبُوضِ، وَيَرْجِعُ بِحَقِّهِ.
ذَكَرَ قَوْلَ مُحَمَّدٍ فِي تِلْكَ الْمَسْأَلَةِ، كَقَوْلِ أَبِي حَنِيفَةَ قَالَ:"
لأنه أولى بها من غيره، فإن اندبغ ولو بنفسه كما بحثه شيخنا عاد وقفا، قال في الدقائق: وعبرت بالاختصاص؛ لأن النجس لا يوصف بأنه مملوك، وإن قطع بموت البهيمة الموقوفة المأكولة جاز ذبحها للضرورة، وهل يفعل الحاكم بلحمها ما يراه مصلحة أو يباع ويشترى بثمنه دابة من جنسها وتوقف؟ وجهان رجح الأول ابن المقري والثاني: ,لِأَنَّهُ أَوْلَى بِهَا مِنْ غَيْرِهِ، فَإِنِ انْدَبَغَ وَلَوْ بِنَفْسِهِ كَمَا بَحَثَهُ شَيْخُنَا عَادَ وَقْفًا، قَالَ فِي الدَّقَائِقِ: وَعَبَّرْت بِالِاخْتِصَاصِ؛ لِأَنَّ النَّجِسَ لَا يُوصَفُ بِأَنَّهُ مَمْلُوكٌ، وَإِنْ قَطَعَ بِمَوْتِ الْبَهِيمَةِ الْمَوْقُوفَةِ الْمَأْكُولَةِ جَازَ ذَبْحُهَا لِلضَّرُورَةِ، وَهَلْ يَفْعَلُ الْحَاكِمُ بِلَحْمِهَا مَا يَرَاهُ مَصْلَحَةً أَوْ يُبَاعُ وَيُشْتَرَى بِثَمَنِهِ دَابَّةٌ مِنْ جِنْسِهَا وَتُوقَفُ؟ وَجْهَانِ رَجَّحَ الْأَوَّلَ ابْنُ الْمُقْرِي وَالثَّانِيَ: ,لِأَنَّهُ أَوْلَى بِهَا مِنْ غَيْرِهِ، فَإِنِ انْدَبَغَ وَلَوْ بِنَفْسِهِ كَمَا بَحَثَهُ شَيْخُنَا عَادَ وَقْفًا، قَالَ فِي الدَّقَائِقِ: وَعَبَّرْت بِالِاخْتِصَاصِ؛ لِأَنَّ النَّجِسَ لَا يُوصَفُ بِأَنَّهُ مَمْلُوكٌ، وَإِنْ قُطِعَ بِمَوْتِ الْبَهِيمَةِ الْمَوْقُوفَةِ الْمَأْكُولَةِ جَازَ ذَبْحُهَا لِلضَّرُورَةِ، وَهَلْ يَفْعَلُ الْحَاكِمُ بِلَحْمِهَا مَا يَرَاهُ مَصْلَحَةً أَوْ يُبَاعُ وَيُشْتَرَى بِثَمَنِهِ دَابَّةٌ مِنْ جِنْسِهَا وَتُوقَفُ؟ وَجْهَانِ رَجَّحَ الْأَوَّلَ ابْنُ الْمُقْرِي وَالثَّانِي:
"أنه وارد فيمن كان في دار الإسلام في منعة وتاب قبل القدرة عليه سقطت عقوبته وإن لم يكن في منعة لم تسقط (1/105)
وهذا قول ابن عمر وربيعة والحكم بن عيينة رضي الله عنه وعنهم.
والخامس: أن توبته قبل القدرة عليه وإن لم يكن في منعة تضع عنه جميع حدود الله سبحانه ولا تسقط عنه حقوق الآدميين وهذا قول الشافعي.
","أَنَّهُ وَارِدٌ فِيمَنْ كَانَ فِي دَارِ الْإِسْلَامِ فِي مَنَعَةٍ وَتَابَ قَبْلَ الْقُدْرَةِ عَلَيْهِ سَقَطَتْ عُقُوبَتُهُ وَإِنْ لَمْ يَكُنْ فِي مَنَعَةٍ لَمْ تَسْقُطْ (1/105)
وَهَذَا قَوْلُ ابْنِ عُمَرَ وَرَبِيعَةَ وَالْحَكَمِ بْنِ عُيَيْنَةَ رَضِيَ اللَّهُ عَنْهُ وَعَنْهُمْ.
وَالْخَامِسُ: أَنَّ تَوْبَتَهُ قَبْلَ الْقُدْرَةِ عَلَيْهِ وَإِنْ لَمْ يَكُنْ فِي مَنَعَةٍ تَضَعُ عَنْهُ جَمِيعَ حُدُودِ اللَّهِ سُبْحَانَهُ وَلَا تُسْقِطُ عَنْهُ حُقُوقَ الْآدَمِيِّينَ وَهَذَا قَوْلُ الشَّافِعِيِّ.
","أَنَّهُ وَارِدٌ فِيمَنْ كَانَ فِي دَارِ الْإِسْلَامِ فِي مَنَعَةٍ وَتَابَ قَبْلَ الْقُدْرَةِ عَلَيْهِ سَقَطَتْ عُقُوبَتُهُ وَإِنْ لَمْ يَكُنْ فِي مَنَعَةٍ لَمْ تَسْقُطْ (1/105)
وَهَذَا قَوْلُ ابْنِ عُمَرَ وَرَبِيعَةَ وَالْحَكَمِ بْنِ عُيَيْنَةَ رَضِيَ اللَّهُ عَنْهُ وَعَنْهُمْ.
وَالْخَامِسُ: أَنَّ تَوْبَتَهُ قَبْلَ الْقُدْرَةِ عَلَيْهِ وَإِنْ لَمْ يَكُنْ فِي مَنَعَةٍ تَضَعُ عَنْهُ جَمِيعَ حُدُودِ اللَّهِ سُبْحَانَهُ وَلَا تُسْقِطُ عَنْهُ حُقُوقَ الْآدَمِيِّينَ وَهَذَا قَوْلُ الشَّافِعِيِّ."
"قالوا الفاء في جواب إما لازم لكن المشايخ قد يتركونها كثيرا; لأن نظرهم كان إلى المعنى لا إلى اللفظ كذا كان يقول شيخنا العلامة مولانا حافظ الملة والدين نور الله مضجعه: قالوا: إن ما ثبت كونه أمرا أي الذي ثبت كونه أمرا من الصيغ الموضوعة, ","قَالُوا الْفَاءُ فِي جَوَابِ إِمَّا لَازِمٌ لَكِنَّ الْمَشَايِخَ قَدْ يَتْرُكُونَهَا كَثِيرًا; لِأَنَّ نَظَرَهُمْ كَانَ إِلَى الْمَعْنَى لَا إِلَى اللَّفْظِ كَذَا كَانَ يَقُولُ شَيْخُنَا الْعَلَّامَةُ مَوْلَانَا حَافِظُ الْمِلَّةِ وَالدِّينِ نَوَّرَ اللَّهُ مَضْجَعَهُ: قَالُوا: إِنَّ مَا ثَبَتَ كَوْنُهُ أَمْرًا أَيِ الَّذِي ثَبَتَ كَوْنُهُ أَمْرًا مِنَ الصِّيَغِ الْمَوْضُوعَةِ, ","قَالُوا الْفَاءُ فِي جَوَابِ إِمَّا لَازِمٌ لَكِنَّ الْمَشَايِخَ قَدْ يَتْرُكُونَهَا كَثِيرًا; لِأَنَّ نَظَرَهُمْ كَانَ إِلَى الْمَعْنَى لَا إِلَى اللَّفْظِ كَذَا كَانَ يَقُولُ شَيْخُنَا الْعَلَّامَةُ مَوْلَانَا حَافِظُ الْمِلَّةِ وَالدِّينِ نَوَّرَ اللَّهُ مَضْجَعَهُ: قَالُوا: إِنَّ مَا ثَبَتَ كَوْنُهُ أَمْرًا أَيِ الَّذِي ثَبَتَ كَوْنُهُ أَمْرًا مِنَ الصِّيَغِ الْمَوْضُوعَةِ,"
"ولا يجب عليه قضاء شهر رمضان في الفصلين، أي هذه السنة أو سنة متتابعة، لأن هذه السنة والسنة المتتابعة لا تخلو عنه، فإيجابها إيجابه وغيره، فيصح في غيره ويبطل فيه لوجوبه بإيجاب الله تعالى ابتداء.
(قوله وهو قوله صلى الله عليه وسلم) ","وَلَا يَجِبُ عَلَيْهِ قَضَاءُ شَهْرٍ رَمَضَانَ فِي الْفَصْلَيْنِ، أَيْ هَذِهِ السَّنَةِ أَوْ سَنَةٍ مُتَتَابِعَةٍ، لِأَنَّ هَذِهِ السَّنَةَ وَالسَّنَةَ الْمُتَتَابِعَةَ لَا تَخْلُو عَنْهُ، فَإِيجَابُهَا إِيجَابُهُ وَغَيْرُهُ، فَيَصِحُّ فِي غَيْرِهِ وَيَبْطُلُ فِيهِ لِوُجُوبِهِ بِإِيجَابِ اللَّهِ تَعَالَى ابْتِدَاءً.
(قَوْلُهُ وَهُوَ قَوْلُهُ صَلَّى اللَّهُ عَلَيْهِ وَسَلَّمَ) ","وَلَا يَجِبُ عَلَيْهِ قَضَاءُ شَهْرِ رَمَضَانَ فِي الْفَصْلَيْنِ، أَيْ هَذِهِ السَّنَةِ أَوْ سَنَةٍ مُتَتَابِعَةٍ، لِأَنَّ هَذِهِ السَّنَةَ وَالسَّنَةَ الْمُتَتَابِعَةَ لَا تَخْلُو عَنْهُ، فَإِيجَابُهَا إِيجَابُهُ وَغَيْرُهُ، فَيَصِحُّ فِي غَيْرِهِ وَيَبْطُلُ فِيهِ لِوُجُوبِهِ بِإِيجَابِ اللَّهِ تَعَالَى ابْتِدَاءً.
(قَوْلُهُ وَهُوَ قَوْلُهُ صَلَّى اللَّهُ عَلَيْهِ وَسَلَّمَ)"
قال الإمام مالك رضي الله عنه فيمن قال كل مملوك أو كل جارية أو عبد أشتريه أو أملكه في المستقبل فهو حر في غير يمين أو يمين حنث بها فلا شيء عليه فيمن يملك أو يشترى كان عنده رقيق يوم حلف أو لم يكن أعتق من عنده حينئذ أو باع أم لا لأنه قد عم الجواري والغلمان فلا يلزمه شيء إلا أن يعين عبدا أو يخص جنسا أو بلدا أو يضرب أجلا يبلغه عمره، ,قَالَ الْإِمَامُ مَالِكٌ رَضِيَ اللَّهُ عَنْهُ فِيمَنْ قَالَ كُلُّ مَمْلُوكٍ أَوْ كُلُّ جَارِيَةٍ أَوْ عَبْدٍ أَشْتَرِيهِ أَوْ أَمْلِكُهُ فِي الْمُسْتَقْبَلِ فَهُوَ حُرٌّ فِي غَيْرِ يَمِينٍ أَوْ يَمِينٍ حَنِثَ بِهَا فَلَا شَيْءَ عَلَيْهِ فِيمَنْ يُمْلَكُ أَوْ يُشْتَرَى كَانَ عِنْدَهُ رَقِيقٌ يَوْمَ حَلَفَ أَوْ لَمْ يَكُنْ أَعْتَقَ مَنْ عِنْدَهُ حِينَئِذٍ أَوْ بَاعَ أَمْ لَا لِأَنَّهُ قَدْ عَمَّ الْجَوَارِيَ وَالْغِلْمَانَ فَلَا يَلْزَمُهُ شَيْءٌ إِلَّا أَنْ يُعَيِّنَ عَبْدًا أَوْ يَخُصَّ جِنْسًا أَوْ بَلَدًا أَوْ يَضْرِبَ أَجَلًا يَبْلُغُهُ عُمْرُهُ، ,قَالَ الْإِمَامُ مَالِكٌ رَضِيَ اللَّهُ عَنْهُ فِيمَنْ قَالَ كُلُّ مَمْلُوكٍ أَوْ كُلُّ جَارِيَةٍ أَوْ عَبْدٍ أَشْتَرِيهِ أَوْ أَمْلِكُهُ فِي الْمُسْتَقْبَلِ فَهُوَ حُرٌّ فِي غَيْرِ يَمِينٍ أَوْ يَمِينٍ حَنِثَ بِهَا فَلَا شَيْءَ عَلَيْهِ فِيمَنْ يُمْلَكُ أَوْ يُشْتَرَى كَانَ عِنْدَهُ رَقِيقٌ يَوْمَ حَلَفَ أَوْ لَمْ يَكُنْ أَعْتَقَ مَنْ عِنْدَهُ حِينَئِذٍ أَوْ بَاعَ أَمْ لَا لِأَنَّهُ قَدْ عَمَّ الْجَوَارِيَ وَالْغِلْمَانَ فَلَا يَلْزَمُهُ شَيْءٌ إِلَّا أَنْ يُعَيِّنَ عَبْدًا أَوْ يَخُصَّ جِنْسًا أَوْ بَلَدًا أَوْ يَضْرِبَ أَجَلًا يَبْلُغُهُ عُمْرُهُ،
"اختاره بعض الأصحاب (قلت) وهو أولى، أو يرجع إلى حال الساكت، والوجه الثاني يكون رجوعا، اختاره ابن حامد.
(مسألة 10) قوله: ويلحق ما توقف فيه بما يشبهه هل هو بالأخف، أو الأثقل، أو التخيير؟ يحتمل أوجها انتهى، تابع المصنف في ذلك ابن حمدان في رعايته الكبرى، وآداب المفتي، فقال فيهما: وإذا توقف أحمد في مسألة تشبه مسألتين، ","اخْتَارَهُ بَعْضُ الْأَصْحَابِ (قُلْت) وَهُوَ أَوْلَى، أَوْ يَرْجِعُ إِلَى حَالِ السَّاكِتِ، وَالْوَجْهُ الثَّانِي يَكُونُ رُجُوعًا، اخْتَارَهُ ابْنُ حَامِدٍ.
(مَسْأَلَةٌ 10) قَوْلُهُ: وَيَلْحَقُ مَا تَوَقَّفَ فِيهِ بِمَا يُشْبِهُهُ هَلْ هُوَ بِالْأَخَفِّ، أَوِ الْأَثْقَلِ، أَوِ التَّخْيِيرِ؟ يَحْتَمِلُ أَوْجُهًا انْتَهَى، تَابَعَ الْمُصَنِّفَ فِي ذَلِكَ ابْنُ حَمْدَانَ فِي رِعَايَتِهِ الْكُبْرَى، وَآدَابِ الْمُفْتِي، فَقَالَ فِيهِمَا: وَإِذَا تَوَقَّفَ أَحْمَدُ فِي مَسْأَلَةٍ تُشْبِهُ مَسْأَلَتَيْنِ، ","اخْتَارَهُ بَعْضُ الْأَصْحَابِ (قُلْت) وَهُوَ أَوْلَى، أَوْ يَرْجِعُ إِلَى حَالِ السَّاكِتِ، وَالْوَجْهُ الثَّانِي يَكُونُ رُجُوعًا، اخْتَارَهُ ابْنُ حَامِدٍ.
(مَسْأَلَةٌ 10) قَوْلُهُ: وَيُلْحَقُ مَا تَوَقَّفَ فِيهِ بِمَا يُشْبِهُهُ هَلْ هُوَ بِالْأَخَفِّ، أَوِ الْأَثْقَلِ، أَوِ التَّخْيِيرِ؟ يَحْتَمِلُ أَوْجُهًا انْتَهَى، تَابَعَ الْمُصَنِّفُ فِي ذَلِكَ ابْنَ حَمْدَانَ فِي رِعَايَتِهِ الْكُبْرَى، وَآدَابِ الْمُفْتِي، فَقَالَ فِيهِمَا: وَإِذَا تَوَقَّفَ أَحْمَدُ فِي مَسْأَلَةٍ تُشْبِهُ مَسْأَلَتَيْنِ،"
فإن لم يدفع له الثمن جاز الرضا بمخالفته كان المسلم فيه طعاما أو غيره بشرط أن يعجل له رأس المال الآن وإلا منع ولو تأخر يسيرا؛ لأنه بيع دين بدين وكذا يجوز الرضا بما خالف إليه إذا كان قد دفع إليه الثمن وكان مما يعرف بعينه ولم يفت، ,فَإِنْ لَمْ يَدْفَعْ لَهُ الثَّمَنَ جَازَ الرِّضَا بِمُخَالَفَتِهِ كَانَ الْمُسَلَّمُ فِيهِ طَعَامًا أَوْ غَيْرَهُ بِشَرْطِ أَنْ يُعَجِّلَ لَهُ رَأْسَ الْمَالِ الْآنَ وَإِلَّا مُنِعَ وَلَوْ تَأَخَّرَ يَسِيرًا؛ لِأَنَّهُ بَيْعُ دَيْنٍ بِدَيْنٍ وَكَذَا يَجُوزُ الرِّضَا بِمَا خَالَفَ إِلَيْهِ إِذَا كَانَ قَدْ دَفَعَ إِلَيْهِ الثَّمَنَ وَكَانَ مِمَّا يُعْرَفُ بِعَيْنِهِ وَلَمْ يَفُتْ، ,فَإِنْ لَمْ يَدْفَعْ لَهُ الثَّمَنَ جَازَ الرِّضَا بِمُخَالَفَتِهِ كَانَ الْمُسْلَمُ فِيهِ طَعَامًا أَوْ غَيْرَهُ بِشَرْطِ أَنْ يُعَجِّلَ لَهُ رَأْسَ الْمَالِ الْآنَ وَإِلَّا مُنِعَ وَلَوْ تَأَخَّرَ يَسِيرًا؛ لِأَنَّهُ بَيْعُ دَيْنٍ بِدَيْنٍ وَكَذَا يَجُوزُ الرِّضَا بِمَا خَالَفَ إِلَيْهِ إِذَا كَانَ قَدْ دَفَعَ إِلَيْهِ الثَّمَنَ وَكَانَ مِمَّا يُعْرَفُ بِعَيْنِهِ وَلَمْ يَفُتْ،
والفقه على ما يشمل الظن (وإن عمى) أي: يدفع الناظر، وإن عمى برميه (أو) أصيب (حول عين) له بلا قصد (فسرى) إلى نفسه، أو غيرها، فلا ضمان بذلك للخبر السابق في الأول، ولقرب الخطأ في الثاني، وخرج بحول العين ما بعد عنها فإنه يضمن لبعد الخطأ منها إليه (وقبله لفتح باب أنذرا) ,وَالْفِقْهِ عَلَى مَا يَشْمَلُ الظَّنَّ (وَإِنْ عَمَى) أَيْ: يُدْفَعُ النَّاظِرُ، وَإِنْ عَمَى بِرَمْيِهِ (أَوْ) أُصِيبَ (حَوْلَ عَيْنٍ) لَهُ بِلَا قَصْدٍ (فَسَرَى) إِلَى نَفْسِهِ، أَوْ غَيْرِهَا، فَلَا ضَمَانَ بِذَلِكَ لِلْخَبَرِ السَّابِقِ فِي الْأَوَّلِ، وَلِقُرْبِ الْخَطَأِ فِي الثَّانِي، وَخَرَجَ بِحَوْلِ الْعَيْنِ مَا بَعُدَ عَنْهَا فَإِنَّهُ يَضْمَنُ لِبُعْدِ الْخَطَأِ مِنْهَا إِلَيْهِ (وَقَبْلَهُ لِفَتْحِ بَابٍ أَنْذَرَا) ,وَالْفِقْهُ عَلَى مَا يَشْمَلُ الظَّنَّ (وَإِنْ عَمَى) أَيْ: يَدْفَعُ النَّاظِرُ، وَإِنْ عَمَى بِرَمْيِهِ (أَوْ) أُصِيبَ (حَوْلَ عَيْنٍ) لَهُ بِلَا قَصْدٍ (فَسَرَى) إِلَى نَفْسِهِ، أَوْ غَيْرِهَا، فَلَا ضَمَانَ بِذَلِكَ لِلْخَبَرِ السَّابِقِ فِي الْأَوَّلِ، وَلِقُرْبِ الْخَطَأِ فِي الثَّانِي، وَخَرَجَ بِحَوْلِ الْعَيْنِ مَا بَعُدَ عَنْهَا فَإِنَّهُ يَضْمَنُ لِبُعْدِ الْخَطَأِ مِنْهَا إِلَيْهِ (وَقَبْلَهُ لِفَتْحِ بَابٍ أَنْذَرَا)
"حدثنا وكيع حدثنا جرير بن حازم عن ثابت البناني عن أنس بن مالك قال كان رسول الله صلى الله عليه وسلم ينزل من المنبر يوم الجمعة فيكلمه الرجل في الحاجة فيكلمه ثم يتقدم إلى مصلاه فيصلي (19/235)
12202 - ","حَدَّثَنَا وَكِيعٌ حَدَّثَنَا جَرِيرُ بْنُ حَازِمٍ عَنْ ثَابِتٍ الْبُنَانِيِّ عَنْ أَنَسِ بْنِ مَالِكٍ قَالَ كَانَ رَسُولُ اللَّهِ صَلَّى اللَّهُ عَلَيْهِ وَسَلَّمَ يَنْزِلُ مِنَ الْمِنْبَرِ يَوْمَ الْجُمُعَةِ فَيُكَلِّمُهُ الرَّجُلُ فِي الْحَاجَةِ فَيُكَلِّمُهُ ثُمَّ يَتَقَدَّمُ إِلَى مُصَلَّاهُ فَيُصَلِّي (19/235)
12202 - ","حَدَّثَنَا وَكِيعٌ حَدَّثَنَا جَرِيرُ بْنُ حَازِمٍ عَنْ ثَابِتٍ الْبُنَانِيِّ عَنْ أَنَسِ بْنِ مَالِكٍ قَالَ كَانَ رَسُولُ اللَّهِ صَلَّى اللَّهُ عَلَيْهِ وَسَلَّمَ يَنْزِلُ مِنَ الْمِنْبَرِ يَوْمَ الْجُمُعَةِ فَيُكَلِّمُهُ الرَّجُلُ فِي الْحَاجَةِ فَيُكَلِّمُهُ ثُمَّ يَتَقَدَّمُ إِلَى مُصَلَّاهُ فَيُصَلِّي (19/235)
12202 -"
"من وكالة الأول؛ لأن إجابته للثاني دليل رجوعه عن إجابة الأول (وتكون) العين المشتراة (له) أي الوكيل (وللثاني) إذ لا مفضل لأحدهما على الآخر (وما بيده) أي الوكيل، وكذا كل أمين (بعد عزله أمانة) فلا يضمن حيث لم يتصرف ولم يتعد أو لم يفرط وكذا هبة بيد ولد بعد رجوع أبيه فيها (5/488)
","مِنْ وَكَالَةِ الْأَوَّلِ؛ لِأَنَّ إِجَابَتَهُ لِلثَّانِي دَلِيلُ رُجُوعِهِ عَنْ إِجَابَةِ الْأَوَّلِ (وَتَكُونُ) الْعَيْنُ الْمُشْتَرَاةُ (لَهُ) أَيِ الْوَكِيلِ (وَلِلثَّانِي) إِذْ لَا مُفَضِّلَ لِأَحَدِهِمَا عَلَى الْآخَرِ (وَمَا بِيَدِهِ) أَيِ الْوَكِيلِ، وَكَذَا كُلُّ أَمِينٍ (بَعْدَ عَزْلِهِ أَمَانَةٌ) فَلَا يَضْمَنُ حَيْثُ لَمْ يَتَصَرَّفْ وَلَمْ يَتَعَدَّ أَوْ لَمْ يُفَرِّطْ وَكَذَا هِبَةٌ بِيَدِ وَلَدٍ بَعْدَ رُجُوعِ أَبِيهِ فِيهَا (5/488)
",مِنْ وَكَالَةِ الْأَوَّلِ؛ لِأَنَّ إِجَابَتَهُ لِلثَّانِي دَلِيلُ رُجُوعِهِ عَنْ إِجَابَةِ الْأَوَّلِ (وَتَكُونُ) الْعَيْنُ الْمُشْتَرَاةُ (لَهُ) أَيِ الْوَكِيلِ (وَلِلثَّانِي) إِذْ لَا مُفَضَّلَ لِأَحَدِهِمَا عَلَى الْآخَرِ (وَمَا بِيَدِهِ) أَيِ الْوَكِيلِ، وَكَذَا كُلُّ أَمِينٍ (بَعْدَ عَزْلِهِ أَمَانَةٌ) فَلَا يَضْمَنُ حَيْثُ لَمْ يَتَصَرَّفْ وَلَمْ يَتَعَدَّ أَوْ لَمْ يُفَرِّطْ وَكَذَا هِبَةٌ بِيَدِ وَلَدٍ بَعْدَ رُجُوعِ أَبِيهِ فِيهَا (5/488)
أي الشيء الذي (لم ينقسم بغير ضرر) وفي نسخة وما لم ينقسم إلا بضرر ومعناهما واحد بأن يكون في قسمته إتلاف عينه أو منفعته كالعبد الواحد والخفين فإنه لا يجوز قسمه؛ ,أَيِ الشَّيْءُ الَّذِي (لَمْ يَنْقَسِمْ بِغَيْرِ ضَرَرٍ) وَفِي نُسْخَةٍ وَمَا لَمْ يَنْقَسِمْ إِلَّا بِضَرَرٍ وَمَعْنَاهُمَا وَاحِدٌ بِأَنْ يَكُونَ فِي قِسْمَتِهِ إِتْلَافُ عَيْنِهِ أَوْ مَنْفَعَتُهُ كَالْعَبْدِ الْوَاحِدِ وَالْخُفَّيْنِ فَإِنَّهُ لَا يَجُوزُ قَسْمُهُ؛ ,أَيِ الشَّيْءُ الَّذِي (لَمْ يَنْقَسِمْ بِغَيْرِ ضَرَرٍ) وَفِي نُسْخَةٍ وَمَا لَمْ يَنْقَسِمْ إِلَّا بِضَرَرٍ وَمَعْنَاهُمَا وَاحِدٌ بِأَنْ يَكُونَ فِي قِسْمَتِهِ إِتْلَافُ عَيْنِهِ أَوْ مَنْفَعَتِهِ كَالْعَبْدِ الْوَاحِدِ وَالْخُفَّيْنِ فَإِنَّهُ لَا يَجُوزُ قَسْمُهُ؛
"أي مقيم في بلد الماء غير صاحبه (ثم) يبدأ بسقي (دابة ربها) أي البئر التي هو راكبها ثم دابة المسافر ثم دابة الحاضر ثم ماشية ربها ثم ماشية الحاضر وكل من قدم (ف) يقدم (بجميع الري) بفتح الراء وكسرها مصدر روي بكسر الواو له.
","أَيْ مُقِيمٍ فِي بَلَدِ الْمَاءِ غَيْرِ صَاحِبِهِ (ثُمَّ) يُبْدَأُ بِسَقْيِ (دَابَّةِ رَبِّهَا) أَيِ الْبِئْرِ الَّتِي هُوَ رَاكِبُهَا ثُمَّ دَابَّةِ الْمُسَافِرِ ثُمَّ دَابَّةِ الْحَاضِرِ ثُمَّ مَاشِيَةِ رَبِّهَا ثُمَّ مَاشِيَةِ الْحَاضِرِ وَكُلِّ مَنْ قَدِمَ (فَ) يُقَدَّمُ (بِجَمِيعِ الرَّيِّ) بِفَتْحِ الرَّاءِ وَكَسْرِهَا مَصْدَرُ رَوِيَ بِكَسْرِ الْوَاوِ لَهُ.
",أَيْ مُقِيمٍ فِي بَلَدِ الْمَاءِ غَيْرِ صَاحِبِهِ (ثُمَّ) يَبْدَأُ بِسَقْيِ (دَابَّةِ رَبِّهَا) أَيِ الْبِئْرِ الَّتِي هُوَ رَاكِبُهَا ثُمَّ دَابَّةِ الْمُسَافِرِ ثُمَّ دَابَّةِ الْحَاضِرِ ثُمَّ مَاشِيَةِ رَبِّهَا ثُمَّ مَاشِيَةِ الْحَاضِرِ وَكُلِّ مَنْ قَدِمَ (فَ) يُقَدَّمُ (بِجَمِيعِ الرَّيِّ) بِفَتْحِ الرَّاءِ وَكَسْرِهَا مَصْدَرُ رَوِيَ بِكَسْرِ الْوَاوِ لَهُ.
يكتب اشترى جميع القناة التي هي في قرية كذا ومفتحها في موضع كذا ومصبها في موضع كذا وحريمها من الجانبين كذا ذراعا بحدودها وحقوقها وأرضها وبنائها وسفلها وعلوها وكذا النهر إلا أن النهر لا يكون له علو ولكن يكتب في النهر عرضه وطوله وعمقه بالذرعان ويذكر حريمه من الجانبين بالذرعان أيضا (إذا كان المعقود عليه شربا بغير أرض) ,يَكْتُبُ اشْتَرَى جَمِيعَ الْقَنَاةِ الَّتِي هِيَ فِي قَرْيَةِ كَذَا وَمَفْتَحُهَا فِي مَوْضِعِ كَذَا وَمَصَبُّهَا فِي مَوْضِعِ كَذَا وَحَرِيمُهَا مِنَ الْجَانِبَيْنِ كَذَا ذِرَاعًا بِحُدُودِهَا وَحُقُوقِهَا وَأَرْضِهَا وَبِنَائِهَا وَسُفْلِهَا وَعُلُوِّهَا وَكَذَا النَّهْرُ إِلَّا أَنَّ النَّهْرَ لَا يَكُونُ لَهُ عُلُوٌّ وَلَكِنْ يَكْتُبُ فِي النَّهْرِ عَرْضَهُ وَطُولَهُ وَعُمْقَهُ بِالذُّرْعَانِ وَيَذْكُرُ حَرِيمَهُ مِنَ الْجَانِبَيْنِ بِالذُّرْعَانِ أَيْضًا (إِذَا كَانَ الْمَعْقُودُ عَلَيْهِ شِرْبًا بِغَيْرِ أَرْضٍ) ,يَكْتُبُ اشْتَرَى جَمِيعَ الْقَنَاةِ الَّتِي هِيَ فِي قَرْيَةِ كَذَا وَمِفْتَحُهَا فِي مَوْضِعِ كَذَا وَمَصَبُّهَا فِي مَوْضِعِ كَذَا وَحَرِيمُهَا مِنَ الْجَانِبَيْنِ كَذَا ذِرَاعًا بِحُدُودِهَا وَحُقُوقِهَا وَأَرْضِهَا وَبِنَائِهَا وَسُفْلِهَا وَعُلُوِّهَا وَكَذَا النَّهْرُ إِلَّا أَنَّ النَّهْرَ لَا يَكُونُ لَهُ عُلُوٌّ وَلَكِنْ يَكْتُبُ فِي النَّهْرِ عَرْضَهُ وَطُولَهُ وَعُمْقَهُ بِالذُّرْعَانِ وَيَذْكُرُ حَرِيمَهُ مِنَ الْجَانِبَيْنِ بِالذُّرْعَانِ أَيْضًا (إِذَا كَانَ الْمَعْقُودُ عَلَيْهِ شِرْبًا بِغَيْرِ أَرْضٍ)
"إن الرافعي عبر بالظن، ومراده المبني على أمارة، وليست صورة (5/382)
المسألة إنما صورتها الظن من غير أمارة، لكن هذا يحرم من غير خلاف، ثم جعلهم الخلاف شبهة يشكل عليه وجوبها على الصبي إذا جامع بعد بلوغه نهارا، وعلى المسافر إذا جامع بعد عروض سفره نهارا.
قوله: (وإلا فتجب الكفارة إلخ) ","إِنَّ الرَّافِعِيَّ عَبَّرَ بِالظَّنِّ، وَمُرَادُهُ الْمَبْنِيُّ عَلَى أَمَارَةٍ، وَلَيْسَتْ صُورَةَ (5/382)
الْمَسْأَلَةِ إِنَّمَا صُورَتُهَا الظَّنُّ مِنْ غَيْرِ أَمَارَةٍ، لَكِنَّ هَذَا يَحْرُمُ مِنْ غَيْرِ خِلَافٍ، ثُمَّ جَعْلُهُمُ الْخِلَافَ شُبْهَةً يُشْكِلُ عَلَيْهِ وُجُوبُهَا عَلَى الصَّبِيِّ إِذَا جَامَعَ بَعْدَ بُلُوغِهِ نَهَارًا، وَعَلَى الْمُسَافِرِ إِذَا جَامَعَ بَعْدَ عُرُوضِ سَفَرِهِ نَهَارًا.
قَوْلُهُ: (وَإِلَّا فَتَجِبُ الْكَفَّارَةُ إِلَخْ) ","إِنَّ الرَّافِعِيَّ عَبَّرَ بِالظَّنِّ، وَمُرَادُهُ الْمَبْنِيُّ عَلَى أَمَارَةٍ، وَلَيْسَتْ صُورَةُ (5/382)
الْمَسْأَلَةِ إِنَّمَا صُورَتُهَا الظَّنُّ مِنْ غَيْرِ أَمَارَةٍ، لَكِنَّ هَذَا يَحْرُمُ مِنْ غَيْرِ خِلَافٍ، ثُمَّ جَعْلُهُمُ الْخِلَافَ شُبْهَةً يُشْكِلُ عَلَيْهِ وُجُوبُهَا عَلَى الصَّبِيِّ إِذَا جَامَعَ بَعْدَ بُلُوغِهِ نَهَارًا، وَعَلَى الْمُسَافِرِ إِذَا جَامَعَ بَعْدَ عُرُوضِ سَفَرِهِ نَهَارًا.
قَوْلُهُ: (وَإِلَّا فَتَجِبُ الْكَفَّارَةُ إِلَخْ)"
"قال (فإن جاء صاحبها وإلا تصدق بها) إيصالا للحق إلى المستحق وهو واجب بقدر الإمكان، وذلك بإيصال عينها عند الظفر بصاحبها وإيصال العوض (13/376)
وهو الثواب على اعتبار إجازة التصدق بها، وإن شاء أمسكها رجاء الظفر بصاحبها قال (فإن) (جاء صاحبها) يعني بعدما تصدق بها (فهو بالخيار إن شاء أمضى الصدقة) ","قَالَ (فَإِنْ جَاءَ صَاحِبُهَا وَإِلَّا تَصَدَّقَ بِهَا) إِيصَالًا لِلْحَقِّ إِلَى الْمُسْتَحِقِّ وَهُوَ وَاجِبٌ بِقَدْرِ الْإِمْكَانِ، وَذَلِكَ بِإِيصَالِ عَيْنِهَا عِنْدَ الظَّفَرِ بِصَاحِبِهَا وَإِيصَالِ الْعِوَضِ (13/376)
وَهُوَ الثَّوَابُ عَلَى اعْتِبَارِ إِجَازَةِ التَّصَدُّقِ بِهَا، وَإِنْ شَاءَ أَمْسَكَهَا رَجَاءَ الظُّفْرِ بِصَاحِبِهَا قَالَ (فَإِنْ) (جَاءَ صَاحِبُهَا) يَعْنِي بَعْدَمَا تَصَدَّقَ بِهَا (فَهُوَ بِالْخِيَارِ إِنْ شَاءَ أَمْضَى الصَّدَقَةَ) ","قَالَ (فَإِنْ جَاءَ صَاحِبُهَا وَإِلَّا تَصَدَّقَ بِهَا) إِيصَالًا لِلْحَقِّ إِلَى الْمُسْتَحِقِّ وَهُوَ وَاجِبٌ بِقَدْرِ الْإِمْكَانِ، وَذَلِكَ بِإِيصَالِ عَيْنِهَا عِنْدَ الظَّفَرِ بِصَاحِبِهَا وَإِيصَالِ الْعِوَضِ (13/376)
وَهُوَ الثَّوَابُ عَلَى اعْتِبَارِ إِجَازَةِ التَّصَدُّقِ بِهَا، وَإِنْ شَاءَ أَمْسَكَهَا رَجَاءَ الظَّفَرِ بِصَاحِبِهَا قَالَ (فَإِنْ) (جَاءَ صَاحِبُهَا) يَعْنِي بَعْدَمَا تَصَدَّقَ بِهَا (فَهُوَ بِالْخِيَارِ إِنْ شَاءَ أَمْضَى الصَّدَقَةَ)"
من أدرك ركعة من الصلاة فقد أدرك الصلاة} متفق عليه وإلا ففي المحيط الصلاة الواحدة يجوز أن يكون بعضها أداء وبعضها قضاء كمصلي العصر غربت الشمس عليه في خلال صلاته يتم الباقي قضاء لا أداء وسبقه إلى هذا الناطفي أيضا، ,مَنْ أَدْرَكَ رَكْعَةً مِنَ الصَّلَاةِ فَقَدْ أَدْرَكَ الصَّلَاةَ} مُتَّفَقٌ عَلَيْهِ وَإِلَّا فَفِي الْمُحِيطِ الصَّلَاةُ الْوَاحِدَةُ يَجُوزُ أَنْ يَكُونَ بَعْضُهَا أَدَاءً وَبَعْضُهَا قَضَاءً كَمُصَلِّي الْعَصْرِ غَرَبَتِ الشَّمْسُ عَلَيْهِ فِي خِلَالِ صَلَاتِهِ يُتِمُّ الْبَاقِيَ قَضَاءً لَا أَدَاءً وَسَبَقَهُ إِلَى هَذَا النَّاطِفِيُّ أَيْضًا، ,مَنْ أَدْرَكَ رَكْعَةً مِنَ الصَّلَاةِ فَقَدْ أَدْرَكَ الصَّلَاةَ} مُتَّفَقٌ عَلَيْهِ وَإِلَّا فَفِي الْمُحِيطِ الصَّلَاةُ الْوَاحِدَةُ يَجُوزُ أَنْ يَكُونَ بَعْضُهَا أَدَاءً وَبَعْضُهَا قَضَاءً كَمُصَلِّي الْعَصْرِ غَرَبَتِ الشَّمْسُ عَلَيْهِ فِي خِلَالِ صَلَاتِهِ يُتِمُّ الْبَاقِيَ قَضَاءً لَا أَدَاءً وَسَبَقَهُ إِلَى هَذَا النَّاطِفِيُّ أَيْضًا،
"حدثنا عفان حدثنا مهدي بن ميمون حدثنا غيلان بن جرير عن عبد الله بن معبد الزماني عن أبي قتادة عن النبي صلى الله عليه وسلم قال قال له رجل أرأيت صيام عرفة قال أحتسب عند الله أن يكفر السنة الماضية والباقية قال يا رسول الله أرأيت صوم عاشوراء قال أحتسب عند الله أن يكفر السنة (37/307)
22622 - ","حَدَّثَنَا عَفَّانُ حَدَّثَنَا مَهْدِيُّ بْنُ مَيْمُونٍ حَدَّثَنَا غَيْلَانُ بْنُ جَرِيرٍ عَنْ عَبْدِ اللَّهِ بْنِ مَعْبَدٍ الزِّمَّانِيِّ عَنْ أَبِي قَتَادَةَ عَنِ النَّبِيِّ صَلَّى اللَّهُ عَلَيْهِ وَسَلَّمَ قَالَ قَالَ لَهُ رَجُلٌ أَرَأَيْتَ صِيَامَ عَرَفَةَ قَالَ أَحْتَسِبُ عِنْدَ اللَّهِ أَنْ يُكَفِّرَ السَّنَةَ الْمَاضِيَةَ وَالْبَاقِيَةَ قَالَ يَا رَسُولَ اللَّهِ أَرَأَيْتَ صَوْمَ عَاشُورَاءَ قَالَ أَحْتَسِبُ عِنْدَ اللَّهِ أَنْ يُكَفِّرَ السَّنَةَ (37/307)
22622 - ","حَدَّثَنَا عَفَّانُ حَدَّثَنَا مَهْدِيُّ بْنُ مَيْمُونٍ حَدَّثَنَا غَيْلَانُ بْنُ جَرِيرٍ عَنْ عَبْدِ اللَّهِ بْنِ مَعْبَدٍ الزِّمَّانِيِّ عَنْ أَبِي قَتَادَةَ عَنِ النَّبِيِّ صَلَّى اللَّهُ عَلَيْهِ وَسَلَّمَ قَالَ قَالَ لَهُ رَجُلٌ أَرَأَيْتَ صِيَامَ عَرَفَةَ قَالَ أَحْتَسِبُ عِنْدَ اللَّهِ أَنْ يُكَفِّرَ السَّنَةَ الْمَاضِيَةَ وَالْبَاقِيَةَ قَالَ يَا رَسُولَ اللَّهِ أَرَأَيْتَ صَوْمَ عَاشُورَاءَ قَالَ أَحْتَسِبُ عِنْدَ اللَّهِ أَنْ يُكَفِّرَ السَّنَةَ (37/307)
22622 -"
"درجة) هذه الدرجات بمعنى الصلوات كما ورد مبينا في بعض الروايات ففي مسلم {تعدل خمسا وعشرين من صلاة الفذ} ، وفي أخرى {وصلاة مع الإمام أفضل من خمس وعشرين صلاة يصليها وحده} ولأحمد نحوه وزاد كلها مثل صلاته.
ا.
ه من الحواشي المدنية.
(قوله: لأن القليل إلخ) ","دَرَجَةً) هَذِهِ الدَّرَجَاتُ بِمَعْنَى الصَّلَوَاتِ كَمَا وَرَدَ مُبَيَّنًا فِي بَعْضِ الرِّوَايَاتِ فَفِي مُسْلِمٍ {تَعْدِلُ خَمْسًا وَعِشْرِينَ مِنْ صَلَاةِ الْفَذِّ} ، وَفِي أُخْرَى {وَصَلَاةٌ مَعَ الْإِمَامِ أَفْضَلُ مِنْ خَمْسٍ وَعِشْرِينَ صَلَاةً يُصَلِّيهَا وَحْدَهُ} وَلِأَحْمَدَ نَحْوُهُ وَزَادَ كُلُّهَا مِثْلُ صَلَاتِهِ.
ا.
ه مِنَ الْحَوَاشِي الْمَدَنِيَّةِ.
(قَوْلُهُ: لِأَنَّ الْقَلِيلَ إِلَخْ) ","دَرَجَةً) هَذِهِ الدَّرَجَاتُ بِمَعْنَى الصَّلَوَاتِ كَمَا وَرَدَ مُبَيَّنًا فِي بَعْضِ الرِّوَايَاتِ فَفِي مُسْلِمٍ {تَعْدِلُ خَمْسًا وَعِشْرِينَ مِنْ صَلَاةِ الْفَذِّ} ، وَفِي أُخْرَى {وَصَلَاةٌ مَعَ الْإِمَامِ أَفْضَلُ مِنْ خَمْسٍ وَعِشْرِينَ صَلَاةً يُصَلِّيهَا وَحْدَهُ} وَلِأَحْمَدَ نَحْوُهُ وَزَادَ كُلُّهَا مِثْلُ صَلَاتِهِ.
ا.
ه مِنَ الْحَوَاشِي الْمَدَنِيَّةِ.
(قَوْلُهُ: لِأَنَّ الْقَلِيلَ إِلَخْ)"
"أما إذا قاتلوا بشبهة كأن أعانوا طائفة من أهل البغي، وادعوا الجهل، أو صال عليهم طائفة من متلصصي المسلمين، أو قطاعهم فقاتلوهم فلا يكون ذلك نقضا مغني، ونهاية (قوله: لما مر في البغاة) عبارة الأسنى بخلاف ما إذا قاتلوا بشبهة كما مر في البغاة ا ه.
(قوله: كأن صال إلخ) ","أَمَّا إِذَا قَاتَلُوا بِشُبْهَةٍ كَأَنْ أَعَانُوا طَائِفَةً مِنْ أَهْلِ الْبَغْيِ، وَادَّعَوُا الْجَهْلَ، أَوْ صَالَ عَلَيْهِمْ طَائِفَةٌ مِنْ مُتَلَصِّصِي الْمُسْلِمِينَ، أَوْ قُطَّاعِهِمْ فَقَاتَلُوهُمْ فَلَا يَكُونُ ذَلِكَ نَقْضًا مُغْنِي، وَنِهَايَةٌ (قَوْلُهُ: لِمَا مَرَّ فِي الْبُغَاةِ) عِبَارَةُ الْأَسْنَى بِخِلَافِ مَا إِذَا قَاتَلُوا بِشُبْهَةٍ كَمَا مَرَّ فِي الْبُغَاةِ ا ه.
(قَوْلُهُ: كَأَنْ صَالَ إِلَخْ) ","أَمَّا إِذَا قَاتَلُوا بِشُبْهَةٍ كَأَنْ أَعَانُوا طَائِفَةً مِنْ أَهْلِ الْبَغْيِ، وَادَّعَوُا الْجَهْلَ، أَوْ صَالَ عَلَيْهِمْ طَائِفَةٌ مِنْ مُتَلَصِّصِي الْمُسْلِمِينَ، أَوْ قُطَّاعِهِمْ فَقَاتَلُوهُمْ فَلَا يَكُونُ ذَلِكَ نَقْضًا مُغْنِي، وَنِهَايَةٌ (قَوْلُهُ: لِمَا مَرَّ فِي الْبُغَاةِ) عِبَارَةُ الْأَسْنَى بِخِلَافِ مَا إِذَا قَاتَلُوا بِشُبْهَةٍ كَمَا مَرَّ فِي الْبُغَاةِ ا ه.
(قَوْلُهُ: كَأَنْ صَالَ إِلَخْ)"
"ليس ذلك المعنى نسبة بين مفردين، وذلك لا يتأتى هنا، فلا ينبغي أن يطلب.
وإذا عرف هذا، فاعلم أن قوله تعالى: {فاقتلوا المشركين} في (3/273)
قوة جمل من القضايا، وذلك لأن مدلوله: اقتل هذا المشرك، وهذا، وهذا إلى آخر الأفراد، وهذه الصيغ إذا اعتبرت بجملتها فهي لا تدل على زيد المشرك، ","لَيْسَ ذَلِكَ الْمَعْنَى نِسْبَةً بَيْنَ مُفْرَدَيْنِ، وَذَلِكَ لَا يَتَأَتَّى هُنَا، فَلَا يَنْبَغِي أَنْ يُطْلَبَ.
وَإِذَا عُرِفَ هَذَا، فَاعْلَمْ أَنَّ قَوْله تَعَالَى: {فَاقْتُلُوا الْمُشْرِكِينَ} فِي (3/273)
قُوَّةِ جُمَلٍ مِنَ الْقَضَايَا، وَذَلِكَ لِأَنَّ مَدْلُولَهُ: اقْتُلْ هَذَا الْمُشْرِكَ، وَهَذَا، وَهَذَا إِلَى آخِرِ الْأَفْرَادِ، وَهَذِهِ الصِّيَغُ إِذَا اعْتُبِرَتْ بِجُمْلَتِهَا فَهِيَ لَا تَدُلُّ عَلَى زَيْدٍ الْمُشْرِكِ، ","لَيْسَ ذَلِكَ الْمَعْنَى نِسْبَةً بَيْنَ مُفْرَدَيْنِ، وَذَلِكَ لَا يَتَأَتَّى هُنَا، فَلَا يَنْبَغِي أَنْ يُطْلَبَ.
وَإِذَا عُرِفَ هَذَا، فَاعْلَمْ أَنَّ قَوْله تَعَالَى: {فَاقْتُلُوا الْمُشْرِكِينَ} فِي (3/273)
قُوَّةِ جُمَلٍ مِنَ الْقَضَايَا، وَذَلِكَ لِأَنَّ مَدْلُولَهُ: اقْتُلْ هَذَا الْمُشْرِكَ، وَهَذَا، وَهَذَا إِلَى آخِرِ الْأَفْرَادِ، وَهَذِهِ الصِّيَغُ إِذَا اعْتُبِرَتْ بِجُمْلَتِهَا فَهِيَ لَا تَدُلُّ عَلَى زَيْدٍ الْمُشْرِكِ،"
"وعلى قولهما يعتق ثلثه إلا ثلث سبع ومن الداخل سهم واحد وهو سدسه، وعلى قولهما يعتق سبعاه، ولا يخفى أن الحاصل للورثة لا يختلف. (10/188)
(ولو كان هذا في الطلاق وهن غير مدخولات ومات الزوج قبل البيان سقط من مهر الخارجة ربعه ومن مهر الثابتة ثلاثة أثمانه ومن مهر الداخلة ثمنه) ","وَعَلَى قَوْلِهِمَا يَعْتِقُ ثُلُثُهُ إِلَّا ثُلُثَ سُبْعٍ وَمِنَ الدَّاخِلِ سَهْمٌ وَاحِدٌ وَهُوَ سُدُسُهُ، وَعَلَى قَوْلِهِمَا يَعْتِقُ سُبْعَاهُ، وَلَا يَخْفَى أَنَّ الْحَاصِلَ لِلْوَرَثَةِ لَا يَخْتَلِفُ. (10/188)
(وَلَوْ كَانَ هَذَا فِي الطَّلَاقِ وَهُنَّ غَيْرُ مَدْخُولَاتٍ وَمَاتَ الزَّوْجُ قَبْلَ الْبَيَانِ سَقَطَ مِنْ مَهْرِ الْخَارِجَةِ رُبُعُهُ وَمِنْ مَهْرِ الثَّابِتَةِ ثَلَاثَةُ أَثْمَانِهِ وَمِنْ مَهْرِ الدَّاخِلَةِ ثُمُنُهُ) ","وَعَلَى قَوْلِهِمَا يَعْتِقُ ثُلُثُهُ إِلَّا ثُلُثَ سُبْعٍ وَمِنَ الدَّاخِلِ سَهْمٌ وَاحِدٌ وَهُوَ سُدُسُهُ، وَعَلَى قَوْلِهِمَا يَعْتِقُ سُبْعَاهُ، وَلَا يَخْفَى أَنَّ الْحَاصِلَ لِلْوَرَثَةِ لَا يَخْتَلِفُ. (10/188)
(وَلَوْ كَانَ هَذَا فِي الطَّلَاقِ وَهُنَّ غَيْرُ مَدْخُولَاتٍ وَمَاتَ الزَّوْجُ قَبْلَ الْبَيَانِ سَقَطَ مِنْ مَهْرِ الْخَارِجَةِ رُبْعُهُ وَمِنْ مَهْرِ الثَّابِتَةِ ثَلَاثَةُ أَثْمَانِهِ وَمِنْ مَهْرِ الدَّاخِلَةِ ثُمُنُهُ)"
ولكنا نقول قولهم لا وارث له غيره نفي لا طريق لهم إلى معرفة ذلك فلو كلفهم القاضي أن يشهدوا بذلك لكلفهم على ذلك شططا وحملهم على الكذب وإليه أشار في الكتاب (فقال) من قبل أن هذا عيب يحملهم القاضي عليه، أو قال عنت يحملهم القاضي عليه وهو يعلم أنهم يشهدون بما لا يعلمون، ,وَلَكِنَّا نَقُولُ قَوْلُهُمْ لَا وَارِثَ لَهُ غَيْرَهُ نَفْيٌ لَا طَرِيقَ لَهُمْ إِلَى مَعْرِفَةِ ذَلِكَ فَلَوْ كَلَّفَهُمُ الْقَاضِي أَنْ يَشْهَدُوا بِذَلِكَ لَكَلَّفَهُمْ عَلَى ذَلِكَ شَطَطًا وَحَمَلَهُمْ عَلَى الْكَذِبِ وَإِلَيْهِ أَشَارَ فِي الْكِتَابِ (فَقَالَ) مِنْ قِبَلِ أَنَّ هَذَا عَيْبٌ يَحْمِلُهُمُ الْقَاضِي عَلَيْهِ، أَوْ قَالَ عَنَتٌ يَحْمِلُهُمُ الْقَاضِي عَلَيْهِ وَهُوَ يَعْلَمُ أَنَّهُمْ يَشْهَدُونَ بِمَا لَا يَعْلَمُونَ، ,وَلَكِنَّا نَقُولُ قَوْلُهُمْ لَا وَارِثَ لَهُ غَيْرُهُ نَفْيٌ لَا طَرِيقَ لَهُمْ إِلَى مَعْرِفَةِ ذَلِكَ فَلَوْ كَلَّفَهُمُ الْقَاضِي أَنْ يَشْهَدُوا بِذَلِكَ لَكَلَّفَهُمْ عَلَى ذَلِكَ شَطَطًا وَحَمَلَهُمْ عَلَى الْكَذِبِ وَإِلَيْهِ أَشَارَ فِي الْكِتَابِ (فَقَالَ) مِنْ قِبَلِ أَنَّ هَذَا عَيْبٌ يَحْمِلُهُمُ الْقَاضِي عَلَيْهِ، أَوْ قَالَ عُنَّتَ يَحْمِلُهُمُ الْقَاضِي عَلَيْهِ وَهُوَ يَعْلَمُ أَنَّهُمْ يَشْهَدُونَ بِمَا لَا يَعْلَمُونَ،
كتاب الجنايات والقصاص والديات عن همام عن أبي هريرة قال قال رسول الله صلى الله عليه وسلم {لا أزال أقاتل الناس حتى يقولوا لا إله إلا الله فإذا قالوا لا إله إلا الله فقد عصموا مني أموالهم وأنفسهم إلا بحقها، وحسابهم على الله} ، ولفظ الشيخين {أمرت أن أقاتل الناس} ، وزاد مسلم بعد قوله لا إله إلا الله {,كِتَابُ الْجِنَايَاتِ وَالْقِصَاصِ وَالدِّيَاتِ عَنْ هَمَّامٍ عَنْ أَبِي هُرَيْرَةَ قَالَ قَالَ رَسُولُ اللَّهِ صَلَّى اللَّهُ عَلَيْهِ وَسَلَّمَ {لَا أَزَالُ أُقَاتِلُ النَّاسَ حَتَّى يَقُولُوا لَا إِلَهَ إِلَّا اللَّهُ فَإِذَا قَالُوا لَا إِلَهَ إِلَّا اللَّهُ فَقَدْ عَصَمُوا مِنِّي أَمْوَالَهُمْ وَأَنْفُسَهُمْ إِلَّا بِحَقِّهَا، وَحِسَابُهُمْ عَلَى اللَّهِ} ، وَلَفْظُ الشَّيْخَيْنِ {أُمِرْت أَنْ أُقَاتِلَ النَّاسَ} ، وَزَادَ مُسْلِمٌ بَعْدَ قَوْلِهِ لَا إِلَهَ إِلَّا اللَّهُ {,كِتَابُ الْجِنَايَاتِ وَالْقِصَاصِ وَالدِّيَاتِ عَنْ هَمَّامٍ عَنْ أَبِي هُرَيْرَةَ قَالَ قَالَ رَسُولُ اللَّهِ صَلَّى اللَّهُ عَلَيْهِ وَسَلَّمَ {لَا أَزَالُ أُقَاتِلُ النَّاسَ حَتَّى يَقُولُوا لَا إِلَهَ إِلَّا اللَّهُ فَإِذَا قَالُوا لَا إِلَهَ إِلَّا اللَّهُ فَقَدْ عَصَمُوا مِنِّي أَمْوَالَهُمْ وَأَنْفُسَهُمْ إِلَّا بِحَقِّهَا، وَحِسَابُهُمْ عَلَى اللَّهِ} ، وَلَفْظُ الشَّيْخَيْنِ {أُمِرْتُ أَنْ أُقَاتِلَ النَّاسَ} ، وَزَادَ مُسْلِمٌ بَعْدَ قَوْلِهِ لَا إِلَهَ إِلَّا اللَّهُ {
أي للكلام اللفظي (إلا بعد البعثة ولا نفسي عندهم) فكيف تصورت هذه المذاهب على أصولهم (فالجواب منع توقفه) أي الكلام اللفظي (عليها) أي البعثة (لجواز تقدمه) أي الكلام اللفظي (عليها) أي البعثة (كخطاباته للملائكة وآدم ونقل عن الأشعري الوقف أيضا على الخلاف في تفسيره) أي الوقف كما تقدم (والصواب) أن المراد به التفسير (الثاني) ,أَيْ لِلْكَلَامِ اللَّفْظِيِّ (إِلَّا بَعْدَ الْبَعْثَةِ وَلَا نَفْسِيَّ عِنْدَهُمْ) فَكَيْفَ تَصَوَّرْت هَذِهِ الْمَذَاهِبَ عَلَى أُصُولِهِمْ (فَالْجَوَابُ مَنْعُ تَوَقُّفِهِ) أَيِ الْكَلَامِ اللَّفْظِيِّ (عَلَيْهَا) أَيِ الْبَعْثَةِ (لِجَوَازِ تَقَدُّمِهِ) أَيِ الْكَلَامِ اللَّفْظِيِّ (عَلَيْهَا) أَيِ الْبَعْثَةِ (كَخِطَابَاتِهِ لِلْمَلَائِكَةِ وَآدَمَ وَنُقِلَ عَنِ الْأَشْعَرِيِّ الْوَقْفُ أَيْضًا عَلَى الْخِلَافِ فِي تَفْسِيرِهِ) أَيِ الْوَقْفِ كَمَا تَقَدَّمَ (وَالصَّوَابُ) أَنَّ الْمُرَادَ بِهِ التَّفْسِيرُ (الثَّانِي) ,أَيْ لِلْكَلَامِ اللَّفْظِيِّ (إِلَّا بَعْدَ الْبَعْثَةِ وَلَا نَفْسِي عِنْدَهُمْ) فَكَيْفَ تَصَوَّرْت هَذِهِ الْمَذَاهِبَ عَلَى أُصُولِهِمْ (فَالْجَوَابُ مَنْعُ تَوَقُّفِهِ) أَيِ الْكَلَامِ اللَّفْظِيِّ (عَلَيْهَا) أَيِ الْبَعْثَةِ (لِجَوَازِ تَقَدُّمِهِ) أَيِ الْكَلَامِ اللَّفْظِيِّ (عَلَيْهَا) أَيِ الْبَعْثَةِ (كَخِطَابَاتِهِ لِلْمَلَائِكَةِ وَآدَمَ وَنُقِلَ عَنِ الْأَشْعَرِيِّ الْوَقْفُ أَيْضًا عَلَى الْخِلَافِ فِي تَفْسِيرِهِ) أَيِ الْوَقْفِ كَمَا تَقَدَّمَ (وَالصَّوَابُ) أَنَّ الْمُرَادَ بِهِ التَّفْسِيرُ (الثَّانِي)
"وإنما المكروه أن يبدأ بنية غير مخلصة وحكاه أيضا في موضع آخر عن الطبري، (1/413)
وأنه حكاه عن قول عامة السلف رضي الله عنهم.
والحق في اجتماع الباعثين أو البواعث على الفعل الواحد أنه لا يخلو إما أن يكون كل واحد منهما أو منها لو انفرد لكان كافيا في الإتيان بالفعل أو يكون الكافي لذلك أحدهما أو لعلة أحدهما، ","وَإِنَّمَا الْمَكْرُوهُ أَنْ يَبْدَأَ بِنِيَّةٍ غَيْرِ مُخْلِصَةٍ وَحَكَاهُ أَيْضًا فِي مَوْضِعٍ آخَرَ عَنِ الطَّبَرِيِّ، (1/413)
وَأَنَّهُ حَكَاهُ عَنْ قَوْلِ عَامَّةِ السَّلَفِ رَضِيَ اللَّهُ عَنْهُمْ.
وَالْحَقُّ فِي اجْتِمَاعِ الْبَاعِثَيْنِ أَوِ الْبَوَاعِثِ عَلَى الْفِعْلِ الْوَاحِدِ أَنَّهُ لَا يَخْلُو إِمَّا أَنْ يَكُونَ كُلُّ وَاحِدٍ مِنْهُمَا أَوْ مِنْهَا لَوِ انْفَرَدَ لَكَانَ كَافِيًا فِي الْإِتْيَانِ بِالْفِعْلِ أَوْ يَكُونَ الْكَافِي لِذَلِكَ أَحَدَهُمَا أَوْ لِعِلَّةِ أَحَدِهِمَا، ","وَإِنَّمَا الْمَكْرُوهُ أَنْ يَبْدَأَ بِنِيَّةٍ غَيْرِ مُخْلِصَةٍ وَحَكَاهُ أَيْضًا فِي مَوْضِعٍ آخَرَ عَنِ الطَّبَرِيِّ، (1/413)
وَأَنَّهُ حَكَاهُ عَنْ قَوْلِ عَامَّةِ السَّلَفِ رَضِيَ اللَّهُ عَنْهُمْ.
وَالْحَقُّ فِي اجْتِمَاعِ الْبَاعِثِينَ أَوِ الْبَوَاعِثِ عَلَى الْفِعْلِ الْوَاحِدِ أَنَّهُ لَا يَخْلُو إِمَّا أَنْ يَكُونَ كُلُّ وَاحِدٍ مِنْهُمَا أَوْ مِنْهَا لَوِ انْفَرَدَ لَكَانَ كَافِيًا فِي الْإِتْيَانِ بِالْفِعْلِ أَوْ يَكُونُ الْكَافِي لِذَلِكَ أَحَدَهُمَا أَوْ لِعِلَّةِ أَحَدِهِمَا،"
"حدثنا عبد الله حدثني أبي حدثنا وكيع حدثنا شعبة عن أبي عون الثقفي عن الحارث بن عمرو عن رجال من أصحاب معاذ أن النبي صلى الله عليه وسلم لما بعثه إلى اليمن فقال كيف تقضي قال أقضي بكتاب الله قال فإن لم يكن في كتاب الله قال فبسنة رسول الله صلى الله عليه وسلم قال فإن لم يكن في سنة رسول الله صلى الله عليه وسلم قال أجتهد رأيي قال فقال رسول الله صلى الله عليه وسلم الحمد لله الذي وفق رسول رسول الله صلى الله عليه وسلم (36/382)
22062 - ","حَدَّثَنَا عَبْد اللَّهِ حَدَّثَنِي أَبِي حَدَّثَنَا وَكِيعٌ حَدَّثَنَا شُعْبَةُ عَنْ أَبِي عَوْنٍ الثَّقَفِيِّ عَنِ الْحَارِثِ بْنِ عَمْرٍو عَنْ رِجَالٍ مِنْ أَصْحَابِ مُعَاذٍ أَنَّ النَّبِيَّ صَلَّى اللَّهُ عَلَيْهِ وَسَلَّمَ لَمَّا بَعَثَهُ إِلَى الْيَمَنِ فَقَالَ كَيْفَ تَقْضِي قَالَ أَقْضِي بِكِتَابِ اللَّهِ قَالَ فَإِنْ لَمْ يَكُنْ فِي كِتَابِ اللَّهِ قَالَ فَبِسُنَّةِ رَسُولِ اللَّهِ صَلَّى اللَّهُ عَلَيْهِ وَسَلَّمَ قَالَ فَإِنْ لَمْ يَكُنْ فِي سُنَّةِ رَسُولِ اللَّهِ صَلَّى اللَّهُ عَلَيْهِ وَسَلَّمَ قَالَ أَجْتَهِدُ رَأْيِي قَالَ فَقَالَ رَسُولُ اللَّهِ صَلَّى اللَّهُ عَلَيْهِ وَسَلَّمَ الْحَمْدُ لِلَّهِ الَّذِي وَفَّقَ رَسُولَ رَسُولِ اللَّهِ صَلَّى اللَّهُ عَلَيْهِ وَسَلَّمَ (36/382)
22062 - ","حَدَّثَنَا عَبْد اللَّهِ حَدَّثَنِي أَبِي حَدَّثَنَا وَكِيعٌ حَدَّثَنَا شُعْبَةُ عَنْ أَبِي عَوْنٍ الثَّقَفِيِّ عَنِ الْحَارِثِ بْنِ عَمْرٍو عَنْ رِجَالٍ مِنْ أَصْحَابِ مُعَاذٍ أَنَّ النَّبِيَّ صَلَّى اللَّهُ عَلَيْهِ وَسَلَّمَ لَمَّا بَعَثَهُ إِلَى الْيَمَنِ فَقَالَ كَيْفَ تَقْضِي قَالَ أَقْضِي بِكِتَابِ اللَّهِ قَالَ فَإِنْ لَمْ يَكُنْ فِي كِتَابِ اللَّهِ قَالَ فَبِسُنَّةِ رَسُولِ اللَّهِ صَلَّى اللَّهُ عَلَيْهِ وَسَلَّمَ قَالَ فَإِنْ لَمْ يَكُنْ فِي سُنَّةِ رَسُولِ اللَّهِ صَلَّى اللَّهُ عَلَيْهِ وَسَلَّمَ قَالَ أَجْتَهِدُ رَأْيِي قَالَ فَقَالَ رَسُولُ اللَّهِ صَلَّى اللَّهُ عَلَيْهِ وَسَلَّمَ الْحَمْدُ لِلَّهِ الَّذِي وَفَّقَ رَسُولَ رَسُولِ اللَّهِ صَلَّى اللَّهُ عَلَيْهِ وَسَلَّمَ (36/382)
22062 -"
"ولو كانت الكبيرة نائمة فأخذت الصغيرة ثديها لا يرجع على أحد ولكل واحدة منهما نصف المهر، ولو أخذ رجل لبنها فأوجرها به فعلى الزوج نصف مهر كل واحدة منهما ويرجع به على الرجل إن تعمد الفساد، وإن أرضعت امرأة الأب زوجة الابن تحرم عليه؛ لأنها أخته لأب.
وكذا لو كان تحته صغيرتان فأرضعتهما امرأة معا أو متعاقبا حرمتا عليه؛ ","وَلَوْ كَانَتِ الْكَبِيرَةُ نَائِمَةً فَأَخَذَتِ الصَّغِيرَةُ ثَدْيَهَا لَا يُرْجَعُ عَلَى أَحَدٍ وَلِكُلِّ وَاحِدَةٍ مِنْهُمَا نِصْفُ الْمَهْرِ، وَلَوْ أَخَذَ رَجُلٌ لَبَنَهَا فَأَوْجَرَهَا بِهِ فَعَلَى الزَّوْجِ نِصْفُ مَهْرِ كُلِّ وَاحِدَةٍ مِنْهُمَا وَيُرْجَعُ بِهِ عَلَى الرَّجُلِ إِنْ تَعَمَّدَ الْفَسَادَ، وَإِنْ أَرْضَعَتِ امْرَأَةُ الْأَبِ زَوْجَةَ الِابْنِ تَحْرُمُ عَلَيْهِ؛ لِأَنَّهَا أُخْتُهُ لِأَبٍ.
وَكَذَا لَوْ كَانَ تَحْتَهُ صَغِيرَتَانِ فَأَرْضَعَتْهُمَا امْرَأَةٌ مَعًا أَوْ مُتَعَاقِبًا حُرِّمَتَا عَلَيْهِ؛ ","وَلَوْ كَانَتِ الْكَبِيرَةُ نَائِمَةً فَأَخَذَتِ الصَّغِيرَةُ ثَدْيَهَا لَا يَرْجِعُ عَلَى أَحَدٍ وَلِكُلِّ وَاحِدَةٍ مِنْهُمَا نِصْفُ الْمَهْرِ، وَلَوْ أَخَذَ رَجُلٌ لَبَنَهَا فَأَوْجَرَهَا بِهِ فَعَلَى الزَّوْجِ نِصْفُ مَهْرِ كُلِّ وَاحِدَةٍ مِنْهُمَا وَيَرْجِعُ بِهِ عَلَى الرَّجُلِ إِنْ تَعَمَّدَ الْفَسَادَ، وَإِنْ أَرْضَعَتِ امْرَأَةُ الْأَبِ زَوْجَةَ الِابْنِ تَحْرُمُ عَلَيْهِ؛ لِأَنَّهَا أُخْتُهُ لِأَبٍ.
وَكَذَا لَوْ كَانَ تَحْتَهُ صَغِيرَتَانِ فَأَرْضَعَتْهُمَا امْرَأَةٌ مَعًا أَوْ مُتَعَاقِبًا حَرُمَتَا عَلَيْهِ؛"
"قوله: لم تفده البينة..
إلخ) حاصل ما ذكره عدم تصديقه في الرد مطلقا وكذا في التلف قبل الجحد لا بعده وقبول بينة بهما مطلقا.
(قوله: لا ما ذكره هنا..
إلخ) عبارة الإرشاد وإن جحد وكيل قبض ثمن ثبت ضمن لا إن ثبت بتلف قبل جحد أو برد ولو بعد الجحد وصدق في تلف بعده ليضمن.
","قَوْلُهُ: لَمْ تُفِدْهُ الْبَيِّنَةُ..
إِلَخْ) حَاصِلُ مَا ذَكَرَهُ عَدَمُ تَصْدِيقِهِ فِي الرَّدِّ مُطْلَقًا وَكَذَا فِي التَّلَفِ قَبْلَ الْجَحْدِ لَا بَعْدَهُ وَقَبُولُ بَيِّنَةٍ بِهِمَا مُطْلَقًا.
(قَوْلُهُ: لَا مَا ذَكَرَهُ هُنَا..
إِلَخْ) عِبَارَةُ الْإِرْشَادِ وَإِنْ جَحَدَ وَكِيلٌ قَبْضَ ثَمَنٍ ثَبَتَ ضَمِنَ لَا إِنْ ثَبَتَ بِتَلَفٍ قَبْلَ جَحْدٍ أَوْ بِرَدٍّ وَلَوْ بَعْدَ الْجَحْدِ وَصُدِّقَ فِي تَلَفٍ بَعْدَهُ لِيَضْمَنَ.
","قَوْلُهُ: لَمْ تُفِدْهُ الْبَيِّنَةُ..
إِلَخْ) حَاصِلُ مَا ذَكَرَهُ عَدَمُ تَصْدِيقِهِ فِي الرَّدِّ مُطْلَقًا وَكَذَا فِي التَّلَفِ قَبْلَ الْجَحْدِ لَا بَعْدَهُ وَقَبُولُ بَيِّنَةٍ بِهِمَا مُطْلَقًا.
(قَوْلُهُ: لَا مَا ذَكَرَهُ هُنَا..
إِلَخْ) عِبَارَةُ الْإِرْشَادِ وَإِنْ جَحَدَ وَكِيلٌ قَبْضَ ثَمَنٍ ثَبَتَ ضَمِنَ لَا إِنْ ثَبَتَ بِتَلَفٍ قَبْلَ جَحْدٍ أَوْ بِرَدٍّ وَلَوْ بَعْدَ الْجَحْدِ وَصُدِّقَ فِي تَلَفٍ بَعْدَهُ لِيَضْمَنَ."
"وليس للساعي أخذ التبيعة الأنثى كرها وجدا عند المزكي أو وجدت التبيعة عنده فقط لما ورد من الرفق بأرباب المواشي.
[قوله: وقال عبد الوهاب إلخ] ضعيف والمعتمد الأول.
[قوله: إلا أن يعطي أفضل منها] وهي بنت خمس سنين [قوله: وهو قول ابن حبيب أيضا] فيكون لابن حبيب قولان [قوله: واقتصر عليه صاحب المختصر] ","وَلَيْسَ لِلسَّاعِي أَخْذُ التَّبِيعَةِ الْأُنْثَى كَرْهًا وُجِدَا عِنْدَ الْمُزَكِّي أَوْ وُجِدَتِ التَّبِيعَةُ عِنْدَهُ فَقَطْ لِمَا وَرَدَ مِنَ الرِّفْقِ بِأَرْبَابِ الْمَوَاشِي.
[قَوْلُهُ: وَقَالَ عَبْدُ الْوَهَّابِ إِلَخْ] ضَعِيفٌ وَالْمُعْتَمَدُ الْأَوَّلُ.
[قَوْلُهُ: إِلَّا أَنْ يُعْطِيَ أَفْضَلَ مِنْهَا] وَهِيَ بِنْتُ خَمْسِ سِنِينَ [قَوْلُهُ: وَهُوَ قَوْلُ ابْنِ حَبِيبٍ أَيْضًا] فَيَكُونُ لِابْنِ حَبِيبٍ قَوْلَانِ [قَوْلُهُ: وَاقْتَصَرَ عَلَيْهِ صَاحِبُ الْمُخْتَصَرِ] ","وَلَيْسَ لِلسَّاعِي أَخْذُ التَّبِيعَةِ الْأُنْثَى كَرْهًا وُجِدَا عِنْدَ الْمُزَكِّي أَوْ وُجِدَتِ التَّبِيعَةُ عِنْدَهُ فَقَطْ لِمَا وَرَدَ مِنَ الرِّفْقِ بِأَرْبَابِ الْمَوَاشِي.
[قَوْلُهُ: وَقَالَ عَبْدُ الْوَهَّابِ إِلَخْ] ضَعِيفٌ وَالْمُعْتَمَدُ الْأَوَّلُ.
[قَوْلُهُ: إِلَّا أَنْ يُعْطِيَ أَفْضَلَ مِنْهَا] وَهِيَ بِنْتُ خَمْسِ سِنِينَ [قَوْلُهُ: وَهُوَ قَوْلُ ابْنِ حَبِيبٍ أَيْضًا] فَيَكُونُ لِابْنِ حَبِيبٍ قَوْلَانِ [قَوْلُهُ: وَاقْتَصَرَ عَلَيْهِ صَاحِبُ الْمُخْتَصَرِ]"
"أرى أن تجعلها في الأقربين} فقسمها أبو طلحة في أقاربه وبني عمه وأعطى منها حسان وأبيا، ولم يعط أنسا منها شيئا وثلاثتهم من أقاربه وحسان ألصق به؛ لأنه ابن ابن عم أبيه وأبي بن كعب له منه (3/234)
","أَرَى أَنْ تَجْعَلَهَا فِي الْأَقْرَبِينَ} فَقَسَمَهَا أَبُو طَلْحَةَ فِي أَقَارِبِهِ وَبَنِي عَمِّهِ وَأَعْطَى مِنْهَا حَسَّانَ وَأُبَيًّا، وَلَمْ يُعْطِ أَنَسًا مِنْهَا شَيْئًا وَثَلَاثَتُهُمْ مِنْ أَقَارِبِهِ وَحَسَّانُ أَلْصَقُ بِهِ؛ لِأَنَّهُ ابْنُ ابْنِ عَمِّ أَبِيهِ وَأُبَيُّ بْنُ كَعْبٍ لَهُ مِنْهُ (3/234)
",أَرَى أَنْ تَجْعَلَهَا فِي الْأَقْرَبِينَ} فَقَسَمَهَا أَبُو طَلْحَةَ فِي أَقَارِبِهِ وَبَنِي عَمِّهِ وَأَعْطَى مِنْهَا حَسَّانَ وَأُبَيًّا، وَلَمْ يُعْطِ أَنَسًا مِنْهَا شَيْئًا وَثَلَاثَتُهُمْ مِنْ أَقَارِبِهِ وَحَسَّانُ أَلْصَقُ بِهِ؛ لِأَنَّهُ ابْنُ ابْنِ عَمِّ أَبِيهِ وَأُبَيُّ بْنُ كَعْبٍ لَهُ مِنْهُ (3/234)
"قوله: (علمه به) فإن لم يعلمه لم يصح فرضه، وإن وافق الواقع.
قوله: (ولا يتوقف إلخ) لا حاجة إليه لما مر أن قدر مهر المثل لا يعتبر معه رضا. (12/71)
قوله: (فرض القاضي إلخ) قال الزركشي ينبغي إذا زوج القاضي امرأة لا ولي لها سواه أن يجوز له تأجيل المهر بالمصلحة كما يبيع مالها كذلك بها. (12/72)
(","قَوْلُهُ: (عِلْمُهُ بِهِ) فَإِنْ لَمْ يَعْلَمْهُ لَمْ يَصِحَّ فَرْضُهُ، وَإِنْ وَافَقَ الْوَاقِعَ.
قَوْلُهُ: (وَلَا يَتَوَقَّفُ إِلَخْ) لَا حَاجَةَ إِلَيْهِ لِمَا مَرَّ أَنَّ قَدْرَ مَهْرِ الْمِثْلِ لَا يُعْتَبَرُ مَعَهُ رِضًا. (12/71)
قَوْلُهُ: (فَرَضَ الْقَاضِي إِلَخْ) قَالَ الزَّرْكَشِيُّ يَنْبَغِي إِذَا زَوَّجَ الْقَاضِي امْرَأَةً لَا وَلِيَّ لَهَا سِوَاهُ أَنْ يَجُوزَ لَهُ تَأْجِيلُ الْمَهْرِ بِالْمَصْلَحَةِ كَمَا يَبِيعُ مَالَهَا كَذَلِكَ بِهَا. (12/72)
(","قَوْلُهُ: (عِلْمُهُ بِهِ) فَإِنْ لَمْ يَعْلَمْهُ لَمْ يَصِحَّ فَرْضُهُ، وَإِنْ وَافَقَ الْوَاقِعَ.
قَوْلُهُ: (وَلَا يَتَوَقَّفُ إِلَخْ) لَا حَاجَةَ إِلَيْهِ لِمَا مَرَّ أَنَّ قَدْرَ مَهْرِ الْمِثْلِ لَا يُعْتَبَرُ مَعَهُ رِضًا. (12/71)
قَوْلُهُ: (فَرَضَ الْقَاضِي إِلَخْ) قَالَ الزَّرْكَشِيُّ يَنْبَغِي إِذَا زَوَّجَ الْقَاضِي امْرَأَةً لَا وَلِيَّ لَهَا سِوَاهُ أَنْ يَجُوزَ لَهُ تَأْجِيلُ الْمَهْرِ بِالْمَصْلَحَةِ كَمَا يَبِيعُ مَالَهَا كَذَلِكَ بِهَا. (12/72)
("
"أخبرنا أبو طاهر الفقيه أخبرنا أبو بكر: محمد بن الحسين القطان حدثنا أحمد بن يوسف السلمي حدثنا محمد بن يوسف قال ذكر سفيان عن عمرو بن دينار عن شيخ قال: كتب عمر بن الخطاب رضي الله عنه فى مسلم قتل معاهدا فكتب إن كانت طيرة فى غضب فأغرم أربعة آلاف وإن كان لصا عاديا فاقتله. (8/33)
16352- ","أَخْبَرَنَا أَبُو طَاهِرٍ الْفَقِيهُ أَخْبَرَنَا أَبُو بَكْرٍ: مُحَمَّدُ بْنُ الْحُسَيْنِ الْقَطَّانُ حَدَّثَنَا أَحْمَدُ بْنُ يُوسُفَ السُّلَمِيُّ حَدَّثَنَا مُحَمَّدُ بْنُ يُوسُفَ قَالَ ذَكَرَ سُفْيَانُ عَنْ عَمْرِو بْنِ دِينَارٍ عَنْ شَيْخٍ قَالَ: كَتَبَ عُمَرُ بْنُ الْخَطَّابِ رَضِيَ اللَّهُ عَنْهُ فِى مُسْلِمٍ قَتَلَ مُعَاهِدًا فَكَتَبَ إِنْ كَانَتْ طَيْرَةً فِى غَضِبٍ فَأَغْرِمْ أَرْبَعَةَ آلَافٍ وَإِنْ كَانَ لِصًّا عَادِيًا فَاقْتُلْهُ. (8/33)
16352- ","أَخْبَرَنَا أَبُو طَاهِرٍ الْفَقِيهُ أَخْبَرَنَا أَبُو بَكْرٍ: مُحَمَّدُ بْنُ الْحُسَيْنِ الْقَطَّانُ حَدَّثَنَا أَحْمَدُ بْنُ يُوسُفَ السُّلَمِيُّ حَدَّثَنَا مُحَمَّدُ بْنُ يُوسُفَ قَالَ ذَكَرَ سُفْيَانُ عَنْ عَمْرِو بْنِ دِينَارٍ عَنْ شَيْخٍ قَالَ: كَتَبَ عُمَرُ بْنُ الْخَطَّابِ رَضِيَ اللَّهُ عَنْهُ فِى مُسْلِمٍ قَتَلَ مُعَاهِدًا فَكَتَبَ إِنْ كَانَتْ طِيَرَةً فِى غَضَبٍ فَأَغْرِمْ أَرْبَعَةَ آلَافٍ وَإِنْ كَانَ لِصًّا عَادِيًّا فَاقْتُلْهُ. (8/33)
16352-"
"لأنه حكم حاكم بقول قائل من أهل العلم فلا يرد حكمه ولا ينقض.
(مسألة) وإن كان الذي لا نصاب له أدخل على صاحب النصاب مضرة مثل أن يكون لرجل مائة شاة ويكون لآخر أحد وعشرون شاة فأخذ المصدق منها ثمانين فاختلف أصحابنا في ذلك فاختار ابن المواز أن يتراجعا في الثمانين على قدر ماشيتهما، ","لِأَنَّهُ حُكْمُ حَاكِمٍ بِقَوْلِ قَائِلٍ مِنْ أَهْلِ الْعِلْمِ فَلَا يُرَدُّ حُكْمُهُ وَلَا يُنْقَضُ.
(مَسْأَلَةٌ) وَإِنْ كَانَ الَّذِي لَا نِصَابَ لَهُ أَدْخَلَ عَلَى صَاحِبِ النِّصَابِ مَضَرَّةً مِثْلُ أَنْ يَكُونَ لِرَجُلٍ مِائَةُ شَاةٍ وَيَكُونَ لِآخَرَ أَحَدٌ وَعِشْرُونَ شَاةً فَأَخَذَ الْمُصَّدِّقُ مِنْهَا ثَمَانِينَ فَاخْتَلَفَ أَصْحَابُنَا فِي ذَلِكَ فَاخْتَارَ ابْنُ الْمَوَّازِ أَنْ يَتَرَاجَعَا فِي الثَّمَانِينَ عَلَى قَدْرِ مَاشِيَتِهِمَا، ","لِأَنَّهُ حُكْمُ حَاكِمٍ بِقَوْلِ قَائِلٍ مِنْ أَهْلِ الْعِلْمِ فَلَا يُرَدُّ حُكْمُهُ وَلَا يُنْقَضُ.
(مَسْأَلَةٌ) وَإِنْ كَانَ الَّذِي لَا نِصَابَ لَهُ أَدْخَلَ عَلَى صَاحِبِ النِّصَابِ مَضَرَّةً مِثْلَ أَنْ يَكُونَ لِرَجُلٍ مِائَةُ شَاةٍ وَيَكُونَ لِآخَرَ أَحَدٌ وَعِشْرُونَ شَاةً فَأَخَذَ الْمُصَدِّقُ مِنْهَا ثَمَانِينَ فَاخْتَلَفَ أَصْحَابُنَا فِي ذَلِكَ فَاخْتَارَ ابْنُ الْمَوَّازِ أَنْ يَتَرَاجَعَا فِي الثَّمَانِينَ عَلَى قَدْرِ مَاشِيَتِهِمَا،"
وإن قام بها وصف وهو المغصوبية لكنه لا يقتضي عدم صحة الصلاة، وإن اقتضى حرمتها وأما الجواب بأنا لا نسلم أن كل واحد منهما قام به صفة اقتضت منع الصلاة به أو فيه، وذلك لأن منع الصلاة وحرمتها في المغصوب إنما هو لشغل ملك الغير بغير إذنه وهذا غير قائم بالمغصوب ففيه أن المغصوبية تستلزم الشغل المذكور، ,وَإِنْ قَامَ بِهَا وَصْفٌ وَهُوَ الْمَغْصُوبِيَّةُ لَكِنَّهُ لَا يَقْتَضِي عَدَمَ صِحَّةِ الصَّلَاةِ، وَإِنِ اقْتَضَى حُرْمَتَهَا وَأَمَّا الْجَوَابُ بِأَنَّا لَا نُسَلِّمُ أَنَّ كُلَّ وَاحِدٍ مِنْهُمَا قَامَ بِهِ صِفَةٌ اقْتَضَتْ مَنْعَ الصَّلَاةِ بِهِ أَوْ فِيهِ، وَذَلِكَ لِأَنَّ مَنْعَ الصَّلَاةِ وَحُرْمَتَهَا فِي الْمَغْصُوبِ إِنَّمَا هُوَ لِشَغْلِ مِلْكِ الْغَيْرِ بِغَيْرِ إِذْنِهِ وَهَذَا غَيْرُ قَائِمٍ بِالْمَغْصُوبِ فَفِيهِ أَنَّ الْمَغْصُوبِيَّةَ تَسْتَلْزِمُ الشُّغْلَ الْمَذْكُورَ، ,وَإِنْ قَامَ بِهَا وَصْفٌ وَهُوَ الْمَغْصُوبِيَّةُ لَكِنَّهُ لَا يَقْتَضِي عَدَمَ صِحَّةِ الصَّلَاةِ، وَإِنِ اقْتَضَى حُرْمَتَهَا وَأَمَّا الْجَوَابُ بِأَنَّا لَا نُسَلِّمُ أَنَّ كُلَّ وَاحِدٍ مِنْهُمَا قَامَ بِهِ صِفَةٌ اقْتَضَتْ مَنْعَ الصَّلَاةِ بِهِ أَوْ فِيهِ، وَذَلِكَ لِأَنَّ مَنْعَ الصَّلَاةِ وَحُرْمَتَهَا فِي الْمَغْصُوبِ إِنَّمَا هُوَ لِشَغْلِ مِلْكِ الْغَيْرِ بِغَيْرِ إِذْنِهِ وَهَذَا غَيْرُ قَائِمٍ بِالْمَغْصُوبِ فَفِيهِ أَنَّ الْمَغْصُوبِيَّةَ تَسْتَلْزِمُ الشَّغْلَ الْمَذْكُورَ،
"في الكفارة مع القضاء روايتان، والاعتكاف مثله.
هذا معنى كلام أبي الخطاب وغيره، وقاله صاحب المستوعب، والمجد، وغيرهما.
قال: فيتخرج جميع الأعذار في الكفارات في الاعتكاف على روايتين، وعن القاضي: إن وجب الخروج فلا كفارة، وإن لم يجب وجبت.
وقول ابن عبدوس المتقدم، وصاحب التلخيص: إن كان الخروج لحق نفسه كالمرض والفتنة، ","فِي الْكَفَّارَةِ مَعَ الْقَضَاءِ رِوَايَتَانِ، وَالِاعْتِكَافُ مِثْلُهُ.
هَذَا مَعْنَى كَلَامِ أَبِي الْخَطَّابِ وَغَيْرِهِ، وَقَالَهُ صَاحِبُ الْمُسْتَوْعِبِ، وَالْمَجْدُ، وَغَيْرُهُمَا.
قَالَ: فَيَتَخَرَّجُ جَمِيعُ الْأَعْذَارِ فِي الْكَفَّارَاتِ فِي الِاعْتِكَافِ عَلَى رِوَايَتَيْنِ، وَعَنِ الْقَاضِي: إِنْ وَجَبَ الْخُرُوجُ فَلَا كَفَّارَةَ، وَإِنْ لَمْ يَجِبْ وَجَبَتْ.
وَقَوْلُ ابْنِ عَبْدُوسٍ الْمُتَقَدِّمُ، وَصَاحِبِ التَّلْخِيصِ: إِنْ كَانَ الْخُرُوجُ لِحَقِّ نَفْسِهِ كَالْمَرَضِ وَالْفِتْنَةِ، ","فِي الْكَفَّارَةِ مَعَ الْقَضَاءِ رِوَايَتَانِ، وَالِاعْتِكَافُ مِثْلُهُ.
هَذَا مَعْنَى كَلَامِ أَبِي الْخَطَّابِ وَغَيْرِهِ، وَقَالَهُ صَاحِبُ الْمُسْتَوْعِبِ، وَالْمَجْدُ، وَغَيْرُهُمَا.
قَالَ: فَيَتَخَرَّجُ جَمِيعُ الْأَعْذَارِ فِي الْكَفَّارَاتِ فِي الِاعْتِكَافِ عَلَى رِوَايَتَيْنِ، وَعَنِ الْقَاضِي: إِنْ وَجَبَ الْخُرُوجُ فَلَا كَفَّارَةَ، وَإِنْ لَمْ يَجِبْ وَجَبَتْ.
وَقَوْلُ ابْنِ عَبْدُوسٍ الْمُتَقَدِّمُ، وَصَاحِبُ التَّلْخِيصِ: إِنْ كَانَ الْخُرُوجُ لِحَقِّ نَفْسِهِ كَالْمَرَضِ وَالْفِتْنَةِ،"
"وكذلك ما بطن بحرير أو حشي به مثل الصوف أو رقم به يريد والله أعلم أن يكون الحرير فيه كثيرا.
(مسألة) قال عبد الملك بن الماجشون في العتبية أما ما بسط من الحرير فلا بأس به قد فعله الناس، وأما ما يلبس فمنهي عنه واللحاف من اللباس والظاهر من مذهب مالك المنع مما يبسط، ","وَكَذَلِكَ مَا بُطِّنَ بِحَرِيرٍ أَوْ حُشِيَ بِهِ مِثْلَ الصُّوفِ أَوْ رُقِّمَ بِهِ يُرِيدُ وَاللَّهُ أَعْلَمُ أَنْ يَكُونَ الْحَرِيرُ فِيهِ كَثِيرًا.
(مَسْأَلَةٌ) قَالَ عَبْدُ الْمَلِكِ بْنُ الْمَاجِشُونَ فِي الْعُتْبِيَّةِ أَمَّا مَا بُسِطَ مِنَ الْحَرِيرِ فَلَا بَأْسَ بِهِ قَدْ فَعَلَهُ النَّاسُ، وَأَمَّا مَا يُلْبَسُ فَمَنْهِيٌّ عَنْهُ وَاللِّحَافُ مِنَ اللِّبَاسِ وَالظَّاهِرُ مِنْ مَذْهَبِ مَالِكٍ الْمَنْعُ مِمَّا يُبْسَطُ، ","وَكَذَلِكَ مَا بُطِّنَ بِحَرِيرٍ أَوْ حُشِيَ بِهِ مِثْلُ الصُّوفِ أَوْ رُقِّمَ بِهِ يُرِيدُ وَاللَّهُ أَعْلَمُ أَنْ يَكُونَ الْحَرِيرُ فِيهِ كَثِيرًا.
(مَسْأَلَةٌ) قَالَ عَبْدُ الْمَلِكِ بْنُ الْمَاجِشُونِ فِي الْعُتْبِيَّةِ أَمَّا مَا بُسِطَ مِنَ الْحَرِيرِ فَلَا بَأْسَ بِهِ قَدْ فَعَلَهُ النَّاسُ، وَأَمَّا مَا يُلْبَسُ فَمَنْهِيٌّ عَنْهُ وَاللِّحَافُ مِنَ اللِّبَاسِ وَالظَّاهِرُ مِنْ مَذْهَبِ مَالِكٍ الْمَنْعُ مِمَّا يُبْسَطُ،"
"وقد ورد أن صلاة من صدقه لا تقبل أربعين يوما ففي صحيح الإمام مسلم وغيره عن صفية بنت أبي عبيد عن بعض أزواج النبي صلى الله عليه وسلم أن رسول الله صلى الله عليه وسلم قال {من أتى عرافا فسأله عن شيء فصدقه لم تقبل صلاته أربعين يوما} . (5/96)
(سئل) ","وَقَدْ وَرَدَ أَنَّ صَلَاةَ مَنْ صَدَّقَهُ لَا تُقْبَلُ أَرْبَعِينَ يَوْمًا فَفِي صَحِيحِ الْإِمَامِ مُسْلِمٍ وَغَيْرِهِ عَنْ صَفِيَّةَ بِنْتِ أَبِي عُبَيْدٍ عَنْ بَعْضِ أَزْوَاجِ النَّبِيِّ صَلَّى اللَّهُ عَلَيْهِ وَسَلَّمَ أَنَّ رَسُولَ اللَّهِ صَلَّى اللَّهُ عَلَيْهِ وَسَلَّمَ قَالَ {مَنْ أَتَى عَرَّافًا فَسَأَلَهُ عَنْ شَيْءٍ فَصَدَّقَهُ لَمْ تُقْبَلْ صَلَاتُهُ أَرْبَعِينَ يَوْمًا} . (5/96)
(سُئِلَ) ","وَقَدْ وَرَدَ أَنَّ صَلَاةَ مَنْ صَدَّقَهُ لَا تُقْبَلُ أَرْبَعِينَ يَوْمًا فَفِي صَحِيحِ الْإِمَامِ مُسْلِمٍ وَغَيْرِهِ عَنْ صَفِيَّةَ بِنْتِ أَبِي عُبَيْدٍ عَنْ بَعْضِ أَزْوَاجِ النَّبِيِّ صَلَّى اللَّهُ عَلَيْهِ وَسَلَّمَ أَنَّ رَسُولَ اللَّهِ صَلَّى اللَّهُ عَلَيْهِ وَسَلَّمَ قَالَ {مَنْ أَتَى عَرَّافًا فَسَأَلَهُ عَنْ شَيْءٍ فَصَدَّقَهُ لَمْ تُقْبَلْ صَلَاتُهُ أَرْبَعِينَ يَوْمًا} . (5/96)
(سُئِلَ)"
وشبه فيما لا يجوز فعله إلا بإذن الآخر قوله (ككتابة) من أحدهما لعبد من عبيد المفاوضة نظرا إلى أنها عتق (وعتق على مال) يتعجله من العبد ولو أكثر من قيمته؛ لأن له أخذه منه بلا عتق، وأما من أجنبي، فإن كان قدر القيمة فأكثر جاز كبيعه (وأذن لعبد) من عبيد الشركة (في تجارة) ,وَشُبِّهَ فِيمَا لَا يَجُوزُ فِعْلُهُ إِلَّا بِإِذْنِ الْآخَرِ قَوْلُهُ (كَكِتَابَةٍ) مِنْ أَحَدِهِمَا لِعَبْدٍ مِنْ عَبِيدِ الْمُفَاوَضَةِ نَظَرًا إِلَى أَنَّهَا عِتْقٌ (وَعِتْقٌ عَلَى مَالٍ) يَتَعَجَّلُهُ مِنَ الْعَبْدِ وَلَوْ أَكْثَرَ مِنْ قِيمَتِهِ؛ لِأَنَّ لَهُ أَخْذَهُ مِنْهُ بِلَا عِتْقٍ، وَأَمَّا مِنْ أَجْنَبِيٍّ، فَإِنْ كَانَ قَدْرَ الْقِيمَةِ فَأَكْثَرَ جَازَ كَبَيْعِهِ (وَأَذِنَ لِعَبْدٍ) مِنْ عَبِيدِ الشِّرْكَةِ (فِي تِجَارَةٍ) ,وَشَبَّهَ فِيمَا لَا يَجُوزُ فِعْلُهُ إِلَّا بِإِذْنِ الْآخَرِ قَوْلَهُ (كَكِتَابَةٍ) مِنْ أَحَدِهِمَا لِعَبْدٍ مِنْ عَبِيدِ الْمُفَاوَضَةِ نَظَرًا إِلَى أَنَّهَا عِتْقٌ (وَعِتْقٍ عَلَى مَالٍ) يَتَعَجَّلُهُ مِنَ الْعَبْدِ وَلَوْ أَكْثَرَ مِنْ قِيمَتِهِ؛ لِأَنَّ لَهُ أَخْذَهُ مِنْهُ بِلَا عِتْقٍ، وَأَمَّا مِنْ أَجْنَبِيٍّ، فَإِنْ كَانَ قَدْرَ الْقِيمَةِ فَأَكْثَرَ جَازَ كَبَيْعِهِ (وَأَذِنَ لِعَبْدٍ) مِنْ عَبِيدِ الشَّرِكَةِ (فِي تِجَارَةٍ)
"عن أنس، عن أم سليم رضي الله عنها، أنها قالت: يا رسول الله، خادمك أنس ادع الله عز وجل له، فقال: اللهم أكثر ماله وولده وبارك له فيما أعطيته
2221- حدثنا أبو موسى، حدثنا غندر، عن شعبة قال: سمعت هشام بن زيد بن أنس يحدث، عن أنس رضي الله عنه، بمثله (4/74)
2222- ","عَنْ أَنَسٍ، عَنْ أُمِّ سُلَيْمٍ رَضِيَ اللَّهُ عَنْهَا، أَنَّهَا قَالَتْ: يَا رَسُولَ الْلهِ، خَادِمُكَ أَنَسٌ ادْعُ اللَّهَ عَزَّ وَجَلَّ لَهُ، فَقَالَ: اللَّهُمَّ أَكْثِرْ مَالَهُ وَوَلَدَهُ وَبَارِكْ لَهُ فِيمَا أَعْطَيْتَهُ
2221- حَدَّثَنَا أَبُو مُوسَى، حَدَّثَنَا غُنْدَرٌ، عَنْ شُعْبَةَ قَالَ: سَمِعْتُ هِشَامَ بْنَ زَيْدِ بْنِ أَنَسٍ يُحَدِّثُ، عَنْ أَنَسٍ رَضِيَ اللَّهُ عَنْهُ، بِمِثْلِهِ (4/74)
2222- ","عَنْ أَنَسٍ، عَنْ أُمِّ سُلَيْمٍ رَضِيَ اللَّهُ عَنْهَا، أَنَّهَا قَالَتْ: يَا رَسُولَ اللَّهِ، خَادِمُكَ أَنَسٌ ادْعُ اللَّهَ عَزَّ وَجَلَّ لَهُ، فَقَالَ: اللَّهُمَّ أَكْثِرْ مَالَهُ وَوَلَدَهُ وَبَارِكْ لَهُ فِيمَا أَعْطَيْتَهُ
2221- حَدَّثَنَا أَبُو مُوسَى، حَدَّثَنَا غُنْدَرٌ، عَنْ شُعْبَةَ قَالَ: سَمِعْتُ هِشَامَ بْنَ زَيْدِ بْنِ أَنَسٍ يُحَدِّثُ، عَنْ أَنَسٍ رَضِيَ اللَّهُ عَنْهُ، بِمِثْلِهِ (4/74)
2222-"
"الشرح
قال (ولا يجوز التصرف في رأس المال المسلم فيه إلخ) لا يجوز التصرف في رأس المال قبل القبض؛ لأنه شرط صحة السلم احترازا عن الكالئ بالكالئ، فلو جاز التصرف بالبيع والهبة والوصية ونحوها فات الشرط وهو معنى قوله فلما فيه من تفويت القبض المستحق بالعقد ولا في المسلم فيه كذلك؛ لأنه مبيع والتصرف في المبيع قبل القبض لا يجوز، ","الشَّرْحُ
قَالَ (وَلَا يَجُوزُ التَّصَرُّفُ فِي رَأْسِ الْمَالِ الْمُسْلَمِ فِيهِ إِلَخْ) لَا يَجُوزُ التَّصَرُّفُ فِي رَأْسِ الْمَالِ قَبْلَ الْقَبْضِ؛ لِأَنَّهُ شَرْطُ صِحَّةِ السَّلَمِ احْتِرَازًا عَنِ الْكَالِئِ بِالْكَالِئِ، فَلَوْ جَازَ التَّصَرُّفُ بِالْبَيْعِ وَالْهِبَةِ وَالْوَصِيَّةِ وَنَحْوِهَا فَاتَ الشَّرْطُ وَهُوَ مَعْنَى قَوْلِهِ فَلِمَا فِيهِ مِنْ تَفْوِيتِ الْقَبْضِ الْمُسْتَحَقِّ بِالْعَقْدِ وَلَا فِي الْمُسْلَمِ فِيهِ كَذَلِكَ؛ لِأَنَّهُ مَبِيعٌ وَالتَّصَرُّفُ فِي الْمَبِيعِ قَبْلَ الْقَبْضِ لَا يَجُوزُ، ","الشَّرْحُ
قَالَ (وَلَا يَجُوزُ التَّصَرُّفُ فِي رَأْسِ الْمَالِ الْمُسْلَمِ فِيهِ إِلَخْ) لَا يَجُوزُ التَّصَرُّفُ فِي رَأْسِ الْمَالِ قَبْلَ الْقَبْضِ؛ لِأَنَّهُ شَرْطُ صِحَّةِ السَّلَمِ احْتِرَازًا عَنِ الْكَالِئِ بِالْكَالِئِ، فَلَوْ جَازَ التَّصَرُّفُ بِالْبَيْعِ وَالْهِبَةِ وَالْوَصِيَّةِ وَنَحْوِهَا فَاتَ الشَّرْطُ وَهُوَ مَعْنَى قَوْلِهِ فَلِمَا فِيهِ مِنْ تَفْوِيتِ الْقَبْضِ الْمُسْتَحَقِّ بِالْعَقْدِ وَلَا فِي الْمُسْلَمِ فِيهِ كَذَلِكَ؛ لِأَنَّهُ مَبِيعٌ وَالتَّصَرُّفُ فِي الْمَبِيعِ قَبْلَ الْقَبْضِ لَا يَجُوزُ،"
"الأصليتين إذا قطعتا من الكعبين لحديث عمرو بن حزم بذلك والكعب كالكف، والساق كالساعد، والفخذ كالعضد.
والأعرج كالسليم، لأن العيب ليس في نفس العضو، ","الْأَصْلِيَّتَيْنِ إِذَا قُطِعَتَا مِنَ الْكَعْبَيْنِ لِحَدِيثِ عَمْرِو بْنِ حَزْمٍ بِذَلِكَ وَالْكَعْبُ كَالْكَفِّ، وَالسَّاقُ كَالسَّاعِدِ، وَالْفَخِذُ كَالْعَضُدِ.
وَالْأَعْرَجُ كَالسَّلِيمِ، لِأَنَّ الْعَيْبَ لَيْسَ فِي نَفْسِ الْعُضْوِ، ","الْأَصْلِيَّتَيْنِ إِذَا قُطِعَتَا مِنَ الْكَعْبَيْنِ لِحَدِيثِ عَمْرِو بْنِ حَزْمٍ بِذَلِكَ وَالْكَعْبُ كَالْكَفِّ، وَالسَّاقُ كَالسَّاعِدِ، وَالْفَخِذُ كَالْعَضُدِ.
وَالْأَعْرَجُ كَالسَّلِيمِ، لِأَنَّ الْعَيْبَ لَيْسَ فِي نَفْسِ الْعُضْوِ،"
"حتى فرغ من الآية فمن كان يعبد الله عز وجل فإن الله حي ومن كان يعبد محمدا فإن محمدا قد مات فقال عمر وإنها لفي كتاب الله ما شعرت أنها في كتاب الله ثم قال عمر يا أيها الناس هذا أبو بكر وهو ذو شيبة المسلمين فبايعوه فبايعوه (43/34)
25842 - ","حَتَّى فَرَغَ مِنَ الْآيَةِ فَمَنْ كَانَ يَعْبُدُ اللَّهَ عَزَّ وَجَلَّ فَإِنَّ اللَّهَ حَيٌّ وَمَنْ كَانَ يَعْبُدُ مُحَمَّدًا فَإِنَّ مُحَمَّدًا قَدْ مَاتَ فَقَالَ عُمَرُ وَإِنَّهَا لَفِي كِتَابِ اللَّهِ مَا شَعَرْتُ أَنَّهَا فِي كِتَابِ اللَّهِ ثُمَّ قَالَ عُمَرُ يَا أَيُّهَا النَّاسُ هَذَا أَبُو بَكْرٍ وَهُوَ ذُو شَيْبَةِ الْمُسْلِمِينَ فَبَايِعُوهُ فَبَايَعُوهُ (43/34)
25842 - ","حَتَّى فَرَغَ مِنَ الْآيَةِ فَمَنْ كَانَ يَعْبُدُ اللَّهَ عَزَّ وَجَلَّ فَإِنَّ اللَّهَ حَيٌّ وَمَنْ كَانَ يَعْبُدُ مُحَمَّدًا فَإِنَّ مُحَمَّدًا قَدْ مَاتَ فَقَالَ عُمَرُ وَإِنَّهَا لَفِي كِتَابِ اللَّهِ مَا شَعَرْتُ أَنَّهَا فِي كِتَابِ اللَّهِ ثُمَّ قَالَ عُمَرُ يَا أَيُّهَا النَّاسُ هَذَا أَبُو بَكْرٍ وَهُوَ ذُو شَيْبَةِ الْمُسْلِمِينَ فَبَايِعُوهُ فَبَايَعُوهُ (43/34)
25842 -"
"فهو على قرابته الذين ينسبون إلى أقصى أب له في الإسلام حتى لو كان آباؤه على غير دينه دخلوا في الوصية؛ لأن النسب عبارة عمن ينسب إلى الأب دون الأم.
وكذلك الحسب، فإن الهاشمي إذا تزوج أمة، فولدت منه ينسب الولد إليه لا إلى أمه، وحسبه أهل بيت أبيه دون أمه، ","فَهُوَ عَلَى قَرَابَتِهِ الَّذِينَ يُنْسَبُونَ إِلَى أَقْصَى أَبٍ لَهُ فِي الْإِسْلَامِ حَتَّى لَوْ كَانَ آبَاؤُهُ عَلَى غَيْرِ دِينِهِ دَخَلُوا فِي الْوَصِيَّةِ؛ لِأَنَّ النَّسَبَ عِبَارَةٌ عَمَّنْ يُنْسَبُ إِلَى الْأَبِ دُونَ الْأُمِّ.
وَكَذَلِكَ الْحَسَبُ، فَإِنَّ الْهَاشِمِيَّ إِذَا تَزَوَّجَ أَمَةً، فَوَلَدَتْ مِنْهُ يُنْسَبُ الْوَلَدُ إِلَيْهِ لَا إِلَى أُمِّهِ، وَحَسْبُهُ أَهْلُ بَيْتِ أَبِيهِ دُونَ أُمِّهِ، ","فَهُوَ عَلَى قَرَابَتِهِ الَّذِينَ يُنْسَبُونَ إِلَى أَقْصَى أَبٍ لَهُ فِي الْإِسْلَامِ حَتَّى لَوْ كَانَ آبَاؤُهُ عَلَى غَيْرِ دِينِهِ دَخَلُوا فِي الْوَصِيَّةِ؛ لِأَنَّ النَّسَبَ عِبَارَةٌ عَمَّنْ يُنْسَبُ إِلَى الْأَبِ دُونَ الْأُمِّ.
وَكَذَلِكَ الْحَسَبُ، فَإِنَّ الْهَاشِمِيَّ إِذَا تَزَوَّجَ أَمَةً، فَوَلَدَتْ مِنْهُ يُنْسَبُ الْوَلَدُ إِلَيْهِ لَا إِلَى أُمِّهِ، وَحَسَبُهُ أَهْلُ بَيْتِ أَبِيهِ دُونَ أُمِّهِ،"
"يهل أهل العراق من ذات عرق، ويهل أهل نجد من قرن، ويهل أهل اليمن من يلملم. (4/394)
3015 حدثنا عمار بن رجاء، نا محمد بن زكريا، نا ابن جريج، قال: حدثني أبو الزبير، أنه سمع جابر بن عبد الله يسأل عن المهل، فقال: ","يُهِلُّ أَهْلُ الْعِرَاقِ مِنْ ذَاتِ عِرْقٍ، وَيُهِلُّ أَهْلُ نَجْدٍ مِنْ قَرْنٍ، وَيُهِلُّ أَهْلُ الْيَمَنِ مِنْ يَلَمْلَمَ. (4/394)
3015 حَدَّثَنَا عَمَّارُ بْنُ رَجَاءٍ، نَا مُحَمَّدُ بْنُ زَكَرِيَّا، نَا ابْنُ جُرَيْجٍ، قَالَ: حَدَّثَنِي أَبُو الزُّبَيْرِ، أَنَّهُ سَمِعَ جَابِرَ بْنَ عَبْدِ اللَّهِ يُسْأَلُ عَنِ الْمُهَلِّ، فَقَالَ: ","يُهِلُّ أَهْلُ الْعِرَاقِ مِنْ ذَاتِ عِرْقٍ، وَيُهِلُّ أَهْلُ نَجْدٍ مِنْ قَرْنٍ، وَيُهِلُّ أَهْلُ الْيَمَنِ مِنْ يَلَمْلَمٍ. (4/394)
3015 حَدَّثَنَا عَمَّارُ بْنُ رَجَاءٍ، نَا مُحَمَّدُ بْنُ زَكَرِيَّا، نَا ابْنُ جُرَيْجٍ، قَالَ: حَدَّثَنِي أَبُو الزُّبَيْرِ، أَنَّهُ سَمِعَ جَابِرَ بْنَ عَبْدِ اللَّهِ يُسْأَلُ عَنِ الْمُهَلِّ، فَقَالَ:"
"وحكمه بعد القضاء) قالوا ويعزر الشهود سواء رجعوا قبل القضاء أو بعده ولا يخلو عن نظر؛ لأن الرجوع ظاهر في أنه توبة عن تعمد الزور إن تعمد أو التهور والعجلة إن كان أخطأ فيه ولا تعزير على التوبة ولا على ذنب ارتفع بها وليس فيه حد مقدر.
ا ه.
","وَحُكْمُهُ بَعْدَ الْقَضَاءِ) قَالُوا وَيُعَزَّرُ الشُّهُودُ سَوَاءٌ رَجَعُوا قَبْلَ الْقَضَاءِ أَوْ بَعْدَهُ وَلَا يَخْلُو عَنْ نَظَرٍ؛ لِأَنَّ الرُّجُوعَ ظَاهِرٌ فِي أَنَّهُ تَوْبَةٌ عَنْ تَعَمُّدِ الزُّورِ إِنْ تَعَمَّدَ أَوِ التَّهَوُّرِ وَالْعَجَلَةِ إِنْ كَانَ أَخْطَأَ فِيهِ وَلَا تَعْزِيرَ عَلَى التَّوْبَةِ وَلَا عَلَى ذَنْبٍ ارْتَفَعَ بِهَا وَلَيْسَ فِيهِ حَدٌّ مُقَدَّرٌ.
ا ه.
","وَحُكْمُهُ بَعْدَ الْقَضَاءِ) قَالُوا وَيُعَزَّرُ الشُّهُودُ سَوَاءٌ رَجَعُوا قَبْلَ الْقَضَاءِ أَوْ بَعْدَهُ وَلَا يَخْلُو عَنْ نَظَرٍ؛ لِأَنَّ الرُّجُوعَ ظَاهِرٌ فِي أَنَّهُ تَوْبَةٌ عَنْ تَعَمُّدِ الزُّورِ إِنْ تَعَمَّدَ أَوِ التَّهَوُّرِ وَالْعَجَلَةِ إِنْ كَانَ أَخْطَأَ فِيهِ وَلَا تَعْزِيرَ عَلَى التَّوْبَةِ وَلَا عَلَى ذَنْبٍ ارْتَفَعَ بِهَا وَلَيْسَ فِيهِ حَدٌّ مُقَدَّرٌ.
ا ه."
"نعم. (1/251)
(سئل) في صبي رضع من امرأة وعمره ثلاث سنين ثم أرضعت المرأة بنتا عمرها سنة فهل يحل للصبي التزوج بالبنت المذكورة؟ (الجواب) : نعم لأن الرضاع بعد مضي مدته وهي سنتان ونصف عند أبي حنيفة لا يكون محرما قال في الخلاصة ولا تثبت الحرمة بعد سنتين ونصف وإن لم يفطم وبه يفتي القاضي الإمام.
ا ه.. (1/252)
(","نَعَمْ. (1/251)
(سُئِلَ) فِي صَبِيٍّ رَضَعَ مِنَ امْرَأَةٍ وَعُمْرُهُ ثَلَاثُ سِنِينَ ثُمَّ أَرْضَعَتِ الْمَرْأَةُ بِنْتًا عُمْرُهَا سَنَةٌ فَهَلْ يَحِلُّ لِلصَّبِيِّ التَّزَوُّجُ بِالْبِنْتِ الْمَذْكُورَةِ؟ (الْجَوَابُ) : نَعَمْ لِأَنَّ الرَّضَاعَ بَعْدَ مُضِيِّ مُدَّتِهِ وَهِيَ سَنَتَانِ وَنِصْفٌ عِنْدَ أَبِي حَنِيفَةَ لَا يَكُونُ مُحَرِّمًا قَالَ فِي الْخُلَاصَةِ وَلَا تَثْبُتُ الْحُرْمَةُ بَعْدَ سَنَتَيْنِ وَنِصْفٍ وَإِنْ لَمْ يُفْطَمْ وَبِهِ يُفْتِي الْقَاضِي الْإِمَامُ.
ا ه.. (1/252)
(","نَعَمْ. (1/251)
(سُئِلَ) فِي صَبِيٍّ رَضَعَ مِنَ امْرَأَةٍ وَعُمْرُهُ ثَلَاثُ سِنِينَ ثُمَّ أَرْضَعَتِ الْمَرْأَةُ بِنْتًا عُمْرُهَا سَنَةٌ فَهَلْ يَحِلُّ لِلصَّبِيِّ التَّزَوُّجُ بِالْبِنْتِ الْمَذْكُورَةِ؟ (الْجَوَابُ) : نَعَمْ لِأَنَّ الرَّضَاعَ بَعْدَ مُضِيِّ مُدَّتِهِ وَهِيَ سَنَتَانِ وَنِصْفٌ عِنْدَ أَبِي حَنِيفَةَ لَا يَكُونُ مُحَرِّمًا قَالَ فِي الْخُلَاصَةِ وَلَا تَثْبُتُ الْحُرْمَةُ بَعْدَ سَنَتَيْنِ وَنِصْفٍ وَإِنْ لَمْ يُفْطَمْ وَبِهِ يُفْتِي الْقَاضِي الْإِمَامُ.
ا ه.. (1/252)
("
فإن غربت الشمس بعد عوده وقبل الرمي لزماه فيرمي في الغد عنه وعن أمسه أو نفر قبل الزوال سواء نفر في يوم النفر الأول أو فيما قبله، فإن عادوا زالت الشمس يوم النفر الأول، وهو بمنى لم يؤثر خروجه أو عاد بعد الغروب، ,فَإِنْ غَرَبَتِ الشَّمْسُ بَعْدَ عَوْدِهِ وَقَبْلَ الرَّمْيِ لَزِمَاهُ فَيَرْمِي فِي الْغَدِ عَنْهُ وَعَنْ أَمْسِهِ أَوْ نَفَرَ قَبْلَ الزَّوَالِ سَوَاءٌ نَفَرَ فِي يَوْمِ النَّفْرِ الْأَوَّلِ أَوْ فِيمَا قَبْلَهُ، فَإِنْ عَادُوا زَالَتِ الشَّمْسُ يَوْمَ النَّفْرِ الْأَوَّلِ، وَهُوَ بِمِنًى لَمْ يُؤَثِّرْ خُرُوجُهُ أَوْ عَادَ بَعْدَ الْغُرُوبِ، ,فَإِنْ غَرَبَتِ الشَّمْسُ بَعْدَ عَوْدِهِ وَقَبْلَ الرَّمْيِ لَزِمَاهُ فَيَرْمِي فِي الْغَدِ عَنْهُ وَعَنْ أَمْسِهِ أَوْ نَفَرَ قَبْلَ الزَّوَالِ سَوَاءٌ نَفَرَ فِي يَوْمِ النَّفْرِ الْأَوَّلِ أَوْ فِيمَا قَبْلَهُ، فَإِنْ عَادُوا زَالَتِ الشَّمْسُ يَوْمَ النَّفْرِ الْأَوَّلِ، وَهُوَ بِمِنًى لَمْ يُؤَثِّرْ خُرُوجُهُ أَوْ عَادَ بَعْدَ الْغُرُوبِ،
"ولا لبني هاشم كالنبي صلى الله عليه وسلم وهم) أي بنو هاشم (من كان من سلالة هاشم فدخل فيهم آل عباس) بن عبد المطلب (وآل علي وآل جعفر وآل عقيل) بني أبي طالب بن عبد المطلب.
(وآل الحارث بن عبد المطلب وآل أبي لهب) بن عبد المطلب، قال في الشرح: ","وَلَا لِبَنِي هَاشِمٍ كَالنَّبِيِّ صَلَّى اللَّهُ عَلَيْهِ وَسَلَّمَ وَهُمْ) أَيْ بَنُو هَاشِمٍ (مَنْ كَانَ مِنْ سُلَالَةِ هَاشِمٍ فَدَخَلَ فِيهِمْ آلُ عَبَّاسِ) بْنِ عَبْدِ الْمُطَّلِبِ (وَآلُ عَلِيٍّ وَآلُ جَعْفَرٍ وَآلُ عَقِيلٍ) بَنِي أَبِي طَالِبِ بْنِ عَبْدِ الْمُطَّلِبِ.
(وَآلُ الْحَارِثِ بْنِ عَبْدِ الْمُطَّلِبِ وَآلُ أَبِي لَهَبِ) بْنِ عَبْدِ الْمُطَّلِبِ، قَالَ فِي الشَّرْحِ: ","وَلَا لِبَنِي هَاشِمٍ كَالنَّبِيِّ صَلَّى اللَّهُ عَلَيْهِ وَسَلَّمَ وَهُمْ) أَيْ بَنُو هَاشِمٍ (مَنْ كَانَ مِنْ سُلَالَةِ هَاشِمٍ فَدَخَلَ فِيهِمْ آلُ عَبَّاسٍ) بْنِ عَبْدِ الْمُطَّلِبِ (وَآلُ عَلِيٍّ وَآلُ جَعْفَرٍ وَآلُ عَقِيلٍ) بَنِي أَبِي طَالِبِ بْنِ عَبْدِ الْمُطَّلِبِ.
(وَآلُ الْحَارِثِ بْنِ عَبْدِ الْمُطَّلِبِ وَآلُ أَبِي لَهَبٍ) بْنِ عَبْدِ الْمُطَّلِبِ، قَالَ فِي الشَّرْحِ:"
وأن يسلم عليهم ثم يجلس فيؤذن واحد للاتباع في الجميع، وأن تكون الخطبة فصيحة جزلة لا مبتذلة ركيكة قريبة للفهم لا غريبة وحشية إذ لا ينتفع بها أكثر الناس، ومتوسطة لأن الطويل يمل والقصير يخل، وأما خبر مسلم: {أطيلوا الصلاة واقصروا الخطبة} فقصرها بالنسبة إلى الصلاة وأن لا يلتفت في شيء منها بل يستمر مقبلا عليهم إلى فراغها، ,وَأَنْ يُسَلِّمَ عَلَيْهِمْ ثُمَّ يَجْلِسَ فَيُؤَذِّنَ وَاحِدٌ لِلِاتِّبَاعِ فِي الْجَمِيعِ، وَأَنْ تَكُونَ الْخُطْبَةُ فَصِيحَةً جَزْلَةً لَا مُبْتَذَلَةً رَكِيكَةً قَرِيبَةً لِلْفَهْمِ لَا غَرِيبَةً وَحْشِيَّةً إِذْ لَا يَنْتَفِعُ بِهَا أَكْثَرُ النَّاسِ، وَمُتَوَسِّطَةً لِأَنَّ الطَّوِيلَ يُمِلُّ وَالْقَصِيرَ يُخِلُّ، وَأَمَّا خَبَرُ مُسْلِمٍ: {أَطِيلُوا الصَّلَاةَ وَاقْصُرُوا الْخُطْبَةَ} فَقَصْرُهَا بِالنِّسْبَةِ إِلَى الصَّلَاةِ وَأَنْ لَا يَلْتَفِتَ فِي شَيْءٍ مِنْهَا بَلْ يَسْتَمِرَّ مُقْبِلًا عَلَيْهِمْ إِلَى فَرَاغِهَا، ,وَأَنْ يُسَلِّمَ عَلَيْهِمْ ثُمَّ يَجْلِسَ فَيُؤَذِّنَ وَاحِدٌ لِلِاتِّبَاعِ فِي الْجَمِيعِ، وَأَنْ تَكُونَ الْخُطْبَةُ فَصِيحَةً جَزْلَةً لَا مُبْتَذَلَةً رَكِيكَةً قَرِيبَةً لِلْفَهْمِ لَا غَرِيبَةً وَحْشِيَّةً إِذْ لَا يَنْتَفِعُ بِهَا أَكْثَرُ النَّاسِ، وَمُتَوَسِّطَةً لِأَنَّ الطَّوِيلَ يُمِلُّ وَالْقَصِيرَ يُخِلُّ، وَأَمَّا خَبَرُ مُسْلِمٍ: {أَطِيلُوا الصَّلَاةَ وَاقْصُرُوا الْخُطْبَةَ} فَقَصْرُهَا بِالنِّسْبَةِ إِلَى الصَّلَاةِ وَأَنْ لَا يَلْتَفِتَ فِي شَيْءٍ مِنْهَا بَلْ يَسْتَمِرَّ مُقْبِلًا عَلَيْهِمْ إِلَى فَرَاغِهَا،
"إذ الفسق إلخ) كان الأولى أن يزيد قبله أو بعده، إذ لا معنى للانتقال من فاسق إلى فاسق.
قوله: (والأوجه إطلاق المتن) أي باعتبار مفهومه، وهو أن الفاسق لا يزوج وإن كان بحيث لو سلب الولاية لانتقلت إلى حاكم فاسق، ","إِذِ الْفِسْقُ إِلَخْ) كَانَ الْأَوْلَى أَنْ يَزِيدَ قَبْلَهُ أَوْ بَعْدَهُ، إِذْ لَا مَعْنَى لِلِانْتِقَالِ مِنْ فَاسِقٍ إِلَى فَاسِقٍ.
قَوْلُهُ: (وَالْأَوْجَهُ إِطْلَاقُ الْمَتْنِ) أَيْ بِاعْتِبَارِ مَفْهُومِهِ، وَهُوَ أَنَّ الْفَاسِقَ لَا يُزَوِّجُ وَإِنْ كَانَ بِحَيْثُ لَوْ سَلَبَ الْوِلَايَةَ لَانْتَقَلَتْ إِلَى حَاكِمٍ فَاسِقٍ، ","إِذِ الْفِسْقُ إِلَخْ) كَانَ الْأَوْلَى أَنْ يَزِيدَ قَبْلَهُ أَوْ بَعْدَهُ، إِذْ لَا مَعْنَى لِلِانْتِقَالِ مِنْ فَاسِقٍ إِلَى فَاسِقٍ.
قَوْلُهُ: (وَالْأَوْجَهُ إِطْلَاقُ الْمَتْنِ) أَيْ بِاعْتِبَارِ مَفْهُومِهِ، وَهُوَ أَنَّ الْفَاسِقَ لَا يُزَوِّجُ وَإِنْ كَانَ بِحَيْثُ لَوْ سُلِبَ الْوِلَايَةُ لَانْتَقَلَتْ إِلَى حَاكِمٍ فَاسِقٍ،"
"وإذا هلكت الريالات فليس لهم مشاركته لأن الإضافة إلى أقرب الأوقات هو استصحاب لظاهر الحال وإن كان يصلح للدفع إلا أنه لا يكفي إيجاب الضمان إذ أنه في حالة قيام المأخوذ يكون القابض مدعيا سلامة المقبوض لنفسه، والغرماء ينكرون ذلك وبما أنه متفق أن المقبوض كان مالا للميت فيكون ظاهر الحال شاهدا للغرماء أما بعد هلاك المقبوض فيكون (8/197)
","وَإِذَا هَلَكَتِ الرِّيَالَاتُ فَلَيْسَ لَهُمْ مُشَارَكَتُهُ لِأَنَّ الْإِضَافَةَ إِلَى أَقْرَبِ الْأَوْقَاتِ هُوَ اسْتِصْحَابٌ لِظَاهِرِ الْحَالِ وَإِنْ كَانَ يَصْلُحُ لِلدَّفْعِ إِلَّا أَنَّهُ لَا يَكْفِي إِيجَابُ الضَّمَانِ إِذْ أَنَّهُ فِي حَالَةِ قِيَامِ الْمَأْخُوذِ يَكُونُ الْقَابِضُ مُدَّعِيًا سَلَامَةَ الْمَقْبُوضِ لِنَفْسِهِ، وَالْغُرَمَاءُ يُنْكِرُونَ ذَلِكَ وَبِمَا أَنَّهُ مُتَّفَقٌ أَنَّ الْمَقْبُوضَ كَانَ مَالًا لِلْمَيِّتِ فَيَكُونُ ظَاهِرُ الْحَالِ شَاهِدًا لِلْغُرَمَاءِ أَمَّا بَعْدَ هَلَاكِ الْمَقْبُوضِ فَيَكُونُ (8/197)
",وَإِذَا هَلَكَتِ الرِّيَالَاتُ فَلَيْسَ لَهُمْ مُشَارَكَتُهُ لِأَنَّ الْإِضَافَةَ إِلَى أَقْرَبِ الْأَوْقَاتِ هُوَ اسْتِصْحَابٌ لِظَاهِرِ الْحَالِ وَإِنْ كَانَ يَصْلُحُ لِلدَّفْعِ إِلَّا أَنَّهُ لَا يَكْفِي إِيجَابُ الضَّمَانِ إِذْ أَنَّهُ فِي حَالَةِ قِيَامِ الْمَأْخُوذِ يَكُونُ الْقَابِضُ مُدَّعِيًا سَلَامَةَ الْمَقْبُوضِ لِنَفْسِهِ، وَالْغُرَمَاءُ يُنْكِرُونَ ذَلِكَ وَبِمَا أَنَّهُ مُتَّفَقٌ أَنَّ الْمَقْبُوضَ كَانَ مَالًا لِلْمَيِّتِ فَيَكُونُ ظَاهِرُ الْحَالِ شَاهِدًا لِلْغُرَمَاءِ أَمَّا بَعْدَ هَلَاكِ الْمَقْبُوضِ فَيَكُونُ (8/197)
وفيه نظر فإن التعريف للاستثناء على ما في الكتاب له بمعنى الأداة كما يذكره المصنف فاحتاج إلى إخراج الشرط والصفة والغاية لصدق الحد بدونه على الغاية، وهو ظاهر وعلى الوصف في نحو {لو كان فيهما آلهة إلا الله لفسدتا} ؛ ,وَفِيهِ نَظَرٌ فَإِنَّ التَّعْرِيفَ لِلِاسْتِثْنَاءِ عَلَى مَا فِي الْكِتَابِ لَهُ بِمَعْنَى الْأَدَاةِ كَمَا يَذْكُرُهُ الْمُصَنِّفُ فَاحْتَاجَ إِلَى إِخْرَاجِ الشَّرْطِ وَالصِّفَةِ وَالْغَايَةِ لِصِدْقِ الْحَدِّ بِدُونِهِ عَلَى الْغَايَةِ، وَهُوَ ظَاهِرٌ وَعَلَى الْوَصْفِ فِي نَحْوِ {لَوْ كَانَ فِيهِمَا آلِهَةٌ إِلَّا اللَّهُ لَفَسَدَتَا} ؛ ,وَفِيهِ نَظَرٌ فَإِنَّ التَّعْرِيفَ لِلِاسْتِثْنَاءِ عَلَى مَا فِي الْكِتَابِ لَهُ بِمَعْنَى الْأَدَاةِ كَمَا يَذْكُرُهُ الْمُصَنِّفُ فَاحْتَاجَ إِلَى إِخْرَاجِ الشَّرْطِ وَالصِّفَةِ وَالْغَايَةِ لِصِدْقِ الْحَدِّ بِدُونِهِ عَلَى الْغَايَةِ، وَهُوَ ظَاهِرٌ وَعَلَى الْوَصْفِ فِي نَحْوِ {لَوْ كَانَ فِيهِمَا آلِهَةٌ إِلَّا اللَّهُ لَفَسَدَتَا} ؛
"قالت: لما بلغ رسول الله صلى الله عليه وسلم خمسا وعشرين سنة.
فذكر الحديث بطوله، وهو حديث منكر، قال: فلما قدم مكة باعت خديجة ما جاء به فأضعف أو قريبا.
وحدثها ميسرة عن قول الراهب، وعن الملكين، (1/506)
وكانت لبيبة حازمة، فبعثت إليه، تقول: يا بن عمي، إني قد رغبت فيك لقرابتك وأمانتك وصدقك وحسن خلقك، ","قَالَتْ: لَمَّا بَلَغَ رَسُولُ اللَّهِ صَلَّى اللَّهُ عَلَيْهِ وَسَلَّمَ خَمْسًا وَعِشْرِينَ سَنَةً.
فَذَكَرَ الْحَدِيثَ بِطُولِهِ، وَهُوَ حَدِيثٌ مُنْكَرٌ، قَالَ: فَلَمَّا قَدِمَ مَكَّةَ بَاعَتْ خَدِيجَةُ مَا جَاءَ بِهِ فَأَضْعَفَ أَوْ قَرِيبًا.
وَحَدَّثَهَا مَيْسَرَةُ عَنْ قَوْلِ الرَّاهِبِ، وَعَنِ الْمَلَكَيْنِ، (1/506)
وَكَانَتْ لَبِيبَةً حَازِمَةً، فَبَعَثَتْ إِلَيْهِ، تَقُولُ: يَا بْنَ عَمِّي، إِنِّي قَدْ رَغِبْتُ فِيكَ لِقَرَابَتِكَ وَأَمَانَتِكَ وَصِدْقِكَ وَحُسْنِ خُلُقِكَ، ","قَالَتْ: لَمَّا بَلَغَ رَسُولُ اللَّهِ صَلَّى اللَّهُ عَلَيْهِ وَسَلَّمَ خَمْسًا وَعِشْرِينَ سَنَةً.
فَذَكَرَ الْحَدِيثَ بِطُولِهِ، وَهُوَ حَدِيثٌ مُنْكَرٌ، قَالَ: فَلَمَّا قَدِمَ مَكَّةَ بَاعَتْ خَدِيجَةُ مَا جَاءَ بِهِ فَأَضْعَفَ أَوْ قَرِيبًا.
وَحَدَّثَهَا مَيْسَرَةُ عَنْ قَوْلِ الرَّاهِبِ، وَعَنِ الْمَلَكَيْنِ، (1/506)
وَكَانَتْ لَبِيبَةً حَازِمَةً، فَبَعَثَتْ إِلَيْهِ، تَقُولُ: يَا بْنَ عَمِّي، إِنِّي قَدْ رَغِبْتُ فِيكَ لِقَرَابَتِكَ وَأَمَانَتِكَ وَصِدْقِكَ وَحُسْنِ خُلُقِكَ،"
أنبأنى أبو عبد الله الحافظ إجازة أن أبا الوليد أخبرهم حدثنا إبراهيم بن علي حدثنا يحيى بن يحيى أخبرنا عبد الوارث عن عقبة بن يسار قال حدثنى عثمان ابن أخى سمرة قال: مات ابن لسمرة وذكر الحديث قال فقال: «,أَنْبَأَنِى أَبُو عَبْدِ اللَّهِ الْحَافِظُ إِجَازَةً أَنَّ أَبَا الْوَلِيدِ أَخْبَرَهُمْ حَدَّثَنَا إِبْرَاهِيمُ بْنُ عَلِيٍّ حَدَّثَنَا يَحْيَى بْنُ يَحْيَى أَخْبَرَنَا عَبْدُ الْوَارِثِ عَنْ عُقْبَةَ بْنِ يَسَارٍ قَالَ حَدَّثَنِى عُثْمَانُ ابْنُ أَخِى سَمُرَةَ قَالَ: مَاتَ ابْنٌ لِسَمُرَةَ وَذَكَرَ الْحَدِيثَ قَالَ فَقَالَ: «,أَنْبَأَنِى أَبُو عَبْدِ اللَّهِ الْحَافِظُ إِجَازَةً أَنَّ أَبَا الْوَلِيدِ أَخْبَرَهُمْ حَدَّثَنَا إِبْرَاهِيمُ بْنُ عَلِيٍّ حَدَّثَنَا يَحْيَى بْنُ يَحْيَى أَخْبَرَنَا عَبْدُ الْوَارِثِ عَنْ عُقْبَةَ بْنِ يَسَارٍ قَالَ حَدَّثَنِى عُثْمَانُ ابْنُ أَخِى سَمُرَةَ قَالَ: مَاتَ ابْنٌ لِسَمُرَةَ وَذَكَرَ الْحَدِيثَ قَالَ فَقَالَ: «
أخبرنا أبو بكر أحمد بن الحسن القاضى وأبو زكريا بن أبى إسحاق قالا حدثنا أبو العباس محمد بن يعقوب أنبأنا الربيع بن سليمان أنبأنا الشافعي أنبأنا أنس بن عياض عن هشام بن عروة ح وأخبرنا أبو عبد الله الحافظ أخبرنى أبو الوليد حدثنا إبراهيم بن أبى طالب حدثنا كريب حدثنا وكيع وابن نمير عن هشام بن عروة عن أبيه عن عائشة رضي الله عنها قالت: ,أَخْبَرَنَا أَبُو بَكْرٍ أَحْمَدُ بْنُ الْحَسَنِ الْقَاضِى وَأَبُو زَكَرِيَّا بْنُ أَبِى إِسْحَاقَ قَالَا حَدَّثَنَا أَبُو الْعَبَّاسِ مُحَمَّدُ بْنُ يَعْقُوبَ أَنْبَأَنَا الرَّبِيعُ بْنُ سُلَيْمَانَ أَنْبَأَنَا الشَّافِعِيُّ أَنْبَأَنَا أَنَسُ بْنُ عِيَاضٍ عَنْ هِشَامِ بْنِ عُرْوَةَ ح وَأَخْبَرَنَا أَبُو عَبْدِ اللَّهِ الْحَافِظُ أَخْبَرَنِى أَبُو الْوَلِيدِ حَدَّثَنَا إِبْرَاهِيمُ بْنُ أَبِى طَالِبٍ حَدَّثَنَا كُرَيْبٌ حَدَّثَنَا وَكِيعٌ وَابْنُ نُمَيْرٍ عَنْ هِشَامِ بْنِ عُرْوَةَ عَنْ أَبِيهِ عَنْ عَائِشَةَ رَضِيَ اللَّهُ عَنْهَا قَالَتْ: ,أَخْبَرَنَا أَبُو بَكْرٍ أَحْمَدُ بْنُ الْحَسَنِ الْقَاضِى وَأَبُو زَكَرِيَّا بْنُ أَبِى إِسْحَاقَ قَالَا حَدَّثَنَا أَبُو الْعَبَّاسِ مُحَمَّدُ بْنُ يَعْقُوبَ أَنْبَأَنَا الرَّبِيعُ بْنُ سُلَيْمَانَ أَنْبَأَنَا الشَّافِعِيُّ أَنْبَأَنَا أَنَسُ بْنُ عِيَاضٍ عَنْ هِشَامِ بْنِ عُرْوَةَ ح وَأَخْبَرَنَا أَبُو عَبْدِ اللَّهِ الْحَافِظُ أَخْبَرَنِى أَبُو الْوَلِيدِ حَدَّثَنَا إِبْرَاهِيمُ بْنُ أَبِى طَالِبٍ حَدَّثَنَا كُرَيْبٌ حَدَّثَنَا وَكِيعٌ وَابْنُ نُمَيْرٍ عَنْ هِشَامِ بْنِ عُرْوَةَ عَنْ أَبِيهِ عَنْ عَائِشَةَ رَضِيَ اللَّهُ عَنْهَا قَالَتْ:
"ويرد على ذي فرض وعصبة لم ترث بقدر نسبة الحرية منهما، فلبنت نصفها حر النصف بفرض ورد، ولابن مكانها النصف بالعصوبة والبقية لبيت المال، ولابنين نصفهما حران لم يورثهما المال البقية مع عدم عصبة، ولبنت وجدة نصفهما حر المال نصفين بفرض ورد، ومع حرية ثلاثة أرباعهما المال بينهما أرباعا بقدر فرضهما، ومع حرية ثلثهما الثلثان بينهما والبقية لبيت المال.
الشرح
(8/460)
(","وَيُرَدُّ عَلَى ذِي فَرْضٍ وَعَصَبَةٍ لَمْ تَرِثْ بِقَدْرِ نِسْبَةِ الْحُرِّيَّةِ مِنْهُمَا، فَلِبِنْتٍ نِصْفُهَا حُرٌّ النِّصْفُ بِفَرْضٍ وَرَدٍّ، وَلِابْنٍ مَكَانَهَا النِّصْفُ بِالْعُصُوبَةِ وَالْبَقِيَّةُ لِبَيْتِ الْمَالِ، وَلِابْنَيْنِ نِصْفُهُمَا حُرَّانِ لَمْ يُوَرِّثْهُمَا الْمَالَ الْبَقِيَّةُ مَعَ عَدَمِ عَصَبَةٍ، وَلِبِنْتٍ وَجَدَّةٍ نِصْفُهُمَا حُرٌّ الْمَالُ نِصْفَيْنِ بِفَرْضٍ وَرَدٍّ، وَمَعَ حُرِّيَّةِ ثَلَاثَةِ أَرْبَاعِهِمَا الْمَالُ بَيْنَهُمَا أَرْبَاعًا بِقَدْرِ فَرْضِهِمَا، وَمَعَ حُرِّيَّةِ ثُلُثِهِمَا الثُّلُثَانِ بَيْنَهُمَا وَالْبَقِيَّةُ لِبَيْتِ الْمَالِ.
الشَّرْحُ
(8/460)
(","وَيُرَدُّ عَلَى ذِي فَرْضٍ وَعَصَبَةٍ لَمْ تَرِثْ بِقَدْرِ نِسْبَةِ الْحُرِّيَّةِ مِنْهُمَا، فَلِبِنْتٍ نِصْفُهَا حُرٌّ النِّصْفُ بِفَرْضٍ وَرُدَّ، وَلِابْنٍ مَكَانَهَا النِّصْفُ بِالْعُصُوبَةِ وَالْبَقِيَّةُ لِبَيْتِ الْمَالِ، وَلِابْنَيْنِ نِصْفُهُمَا حُرَّانِ لَمْ يُوَرِّثْهُمَا الْمَالَ الْبَقِيَّةَ مَعَ عَدَمِ عَصَبَةٍ، وَلِبِنْتٍ وَجَدَّةٍ نِصْفُهُمَا حُرٌّ الْمَالُ نِصْفَيْنِ بِفَرْضٍ وَرُدَّ، وَمَعَ حُرِّيَّةِ ثَلَاثَةِ أَرْبَاعِهِمَا الْمَالُ بَيْنَهُمَا أَرْبَاعًا بِقَدْرِ فَرْضِهِمَا، وَمَعَ حُرِّيَّةِ ثُلُثِهِمَا الثُّلُثَانِ بَيْنَهُمَا وَالْبَقِيَّةُ لِبَيْتِ الْمَالِ.
الشَّرْحُ
(8/460)
("
"ولا يقول: ارجع، من تتمة ما قال: إنه الصحيح، وليس مرادا، بل هو مجزوم به في الرافعي وغيره.
وأما الشفاعة في الحد، فقال المصنف في شرح مسلم: أجمع العلماء على تحريمها بعد بلوغ الإمام، وأنه يحرم تشفيعه فيه.
أما قبل بلوغ الإمام فأجازها أكثر العلماء إن لم يكن المشفوع فيه صاحب شر وأذى للناس، فإن كان لم يشفع، ","وَلَا يَقُولُ: ارْجِعْ، مِنْ تَتِمَّةِ مَا قَالَ: إِنَّهُ الصَّحِيحُ، وَلَيْسَ مُرَادًا، بَلْ هُوَ مَجْزُومٌ بِهِ فِي الرَّافِعِيِّ وَغَيْرِهِ.
وَأَمَّا الشَّفَاعَةُ فِي الْحَدِّ، فَقَالَ الْمُصَنِّفُ فِي شَرْحِ مُسْلِمٍ: أَجْمَعَ الْعُلَمَاءُ عَلَى تَحْرِيمِهَا بَعْدَ بُلُوغِ الْإِمَامِ، وَأَنَّهُ يَحْرُمُ تَشْفِيعَهُ فِيهِ.
أَمَّا قَبْلَ بُلُوغِ الْإِمَامِ فَأَجَازَهَا أَكْثَرُ الْعُلَمَاءِ إِنْ لَمْ يَكُنِ الْمَشْفُوعُ فِيهِ صَاحِبَ شَرٍّ وَأَذًى لِلنَّاسِ، فَإِنْ كَانَ لَمْ يَشْفَعْ، ","وَلَا يَقُولُ: ارْجِعْ، مِنْ تَتِمَّةِ مَا قَالَ: إِنَّهُ الصَّحِيحُ، وَلَيْسَ مُرَادًا، بَلْ هُوَ مَجْزُومٌ بِهِ فِي الرَّافِعِيِّ وَغَيْرِهِ.
وَأَمَّا الشَّفَاعَةُ فِي الْحَدِّ، فَقَالَ الْمُصَنِّفُ فِي شَرْحِ مُسْلِمٍ: أَجْمَعَ الْعُلَمَاءُ عَلَى تَحْرِيمِهَا بَعْدَ بُلُوغِ الْإِمَامِ، وَأَنَّهُ يَحْرُمُ تَشْفِيعُهُ فِيهِ.
أَمَّا قَبْلَ بُلُوغِ الْإِمَامِ فَأَجَازَهَا أَكْثَرُ الْعُلَمَاءِ إِنْ لَمْ يَكُنِ الْمَشْفُوعُ فِيهِ صَاحِبَ شَرٍّ وَأَذًى لِلنَّاسِ، فَإِنْ كَانَ لَمْ يَشْفَعْ،"
"كدور السكنى ونحوها وسيأتي (نام ولو تقديرا) النماء إما تحقيقي يكون بالتوالد والتناسل والتجارات أو تقديري يكون بالتمكن من الاستنماء أن يكون في يده أو يد نائبه، فإذا فقد لم تجب الزكاة
الشرح
(2/303)
(قوله: وشرط وجوبها العقل) ","كَدُورِ السُّكْنَى وَنَحْوِهَا وَسَيَأْتِي (نَامٍ وَلَوْ تَقْدِيرًا) النَّمَاءُ إِمَّا تَحْقِيقِيٌّ يَكُونُ بِالتَّوَالُدِ وَالتَّنَاسُلِ وَالتِّجَارَاتِ أَوْ تَقْدِيرِيٌّ يَكُونُ بِالتَّمَكُّنِ مِنَ الِاسْتِنْمَاءِ أَنْ يَكُونَ فِي يَدِهِ أَوْ يَدِ نَائِبِهِ، فَإِذَا فُقِدَ لَمْ تَجِبِ الزَّكَاةُ
الشَّرْحُ
(2/303)
(قَوْلُهُ: وَشَرْطُ وُجُوبِهَا الْعَقْلُ) ","كَدُورِ السُّكْنَى وَنَحْوِهَا وَسَيَأْتِي (نَامٍ وَلَوْ تَقْدِيرًا) النَّمَاءُ إِمَّا تَحْقِيقِيٌّ يَكُونُ بِالتَّوَالُدِ وَالتَّنَاسُلِ وَالتِّجَارَاتِ أَوْ تَقْدِيرِيٌّ يَكُونُ بِالتَّمَكُّنِ مِنَ الِاسْتِنْمَاءِ أَنْ يَكُونَ فِي يَدِهِ أَوْ يَدِ نَائِبِهِ، فَإِذَا فُقِدَ لَمْ تَجِبِ الزَّكَاةُ
الشَّرْحُ
(2/303)
(قَوْلُهُ: وَشَرْطُ وُجُوبِهَا الْعَقْلُ)"
"ولو قال رجل لغيره إني أريد أن آتي مصرا فأشتري الرقيق أو الثياب فقال له رجل خذ هذا الألف بضاعة لي أو قال اجعل لي من مالك بضاعة ألف درهم وكان جائزا ويصير مأذونا بشراء الرقيق والثياب ولو قال خذ هذا الألف بضاعة إلى الري في الثياب أو قال في الرقيق أو قال في الطعام فاشترى المستبضع بجميع المال ما أمر به ثم حمل ذلك وأنفق من ماله حتى أتى به صاحبه كان متطوعا في ذلك وكان الشراء جائزا على رب المال.
","وَلَوْ قَالَ رَجُلٌ لِغَيْرِهِ إِنِّي أُرِيدُ أَنْ آتِيَ مِصْرًا فَأَشْتَرِي الرَّقِيقَ أَوِ الثِّيَابَ فَقَالَ لَهُ رَجُلٌ خُذْ هَذَا الْأَلْفَ بِضَاعَةً لِي أَوْ قَالَ اجْعَلْ لِي مِنْ مَالِكَ بِضَاعَةً أَلْفَ دِرْهَمٍ وَكَانَ جَائِزًا وَيَصِيرُ مَأْذُونًا بِشِرَاءِ الرَّقِيقِ وَالثِّيَابِ وَلَوْ قَالَ خُذْ هَذَا الْأَلْفَ بِضَاعَةً إِلَى الرَّيِّ فِي الثِّيَابِ أَوْ قَالَ فِي الرَّقِيقِ أَوْ قَالَ فِي الطَّعَامِ فَاشْتَرَى الْمُسْتَبْضَعُ بِجَمِيعِ الْمَالِ مَا أُمِرَ بِهِ ثُمَّ حَمَلَ ذَلِكَ وَأَنْفَقَ مِنْ مَالِهِ حَتَّى أَتَى بِهِ صَاحِبَهُ كَانَ مُتَطَوِّعًا فِي ذَلِكَ وَكَانَ الشِّرَاءُ جَائِزًا عَلَى رَبِّ الْمَالِ.
",وَلَوْ قَالَ رَجُلٌ لِغَيْرِهِ إِنِّي أُرِيدُ أَنْ آتِيَ مِصْرًا فَأَشْتَرِيَ الرَّقِيقَ أَوِ الثِّيَابَ فَقَالَ لَهُ رَجُلٌ خُذْ هَذَا الْأَلْفَ بِضَاعَةً لِي أَوْ قَالَ اجْعَلْ لِي مِنْ مَالِكَ بِضَاعَةً أَلْفَ دِرْهَمٍ وَكَانَ جَائِزًا وَيَصِيرُ مَأْذُونًا بِشِرَاءِ الرَّقِيقِ وَالثِّيَابِ وَلَوْ قَالَ خُذْ هَذَا الْأَلْفَ بِضَاعَةً إِلَى الرَّيِّ فِي الثِّيَابِ أَوْ قَالَ فِي الرَّقِيقِ أَوْ قَالَ فِي الطَّعَامِ فَاشْتَرَى الْمُسْتَبْضِعُ بِجَمِيعِ الْمَالِ مَا أُمِرَ بِهِ ثُمَّ حَمَلَ ذَلِكَ وَأَنْفَقَ مِنْ مَالِهِ حَتَّى أَتَى بِهِ صَاحِبَهُ كَانَ مُتَطَوِّعًا فِي ذَلِكَ وَكَانَ الشِّرَاءُ جَائِزًا عَلَى رَبِّ الْمَالِ.
"حدثنا عفان حدثنا همام حدثنا يحيى بن أبي كثير حدثنا عبد الله بن أبي قتادة عن أبيه أنه شهد النبي صلى الله عليه وسلم صلى على ميت فسمعته يقول اللهم اغفر لحينا وميتنا وشاهدنا وغائبنا وصغيرنا وكبيرنا وذكرنا وأنثانا قال وحدثني أبو سلمة بن عبد الرحمن بهؤلاء الثمان كلمات وزاد كلمتين من أحييته منا فأحيه على الإسلام ومن توفيته منا فتوفه على الإيمان (37/306)
22620- ","حَدَّثَنَا عَفَّانُ حَدَّثَنَا هَمَّامٌ حَدَّثَنَا يَحْيَى بْنُ أَبِي كَثِيرٍ حَدَّثَنَا عَبْدُ اللَّهِ بْنُ أَبِي قَتَادَةَ عَنْ أَبِيهِ أَنَّهُ شَهِدَ النَّبِيَّ صَلَّى اللَّهُ عَلَيْهِ وَسَلَّمَ صَلَّى عَلَى مَيِّتٍ فَسَمِعْتُهُ يَقُولُ اللَّهُمَّ اغْفِرْ لِحَيِّنَا وَمَيِّتِنَا وَشَاهِدِنَا وَغَائِبِنَا وَصَغِيرِنَا وَكَبِيرِنَا وَذَكَرِنَا وَأُنْثَانَا قَالَ وَحَدَّثَنِي أَبُو سَلَمَةَ بْنُ عَبْدِ الرَّحْمَنِ بِهَؤُلَاءِ الثَّمَانِ كَلِمَاتٍ وَزَادَ كَلِمَتَيْنِ مَنْ أَحْيَيْتَهُ مِنَّا فَأَحْيِهِ عَلَى الْإِسْلَامِ وَمَنْ تَوَفَّيْتَهُ مِنَّا فَتَوَفَّهُ عَلَى الْإِيمَانِ (37/306)
22620- ","حَدَّثَنَا عَفَّانُ حَدَّثَنَا هَمَّامٌ حَدَّثَنَا يَحْيَى بْنُ أَبِي كَثِيرٍ حَدَّثَنَا عَبْدُ اللَّهِ بْنُ أَبِي قَتَادَةَ عَنْ أَبِيهِ أَنَّهُ شَهِدَ النَّبِيَّ صَلَّى اللَّهُ عَلَيْهِ وَسَلَّمَ صَلَّى عَلَى مَيِّتٍ فَسَمِعْتُهُ يَقُولُ اللَّهُمَّ اغْفِرْ لِحَيِّنَا وَمَيِّتِنَا وَشَاهِدِنَا وَغَائِبِنَا وَصَغِيرِنَا وَكَبِيرِنَا وَذَكَرِنَا وَأُنْثَانَا قَالَ وَحَدَّثَنِي أَبُو سَلَمَةَ بْنُ عَبْدِ الرَّحْمَنِ بِهَؤُلَاءِ الثَّمَانِ كَلِمَاتٍ وَزَادَ كَلِمَتَيْنِ مَنْ أَحْيَيْتُهُ مِنَّا فَأَحْيِهِ عَلَى الْإِسْلَامِ وَمَنْ تَوَفَّيْتُهُ مِنَّا فَتَوَفَّهُ عَلَى الْإِيمَانِ (37/306)
22620-"
ولنا قوله عليه الصلاة والسلام {يا بلال لا تؤذن حتى يطلع الفجر} أخرجه البيهقي قال في الإمام ورجال إسناده ثقات وروي عن عبد العزيز بن أبي رواد عن نافع عن ابن عمر {أن بلالا أذن قبل طلوع الفجر فغضب النبي صلى الله عليه وسلم} ,وَلَنَا قَوْلُهُ عَلَيْهِ الصَّلَاةُ وَالسَّلَامُ {يَا بِلَالُ لَا تُؤَذِّنْ حَتَّى يَطْلُعَ الْفَجْرُ} أَخْرَجَهُ الْبَيْهَقِيُّ قَالَ فِي الْإِمَامِ وَرِجَالُ إِسْنَادِهِ ثِقَاتٌ وَرُوِيَ عَنْ عَبْدِ الْعَزِيزِ بْنِ أَبِي رَوَّادٍ عَنْ نَافِعٍ عَنِ ابْنِ عُمَرَ {أَنَّ بِلَالًا أَذَّنَ قَبْلَ طُلُوعِ الْفَجْرِ فَغَضِبَ النَّبِيُّ صَلَّى اللَّهُ عَلَيْهِ وَسَلَّمَ} ,وَلَنَا قَوْلُهُ عَلَيْهِ الصَّلَاةُ وَالسَّلَامُ {يَا بِلَالُ لَا تُؤَذِّنْ حَتَّى يَطْلُعَ الْفَجْرُ} أَخْرَجَهُ الْبَيْهَقِيُّ قَالَ فِي الْإِمَامِ وَرِجَالُ إِسْنَادِهِ ثِقَاتٌ وَرُوِيَ عَنْ عَبْدِ الْعَزِيزِ بْنِ أَبِي رَوَّادٍ عَنْ نَافِعٍ عَنِ ابْنِ عُمَرَ {أَنَّ بِلَالًا أَذَّنَ قَبْلَ طُلُوعِ الْفَجْرِ فَغَضِبَ النَّبِيُّ صَلَّى اللَّهُ عَلَيْهِ وَسَلَّمَ}
وإن تخلف من أفراد الناس وصلى في بيته فقد ترك الفضيلة ا ه (قوله على قول) وغير مستحبة على قول آخر بل يصليها وحده في بيته، وهما قولان مصححان وسيأتي قبيل إدراك الفريضة ترجيح الثاني بأنه المذهب (قوله وفي وتر غيره إلخ) كراهة الجماعة فيه هو المشهور، وذكره القدوري في مختصره، ,وَإِنْ تَخَلَّفَ مِنْ أَفْرَادِ النَّاسِ وَصَلَّى فِي بَيْتِهِ فَقَدْ تَرَكَ الْفَضِيلَةَ ا ه (قَوْلُهُ عَلَى قَوْلٍ) وَغَيْرُ مُسْتَحَبَّةٍ عَلَى قَوْلٍ آخَرَ بَلْ يُصَلِّيهَا وَحْدَهُ فِي بَيْتِهِ، وَهُمَا قَوْلَانِ مُصَحَّحَانِ وَسَيَأْتِي قَبِيلَ إِدْرَاكِ الْفَرِيضَةِ تَرْجِيحُ الثَّانِي بِأَنَّهُ الْمَذْهَبُ (قَوْلُهُ وَفِي وِتْرِ غَيْرِهِ إِلَخْ) كَرَاهَةُ الْجَمَاعَةِ فِيهِ هُوَ الْمَشْهُورُ، وَذَكَرَهُ الْقُدُورِيُّ فِي مُخْتَصَرِهِ، ,وَإِنْ تَخَلَّفَ مِنْ أَفْرَادِ النَّاسِ وَصَلَّى فِي بَيْتِهِ فَقَدْ تَرَكَ الْفَضِيلَةَ ا ه (قَوْلُهُ عَلَى قَوْلٍ) وَغَيْرُ مُسْتَحَبَّةٍ عَلَى قَوْلٍ آخَرَ بَلْ يُصَلِّيهَا وَحْدَهُ فِي بَيْتِهِ، وَهُمَا قَوْلَانِ مُصَحَّحَانِ وَسَيَأْتِي قُبَيْلَ إِدْرَاكِ الْفَرِيضَةِ تَرْجِيحُ الثَّانِي بِأَنَّهُ الْمَذْهَبُ (قَوْلُهُ وَفِي وِتْرٍ غَيْرِهِ إِلَخْ) كَرَاهَةُ الْجَمَاعَةِ فِيهِ هُوَ الْمَشْهُورُ، وَذَكَرَهُ الْقُدُورِيُّ فِي مُخْتَصَرِهِ،
"ولا يقبل قوله في حق من يزعم أنه قتله
الشرح
(قوله حلف بالله إلخ) يعني لا يسقط اليمين عنه بقوله قتله فلان، غاية ما في الباب أنه استثنى عن يمينه، وهذا لا ينافي أن يكون المقر شريكه في القتل، ","وَلَا يُقْبَلُ قَوْلُهُ فِي حَقِّ مَنْ يَزْعُمُ أَنَّهُ قَتَلَهُ
الشَّرْحُ
(قَوْلُهُ حَلَفَ بِاللَّهِ إِلَخْ) يَعْنِي لَا يَسْقُطُ الْيَمِينُ عَنْهُ بِقَوْلِهِ قَتَلَهُ فُلَانٌ، غَايَةُ مَا فِي الْبَابِ أَنَّهُ اسْتَثْنَى عَنْ يَمِينِهِ، وَهَذَا لَا يُنَافِي أَنْ يَكُونَ الْمُقِرُّ شَرِيكَهُ فِي الْقَتْلِ، ","وَلَا يُقْبَلُ قَوْلُهُ فِي حَقِّ مَنْ يَزْعُمُ أَنَّهُ قَتَلَهُ
الشَّرْحُ
(قَوْلُهُ حَلَفَ بِاللَّهِ إِلَخْ) يَعْنِي لَا يَسْقُطُ الْيَمِينُ عَنْهُ بِقَوْلِهِ قَتَلَهُ فُلَانٌ، غَايَةُ مَا فِي الْبَابِ أَنَّهُ اسْتَثْنَى عَنْ يَمِينِهِ، وَهَذَا لَا يُنَافِي أَنْ يَكُونَ الْمُقِرُّ شَرِيكَهُ فِي الْقَتْلِ،"
"وفي الذخيرة الإدهان المحرم أن يأخذ آنية الذهب والفضة ويصب الدهن على الرأس أما إذا أدخل يده وأخذ الدهن ثم صبه على الرأس من اليد لا يكره كما في النهاية.
","وَفِي الذَّخِيرَةِ الْإِدْهَانُ الْمُحَرَّمُ أَنْ يَأْخُذَ آنِيَةَ الذَّهَبِ وَالْفِضَّةِ وَيَصُبَّ الدُّهْنَ عَلَى الرَّأْسِ أَمَّا إِذَا أَدْخَلَ يَدَهُ وَأَخَذَ الدُّهْنَ ثُمَّ صَبَّهُ عَلَى الرَّأْسِ مِنَ الْيَدِ لَا يُكْرَهُ كَمَا فِي النِّهَايَةِ.
",وَفِي الذَّخِيرَةِ الْإِدْهَانُ الْمُحَرَّمُ أَنْ يَأْخُذَ آنِيَةَ الذَّهَبِ وَالْفِضَّةِ وَيَصُبَّ الدُّهْنَ عَلَى الرَّأْسِ أَمَّا إِذَا أَدْخَلَ يَدَهُ وَأَخَذَ الدُّهْنَ ثُمَّ صَبَّهُ عَلَى الرَّأْسِ مِنَ الْيَدِ لَا يُكْرَهُ كَمَا فِي النِّهَايَةِ.
والمنصف منهما فيحل شربه ولا يحرم إلا السكر منه وهو طاهر يجوز بيعه ويضمن متلفه، وهذا قول أبي حنيفة وأبي يوسف رضي الله عنهما، وعن محمد رحمه الله روايتان: في رواية لا يحل شربه لكن لا يجب الحد إلا بالسكر، وفي رواية قال لا أحرمه ولكن لا أشرب منه، والحجج تذكر في المثلث، ,وَالْمُنَصَّفُ مِنْهُمَا فَيَحِلُّ شُرْبُهُ وَلَا يَحْرُمُ إِلَّا السُّكْرُ مِنْهُ وَهُوَ طَاهِرٌ يَجُوزُ بَيْعُهُ وَيَضْمَنُ مُتْلِفُهُ، وَهَذَا قَوْلُ أَبِي حَنِيفَةَ وَأَبِي يُوسُفَ رَضِيَ اللَّهُ عَنْهُمَا، وَعَنْ مُحَمَّدٍ رَحِمَهُ اللَّهُ رِوَايَتَانِ: فِي رِوَايَةٍ لَا يَحِلُّ شُرْبُهُ لَكِنْ لَا يَجِبُ الْحَدُّ إِلَّا بِالسُّكْرِ، وَفِي رِوَايَةٍ قَالَ لَا أُحَرِّمُهُ وَلَكِنْ لَا أَشْرَبُ مِنْهُ، وَالْحُجَجُ تُذْكَرُ فِي الْمُثَلَّثِ، ,وَالْمُنَصَّفُ مِنْهُمَا فَيَحِلُّ شُرْبُهُ وَلَا يَحْرُمُ إِلَّا السُّكْرُ مِنْهُ وَهُوَ طَاهِرٌ يَجُوزُ بَيْعُهُ وَيَضْمَنُ مُتْلِفُهُ، وَهَذَا قَوْلُ أَبِي حَنِيفَةَ وَأَبِي يُوسُفَ رَضِيَ اللَّهُ عَنْهُمَا، وَعَنْ مُحَمَّدٍ رَحِمَهُ اللَّهُ رِوَايَتَانِ: فِي رِوَايَةٍ لَا يَحِلُّ شُرْبُهُ لَكِنْ لَا يَجِبُ الْحَدُّ إِلَّا بِالسُّكْرِ، وَفِي رِوَايَةٍ قَالَ لَا أُحَرِّمُهُ وَلَكِنْ لَا أَشْرَبُ مِنْهُ، وَالْحُجَجُ تُذْكَرُ فِي الْمُثَلَّثِ،
"المبيع (عنده، ولم يرض بعيبه بعد فسخ العقد) ليستدرك ظلامته.
(ورد) مشتر (بدله) أي المعيب التالف عنده (واسترجع الثمن) إن كان أقبضه لبائع لتعذر أخذ الأرش، لإفضائه للربا، (وكسب مبيع معيب) من عقد إلى رد (لمشتر) لحديث {الخراج بالضمان} ولو هلك المبيع لكان من ضمانه (ولا يرد) مشتر رد مبيعا (لعيبه نماء منفصلا) ","الْمَبِيعُ (عِنْدَهُ، وَلَمْ يَرْضَ بِعَيْبِهِ بَعْدَ فَسْخِ الْعَقْدِ) لِيَسْتَدْرِكَ ظِلَامَتَهُ.
(وَرَدَّ) مُشْتَرٍ (بَدَلَهُ) أَيِ الْمَعِيبِ التَّالِفِ عِنْدَهُ (وَاسْتَرْجَعَ الثَّمَنَ) إِنْ كَانَ أَقْبَضَهُ لِبَائِعٍ لِتَعَذُّرِ أَخْذِ الْأَرْشِ، لِإِفْضَائِهِ لِلرِّبَا، (وَكَسْبُ مَبِيعٍ مَعِيبٍ) مِنْ عَقْدٍ إِلَى رَدٍّ (لِمُشْتَرٍ) لِحَدِيثِ {الْخَرَاجُ بِالضَّمَانِ} وَلَوْ هَلَكَ الْمَبِيعُ لَكَانَ مِنْ ضَمَانِهِ (وَلَا يَرُدُّ) مُشْتَرٍ رَدَّ مَبِيعًا (لِعَيْبِهِ نَمَاءً مُنْفَصِلًا) ","الْمَبِيعُ (عِنْدَهُ، وَلَمْ يَرْضَ بِعَيْبِهِ بَعْدَ فَسْخِ الْعَقْدِ) لِيَسْتَدْرِكَ ظِلَامَتَهُ.
(وَرَدَّ) مُشْتَرٍ (بَدَلَهُ) أَيِ الْمَعِيبَ التَّالِفَ عِنْدَهُ (وَاسْتَرْجَعَ الثَّمَنَ) إِنْ كَانَ أَقْبَضَهُ لِبَائِعٍ لِتَعَذُّرِ أَخْذِ الْأَرْشِ، لِإِفْضَائِهِ لِلرِّبَا، (وَكَسْبُ مَبِيعٍ مَعِيبٍ) مِنْ عَقْدٍ إِلَى رَدٍّ (لِمُشْتَرٍ) لِحَدِيثِ {الْخَرَاجُ بِالضَّمَانِ} وَلَوْ هَلَكَ الْمَبِيعُ لَكَانَ مِنْ ضَمَانِهِ (وَلَا يَرُدُّ) مُشْتَرٍ رَدَّ مَبِيعًا (لِعَيْبِهِ نَمَاءً مُنْفَصِلًا)"
"قوله: فرع لو اختلط مثلي حرام إلخ.) قال في الروض: فرع، وإن اختلط حمام مملوك أي: محصور، أو غير محصور بحمام بلد مباح غير محصور لم يحرم الاصطياد، ولو كان المباح محصورا حرم.
ا ه.
ولا خفاء أن للمالك أن يأخذ منه ما شاء، ولو بلا اجتهاد؛ لأنه مهما، وضع يده عليه صار ملكه؛ ","قَوْلُهُ: فَرْعٌ لَوِ اخْتَلَطَ مِثْلِيٌّ حَرَامٌ إِلَخْ.) قَالَ فِي الرَّوْضِ: فَرْعٌ، وَإِنِ اخْتَلَطَ حَمَامٌ مَمْلُوكٌ أَيْ: مَحْصُورٌ، أَوْ غَيْرُ مَحْصُورٍ بِحَمَامِ بَلَدٍ مُبَاحٍ غَيْرِ مَحْصُورٍ لَمْ يَحْرُمِ الِاصْطِيَادُ، وَلَوْ كَانَ الْمُبَاحُ مَحْصُورًا حَرُمَ.
ا ه.
وَلَا خَفَاءَ أَنَّ لِلْمَالِكِ أَنْ يَأْخُذَ مِنْهُ مَا شَاءَ، وَلَوْ بِلَا اجْتِهَادٍ؛ لِأَنَّهُ مَهْمَا، وَضَعَ يَدَهُ عَلَيْهِ صَارَ مِلْكَهُ؛ ","قَوْلُهُ: فَرْعٌ لَوِ اخْتَلَطَ مِثْلِيٌّ حَرَامٌ إِلَخْ.) قَالَ فِي الرَّوْضِ: فَرْعٌ، وَإِنِ اخْتَلَطَ حَمَامٌ مَمْلُوكٌ أَيْ: مَحْصُورٌ، أَوْ غَيْرُ مَحْصُورٍ بِحَمَامِ بَلَدٍ مُبَاحٍ غَيْرِ مَحْصُورٍ لَمْ يَحْرُمِ الِاصْطِيَادُ، وَلَوْ كَانَ الْمُبَاحُ مَحْصُورًا حَرُمَ.
ا ه.
وَلَا خَفَاءَ أَنَّ لِلْمَالِكِ أَنْ يَأْخُذَ مِنْهُ مَا شَاءَ، وَلَوْ بِلَا اجْتِهَادٍ؛ لِأَنَّهُ مَهْمَا، وَضَعَ يَدَهُ عَلَيْهِ صَارَ مِلْكَهُ؛"
وذلك أن العشرة إما أن تضاف إلى الله تعالى أو إلى من يوقف على مشيئته من العباد أو من لا يوقف أو إلى الثلاثة أو إلى اثنين منها، فهي سبعة تضرب في العشرة تبلغ سبعين، ,وَذَلِكَ أَنَّ الْعَشَرَةَ إِمَّا أَنْ تُضَافَ إِلَى اللَّهِ تَعَالَى أَوْ إِلَى مَنْ يُوقَفُ عَلَى مَشِيئَتِهِ مِنَ الْعِبَادِ أَوْ مَنْ لَا يُوقَفُ أَوْ إِلَى الثَّلَاثَةِ أَوْ إِلَى اثْنَيْنِ مِنْهَا، فَهِيَ سَبْعَةٌ تُضْرَبُ فِي الْعَشَرَةِ تَبْلُغُ سَبْعِينَ، ,وَذَلِكَ أَنَّ الْعَشَرَةَ إِمَّا أَنْ تُضَافَ إِلَى اللَّهِ تَعَالَى أَوْ إِلَى مَنْ يُوقَفُ عَلَى مَشِيئَتِهِ مِنَ الْعِبَادِ أَوْ مَنْ لَا يُوقَفُ أَوْ إِلَى الثَّلَاثَةِ أَوْ إِلَى اثْنَيْنِ مِنْهَا، فَهِيَ سَبْعَةٌ تُضْرَبُ فِي الْعَشَرَةِ تَبْلُغُ سَبْعِينَ،
وصرح في الهداية بسقوطه للعذر بأن يكون به ضعف أو علة أو كانت امرأة تخاف الزحام لا شيء عليه وسيأتي في الجنايات أن هذا لا يخص هذا الواجب بل كل واجب إذا تركه للعذر لا شيء عليه، ولم يقيد في المحيط خوف الزحام بالمرأة بل أطلقه فشمل الرجل لو مر قبل الوقت لخوفه لا شيء عليه، ,وَصَرَّحَ فِي الْهِدَايَةِ بِسُقُوطِهِ لِلْعُذْرِ بِأَنْ يَكُونَ بِهِ ضَعْفٌ أَوْ عِلَّةٌ أَوْ كَانَتِ امْرَأَةً تَخَافُ الزِّحَامَ لَا شَيْءَ عَلَيْهِ وَسَيَأْتِي فِي الْجِنَايَاتِ أَنَّ هَذَا لَا يَخُصُّ هَذَا الْوَاجِبَ بَلْ كُلَّ وَاجِبٍ إِذَا تَرَكَهُ لِلْعُذْرِ لَا شَيْءَ عَلَيْهِ، وَلَمْ يُقَيِّدْ فِي الْمُحِيطِ خَوْفَ الزِّحَامِ بِالْمَرْأَةِ بَلْ أَطْلَقَهُ فَشَمَلَ الرَّجُلَ لَوْ مَرَّ قَبْلَ الْوَقْتِ لِخَوْفِهِ لَا شَيْءَ عَلَيْهِ، ,وَصَرَّحَ فِي الْهِدَايَةِ بِسُقُوطِهِ لِلْعُذْرِ بِأَنْ يَكُونَ بِهِ ضَعْفٌ أَوْ عِلَّةٌ أَوْ كَانَتِ امْرَأَةً تَخَافُ الزِّحَامَ لَا شَيْءَ عَلَيْهِ وَسَيَأْتِي فِي الْجِنَايَاتِ أَنَّ هَذَا لَا يَخُصُّ هَذَا الْوَاجِبَ بَلْ كُلَّ وَاجِبٍ إِذَا تَرَكَهُ لِلْعُذْرِ لَا شَيْءَ عَلَيْهِ، وَلَمْ يُقَيِّدْ فِي الْمُحِيطِ خَوْفَ الزِّحَامِ بِالْمَرْأَةِ بَلْ أَطْلَقَهُ فَشَمِلَ الرَّجُلَ لَوْ مَرَّ قَبْلَ الْوَقْتِ لِخَوْفِهِ لَا شَيْءَ عَلَيْهِ،
وفرق ابن القاسم بينهما بأن المرضع قادرة على إزالة ذلك السبب فكانت قادرة على الأقراء بخلاف المريضة فإنها لا تقدر على رفع السبب فأشبهت اليائسة، ومثل تأخر الحيض لمرض تأخره لطربة (قوله تربصت تسعة) وتعتبر تلك التسعة من يوم الطلاق على ما في المدونة (قوله: ثم اعتدت بثلاثة) ,وَفَرَّقَ ابْنُ الْقَاسِمِ بَيْنَهُمَا بِأَنَّ الْمُرْضِعَ قَادِرَةٌ عَلَى إِزَالَةِ ذَلِكَ السَّبَبِ فَكَانَتْ قَادِرَةً عَلَى الْأَقْرَاءِ بِخِلَافِ الْمَرِيضَةِ فَإِنَّهَا لَا تَقْدِرُ عَلَى رَفْعِ السَّبَبِ فَأَشْبَهَتِ الْيَائِسَةَ، وَمِثْلُ تَأَخُّرِ الْحَيْضِ لِمَرَضٍ تَأَخُّرُهُ لِطَرِبَةٍ (قَوْلُهُ تَرَبَّصَتْ تِسْعَةً) وَتُعْتَبَرُ تِلْكَ التِّسْعَةُ مِنْ يَوْمِ الطَّلَاقِ عَلَى مَا فِي الْمُدَوَّنَةِ (قَوْلُهُ: ثُمَّ اعْتَدَّتْ بِثَلَاثَةٍ) ,وَفَرَّقَ ابْنُ الْقَاسِمِ بَيْنَهُمَا بِأَنَّ الْمُرْضِعَ قَادِرَةٌ عَلَى إِزَالَةِ ذَلِكَ السَّبَبِ فَكَانَتْ قَادِرَةً عَلَى الْأَقْرَاءِ بِخِلَافِ الْمَرِيضَةِ فَإِنَّهَا لَا تَقْدِرُ عَلَى رَفْعِ السَّبَبِ فَأَشْبَهَتِ الْيَائِسَةَ، وَمِثْلُ تَأَخُّرِ الْحَيْضِ لِمَرَضٍ تَأَخُّرُهُ لِطَرِبَةٍ (قَوْلُهُ تَرَبَّصَتْ تِسْعَةً) وَتُعْتَبَرُ تِلْكَ التِّسْعَةُ مِنْ يَوْمِ الطَّلَاقِ عَلَى مَا فِي الْمُدَوَّنَةِ (قَوْلُهُ: ثُمَّ اعْتَدَّتْ بِثَلَاثَةٍ)
"لعله بنية الحقيقة وهذا يشير إلى أنه لا يصدق قضاء وهو إحدى روايتين والثانية يصدق قضاء أيضا لأنه نوى حقيقة كلامه إذا كان اسم الاستطاعة يطلق بالاشتراك على كل من المعنيين والأول أوجه لأنه وإن كان مشتركا بينهما لكن تعورف استعماله عند الإطلاق عن القرينة لأحد المعنيين بخصوصه وهو سلامة آلات الفعل وصحة أسبابه فصار ظاهرا فيه بخصوصه فلا يصدقه القاضي في خلاف الظاهر كذا في الفتح (5/213)
(","لَعَلَّهُ بِنِيَّةِ الْحَقِيقَةِ وَهَذَا يُشِيرُ إِلَى أَنَّهُ لَا يُصَدَّقُ قَضَاءً وَهُوَ إِحْدَى رِوَايَتَيْنِ وَالثَّانِيَةُ يُصَدَّقُ قَضَاءً أَيْضًا لِأَنَّهُ نَوَى حَقِيقَةَ كَلَامِهِ إِذَا كَانَ اسْمُ الِاسْتِطَاعَةِ يُطْلَقُ بِالِاشْتِرَاكِ عَلَى كُلٍّ مِنَ الْمَعْنَيَيْنِ وَالْأَوَّلُ أَوْجَهُ لِأَنَّهُ وَإِنْ كَانَ مُشْتَرَكًا بَيْنَهُمَا لَكِنْ تُعُورِفَ اسْتِعْمَالُهُ عِنْدَ الْإِطْلَاقِ عَنِ الْقَرِينَةِ لِأَحَدِ الْمَعْنَيَيْنِ بِخُصُوصِهِ وَهُوَ سَلَامَةُ آلَاتِ الْفِعْلِ وَصِحَّةُ أَسْبَابِهِ فَصَارَ ظَاهِرًا فِيهِ بِخُصُوصِهِ فَلَا يُصَدِّقُهُ الْقَاضِي فِي خِلَافِ الظَّاهِرِ كَذَا فِي الْفَتْحِ (5/213)
(","لَعَلَّهُ بِنِيَّةِ الْحَقِيقَةِ وَهَذَا يُشِيرُ إِلَى أَنَّهُ لَا يُصَدَّقُ قَضَاءً وَهُوَ إِحْدَى رِوَايَتَيْنِ وَالثَّانِيَةُ يُصَدَّقُ قَضَاءً أَيْضًا لِأَنَّهُ نَوَى حَقِيقَةَ كَلَامِهِ إِذَا كَانَ اسْمُ الِاسْتِطَاعَةِ يُطْلَقُ بِالِاشْتِرَاكِ عَلَى كُلٍّ مِنَ الْمَعْنَيَيْنِ وَالْأَوَّلُ أَوْجَهُ لِأَنَّهُ وَإِنْ كَانَ مُشْتَرَكًا بَيْنَهُمَا لَكِنْ تُعُورِفَ اسْتِعْمَالُهُ عِنْدَ الْإِطْلَاقِ عَنِ الْقَرِينَةِ لِأَحَدِ الْمَعْنَيَيْنِ بِخُصُوصِهِ وَهُوَ سَلَامَةُ آلَاتِ الْفِعْلِ وَصِحَّةُ أَسْبَابِهِ فَصَارَ ظَاهِرًا فِيهِ بِخُصُوصِهِ فَلَا يُصَدِّقُهُ الْقَاضِي فِي خِلَافِ الظَّاهِرِ كَذَا فِي الْفَتْحِ (5/213)
("
أو أنكراه؛ لأن للولد حقا في النسب فلا يثبت بالإنكار من غيره وينفقان عليه إلى أن يعرض على القائف أو ينتسب، ويرجع بالنفقة من لم يلحقه الولد على من لحقه إن أنفق بإذن الحاكم ولم يدع الولد، ويقبلان له الوصية التي أوصى له بها في مدة التوقف؛ لأن أحدهما أبوه، ,أَوْ أَنْكَرَاهُ؛ لِأَنَّ لِلْوَلَدِ حَقًّا فِي النَّسَبِ فَلَا يَثْبُتُ بِالْإِنْكَارِ مِنْ غَيْرِهِ وَيُنْفِقَانِ عَلَيْهِ إِلَى أَنْ يُعْرَضَ عَلَى الْقَائِفِ أَوْ يُنْتَسَبَ، وَيَرْجِعُ بِالنَّفَقَةِ مَنْ لَمْ يَلْحَقْهُ الْوَلَدُ عَلَى مَنْ لَحِقَهُ إِنْ أَنْفَقَ بِإِذْنِ الْحَاكِمِ وَلَمْ يَدَّعِ الْوَلَدَ، وَيَقْبَلَانِ لَهُ الْوَصِيَّةَ الَّتِي أَوْصَى لَهُ بِهَا فِي مُدَّةِ التَّوَقُّفِ؛ لِأَنَّ أَحَدَهُمَا أَبُوهُ، ,أَوْ أَنْكَرَاهُ؛ لِأَنَّ لِلْوَلَدِ حَقًّا فِي النَّسَبِ فَلَا يَثْبُتُ بِالْإِنْكَارِ مِنْ غَيْرِهِ وَيُنْفِقَانِ عَلَيْهِ إِلَى أَنْ يُعْرَضَ عَلَى الْقَائِفِ أَوْ يَنْتَسِبَ، وَيَرْجِعَ بِالنَّفَقَةِ مَنْ لَمْ يَلْحَقْهُ الْوَلَدُ عَلَى مَنْ لَحِقَهُ إِنْ أَنْفَقَ بِإِذْنِ الْحَاكِمِ وَلَمْ يَدَّعِ الْوَلَدَ، وَيَقْبَلَانِ لَهُ الْوَصِيَّةَ الَّتِي أَوْصَى لَهُ بِهَا فِي مُدَّةِ التَّوَقُّفِ؛ لِأَنَّ أَحَدَهُمَا أَبُوهُ،
"كذا في فتاوى قاضي خان. (24/399)
في فتاوى أبي الليث شاهدان شهدا عند القاضي والحاكم يعرف أحدهما بالعدالة ولا يعرف الآخر فزكاه المعروف بالعدالة؛ قال نصير: لا يقبل تعديله.
وعن أبي سلمة روايتان وعن الفقيه أبي بكر البلخي رحمه الله تعالى في ثلاثة شهدوا عند الحاكم وهو يعرف اثنين ولم يعرف الثالث فعدله الاثنين قال: ","كَذَا فِي فَتَاوَى قَاضِي خَانْ. (24/399)
فِي فَتَاوَى أَبِي اللَّيْثِ شَاهِدَانِ شَهِدَا عِنْدَ الْقَاضِي وَالْحَاكِمُ يَعْرِفُ أَحَدَهُمَا بِالْعَدَالَةِ وَلَا يَعْرِفُ الْآخَرَ فَزَكَّاهُ الْمَعْرُوفُ بِالْعَدَالَةِ؛ قَالَ نُصَيْرٌ: لَا يَقْبَلُ تَعْدِيلَهُ.
وَعَنْ أَبِي سَلَمَةَ رِوَايَتَانِ وَعَنِ الْفَقِيهِ أَبِي بَكْرٍ الْبَلْخِيّ رَحِمَهُ اللَّهُ تَعَالَى فِي ثَلَاثَةٍ شَهِدُوا عِنْدَ الْحَاكِمِ وَهُوَ يَعْرِفُ اثْنَيْنِ وَلَمْ يَعْرِفِ الثَّالِثَ فَعَدَّلَهُ الِاثْنَيْنِ قَالَ: ","كَذَا فِي فَتَاوَى قَاضِي خَانْ. (24/399)
فِي فَتَاوَى أَبِي اللَّيْثِ شَاهِدَانِ شَهِدَا عِنْدَ الْقَاضِي وَالْحَاكِمُ يَعْرِفُ أَحَدَهُمَا بِالْعَدَالَةِ وَلَا يَعْرِفُ الْآخَرَ فَزَكَّاهُ الْمَعْرُوفُ بِالْعَدَالَةِ؛ قَالَ نُصَيْرٌ: لَا يُقْبَلُ تَعْدِيلُهُ.
وَعَنْ أَبِي سَلَمَةَ رِوَايَتَانِ وَعَنِ الْفَقِيهِ أَبِي بَكْرٍ الْبَلْخِيّ رَحِمَهُ اللَّهُ تَعَالَى فِي ثَلَاثَةٍ شَهِدُوا عِنْدَ الْحَاكِمِ وَهُوَ يَعْرِفُ اثْنَيْنِ وَلَمْ يَعْرِفِ الثَّالِثَ فَعَدَّلَهُ الِاثْنَيْنِ قَالَ:"
"يقبل.
قوله (وهل يقبل فيما عدا ذلك مثل: القصاص، والنكاح، والطلاق، والخلع، والعتق، والنسب، والكتابة، والتوكيل، والوصية إليه؟ على روايتين) .
قال في الهداية: يخرج على روايتين.
وقال في الخلاصة: فيه وجهان.
وأطلقهما في الهداية، والمذهب.
والمستوعب، والخلاصة، وشرح ابن منجا.
أحدهما: يقبل.
وهو المذهب.
وهو ظاهر كلام الخرقي.
قال الزركشي: ","يُقْبَلُ.
قَوْلُهُ (وَهَلْ يُقْبَلُ فِيمَا عَدَا ذَلِكَ مِثْلُ: الْقِصَاصِ، وَالنِّكَاحِ، وَالطَّلَاقِ، وَالْخُلْعِ، وَالْعِتْقِ، وَالنَّسَبِ، وَالْكِتَابَةِ، وَالتَّوْكِيلِ، وَالْوَصِيَّةِ إِلَيْهِ؟ عَلَى رِوَايَتَيْنِ) .
قَالَ فِي الْهِدَايَةِ: يُخَرَّجُ عَلَى رِوَايَتَيْنِ.
وَقَالَ فِي الْخُلَاصَةِ: فِيهِ وَجْهَانِ.
وَأَطْلَقَهُمَا فِي الْهِدَايَةِ، وَالْمُذْهَبِ.
وَالْمُسْتَوْعِبِ، وَالْخُلَاصَةِ، وَشَرْحِ ابْنِ مُنَجَّا.
أَحَدُهُمَا: يُقْبَلُ.
وَهُوَ الْمَذْهَبُ.
وَهُوَ ظَاهِرُ كَلَامِ الْخِرَقِيِّ.
قَالَ الزَّرْكَشِيُّ: ","يُقْبَلُ.
قَوْلُهُ (وَهَلْ يُقْبَلُ فِيمَا عَدَا ذَلِكَ مِثْلُ: الْقِصَاصِ، وَالنِّكَاحِ، وَالطَّلَاقِ، وَالْخُلْعِ، وَالْعِتْقِ، وَالنَّسَبِ، وَالْكِتَابَةِ، وَالتَّوْكِيلِ، وَالْوَصِيَّةِ إِلَيْهِ؟ عَلَى رِوَايَتَيْنِ) .
قَالَ فِي الْهِدَايَةِ: يُخَرَّجُ عَلَى رِوَايَتَيْنِ.
وَقَالَ فِي الْخُلَاصَةِ: فِيهِ وَجْهَانِ.
وَأَطْلَقَهُمَا فِي الْهِدَايَةِ، وَالْمُذْهَبِ.
وَالْمُسْتَوْعِبِ، وَالْخُلَاصَةِ، وَشَرْحِ ابْنِ مُنَجَّا.
أَحَدُهُمَا: يُقْبَلُ.
وَهُوَ الْمَذْهَبُ.
وَهُوَ ظَاهِرُ كَلَامِ الْخِرَقِيِّ.
قَالَ الزَّرْكَشِيُّ:"
"فقال قال مالك: إن لم يجد إلا صنفا واحدا أجزأه أن يجعلها فيهم.
قال مالك: وإذا كنت تجد الأصناف كلها الذين ذكر الله في القرآن وكان منها صنف واحد هم أحوج، آثر أهل الحاجة حيث كانت حتى تسد حاجتهم، وإنما يتبع في ذلك في كل عام أهل الحاجة حيث كانت وليس في ذلك قسم مسمى. (2/230)
","فَقَالَ قَالَ مَالِكٌ: إِنْ لَمْ يَجِدْ إِلَّا صِنْفًا وَاحِدًا أَجْزَأَهُ أَنْ يَجْعَلَهَا فِيهِمْ.
قَالَ مَالِكٌ: وَإِذَا كُنْتَ تَجِدُ الْأَصْنَافَ كُلَّهَا الَّذِينَ ذَكَرَ اللَّهُ فِي الْقُرْآنِ وَكَانَ مِنْهَا صِنْفٌ وَاحِدٌ هُمْ أَحْوَجُ، آثِرْ أَهْلَ الْحَاجَةِ حَيْثُ كَانَتْ حَتَّى تَسُدَّ حَاجَتَهُمْ، وَإِنَّمَا يُتْبَعُ فِي ذَلِكَ فِي كُلِّ عَامٍ أَهْلُ الْحَاجَةِ حَيْثُ كَانَتْ وَلَيْسَ فِي ذَلِكَ قَسْمٌ مُسَمًّى. (2/230)
","فَقَالَ قَالَ مَالِكٌ: إِنْ لَمْ يَجِدْ إِلَّا صِنْفًا وَاحِدًا أَجْزَأَهُ أَنْ يَجْعَلَهَا فِيهِمْ.
قَالَ مَالِكٌ: وَإِذَا كُنْتَ تَجِدُ الْأَصْنَافَ كُلَّهَا الَّذِينَ ذَكَرَ اللَّهُ فِي الْقُرْآنِ وَكَانَ مِنْهَا صِنْفٌ وَاحِدٌ هُمْ أَحْوَجُ، آثَرَ أَهْلَ الْحَاجَةِ حَيْثُ كَانَتْ حَتَّى تَسُدَّ حَاجَتَهُمْ، وَإِنَّمَا يُتَّبَعُ فِي ذَلِكَ فِي كُلِّ عَامٍ أَهْلُ الْحَاجَةِ حَيْثُ كَانَتْ وَلَيْسَ فِي ذَلِكَ قِسْمٌ مُسَمًّى. (2/230)"
"إن دخلت الدار فأنت طالق طلقت في الحال لأن تعليقه على الدخول حلف اتفاقا بخلاف إذا طلعت الشمس فأنت طالق ففي كونه حلفا فيحنث به أيضا كما هو مقتضى حديث الطلاق والعتاق من أيمان الفساق مع نص العلماء على أن تعليق الطلاق منهي عنه ولم يفصلوا أولا فلا يحنث به لأن الحلف ما يتصور فيه منع واستحثاث قولا الأصل والغزالي في وسيطه والصحيح الأول إن صح الحديث المذكور وإلا فالثاني. (1/293)
(","إِنْ دَخَلْت الدَّارَ فَأَنْتِ طَالِقٌ طَلُقَتْ فِي الْحَالِ لِأَنَّ تَعْلِيقَهُ عَلَى الدُّخُولِ حَلِفٌ اتِّفَاقًا بِخِلَافِ إِذَا طَلَعَتِ الشَّمْسُ فَأَنْتِ طَالِقٌ فَفِي كَوْنِهِ حَلِفًا فَيَحْنَثُ بِهِ أَيْضًا كَمَا هُوَ مُقْتَضَى حَدِيثِ الطَّلَاقِ وَالْعَتَاقِ مِنْ أَيْمَانِ الْفُسَّاقِ مَعَ نَصِّ الْعُلَمَاءِ عَلَى أَنَّ تَعْلِيقَ الطَّلَاقِ مَنْهِيٌّ عَنْهُ وَلَمْ يُفَصِّلُوا أَوَّلًا فَلَا يَحْنَثُ بِهِ لِأَنَّ الْحَلِفَ مَا يُتَصَوَّرُ فِيهِ مَنْعٌ وَاسْتِحْثَاثٌ قَوْلَا الْأَصْلِ وَالْغَزَالِيِّ فِي وَسِيطِهِ وَالصَّحِيحُ الْأَوَّلُ إِنْ صَحَّ الْحَدِيثُ الْمَذْكُورُ وَإِلَّا فَالثَّانِي. (1/293)
(","إِنْ دَخَلْت الدَّارَ فَأَنْتِ طَالِقٌ طَلُقَتْ فِي الْحَالِ لِأَنَّ تَعْلِيقَهُ عَلَى الدُّخُولِ حَلِفٌ اتِّفَاقًا بِخِلَافِ إِذَا طَلَعَتِ الشَّمْسُ فَأَنْتِ طَالِقٌ فَفِي كَوْنِهِ حَلِفًا فَيَحْنَثُ بِهِ أَيْضًا كَمَا هُوَ مُقْتَضَى حَدِيثِ الطَّلَاقِ وَالْعَتَاقِ مِنْ أَيْمَانِ الْفُسَّاقِ مَعَ نَصِّ الْعُلَمَاءِ عَلَى أَنَّ تَعْلِيقَ الطَّلَاقِ مَنْهِيٌّ عَنْهُ وَلَمْ يُفَصِّلُوا أَوَّلًا فَلَا يَحْنَثُ بِهِ لِأَنَّ الْحَلِفَ مَا يُتَصَوَّرُ فِيهِ مَنْعٌ وَاسْتِحْثَاثٌ قَوْلَا الْأَصْلِ وَالْغَزَالِيِّ فِي وَسِيطِهِ وَالصَّحِيحُ الْأَوَّلُ إِنْ صَحَّ الْحَدِيثُ الْمَذْكُورُ وَإِلَّا فَالثَّانِي. (1/293)
("
"لأنه إذا كبر للفريضة فقد أفسد السنة كما صرحوا به في (2/492)
","لِأَنَّهُ إِذَا كَبَّرَ لِلْفَرِيضَةِ فَقَدْ أَفْسَدَ السُّنَّةَ كَمَا صَرَّحُوا بِهِ فِي (2/492)
",لِأَنَّهُ إِذَا كَبَّرَ لِلْفَرِيضَةِ فَقَدْ أَفْسَدَ السُّنَّةَ كَمَا صَرَّحُوا بِهِ فِي (2/492)
"ولو صالحه بعدما حلت المكاتبة على أن أخر بعضها وعجل له بعضها كان جائزا، ولو صالحه من المكاتبة وهي دراهم على دنانير عجلها له كان جائزا، ولو صالحه على دنانير إلى أجل لم يجز، كذا في المحيط. (32/342)
ولو اصطلحا على إن أبطل الدراهم وجعل الكتابة وجعل كذا وكذا دينارا فهو جائز، وكذلك لو جعلاها على وصيف مؤجل، كذا في المبسوط. (32/343)
","وَلَوْ صَالَحَهُ بَعْدَمَا حَلَّتِ الْمُكَاتَبَةُ عَلَى أَنْ أَخَّرَ بَعْضَهَا وَعَجَّلَ لَهُ بَعْضَهَا كَانَ جَائِزًا، وَلَوْ صَالَحَهُ مِنَ الْمُكَاتَبَةِ وَهِيَ دَرَاهِمُ عَلَى دَنَانِيرَ عَجَّلَهَا لَهُ كَانَ جَائِزًا، وَلَوْ صَالَحَهُ عَلَى دَنَانِيرَ إِلَى أَجَلٍ لَمْ يَجُزْ، كَذَا فِي الْمُحِيطِ. (32/342)
وَلَوِ اصْطَلَحَا عَلَى إِنْ أَبْطَلَ الدَّرَاهِمَ وَجَعَلَ الْكِتَابَةَ وَجَعَلَ كَذَا وَكَذَا دِينَارًا فَهُوَ جَائِزٌ، وَكَذَلِكَ لَوْ جَعَلَاهَا عَلَى وَصِيفٍ مُؤَجَّلٍ، كَذَا فِي الْمَبْسُوطِ. (32/343)
","وَلَوْ صَالَحَهُ بَعْدَمَا حَلَّتِ الْمُكَاتَبَةُ عَلَى أَنْ أَخَّرَ بَعْضَهَا وَعَجَّلَ لَهُ بَعْضَهَا كَانَ جَائِزًا، وَلَوْ صَالَحَهُ مِنَ الْمُكَاتَبَةِ وَهِيَ دَرَاهِمُ عَلَى دَنَانِيرَ عَجَّلَهَا لَهُ كَانَ جَائِزًا، وَلَوْ صَالَحَهُ عَلَى دَنَانِيرَ إِلَى أَجَلٍ لَمْ يَجُزْ، كَذَا فِي الْمُحِيطِ. (32/342)
وَلَوِ اصْطَلَحَا عَلَى إِنْ أَبْطَلَ الدَّرَاهِمَ وَجَعَلَ الْكِتَابَةَ وَجَعَلَ كَذَا وَكَذَا دِينَارًا فَهُوَ جَائِزٌ، وَكَذَلِكَ لَوْ جَعَلَاهَا عَلَى وَصِيفٍ مُؤَجَّلٍ، كَذَا فِي الْمَبْسُوطِ. (32/343)"
"والجمل الثلاث التي بعده إن حملت على البطن الأول خاصة لم يعارض لكن فهم من نفس الواقف فيها أن بقية البطون كذلك فتحصل المعارضة ولم يقم عندنا دليل من جهة الشرع على اعتبار مثل ذلك.
وإن جعلت عامة في جميع البطون أمكن العمل بها في ذلك لانضمام اللفظ الشامل بوضعه ودلالته إلى القصد المعلوم من الواقف، ","وَالْجُمَلُ الثَّلَاثُ الَّتِي بَعْدَهُ إِنْ حُمِلَتْ عَلَى الْبَطْنِ الْأَوَّلِ خَاصَّةً لَمْ يُعَارَضْ لَكِنْ فُهِمَ مِنْ نَفْسِ الْوَاقِفِ فِيهَا أَنَّ بَقِيَّةَ الْبُطُونِ كَذَلِكَ فَتَحْصُلُ الْمُعَارَضَةُ وَلَمْ يَقُمْ عِنْدَنَا دَلِيلٌ مِنْ جِهَةِ الشَّرْعِ عَلَى اعْتِبَارِ مِثْلِ ذَلِكَ.
وَإِنْ جُعِلَتْ عَامَّةً فِي جَمِيعِ الْبُطُونِ أَمْكَنَ الْعَمَلُ بِهَا فِي ذَلِكَ لِانْضِمَامِ اللَّفْظِ الشَّامِلِ بِوَضْعِهِ وَدَلَالَتِهِ إِلَى الْقَصْدِ الْمَعْلُومِ مِنَ الْوَاقِفِ، ","وَالْجُمَلُ الثَّلَاثُ الَّتِي بَعْدَهُ إِنْ حُمِلَتْ عَلَى الْبَطْنِ الْأَوَّلِ خَاصَّةً لَمْ يُعَارَضْ لَكِنْ فُهِمَ مِنْ نَفْسِ الْوَاقِفِ فِيهَا أَنَّ بَقِيَّةَ الْبُطُونِ كَذَلِكَ فَتَحْصُلُ الْمُعَارَضَةُ وَلَمْ يَقُمْ عِنْدَنَا دَلِيلٌ مِنْ جِهَةِ الشَّرْعِ عَلَى اعْتِبَارِ مِثْلِ ذَلِكَ.
وَإِنْ جُعِلَتْ عَامَّةً فِي جَمِيعِ الْبُطُونِ أَمْكَنَ الْعَمَلُ بِهَا فِي ذَلِكَ لِانْضِمَامِ اللَّفْظِ الشَّامِلِ بِوَضْعِهِ وَدَلَالَتِهِ إِلَى الْقَصْدِ الْمَعْلُومِ مِنَ الْوَاقِفِ،"
"قوله أو انغمس بنية ما ذكر إلخ) ولو في ماء قليل وكتب أيضا قال في الخادم محله إذا كان الماء كثيرا وإلا لكان بارتفاع الحدث عن وجهه مستعملا لكله فلا يجزئه عن غيره.
(قوله وهو على الراجح ممنوع) قال شيخنا هو كما قال.
(قوله وخرج بقوله من زيادته غالطا إلخ) ","قَوْلُهُ أَوِ انْغَمَسَ بِنِيَّةِ مَا ذُكِرَ إِلَخْ) وَلَوْ فِي مَاءٍ قَلِيلٍ وَكُتِبَ أَيْضًا قَالَ فِي الْخَادِمِ مَحِلُّهُ إِذَا كَانَ الْمَاءُ كَثِيرًا وَإِلَّا لَكَانَ بِارْتِفَاعِ الْحَدَثِ عَنْ وَجْهِهِ مُسْتَعْمِلًا لِكُلِّهِ فَلَا يُجْزِئُهُ عَنْ غَيْرِهِ.
(قَوْلُهُ وَهُوَ عَلَى الرَّاجِحِ مَمْنُوعٌ) قَالَ شَيْخُنَا هُوَ كَمَا قَالَ.
(قَوْلُهُ وَخَرَجَ بِقَوْلِهِ مِنْ زِيَادَتِهِ غَالِطًا إِلَخْ) ","قَوْلُهُ أَوِ انْغَمَسَ بِنِيَّةِ مَا ذُكِرَ إِلَخْ) وَلَوْ فِي مَاءٍ قَلِيلٍ وَكَتَبَ أَيْضًا قَالَ فِي الْخَادِمِ مَحَلُّهُ إِذَا كَانَ الْمَاءُ كَثِيرًا وَإِلَّا لَكَانَ بِارْتِفَاعِ الْحَدَثِ عَنْ وَجْهِهِ مُسْتَعْمِلًا لِكُلِّهِ فَلَا يُجْزِئُهُ عَنْ غَيْرِهِ.
(قَوْلُهُ وَهُوَ عَلَى الرَّاجِحِ مَمْنُوعٌ) قَالَ شَيْخُنَا هُوَ كَمَا قَالَ.
(قَوْلُهُ وَخَرَجَ بِقَوْلِهِ مِنْ زِيَادَتِهِ غَالِطًا إِلَخْ)"
أي إدراكه بحيث لا يسهل التقاطه عادة باليد وإن أدركه البصر (قوله: فسل منه خيطا) أي وليس مما خيط به بل من أصل منسوجه ومثل هذا الثوب هذا الشاش أو الرداء مثلا فيما يظهر حيث قال لا ألبسه، ,أَيْ إِدْرَاكُهُ بِحَيْثُ لَا يَسْهُلُ الْتِقَاطُهُ عَادَةً بِالْيَدِ وَإِنْ أَدْرَكَهُ الْبَصَرُ (قَوْلُهُ: فَسَلَّ مِنْهُ خَيْطًا) أَيْ وَلَيْسَ مِمَّا خِيطَ بِهِ بَلْ مِنْ أَصْلِ مَنْسُوجِهِ وَمِثْلُ هَذَا الثَّوْبُ هَذَا الشَّاشُ أَوِ الرِّدَاءُ مَثَلًا فِيمَا يَظْهَرُ حَيْثُ قَالَ لَا أَلْبَسُهُ، ,أَيْ إِدْرَاكُهُ بِحَيْثُ لَا يَسْهُلُ الْتِقَاطُهُ عَادَةً بِالْيَدِ وَإِنْ أَدْرَكَهُ الْبَصَرُ (قَوْلُهُ: فَسَلْ مِنْهُ خَيْطًا) أَيْ وَلَيْسَ مِمَّا خِيطَ بِهِ بَلْ مِنْ أَصْلِ مَنْسُوجِهِ وَمِثْلُ هَذَا الثَّوْبُ هَذَا الشَّاشُ أَوِ الرِّدَاءُ مَثَلًا فِيمَا يَظْهَرُ حَيْثُ قَالَ لَا أَلْبَسُهُ،
"وقال: المرأة إذا صلت مع زوجها في البيت، إن كان قدمها بحذاء قدم الزوج لا تجوز صلاتهما بالجماعة، وإن كان قدماها خلف قدم الزوج إلا (4/278)
أنها طويلة تقع رأس المرأة في السجود قبل رأس الزوج جازت صلاتهما لأن العبرة للقدم؛ ألا ترى أن صيد الحرم إذا كان رجلاه خارج الحرم ورأسه في الحرم يحل أخذه، ","وَقَالَ: الْمَرْأَةُ إِذَا صَلَّتْ مَعَ زَوْجِهَا فِي الْبَيْتِ، إِنْ كَانَ قَدَمُهَا بِحِذَاءِ قَدَمِ الزَّوْجِ لَا تَجُوزُ صَلَاتُهُمَا بِالْجَمَاعَةِ، وَإِنْ كَانَ قَدَمَاهَا خَلْفَ قَدَمِ الزَّوْجِ إِلَّا (4/278)
أَنَّهَا طَوِيلَةٌ تَقَعُ رَأْسُ الْمَرْأَةِ فِي السُّجُودِ قِبَلَ رَأْسِ الزَّوْجِ جَازَتْ صَلَاتُهُمَا لِأَنَّ الْعِبْرَةَ لِلْقَدَمِ؛ أَلَا تَرَى أَنَّ صَيْدَ الْحَرَمِ إِذَا كَانَ رِجْلَاهُ خَارِجَ الْحَرَمِ وَرَأْسُهُ فِي الْحَرَمِ يَحِلُّ أَخْذُهُ، ","وَقَالَ: الْمَرْأَةُ إِذَا صَلَّتْ مَعَ زَوْجِهَا فِي الْبَيْتِ، إِنْ كَانَ قَدَمُهَا بِحِذَاءِ قَدَمِ الزَّوْجِ لَا تَجُوزُ صَلَاتُهُمَا بِالْجَمَاعَةِ، وَإِنْ كَانَ قَدَمَاهَا خَلْفَ قَدَمِ الزَّوْجِ إِلَّا (4/278)
أَنَّهَا طَوِيلَةٌ تَقَعُ رَأْسُ الْمَرْأَةِ فِي السُّجُودِ قَبْلَ رَأْسِ الزَّوْجِ جَازَتْ صَلَاتُهُمَا لِأَنَّ الْعِبْرَةَ لِلْقَدَمِ؛ أَلَا تَرَى أَنَّ صَيْدَ الْحَرَمِ إِذَا كَانَ رِجْلَاهُ خَارِجَ الْحَرَمِ وَرَأْسُهُ فِي الْحَرَمِ يَحِلُّ أَخْذُهُ،"
"والمذهب الأول فقد نص الشافعي والأصحاب على صحة الاعتكاف فيها لا حجة فيه، إذ لا نزاع في صحة الاعتكاف فيها، وإنما النزاع في أنه إذا كان بينها وبين المسجد طريق يكونان كمسجد واحد أم لا، والأشبه (3/262)
ما قاله ابن كج، وعليه يحمل إطلاق غيره ا ه.
","وَالْمَذْهَبُ الْأَوَّلُ فَقَدْ نَصَّ الشَّافِعِيُّ وَالْأَصْحَابُ عَلَى صِحَّةِ الِاعْتِكَافِ فِيهَا لَا حُجَّةَ فِيهِ، إِذْ لَا نِزَاعَ فِي صِحَّةِ الِاعْتِكَافِ فِيهَا، وَإِنَّمَا النِّزَاعُ فِي أَنَّهُ إِذَا كَانَ بَيْنَهَا وَبَيْنَ الْمَسْجِدِ طَرِيقٌ يَكُونَانِ كَمَسْجِدٍ وَاحِدٍ أَمْ لَا، وَالْأَشْبَهُ (3/262)
مَا قَالَهُ ابْنُ كَجٍّ، وَعَلَيْهِ يُحْمَلُ إِطْلَاقُ غَيْرِهِ ا ه.
","وَالْمَذْهَبُ الْأَوَّلُ فَقَدْ نَصَّ الشَّافِعِيُّ وَالْأَصْحَابُ عَلَى صِحَّةِ الِاعْتِكَافِ فِيهَا لَا حُجَّةَ فِيهِ، إِذْ لَا نِزَاعَ فِي صِحَّةِ الِاعْتِكَافِ فِيهَا، وَإِنَّمَا النِّزَاعُ فِي أَنَّهُ إِذَا كَانَ بَيْنَهَا وَبَيْنَ الْمَسْجِدِ طَرِيقٌ يَكُونَانِ كَمَسْجِدٍ وَاحِدٍ أَمْ لَا، وَالْأَشْبَهُ (3/262)
مَا قَالَهُ ابْنُ كَجٍّ، وَعَلَيْهِ يُحْمَلُ إِطْلَاقُ غَيْرِهِ ا ه."
"ولو قضى القاضي بالنفقة فغلا الطعام، أو رخص فإن القاضي يغير ذلك الحكم كذا في الظهيرية. (11/385)
ولا يفرق بعجزه عن النفقة وتؤمر بالاستدانة عليه كذا في الكنز ظهور العجز عن النفقة إنما يكون إذا كان الزوج حاضرا، وأما إذا غاب الرجل عن امرأته غيبة منقطعة، ","وَلَوْ قَضَى الْقَاضِي بِالنَّفَقَةِ فَغَلَا الطَّعَامُ، أَوْ رَخُصَ فَإِنَّ الْقَاضِيَ يُغَيِّرُ ذَلِكَ الْحُكْمَ كَذَا فِي الظَّهِيرِيَّةِ. (11/385)
وَلَا يُفَرِّقُ بِعَجْزِهِ عَنِ النَّفَقَةِ وَتُؤْمَرُ بِالِاسْتِدَانَةِ عَلَيْهِ كَذَا فِي الْكَنْزِ ظُهُورُ الْعَجْزِ عَنِ النَّفَقَةِ إِنَّمَا يَكُونُ إِذَا كَانَ الزَّوْجُ حَاضِرًا، وَأَمَّا إِذَا غَابَ الرَّجُلُ عَنِ امْرَأَتِهِ غَيْبَةً مُنْقَطِعَةً، ","وَلَوْ قَضَى الْقَاضِي بِالنَّفَقَةِ فَغَلَا الطَّعَامُ، أَوْ رَخُصَ فَإِنَّ الْقَاضِيَ يُغَيِّرُ ذَلِكَ الْحُكْمَ كَذَا فِي الظَّهِيرِيَّةِ. (11/385)
وَلَا يُفَرَّقُ بِعَجْزِهِ عَنِ النَّفَقَةِ وَتُؤْمَرُ بِالِاسْتِدَانَةِ عَلَيْهِ كَذَا فِي الْكَنْزِ ظُهُورُ الْعَجْزِ عَنِ النَّفَقَةِ إِنَّمَا يَكُونُ إِذَا كَانَ الزَّوْجُ حَاضِرًا، وَأَمَّا إِذَا غَابَ الرَّجُلُ عَنِ امْرَأَتِهِ غَيْبَةً مُنْقَطِعَةً،"
اعتبره النبي صلى الله عليه وسلم جوابا منها، ولأن هذه الصيغة حقيقة في الحال وتجوز في الاستقبال كما في كلمة الشهادة، وأداء الشاهد الشهادة، بخلاف قولها: أطلق نفسي لأنه تعذر حمله على الحال لأنه ليس بحكاية عن حالة قائمة، ولا كذلك قولها: أنا أختار نفسي لأنه حكاية عن حالة قائمة وهو اختيارها نفسها، ,اعْتَبَرَهُ النَّبِيُّ صَلَّى اللَّهُ عَلَيْهِ وَسَلَّمَ جَوَابًا مِنْهَا، وَلِأَنَّ هَذِهِ الصِّيغَةَ حَقِيقَةٌ فِي الْحَالِ وَتَجُوزُ فِي الِاسْتِقْبَالِ كَمَا فِي كَلِمَةِ الشَّهَادَةِ، وَأَدَاءِ الشَّاهِدِ الشَّهَادَةَ، بِخِلَافِ قَوْلِهَا: أُطَلِّقُ نَفْسِي لِأَنَّهُ تَعَذَّرَ حَمْلُهُ عَلَى الْحَالِ لِأَنَّهُ لَيْسَ بِحِكَايَةٍ عَنْ حَالَةٍ قَائِمَةٍ، وَلَا كَذَلِكَ قَوْلُهَا: أَنَا أَخْتَارُ نَفْسِي لِأَنَّهُ حِكَايَةٌ عَنْ حَالَةٍ قَائِمَةٍ وَهُوَ اخْتِيَارُهَا نَفْسَهَا، ,اعْتَبَرَهُ النَّبِيُّ صَلَّى اللَّهُ عَلَيْهِ وَسَلَّمَ جَوَابًا مِنْهَا، وَلِأَنَّ هَذِهِ الصِّيغَةَ حَقِيقَةٌ فِي الْحَالِ وَتَجُوزُ فِي الِاسْتِقْبَالِ كَمَا فِي كَلِمَةِ الشَّهَادَةِ، وَأَدَاءِ الشَّاهِدِ الشَّهَادَةَ، بِخِلَافِ قَوْلِهَا: أُطَلِّقُ نَفْسِي لِأَنَّهُ تَعَذَّرَ حَمْلُهُ عَلَى الْحَالِ لِأَنَّهُ لَيْسَ بِحِكَايَةٍ عَنْ حَالَةٍ قَائِمَةٍ، وَلَا كَذَلِكَ قَوْلُهَا: أَنَا أَخْتَارُ نَفْسِي لِأَنَّهُ حِكَايَةٌ عَنْ حَالَةٍ قَائِمَةٍ وَهُوَ اخْتِيَارُهَا نَفْسَهَا،
"قال الشيخ أبو إسحاق: لا، فإنه يقول: إنما قست على أصلي وهو بعيد، لأنه إن قصد إثباته لنفسه فلا وجه للمناظرة، وإن قصد إثباته على خصمه فلا يستقيم منع منعه على حكم الأصل.
ووهم ابن الحاجب فحكى عن الشيخ أبي إسحاق أنه لا يسمع ولا يفتقر إلى دلالة على محل المنع. (7/206)
","قَالَ الشَّيْخُ أَبُو إِسْحَاقَ: لَا، فَإِنَّهُ يَقُولُ: إِنَّمَا قِسْتُ عَلَى أَصْلِي وَهُوَ بَعِيدٌ، لِأَنَّهُ إِنْ قَصَدَ إِثْبَاتَهُ لِنَفْسِهِ فَلَا وَجْهَ لِلْمُنَاظَرَةِ، وَإِنْ قَصَدَ إِثْبَاتَهُ عَلَى خَصْمِهِ فَلَا يَسْتَقِيمُ مَنْعُ مَنْعِهِ عَلَى حُكْمِ الْأَصْلِ.
وَوَهَمَ ابْنُ الْحَاجِبِ فَحَكَى عَنِ الشَّيْخِ أَبِي إِسْحَاقَ أَنَّهُ لَا يَسْمَعُ وَلَا يَفْتَقِرُ إِلَى دَلَالَةٍ عَلَى مَحَلِّ الْمَنْعِ. (7/206)
","قَالَ الشَّيْخُ أَبُو إِسْحَاقَ: لَا، فَإِنَّهُ يَقُولُ: إِنَّمَا قِسْتَ عَلَى أَصْلِي وَهُوَ بَعِيدٌ، لِأَنَّهُ إِنْ قَصَدَ إِثْبَاتَهُ لِنَفْسِهِ فَلَا وَجْهَ لِلْمُنَاظَرَةِ، وَإِنْ قَصَدَ إِثْبَاتَهُ عَلَى خَصْمِهِ فَلَا يَسْتَقِيمُ مَنْعُ مَنْعِهِ عَلَى حُكْمِ الْأَصْلِ.
وَوَهِمَ ابْنُ الْحَاجِبِ فَحَكَى عَنِ الشَّيْخِ أَبِي إِسْحَاقَ أَنَّهُ لَا يُسْمَعُ وَلَا يَفْتَقِرُ إِلَى دَلَالَةٍ عَلَى مَحَلِّ الْمَنْعِ. (7/206)"
ولا فرق في ذلك بين أن يعلم الآخر أنه ابن شريكه أو لم يعلم، وهذا عند أبي حنيفة رحمه الله، وقالا يضمن الأب في غير الإرث إن كان موسرا، وإن كان معسرا استسعى الابن في نصيبه، وعلى هذا الخلاف لو حلف أحدهما بعتق عبد إن ملك نصفه فملكاه بهذه الأسباب، ,وَلَا فَرْقَ فِي ذَلِكَ بَيْنَ أَنْ يَعْلَمَ الْآخَرُ أَنَّهُ ابْنُ شَرِيكِهِ أَوْ لَمْ يَعْلَمْ، وَهَذَا عِنْدَ أَبِي حَنِيفَةَ رَحِمَهُ اللَّهُ، وَقَالَا يَضْمَنُ الْأَبُ فِي غَيْرِ الْإِرْثِ إِنْ كَانَ مُوسِرًا، وَإِنْ كَانَ مُعْسِرًا اسْتَسْعَى الِابْنَ فِي نَصِيبِهِ، وَعَلَى هَذَا الْخِلَافِ لَوْ حَلَفَ أَحَدُهُمَا بِعِتْقِ عَبْدٍ إِنْ مَلَكَ نِصْفَهُ فَمَلَكَاهُ بِهَذِهِ الْأَسْبَابِ، ,وَلَا فَرْقَ فِي ذَلِكَ بَيْنَ أَنْ يَعْلَمَ الْآخَرُ أَنَّهُ ابْنُ شَرِيكِهِ أَوْ لَمْ يَعْلَمْ، وَهَذَا عِنْدَ أَبِي حَنِيفَةَ رَحِمَهُ اللَّهُ، وَقَالَا يَضْمَنُ الْأَبُ فِي غَيْرِ الْإِرْثِ إِنْ كَانَ مُوسِرًا، وَإِنْ كَانَ مُعْسِرًا اسْتَسْعَى الِابْنُ فِي نَصِيبِهِ، وَعَلَى هَذَا الْخِلَافِ لَوْ حَلَفَ أَحَدُهُمَا بِعِتْقِ عَبْدٍ إِنْ مَلَكَ نِصْفَهُ فَمَلَكَاهُ بِهَذِهِ الْأَسْبَابِ،
خير رسول الله صلى الله عليه وسلم رجلا بعد البيع فقال الرجل عمرك الله ممن أنت؟ فقال رسول الله صلى الله عليه وسلم امرؤ من قريش} قال وكان أبي يحلف ما كان الخيار إلا بعد البيع قال الشافعي وبهذا نقول، ,خَيَّرَ رَسُولُ اللَّهِ صَلَّى اللَّهُ عَلَيْهِ وَسَلَّمَ رَجُلًا بَعْدَ الْبَيْعِ فَقَالَ الرَّجُلُ عَمَّرَك اللَّهُ مِمَّنْ أَنْتَ؟ فَقَالَ رَسُولُ اللَّهِ صَلَّى اللَّهُ عَلَيْهِ وَسَلَّمَ امْرُؤٌ مِنْ قُرَيْشٍ} قَالَ وَكَانَ أَبِي يَحْلِفُ مَا كَانَ الْخِيَارُ إِلَّا بَعْدَ الْبَيْعِ قَالَ الشَّافِعِيُّ وَبِهَذَا نَقُولُ، ,خَيَّرَ رَسُولُ اللَّهِ صَلَّى اللَّهُ عَلَيْهِ وَسَلَّمَ رَجُلًا بَعْدَ الْبَيْعِ فَقَالَ الرَّجُلُ عَمْرُكَ اللَّهِ مِمَّنْ أَنْتَ؟ فَقَالَ رَسُولُ اللَّهِ صَلَّى اللَّهُ عَلَيْهِ وَسَلَّمَ امْرُؤٌ مِنْ قُرَيْشٍ} قَالَ وَكَانَ أَبِي يَحْلِفُ مَا كَانَ الْخِيَارُ إِلَّا بَعْدَ الْبَيْعِ قَالَ الشَّافِعِيُّ وَبِهَذَا نَقُولُ،
ولا يجوز أن يتخذ المسجد مكانا للمعاش وقعود الصناع والفعلة فيه ينتظرون من يكتريهم بمنزلة وضع البضائع فيه ينتظر من يشتريها، وعلى ولي الأمر منعهم من ذلك لما روي عن عمر رضي الله عنه عن النبي صلى الله عليه وسلم قال {خصال لا ينبغين في المسجد: لا يتخذ طريقا، ,وَلَا يَجُوزُ أَنْ يُتَّخَذَ الْمَسْجِدُ مَكَانًا لِلْمَعَاشِ وَقُعُودِ الصُّنَّاعِ وَالْفَعَلَةِ فِيهِ يَنْتَظِرُونَ مَنْ يَكْتَرِيهِمْ بِمَنْزِلَةِ وَضْعِ الْبَضَائِعِ فِيهِ يَنْتَظِرُ مَنْ يَشْتَرِيهَا، وَعَلَى وَلِيِّ الْأَمْرِ مَنْعُهُمْ مِنْ ذَلِكَ لِمَا رُوِيَ عَنْ عُمَرَ رَضِيَ اللَّهُ عَنْهُ عَنِ النَّبِيِّ صَلَّى اللَّهُ عَلَيْهِ وَسَلَّمَ قَالَ {خِصَالٌ لَا يَنْبَغِينَ فِي الْمَسْجِدِ: لَا يُتَّخَذُ طَرِيقًا، ,وَلَا يَجُوزُ أَنْ يُتَّخَذَ الْمَسْجِدُ مَكَانًا لِلْمَعَاشِ وَقُعُودِ الصُّنَّاعِ وَالْفَعَلَةُ فِيهِ يَنْتَظِرُونَ مَنْ يَكْتَرِيهِمْ بِمَنْزِلَةِ وَضْعِ الْبَضَائِعِ فِيهِ يُنْتَظَرُ مَنْ يَشْتَرِيهَا، وَعَلَى وَلِيِّ الْأَمْرِ مَنْعُهُمْ مِنْ ذَلِكَ لِمَا رُوِيَ عَنْ عُمَرَ رَضِيَ اللَّهُ عَنْهُ عَنِ النَّبِيِّ صَلَّى اللَّهُ عَلَيْهِ وَسَلَّمَ قَالَ {خِصَالٌ لَا يَنْبَغِينَ فِي الْمَسْجِدِ: لَا يُتَّخَذُ طَرِيقًا،
"بأن كن في حاشية المطاف (فالقرب بلا رمل أولى) من البعد مع الرمل محافظة على الطهارة، ولو خاف مع القرب أيضا لمسهن فترك الرمل أولى.
ويسن أن يتحرك في مشيه ويرى من نفسه أنه لو أمكنه لرمل كما في العدو في السعي (و) سابعها (أن يوالي) الطائف (طوافه) ","بِأَنْ كُنَّ فِي حَاشِيَةِ الْمَطَافِ (فَالْقُرْبُ بِلَا رَمَلٍ أَوْلَى) مِنَ الْبُعْدِ مَعَ الرَّمَلِ مُحَافَظَةً عَلَى الطَّهَارَةِ، وَلَوْ خَافَ مَعَ الْقُرْبِ أَيْضًا لَمْسَهُنَّ فَتَرْكُ الرَّمَلِ أَوْلَى.
وَيُسَنُّ أَنْ يَتَحَرَّك فِي مَشْيِهِ وَيَرَى مِنْ نَفْسِهِ أَنَّهُ لَوْ أَمْكَنَهُ لَرَمَلَ كَمَا فِي الْعَدْوِ فِي السَّعْيِ (وَ) سَابِعُهَا (أَنْ يُوَالِيَ) الطَّائِفُ (طَوَافَهُ) ","بِأَنْ كُنَّ فِي حَاشِيَةِ الْمَطَافِ (فَالْقُرْبُ بِلَا رَمَلٍ أَوْلَى) مِنَ الْبُعْدِ مَعَ الرَّمَلِ مُحَافَظَةً عَلَى الطَّهَارَةِ، وَلَوْ خَافَ مَعَ الْقُرْبِ أَيْضًا لَمَسَهُنَّ فَتَرْكُ الرَّمَلِ أَوْلَى.
وَيُسَنُّ أَنْ يَتَحَرَّكَ فِي مَشْيِهِ وَيَرَى مِنْ نَفْسِهِ أَنَّهُ لَوْ أَمْكَنَهُ لَرَمَلَ كَمَا فِي الْعَدْوِ فِي السَّعْيِ (وَ) سَابِعُهَا (أَنْ يُوَالِيَ) الطَّائِفُ (طَوَافَهُ)"
"وحدثناه إسحاق بن إبراهيم أخبرنا عبد الوهاب الثقفي حدثنا إسحاق بن سويد بهذا الإسناد إلا أنه جعل مكان المزفت المقير. (6/94)
5293 - ","وَحَدَّثَنَاهُ إِسْحَاقُ بْنُ إِبْرَاهِيمَ أَخْبَرَنَا عَبْدُ الْوَهَّابِ الثَّقَفِيُّ حَدَّثَنَا إِسْحَاقُ بْنُ سُوَيْدٍ بِهَذَا الْإِسْنَادِ إِلَا أَنَّهُ جَعَلَ مَكَانَ الْمُزَفَّتِ الْمُقَيَّرِ. (6/94)
5293 - ","وَحَدَّثَنَاهُ إِسْحَاقُ بْنُ إِبْرَاهِيمَ أَخْبَرَنَا عَبْدُ الْوَهَّابِ الثَّقَفِيُّ حَدَّثَنَا إِسْحَاقُ بْنُ سُوَيْدٍ بِهَذَا الْإِسْنَادِ إِلَا أَنَّهُ جَعَلَ مَكَانَ الْمُزَفَّتِ الْمُقَيَّرَ. (6/94)
5293 -"
"من غير تبويب على ما في إلخ] فإن قلت هذا يخالف قوله سابقا وسأفصلها لك بابا بابا وأجيب إما بأن المراد في الأكثر أو المراد بابا أي لفظا أو تقديرا باب المسح على الخفين [قوله: وسقوط التوقيت فيه] أي في المسح فلا نحده بحد على المشهور وروي عن مالك توقيته في الحضر بيوم وليلة وفي السفر بثلاثة أيام.
[قوله: ","مِنْ غَيْرِ تَبْوِيبٍ عَلَى مَا فِي إِلَخْ] فَإِنْ قُلْت هَذَا يُخَالِفُ قَوْلَهُ سَابِقًا وَسَأُفَصِّلُهَا لَكَ بَابًا بَابًا وَأُجِيبُ إِمَّا بِأَنَّ الْمُرَادَ فِي الْأَكْثَرِ أَوِ الْمُرَادَ بَابًا أَيْ لَفْظًا أَوْ تَقْدِيرًا بَابُ الْمَسْحِ عَلَى الْخُفَّيْنِ [قَوْلُهُ: وَسُقُوطِ التَّوْقِيتِ فِيهِ] أَيْ فِي الْمَسْحِ فَلَا نُحِدُّهُ بِحَدٍّ عَلَى الْمَشْهُورِ وَرُوِيَ عَنْ مَالِكٍ تَوْقِيتُهُ فِي الْحَضَرِ بِيَوْمٍ وَلَيْلَةٍ وَفِي السَّفَرِ بِثَلَاثَةِ أَيَّامٍ.
[قَوْلُهُ: ","مِنْ غَيْرِ تَبْوِيبٍ عَلَى مَا فِي إِلَخْ] فَإِنْ قُلْت هَذَا يُخَالِفُ قَوْلَهُ سَابِقًا وَسَأُفَصِّلُهَا لَكَ بَابًا بَابًا وَأُجِيبُ إِمَّا بِأَنَّ الْمُرَادَ فِي الْأَكْثَرِ أَوِ الْمُرَادُ بَابًا أَيْ لَفْظًا أَوْ تَقْدِيرًا بَابُ الْمَسْحِ عَلَى الْخُفَّيْنِ [قَوْلُهُ: وَسُقُوطُ التَّوْقِيتِ فِيهِ] أَيْ فِي الْمَسْحِ فَلَا نَحُدُّهُ بِحَدٍّ عَلَى الْمَشْهُورِ وَرُوِيَ عَنْ مَالِكٍ تَوْقِيتُهُ فِي الْحَضَرِ بِيَوْمٍ وَلَيْلَةٍ وَفِي السَّفَرِ بِثَلَاثَةِ أَيَّامٍ.
[قَوْلُهُ:"
ثم يقضي عليه بالضمان لما قلنا فيما تقدم أن الحكم الأصلي للغصب هو وجوب رد عين المغصوب، والقيمة خلف عنه فما لم يثبت العجز عن الأصل لا يقضي بالقيمة التي هي خلف، ولو اختلفا في أصل الغصب، أو في جنس المغصوب ونوعه، أو قدره، أو صفته، أو قيمته وقت الغصب، ,ثُمَّ يَقْضِي عَلَيْهِ بِالضَّمَانِ لِمَا قُلْنَا فِيمَا تَقَدَّمَ أَنَّ الْحُكْمَ الْأَصْلِيَّ لِلْغَصْبِ هُوَ وُجُوبُ رَدِّ عَيْنِ الْمَغْصُوبِ، وَالْقِيمَةُ خَلَفٌ عَنْهُ فَمَا لَمْ يَثْبُتِ الْعَجْزُ عَنِ الْأَصْلِ لَا يَقْضِي بِالْقِيمَةِ الَّتِي هِيَ خَلْفٌ، وَلَوِ اخْتَلَفَا فِي أَصْلِ الْغَصْبِ، أَوْ فِي جِنْسِ الْمَغْصُوبِ وَنَوْعِهِ، أَوْ قَدْرِهِ، أَوْ صِفَتِهِ، أَوْ قِيمَتِهِ وَقْتَ الْغَصْبِ، ,ثُمَّ يَقْضِي عَلَيْهِ بِالضَّمَانِ لِمَا قُلْنَا فِيمَا تَقَدَّمَ أَنَّ الْحُكْمَ الْأَصْلِيَّ لِلْغَصْبِ هُوَ وُجُوبُ رَدِّ عَيْنِ الْمَغْصُوبِ، وَالْقِيمَةُ خَلَفٌ عَنْهُ فَمَا لَمْ يَثْبُتِ الْعَجْزُ عَنِ الْأَصْلِ لَا يَقْضِي بِالْقِيمَةِ الَّتِي هِيَ خَلَفٌ، وَلَوِ اخْتَلَفَا فِي أَصْلِ الْغَصْبِ، أَوْ فِي جِنْسِ الْمَغْصُوبِ وَنَوْعِهِ، أَوْ قَدْرِهِ، أَوْ صِفَتِهِ، أَوْ قِيمَتِهِ وَقْتَ الْغَصْبِ،
وأما القنوت فليس مما يتكامل به الركوع، ,وَأَمَّا الْقُنُوتُ فَلَيْسَ مِمَّا يَتَكَامَلُ بِهِ الرُّكُوعُ، ,وَأَمَّا الْقُنُوتُ فَلَيْسَ مِمَّا يَتَكَامَلُ بِهِ الرُّكُوعُ،
فنحن نتفق مع الشهرستاني وهو يقدم في كتابه حول الملل والنحل التي وجدت بركتها هذه الدوغماتية البغيضة، التي رفضت لهذا المحيط الإسلامي أن يتدفق رحبا، فينشر الحياة، حيث حولته الأطماع العائلية ومصالح الأسر إلى قاعدة وراثية تدعي أنها تدافع عن الصحابة، وإن كانت تدافع عن نفسها وعن مصالحها، وهي التي تحتكر كل معطيات السلطان، ,فَنَحْنُ نَتَّفِقُ مَعَ الشَّهْرِسْتَانِيِّ وَهُوَ يُقَدِّمُ فِي كِتَابِهِ حَوْلَ الْمِلَلِ وَالنِّحَلِ الَّتِي وَجَدَتَ بَرَكَتَهَا هَذِهِ الدُّوغْمَاتِيَّةُ الْبَغِيضَةُ، الَّتِي رَفَضَتْ لِهَذَا الْمُحِيطِ الْإِسْلَامِيِّ أَنْ يَتَدَفَّقَ رَحْبًا، فَيَنْشُرَ الْحَيَاةَ، حَيْثُ حَوَّلَتْهُ الْأَطْمَاعُ الْعَائِلِيَّةُ وَمَصَالِحُ الْأُسَرِ إِلَى قَاعِدَةٍ وِرَاثِيَّةٍ تَدَّعِي أَنَّهَا تُدَافِعُ عَنِ الصَّحَابَةِ، وَإِنْ كَانَتْ تُدَافِعُ عَنْ نَفْسِهَا وَعَنْ مَصَالِحِهَا، وَهِيَ الَّتِي تَحْتَكِرُ كُلَّ مُعْطَيَاتِ السُّلْطَانِ، ,فَنَحْنُ نَتَّفِقُ مَعَ الشِّهْرِسْتَانِيِّ وَهُوَ يُقَدِّمُ فِي كِتَابِهِ حَوْلَ الْمِلَلِ وَالنِّحَلِ الَّتِي وُجِدَتْ بَرَكَتُهَا هَذِهِ الدَّوْغَمَاتِيَّةُ الْبَغِيضَةُ، الَّتِي رَفَضَتْ لِهَذَا الْمُحِيطِ الْإِسْلَامِيِّ أَنْ يَتَدَفَّقَ رَحْبًا، فَيَنْشُرَ الْحَيَاةَ، حَيْثُ حَوَّلَتْهُ الْأَطْمَاعُ الْعَائِلِيَّةُ وَمَصَالِحُ الْأَسْرِ إِلَى قَاعِدَةٍ وِرَاثِيَّةٍ تَدَّعِي أَنَّهَا تُدَافِعُ عَنِ الصَّحَابَةِ، وَإِنْ كَانَتْ تُدَافِعُ عَنْ نَفْسِهَا وَعَنْ مَصَالِحِهَا، وَهِيَ الَّتِي تَحْتَكِرُ كُلَّ مُعْطَيَاتِ السُّلْطَانِ،
"لم يكن للمشتري أن يأخذه من الآمر، بمنزلة ما لو اشترى بثمن مؤجل، فإنه لم يرجع على الآمر قبل حلول الأجل، وهذا؛ لأن الوكيل إنما يستوجب على الآمر مثل ما وجب للبائع عليه بصفته، وهذا بخلاف الشفيع مع المشتري، فإن الأجل الثابت في حق المشتري، لا يثبت في حق الشفيع؛ لأن الشفيع إنما يتملك المبيع بعقد جديد سوى عقد المشتري، (22/226)
","لَمْ يَكُنْ لِلْمُشْتَرِي أَنْ يَأْخُذَهُ مِنَ الْآمِرِ، بِمَنْزِلَةِ مَا لَوِ اشْتَرَى بِثَمَنٍ مُؤَجَّلٍ، فَإِنَّهُ لَمْ يَرْجِعْ عَلَى الْآمِرِ قَبْلَ حُلُولِ الْأَجَلِ، وَهَذَا؛ لِأَنَّ الْوَكِيلَ إِنَّمَا يَسْتَوْجِبُ عَلَى الْآمِرِ مِثْلَ مَا وَجَبَ لِلْبَائِعِ عَلَيْهِ بِصِفَتِهِ، وَهَذَا بِخِلَافِ الشَّفِيعِ مَعَ الْمُشْتَرِي، فَإِنَّ الْأَجَلَ الثَّابِتَ فِي حَقِّ الْمُشْتَرِي، لَا يَثْبُتُ فِي حَقِّ الشَّفِيعِ؛ لِأَنَّ الشَّفِيعَ إِنَّمَا يَتَمَلَّكُ الْمَبِيعَ بِعَقْدٍ جَدِيدٍ سِوَى عَقْدِ الْمُشْتَرِي، (22/226)
",لَمْ يَكُنْ لِلْمُشْتَرِي أَنْ يَأْخُذَهُ مِنَ الْآمِرِ، بِمَنْزِلَةِ مَا لَوِ اشْتَرَى بِثَمَنٍ مُؤَجَّلٍ، فَإِنَّهُ لَمْ يَرْجِعْ عَلَى الْآمِرِ قَبْلَ حُلُولِ الْأَجَلِ، وَهَذَا؛ لِأَنَّ الْوَكِيلَ إِنَّمَا يَسْتَوْجِبُ عَلَى الْآمِرِ مِثْلَ مَا وَجَبَ لِلْبَائِعِ عَلَيْهِ بِصِفَتِهِ، وَهَذَا بِخِلَافِ الشَّفِيعِ مَعَ الْمُشْتَرِي، فَإِنَّ الْأَجَلَ الثَّابِتَ فِي حَقِّ الْمُشْتَرِي، لَا يَثْبُتُ فِي حَقِّ الشَّفِيعِ؛ لِأَنَّ الشَّفِيعَ إِنَّمَا يَتَمَلَّكُ الْمَبِيعَ بِعَقْدٍ جَدِيدٍ سِوَى عَقْدِ الْمُشْتَرِي، (22/226)
"وأصله الإعلالي وسم بفتح الواو وسكون السين فخفف بحذف صدره لكثرة الاستعمال، وأتى بهمزة لما مر، وإنما قلنا من وسم؛ لأنه المناسب لتقرير مذهب الكوفيين لجعلهم الفعل الماضي أصلا يشتق منه غيره ولسلامته من لزوم اشتقاق الشيء من نفسه بحسب الأصل الوارد على من قال من الوسم ا ه.
(قوله وطولت الباء إلخ) ","وَأَصْلُهُ الْإِعْلَالِيُّ وَسْمٌ بِفَتْحِ الْوَاوِ وَسُكُونِ السِّينِ فَخُفِّفَ بِحَذْفِ صَدْرِهِ لِكَثْرَةِ الِاسْتِعْمَالِ، وَأَتَى بِهَمْزَةٍ لِمَا مَرَّ، وَإِنَّمَا قُلْنَا مِنْ وُسِمَ؛ لِأَنَّهُ الْمُنَاسِبُ لِتَقْرِيرِ مَذْهَبِ الْكُوفِيِّينَ لِجَعْلِهِمُ الْفِعْلَ الْمَاضِيَ أَصْلًا يُشْتَقُّ مِنْهُ غَيْرُهُ وَلِسَلَامَتِهِ مِنْ لُزُومِ اشْتِقَاقِ الشَّيْءِ مِنْ نَفْسِهِ بِحَسَبِ الْأَصْلِ الْوَارِدِ عَلَى مَنْ قَالَ مِنَ الْوَسْمِ ا ه.
(قَوْلُهُ وَطُوِّلَتِ الْبَاءُ إِلَخْ) ","وَأَصْلُهُ الْإِعْلَالِيُّ وَسْمٌ بِفَتْحِ الْوَاوِ وَسُكُونِ السِّينِ فَخُفِّفَ بِحَذْفِ صَدْرِهِ لِكَثْرَةِ الِاسْتِعْمَالِ، وَأَتَى بِهَمْزَةٍ لِمَا مَرَّ، وَإِنَّمَا قُلْنَا مِنْ وَسْمٍ؛ لِأَنَّهُ الْمُنَاسِبُ لِتَقْرِيرِ مَذْهَبِ الْكُوفِيِّينَ لِجَعْلِهِمُ الْفِعْلَ الْمَاضِيَ أَصْلًا يُشْتَقُّ مِنْهُ غَيْرُهُ وَلِسَلَامَتِهِ مِنْ لُزُومِ اشْتِقَاقِ الشَّيْءِ مِنْ نَفْسِهِ بِحَسَبِ الْأَصْلِ الْوَارِدِ عَلَى مَنْ قَالَ مِنَ الْوَسْمِ ا ه.
(قَوْلُهُ وَطُولَتِ الْبَاءُ إِلَخْ)"
"ويلزمه أيضا اجتنابهما إلى بيان الحال، فإن أيس منه لم يلزمه ذلك كما بحثه الأذرعي وغيره، وسواء في اجتنابها أكان الطلاق رجعيا أم غيره، ويؤخذ من تعبيره بالبيان هنا مع ما يأتي له أن هذا تعيين لا بيان أن محل الفرق بينهما عند اجتماعهما، وإلا جاز استعمال كل من اللفظين في كل من المحلين.
الشرح
(قوله لم يحكم بطلاق أحد) ","وَيَلْزَمُهُ أَيْضًا اجْتِنَابُهُمَا إِلَى بَيَانِ الْحَالِ، فَإِنْ أَيِسَ مِنْهُ لَمْ يَلْزَمْهُ ذَلِكَ كَمَا بَحَثَهُ الْأَذْرَعِيُّ وَغَيْرُهُ، وَسَوَاءٌ فِي اجْتِنَابِهَا أَكَانَ الطَّلَاقُ رَجْعِيًّا أَمْ غَيْرَهُ، وَيُؤْخَذُ مِنْ تَعْبِيرِهِ بِالْبَيَانِ هُنَا مَعَ مَا يَأْتِي لَهُ أَنَّ هَذَا تَعْيِينٌ لَا بَيَانٌ أَنَّ مَحَلَّ الْفَرْقِ بَيْنَهُمَا عِنْدَ اجْتِمَاعِهِمَا، وَإِلَّا جَازَ اسْتِعْمَالُ كُلٍّ مِنَ اللَّفْظَيْنِ فِي كُلٍّ مِنَ الْمَحَلَّيْنِ.
الشَّرْحُ
(قَوْلُهُ لَمْ يُحْكَمْ بِطَلَاقِ أَحَدٍ) ","وَيَلْزَمُهُ أَيْضًا اجْتِنَابُهُمَا إِلَى بَيَانِ الْحَالِ، فَإِنْ أَيِسَ مِنْهُ لَمْ يَلْزَمْهُ ذَلِكَ كَمَا بَحَثَهُ الْأَذْرَعِيُّ وَغَيْرُهُ، وَسَوَاءٌ فِي اجْتِنَابِهَا أَكَانَ الطَّلَاقُ رَجْعِيًّا أَمْ غَيْرَهُ، وَيُؤْخَذُ مِنْ تَعْبِيرِهِ بِالْبَيَانِ هُنَا مَعَ مَا يَأْتِي لَهُ أَنَّ هَذَا تَعْيِينٌ لَا بَيَانٌ أَنَّ مَحَلَّ الْفَرْقِ بَيْنَهُمَا عِنْدَ اجْتِمَاعِهِمَا، وَإِلَّا جَازَ اسْتِعْمَالُ كُلٍّ مِنَ اللَّفْظَيْنِ فِي كُلٍّ مِنَ الْمَحَلَّيْنِ.
الشَّرْحُ
(قَوْلُهُ لَمْ يُحْكَمْ بِطَلَاقِ أَحَدٍ)"
"ثم إنه استضعف بأن عدم ملكه الثالثة لا يستلزم نقصان مملوكيتها ولا ملكه الثالثة يستلزم طولها، فقد تطول مملوكيتها مع ملكه ثنتين بأن لا يطلقها أصلا إلى الموت فلا ضابط لذلك؛ وتارة بعلة منصوصة وهي ملكها بضعها.
","ثُمَّ إِنَّهُ اسْتَضْعَفَ بِأَنَّ عَدَمَ مِلْكِهِ الثَّالِثَةَ لَا يَسْتَلْزِمُ نُقْصَانَ مَمْلُوكِيَّتِهَا وَلَا مِلْكِهِ الثَّالِثَةَ يَسْتَلْزِمُ طُولَهَا، فَقَدْ تَطُولُ مَمْلُوكِيَّتُهَا مَعَ مِلْكِهِ ثِنْتَيْنِ بِأَنْ لَا يُطَلِّقَهَا أَصْلًا إِلَى الْمَوْتِ فَلَا ضَابِطَ لِذَلِكَ؛ وَتَارَةً بِعِلَّةٍ مَنْصُوصَةٍ وَهِيَ مِلْكُهَا بُضْعَهَا.
",ثُمَّ إِنَّهُ اسْتُضْعِفَ بِأَنَّ عَدَمَ مِلْكِهِ الثَّالِثَةَ لَا يَسْتَلْزِمُ نُقْصَانَ مَمْلُوكِيَّتِهَا وَلَا مِلْكُهُ الثَّالِثَةَ يَسْتَلْزِمُ طُولَهَا، فَقَدْ تَطُولُ مَمْلُوكِيَّتُهَا مَعَ مِلْكِهِ ثِنْتَيْنِ بِأَنْ لَا يُطَلِّقَهَا أَصْلًا إِلَى الْمَوْتِ فَلَا ضَابِطَ لِذَلِكَ؛ وَتَارَةً بِعِلَّةٍ مَنْصُوصَةٍ وَهِيَ مِلْكُهَا بُضْعَهَا.
"يا رسول الله وما طينة الخبال؟ قال: «عرق أهل النار أو عصارة أهل النار» . رواه مسلم فى الصحيح عن قتيبة بن سعيد. (8/291)
17827- أخبرنا أبو محمد: عبد الله بن يوسف أخبرنا أبو سعيد ابن الأعرابي حدثنا سعدان حدثنا سفيان عن ابن طاوس عن أبيه قال: ","يَا رَسُولَ اللَّهِ وَمَا طِينَةُ الْخَبَالِ؟ قَالَ: «عَرَقُ أَهْلِ النَّارِ أَوْ عُصَارَةُ أَهْلِ النَّارِ» . رَوَاهُ مُسْلِمٌ فِى الصَّحِيحِ عَنْ قُتَيْبَةَ بْنِ سَعِيدٍ. (8/291)
17827- أَخْبَرَنَا أَبُو مُحَمَّدٍ: عَبْدُ اللَّهِ بْنُ يُوسُفَ أَخْبَرَنَا أَبُو سَعِيدِ ابْنُ الْأَعْرَابِيِّ حَدَّثَنَا سَعْدَانُ حَدَّثَنَا سُفْيَانُ عَنِ ابْنِ طَاوُسٍ عَنْ أَبِيهِ قَالَ: ","يَا رَسُولَ اللَّهِ وَمَا طِينَةُ الْخَبَالِ؟ قَالَ: «عَرَقُ أَهْلِ النَّارِ أَوْ عُصَارَةُ أَهْلِ النَّارِ» . رَوَاهُ مُسْلِمٌ فِى الصَّحِيحِ عَنْ قُتَيْبَةَ بْنِ سَعِيدٍ. (8/291)
17827- أَخْبَرَنَا أَبُو مُحَمَّدٍ: عَبْدُ اللَّهِ بْنُ يُوسُفَ أَخْبَرَنَا أَبُو سَعِيدِ ابْنُ الْأَعْرَابِيِّ حَدَّثَنَا سَعْدَانُ حَدَّثَنَا سُفْيَانُ عَنِ ابْنِ طَاوُسٍ عَنْ أَبِيهِ قَالَ:"
"وقتله ابن أم الحكم بالجزيرة.
وقال خليفة: كان عمرو بن الحمق يوم صفين على خزاعة مع علي.
وعن الشعبي، قال: لما قدم زياد الكوفة أثاره عمارة بن عقبة بن أبي معيط، فقال: إن عمرو بن الحمق من شيعة علي، فسير إليه يقول: ما هذه الزرافات التي تجتمع عندك من أرادك أو أردت كلامه ففي المسجد.
","وَقَتَلَهُ ابْنُ أُمِّ الْحَكَمِ بِالْجَزِيرَةِ.
وَقَالَ خَلِيفَةُ: كَانَ عَمْرُو بْنُ الْحَمِقِ يَوْم صِفِّينَ عَلَى خُزَاعَةَ مَعَ عَلِيٍّ.
وَعَنِ الشَّعْبِيُّ، قَالَ: لَمَّا قَدِمَ زِيَادٌ الْكُوفَةَ أَثَارَهُ عِمَارَةُ بْنُ عُقْبَةَ بْنِ أَبِي مُعَيْطٍ، فَقَالَ: إِنَّ عَمْرَو بْنَ الْحَمِقِ مِنْ شِيعَةِ عَلِيٍّ، فَسَيِّرْ إِلَيْهِ يَقُولُ: مَا هَذِهِ الزُّرَافَاتِ الَّتِي تَجْتَمِعُ عِنْدَكَ مَنْ أَرَادَكَ أَوْ أَرَدْتَ كَلَامَهُ فَفِي الْمَسْجِدِ.
","وَقَتَلَهُ ابْنُ أُمِّ الْحَكَمِ بِالْجَزِيرَةِ.
وَقَالَ خَلِيفَةُ: كَانَ عَمْرُو بْنُ الْحَمَقِ يَوْمَ صِفِّينَ عَلَى خُزَاعَةَ مَعَ عَلِيٍّ.
وَعَنِ الشَّعْبِيِّ، قَالَ: لَمَّا قَدِمَ زِيَادٌ الْكُوفَةَ أَثَارَهُ عُمَارَةُ بْنُ عُقْبَةَ بْنِ أَبِي مُعَيْطٍ، فَقَالَ: إِنَّ عَمْرَو بْنَ الْحَمَقِ مِنْ شِيعَةِ عَلِيٍّ، فَسِيرْ إِلَيْهِ يَقُولُ: مَا هَذِهِ الزَّرَافَاتُ الَّتِي تَجْتَمِعُ عِنْدَكَ مَنْ أَرَادَكَ أَوْ أَرَدْتَ كَلَامَهُ فَفِي الْمَسْجِدِ."
"في فتاوى البغوي أنهم لو لم يقولوا في شهادتهم إنه كان ملكا لفلان بل شهدوا أنه ملك هذا المدعي اشتراه من فلان أن ظاهر النص أنها لا تسمع ما لم يقولوا اشتراه من فلان وكان مالكا له قال وعندي يحتمل أن لا تشترط هذه اللفظة لأنه قد يشتريه من فلان شراء صحيحا ولا يكون مالكا بل وكيلا بالبيع ولأنهم لما قالوا اشتراه من فلان فمطلق الشراء يحمل على الصحيح الموجب للملك خاصة إذا شهدوا لهذا المدعي بالملك في الحال.
","فِي فَتَاوَى الْبَغَوِيّ أَنَّهُمْ لَوْ لَمْ يَقُولُوا فِي شَهَادَتِهِمْ إِنَّهُ كَانَ مِلْكًا لِفُلَانٍ بَلْ شَهِدُوا أَنَّهُ مِلْكُ هَذَا الْمُدَّعِي اشْتَرَاهُ مِنْ فُلَانٍ أَنَّ ظَاهِرَ النَّصِّ أَنَّهَا لَا تُسْمَعُ مَا لَمْ يَقُولُوا اشْتَرَاهُ مِنْ فُلَانٍ وَكَانَ مَالِكًا لَهُ قَالَ وَعِنْدِي يُحْتَمَلُ أَنْ لَا تُشْتَرَطَ هَذِهِ اللَّفْظَةُ لِأَنَّهُ قَدْ يَشْتَرِيهِ مِنْ فُلَانٍ شِرَاءً صَحِيحًا وَلَا يَكُونُ مَالِكًا بَلْ وَكِيلًا بِالْبَيْعِ وَلِأَنَّهُمْ لَمَّا قَالُوا اشْتَرَاهُ مِنْ فُلَانٍ فَمُطْلَقُ الشِّرَاءِ يُحْمَلُ عَلَى الصَّحِيحِ الْمُوجِبِ لِلْمِلْكِ خَاصَّةً إِذَا شَهِدُوا لِهَذَا الْمُدَّعِي بِالْمِلْكِ فِي الْحَالِ.
",فِي فَتَاوَى الْبَغَوِيّ أَنَّهُمْ لَوْ لَمْ يَقُولُوا فِي شَهَادَتِهِمْ إِنَّهُ كَانَ مِلْكًا لِفُلَانٍ بَلْ شَهِدُوا أَنَّهُ مِلْكُ هَذَا الْمُدَّعِي اشْتَرَاهُ مِنْ فُلَانٍ أَنَّ ظَاهِرَ النَّصِّ أَنَّهَا لَا تُسْمَعُ مَا لَمْ يَقُولُوا اشْتَرَاهُ مِنْ فُلَانٍ وَكَانَ مَالِكًا لَهُ قَالَ وَعِنْدِي يُحْتَمَلُ أَنْ لَا تُشْتَرَطَ هَذِهِ اللَّفْظَةُ لِأَنَّهُ قَدْ يَشْتَرِيهِ مِنْ فُلَانٍ شِرَاءً صَحِيحًا وَلَا يَكُونُ مَالِكًا بَلْ وَكِيلًا بِالْبَيْعِ وَلِأَنَّهُمْ لَمَّا قَالُوا اشْتَرَاهُ مِنْ فُلَانٍ فَمُطْلَقُ الشِّرَاءِ يُحْمَلُ عَلَى الصَّحِيحِ الْمُوجِبِ لِلْمِلْكِ خَاصَّةً إِذَا شَهِدُوا لِهَذَا الْمُدَّعِي بِالْمِلْكِ فِي الْحَالِ.
"وبعد التسليم، يقول: هناك يتعذر اعتبار الجانبين؛ لأن المنفعة لا تبقى وقتين فلا يمكن جعل العقد عليها تبرعا ابتداء، معاوضة انتهاء؛ فجعلناه معاوضة ابتداء - بخلاف العين، على ما قررناه -.
وأما مسألة الإكراه: قلنا: المكره مضار متعنت، ومعنى الإضرار في حكم السبب لا في نفسه؛ فلهذا استوفى في حقه البيع والهبة بشرط العوض، ","وَبَعْدَ التَّسْلِيمِ، يَقُولُ: هُنَاكَ يَتَعَذَّرُ اعْتِبَارُ الْجَانِبَيْنِ؛ لِأَنَّ الْمَنْفَعَةَ لَا تَبْقَى وَقْتَيْنِ فَلَا يُمْكِنُ جَعْلُ الْعَقْدِ عَلَيْهَا تَبَرُّعًا ابْتِدَاءً، مُعَاوَضَةً انْتِهَاءً؛ فَجَعَلْنَاهُ مُعَاوَضَةً ابْتِدَاءً - بِخِلَافِ الْعَيْنِ، عَلَى مَا قَرَّرْنَاهُ -.
وَأَمَّا مَسْأَلَةُ الْإِكْرَاهِ: قُلْنَا: الْمُكْرَهُ مُضَارٌّ مُتَعَنِّتٌ، وَمَعْنَى الْإِضْرَار فِي حُكْمِ السَّبَبِ لَا فِي نَفْسِهِ؛ فَلِهَذَا اسْتَوْفَى فِي حَقِّهِ الْبَيْعَ وَالْهِبَةَ بِشَرْطِ الْعِوَضِ، ","وَبَعْدَ التَّسْلِيمِ، يَقُولُ: هُنَاكَ يَتَعَذَّرُ اعْتِبَارُ الْجَانِبَيْنِ؛ لِأَنَّ الْمَنْفَعَةَ لَا تَبْقَى وَقْتَيْنِ فَلَا يُمْكِنُ جَعْلُ الْعَقْدِ عَلَيْهَا تَبَرُّعًا ابْتِدَاءً، مُعَاوَضَةً انْتِهَاءً؛ فَجَعَلْنَاهُ مُعَاوَضَةً ابْتِدَاءً - بِخِلَافِ الْعَيْنِ، عَلَى مَا قَرَّرْنَاهُ -.
وَأَمَّا مَسْأَلَةُ الْإِكْرَاهِ: قُلْنَا: الْمُكْرَهُ مُضَارٌّ مُتَعَنِّتٌ، وَمَعْنَى الْإِضْرَارِ فِي حُكْمِ السَّبَبِ لَا فِي نَفْسِهِ؛ فَلِهَذَا اسْتَوْفَى فِي حَقِّهِ الْبَيْعَ وَالْهِبَةَ بِشَرْطِ الْعِوَضِ،"
دفع إلى حكيم بن حزام دينارا وأمره أن يشتري له أضحية فاشترى شاة ثم باعها بدينارين ثم اشترى شاة بدينار وجاء بالشاة والدينار إلى رسول الله صلى الله عليه وسلم فأخبره بذلك فقال بارك الله لك في صفقتك فأما الشاة فضح بها وأما الدينار فتصدق به} ,دَفَعَ إِلَى حَكِيمِ بْنِ حِزَامٍ دِينَارًا وَأَمَرَهُ أَنْ يَشْتَرِيَ لَهُ أُضْحِيَّةً فَاشْتَرَى شَاةً ثُمَّ بَاعَهَا بِدِينَارَيْنِ ثُمَّ اشْتَرَى شَاةً بِدِينَارٍ وَجَاءَ بِالشَّاةِ وَالدِّينَارِ إِلَى رَسُولِ اللَّهِ صَلَّى اللَّهُ عَلَيْهِ وَسَلَّمَ فَأَخْبَرَهُ بِذَلِكَ فَقَالَ بَارَكَ اللَّهُ لَكَ فِي صَفْقَتِكَ فَأَمَّا الشَّاةُ فَضَحِّ بِهَا وَأَمَّا الدِّينَارُ فَتَصَدَّقْ بِهِ} ,دَفَعَ إِلَى حَكِيمِ بْنِ حِزَامٍ دِينَارًا وَأَمَرَهُ أَنْ يَشْتَرِيَ لَهُ أُضْحِيَّةً فَاشْتَرَى شَاةً ثُمَّ بَاعَهَا بِدِينَارَيْنِ ثُمَّ اشْتَرَى شَاةً بِدِينَارٍ وَجَاءَ بِالشَّاةِ وَالدِّينَارِ إِلَى رَسُولِ اللَّهِ صَلَّى اللَّهُ عَلَيْهِ وَسَلَّمَ فَأَخْبَرَهُ بِذَلِكَ فَقَالَ بَارَكَ اللَّهُ لَكَ فِي صَفْقَتِكَ فَأَمَّا الشَّاةُ فَضَحِّ بِهَا وَأَمَّا الدِّينَارُ فَتَصَدَّقْ بِهِ}
"المسألة السابعة: قوله تعالى: {فإن أحصرتم} : هذه آية مشكلة عضلة من العضل، فيها قولان: أحدهما: منعتم بأي عذر كان؛ قاله مجاهد، وقتادة، وأبو حنيفة.
الثاني: [منعتم] بالعدو خاصة؛ قاله ابن عمر، وابن عباس، وأنس، والشافعي؛ وهو اختيار علمائنا، ورأي أكثر أهل اللغة ومحصليها على أن أحصر عرض للمرض، ","الْمَسْأَلَةُ السَّابِعَةُ: قَوْله تَعَالَى: {فَإِنْ أُحْصِرْتُمْ} : هَذِهِ آيَةٌ مُشْكِلَةٌ عُضْلَةٌ مِنَ الْعُضْلِ، فِيهَا قَوْلَانِ: أَحَدُهُمَا: مُنِعْتُمْ بِأَيِّ عُذْرٍ كَانَ؛ قَالَهُ مُجَاهِدٌ، وَقَتَادَةُ، وَأَبُو حَنِيفَةَ.
الثَّانِي: [مُنِعْتُمْ] بِالْعَدُوِّ خَاصَّةً؛ قَالَهُ ابْنُ عُمَرَ، وَابْنُ عَبَّاسٍ، وَأَنَسٌ، وَالشَّافِعِيُّ؛ وَهُوَ اخْتِيَارُ عُلَمَائِنَا، وَرَأْيُ أَكْثَرِ أَهْلِ اللُّغَةِ وَمُحَصِّلِيهَا عَلَى أَنَّ أُحْصِرَ عُرِّضَ لِلْمَرَضِ، ","الْمَسْأَلَةُ السَّابِعَةُ: قَوْله تَعَالَى: {فَإِنْ أُحْصِرْتُمْ} : هَذِهِ آيَةٌ مُشْكِلَةٌ عَضْلَةٌ مِنَ الْعَضْلِ، فِيهَا قَوْلَانِ: أَحَدُهُمَا: مُنِعْتُمْ بِأَيِّ عُذْرٍ كَانَ؛ قَالَهُ مُجَاهِدٌ، وَقَتَادَةُ، وَأَبُو حَنِيفَةَ.
الثَّانِي: [مُنِعْتُمْ] بِالْعَدُوِّ خَاصَّةً؛ قَالَهُ ابْنُ عُمَرَ، وَابْنُ عَبَّاسٍ، وَأَنَسٌ، وَالشَّافِعِيُّ؛ وَهُوَ اخْتِيَارُ عُلَمَائِنَا، وَرَأْيُ أَكْثَرِ أَهْلِ اللُّغَةِ وَمُحَصِّلِيهَا عَلَى أَنَّ أُحْصِرَ عَرَضٌ لِلْمَرَضِ،"
الحكم الأول: ليس للشريك أن يطلب من الشريك الساكن أجرة عن المدة التي سكنها شريكه ولو كانت الدار معدة للاستغلال؛ لأنه كما ذكر في شرح المادة (75 1) ,الْحُكْمُ الْأَوَّلُ: لَيْسَ لِلشَّرِيكِ أَنْ يَطْلُبَ مِنَ الشَّرِيكِ السَّاكِنِ أُجْرَةً عَنِ الْمُدَّةِ الَّتِي سَكَنَهَا شَرِيكُهُ وَلَوْ كَانَتِ الدَّارُ مُعَدَّةً لِلِاسْتِغْلَالِ؛ لِأَنَّهُ كَمَا ذَكَرَ فِي شَرْحِ الْمَادَّةِ (75 1) ,الْحُكْمُ الْأَوَّلُ: لَيْسَ لِلشَّرِيكِ أَنْ يَطْلُبَ مِنَ الشَّرِيكِ السَّاكِنِ أُجْرَةً عَنِ الْمُدَّةِ الَّتِي سَكَنَهَا شَرِيكُهُ وَلَوْ كَانَتِ الدَّارُ مُعَدَّةً لِلِاسْتِغْلَالِ؛ لِأَنَّهُ كَمَا ذُكِرَ فِي شَرْحِ الْمَادَّةِ (75 1)
وجه) القول المشهور أن العشرة لا تستعظم في العرف وإنما يستعظم النصاب ولهذا استعظمه الشرع حيث علق وجوب المعظم وهو الزكاة به فكان هذا أقل ما استعظمه الشرع عرفا فلا يصدق في أقل من ذلك وقيل: إن كان الرجل غنيا يقع على ما يستعظم عند الأغنياء، ,وَجْهُ) الْقَوْلِ الْمَشْهُورِ أَنَّ الْعَشَرَةَ لَا تُسْتَعْظَمُ فِي الْعُرْفِ وَإِنَّمَا يُسْتَعْظَمُ النِّصَابُ وَلِهَذَا اسْتَعْظَمَهُ الشَّرْعُ حَيْثُ عَلَّقَ وُجُوبَ الْمُعْظَمِ وَهُوَ الزَّكَاةُ بِهِ فَكَانَ هَذَا أَقَلَّ مَا اسْتَعْظَمَهُ الشَّرْعُ عُرْفًا فَلَا يُصَدَّقُ فِي أَقَلَّ مِنْ ذَلِكَ وَقِيلَ: إِنْ كَانَ الرَّجُلُ غَنِيَّا يَقَعُ عَلَى مَا يُسْتَعْظَمُ عِنْدَ الْأَغْنِيَاءِ، ,وَجْهُ) الْقَوْلِ الْمَشْهُورِ أَنَّ الْعَشَرَةَ لَا تُسْتَعْظَمُ فِي الْعُرْفِ وَإِنَّمَا يُسْتَعْظَمُ النِّصَابُ وَلِهَذَا اسْتَعْظَمَهُ الشَّرْعُ حَيْثُ عَلَّقَ وُجُوبَ الْمُعْظَمِ وَهُوَ الزَّكَاةُ بِهِ فَكَانَ هَذَا أَقَلَّ مَا اسْتَعْظَمَهُ الشَّرْعُ عُرْفًا فَلَا يُصَدَّقُ فِي أَقَلَّ مِنْ ذَلِكَ وَقِيلَ: إِنْ كَانَ الرَّجُلُ غَنِيًّا يَقَعُ عَلَى مَا يُسْتَعْظَمُ عِنْدَ الْأَغْنِيَاءِ،
"فلا وجه لبناء عدم ورود السؤال على قوله ومن غصب أرضا على القول بتحقق الغصب الشرعي في العقار، على أنه لو بنى عليه لورد السؤال على قول المصنف في تعليل ذلك، والغصب لا يتحقق فيها إذ يلزم حينئذ أن لا يطابق التعليل المعلل.
","فَلَا وَجْهَ لِبِنَاءِ عَدَمِ وُرُودِ السُّؤَالِ عَلَى قَوْلِهِ وَمَنْ غَصَبَ أَرْضًا عَلَى الْقَوْلِ بِتَحَقُّقِ الْغَصْبِ الشَّرْعِيِّ فِي الْعَقَارِ، عَلَى أَنَّهُ لَوْ بَنَى عَلَيْهِ لَوَرَدَ السُّؤَالُ عَلَى قَوْلِ الْمُصَنِّفِ فِي تَعْلِيلِ ذَلِكَ، وَالْغَصْبُ لَا يَتَحَقَّقُ فِيهَا إِذْ يَلْزَمُ حِينَئِذٍ أَنْ لَا يُطَابِقَ التَّعْلِيلُ الْمُعَلِّلَ.
",فَلَا وَجْهَ لِبِنَاءِ عَدَمِ وُرُودِ السُّؤَالِ عَلَى قَوْلِهِ وَمَنْ غَصَبَ أَرْضًا عَلَى الْقَوْلِ بِتَحَقُّقِ الْغَصْبِ الشَّرْعِيِّ فِي الْعَقَارِ، عَلَى أَنَّهُ لَوْ بَنَى عَلَيْهِ لَوَرَدَ السُّؤَالُ عَلَى قَوْلِ الْمُصَنِّفِ فِي تَعْلِيلِ ذَلِكَ، وَالْغَصْبُ لَا يَتَحَقَّقُ فِيهَا إِذْ يَلْزَمُ حِينَئِذٍ أَنْ لَا يُطَابِقَ التَّعْلِيلُ الْمُعَلَّلَ.
وأما أجر سائق الغنم الذي يسوقها من بلد للعرف الظاهر فيه ولأن هذا بمنزلة الكراء فيما له حمل ومؤنة، وكذلك أجرة السمسار فقد جرى العرف بإلحاقه برأس المال فهو كأجرة القصار وأجرة الراعي ليس نظير أجرة سائق الغنم؛ لأن الراعي لا يستحق الأجر بالنقل ولا يعمل الراعي بل يحفظ الغنم فهو كأجرة البيت الذي تحفظ فيه الغنم، ,وَأَمَّا أَجْرُ سَائِقِ الْغَنَمِ الَّذِي يَسُوقُهَا مِنْ بَلَدٍ لِلْعُرْفِ الظَّاهِرِ فِيهِ وَلِأَنَّ هَذَا بِمَنْزِلَةِ الْكِرَاءِ فِيمَا لَهُ حِمْلٌ وَمُؤْنَةٌ، وَكَذَلِكَ أُجْرَةُ السِّمْسَارِ فَقَدْ جَرَى الْعُرْفُ بِإِلْحَاقِهِ بِرَأْسِ الْمَالِ فَهُوَ كَأُجْرَةِ الْقَصَّارِ وَأُجْرَةِ الرَّاعِي لَيْسَ نَظِيرُ أُجْرَةِ سَائِقِ الْغَنَمِ؛ لِأَنَّ الرَّاعِيَ لَا يَسْتَحِقُّ الْأَجْرَ بِالنَّقْلِ وَلَا يَعْمَلُ الرَّاعِي بَلْ يَحْفَظُ الْغَنَمَ فَهُوَ كَأُجْرَةِ الْبَيْتِ الَّذِي تُحْفَظُ فِيهِ الْغَنَمُ، ,وَأَمَّا أَجْرُ سَائِقِ الْغَنَمِ الَّذِي يَسُوقُهَا مِنْ بَلَدٍ لِلْعُرْفِ الظَّاهِرِ فِيهِ وَلِأَنَّ هَذَا بِمَنْزِلَةِ الْكِرَاءِ فِيمَا لَهُ حِمْلٌ وَمُؤْنَةٌ، وَكَذَلِكَ أُجْرَةُ السِّمْسَارِ فَقَدْ جَرَى الْعُرْفُ بِإِلْحَاقِهِ بِرَأْسِ الْمَالِ فَهُوَ كَأُجْرَةِ الْقَصَّارِ وَأُجْرَةِ الرَّاعِي لَيْسَ نَظِيرَ أُجْرَةِ سَائِقِ الْغَنَمِ؛ لِأَنَّ الرَّاعِيَ لَا يَسْتَحِقُّ الْأَجْرَ بِالنَّقْلِ وَلَا يَعْمَلُ الرَّاعِي بَلْ يَحْفَظُ الْغَنَمَ فَهُوَ كَأُجْرَةِ الْبَيْتِ الَّذِي تُحْفَظُ فِيهِ الْغَنَمُ،
وأبو حفص القاص، قالا: حدثنا الحكم بن موسى، عن يحيى ابن حمزة، عن عبد الرحمن بن يزيد بن جابر، أن القاسم بن مخيمرة حدثه، قال: حدثني أبو بردة بن أبي موسى، قال: وجع أبو موسى وجعا فغشي عليه ورأسه في حجر امرأة من أهله فصاحت امرأة من أهله، فلم يستطع أن يرد عليها شيئا فلما أفاق، ,وَأَبُو حَفْصٍ الْقَاصُّ، قَالَا: حَدَّثَنَا الْحَكَمُ بْنُ مُوسَى، عَنْ يَحْيَى ابْنُ حَمْزَةَ، عَنْ عَبْدِ الرَّحْمَنِ بْنِ يَزِيدَ بْنِ جَابِرٍ، أَنَّ الْقَاسِمَ بْنَ مُخَيْمِرَةَ حَدَّثَهُ، قَالَ: حَدَّثَنِي أَبُو بُرْدَةَ بْنُ أَبِي مُوسَى، قَالَ: وَجِعَ أَبُو مُوسَى وَجَعًا فَغُشِيَ عَلَيْهِ وَرَأْسُهُ فِي حِجْرِ امْرَأَةٍ مِنْ أَهْلِهِ فَصَاحَتِ امْرَأَةٌ مِنْ أَهْلِهِ، فَلَمْ يَسْتَطِعْ أَنْ يَرُدَّ عَلَيْهَا شَيْئًا فَلَمَّا أَفَاقَ، ,وَأَبُو حَفْصٍ الْقَاصُّ، قَالَا: حَدَّثَنَا الْحَكَمُ بْنُ مُوسَى، عَنْ يَحْيَى ابْنِ حَمْزَةَ، عَنْ عَبْدِ الرَّحْمَنِ بْنِ يَزِيدَ بْنِ جَابِرٍ، أَنَّ الْقَاسِمَ بْنَ مُخَيْمِرَةَ حَدَّثَهُ، قَالَ: حَدَّثَنِي أَبُو بُرْدَةَ بْنُ أَبِي مُوسَى، قَالَ: وَجِعَ أَبُو مُوسَى وَجَعًا فَغُشِيَ عَلَيْهِ وَرَأْسُهُ فِي حِجْرِ امْرَأَةٍ مِنْ أَهْلِهِ فَصَاحَتِ امْرَأَةٌ مِنْ أَهْلِهِ، فَلَمْ يَسْتَطِعْ أَنْ يَرُدَّ عَلَيْهَا شَيْئًا فَلَمَّا أَفَاقَ،
"فيكون شيء من اللحم مع السقط زيادة، ويحتمل أن يكون مثله في الوزن فيكون السقط زيادة فوجب مراعاة طريق الاعتبار تحرزا عن الربا عند الإمكان، ولهذا لم يجز بيع الدهن (11/298)
بالسمسم، والزيت بالزيتون إلا على طريق الاعتبار كذا هذا، ولهذا قلنا: إن هذا بيع الموزون بما ليس بموزون يدا بيد فيجوز مجازفة ومفاضلة، ","فَيَكُونَ شَيْءٌ مِنَ اللَّحْمِ مَعَ السَّقَطِ زِيَادَةً، وَيُحْتَمَلُ أَنْ يَكُونَ مِثْلَهُ فِي الْوَزْنِ فَيَكُونَ السَّقَطُ زِيَادَةً فَوَجَبَ مُرَاعَاةُ طَرِيقِ الِاعْتِبَارِ تَحَرُّزًا عَنِ الرِّبَا عِنْدَ الْإِمْكَانِ، وَلِهَذَا لَمْ يَجُزْ بَيْعُ الدُّهْنِ (11/298)
بِالسِّمْسِمِ، وَالزَّيْتِ بِالزَّيْتُونِ إِلَّا عَلَى طَرِيقِ الِاعْتِبَارِ كَذَا هَذَا، وَلِهَذَا قُلْنَا: إِنَّ هَذَا بَيْعُ الْمَوْزُونِ بِمَا لَيْسَ بِمَوْزُونٍ يَدًا بِيَدٍ فَيَجُوزُ مُجَازَفَةً وَمُفَاضَلَةً، ","فَيَكُونُ شَيْءٌ مِنَ اللَّحْمِ مَعَ السِّقْطِ زِيَادَةً، وَيُحْتَمَلُ أَنْ يَكُونَ مِثْلَهُ فِي الْوَزْنِ فَيَكُونُ السِّقْطُ زِيَادَةً فَوَجَبَ مُرَاعَاةُ طَرِيقِ الِاعْتِبَارِ تَحَرُّزًا عَنِ الرِّبَا عِنْدَ الْإِمْكَانِ، وَلِهَذَا لَمْ يَجُزْ بَيْعُ الدُّهْنِ (11/298)
بِالسِّمْسِمِ، وَالزَّيْتِ بِالزَّيْتُونِ إِلَّا عَلَى طَرِيقِ الِاعْتِبَارِ كَذَا هَذَا، وَلِهَذَا قُلْنَا: إِنَّ هَذَا بَيْعُ الْمَوْزُونِ بِمَا لَيْسَ بِمَوْزُونٍ يَدًا بِيَدٍ فَيَجُوزُ مُجَازَفَةً وَمُفَاضَلَةً،"
أو به جنون أو جذام أو برص أو مرض، أو يجد المستأجر الدار مهدومة الحائط، أو يخاف من سقوطها، أو انقطع الماء من بئرها، أو تغير بحيث يمنع الشرب والوضوء؛ فيثبت له خيار الفسخ، ولا يعارضه قول الانتصار إنه لا فسخ بذلك؛ لإمكان حمله على أنه لا يحصل الفسخ بمجرد ذلك؛ لأنه لو كان المعقود عليه لانفسخت الإجارة، ,أَوْ بِهِ جُنُونٌ أَوْ جُذَامٌ أَوْ بَرَصٌ أَوْ مَرَضٌ، أَوْ يَجِدَ الْمُسْتَأْجِرُ الدَّارَ مَهْدُومَةَ الْحَائِطِ، أَوْ يَخَافَ مِنْ سُقُوطِهَا، أَوِ انْقَطَعَ الْمَاءُ مِنْ بِئْرِهَا، أَوْ تَغَيَّرَ بِحَيْثُ يَمْنَعُ الشُّرْبَ وَالْوُضُوءَ؛ فَيَثْبُتُ لَهُ خِيَارُ الْفَسْخِ، وَلَا يُعَارِضُهُ قَوْلُ الِانْتِصَارِ إِنَّهُ لَا فَسْخَ بِذَلِكَ؛ لِإِمْكَانِ حَمْلِهِ عَلَى أَنَّهُ لَا يَحْصُلُ الْفَسْخُ بِمُجَرَّدِ ذَلِكَ؛ لِأَنَّهُ لَوْ كَانَ الْمَعْقُودُ عَلَيْهِ لَانْفَسَخَتِ الْإِجَارَةُ، ,أَوْ بِهِ جُنُونٌ أَوْ جُذَامٌ أَوْ بَرَصٌ أَوْ مَرَضٌ، أَوْ يَجِدُ الْمُسْتَأْجِرُ الدَّارَ مَهْدُومَةَ الْحَائِطِ، أَوْ يَخَافُ مِنْ سُقُوطِهَا، أَوِ انْقَطَعَ الْمَاءُ مِنْ بِئْرِهَا، أَوْ تَغَيَّرَ بِحَيْثُ يَمْنَعُ الشُّرْبَ وَالْوُضُوءَ؛ فَيَثْبُتُ لَهُ خِيَارُ الْفَسْخِ، وَلَا يُعَارِضُهُ قَوْلُ الِانْتِصَارِ إِنَّهُ لَا فَسْخَ بِذَلِكَ؛ لِإِمْكَانِ حَمْلِهِ عَلَى أَنَّهُ لَا يَحْصُلُ الْفَسْخُ بِمُجَرَّدِ ذَلِكَ؛ لِأَنَّهُ لَوْ كَانَ الْمَعْقُودُ عَلَيْهِ لَانْفَسَخَتِ الْإِجَارَةُ،
"لأنه ساع في دفع ظلمهم عن المسلمين وغيرهم فهو في معنى دفع الظالمين {والله يعلم المفسد من المصلح} {والله في عون العبد ما كان العبد في عون أخيه} وليس ذلك سحرا كيف وقد قال عليه أفضل الصلاة والسلام {وما أدراك أنها رقية} . (6/226)
(سئل) ","لِأَنَّهُ سَاعٍ فِي دَفْعِ ظُلْمِهِمْ عَنِ الْمُسْلِمِينَ وَغَيْرِهِمْ فَهُوَ فِي مَعْنَى دَفْعِ الظَّالِمِينَ {وَاللَّهُ يَعْلَمُ الْمُفْسِدَ مِنَ الْمُصْلِحِ} {وَاللَّهُ فِي عَوْنِ الْعَبْدِ مَا كَانَ الْعَبْدُ فِي عَوْنِ أَخِيهِ} وَلَيْسَ ذَلِكَ سِحْرًا كَيْفَ وَقَدْ قَالَ عَلَيْهِ أَفْضَلُ الصَّلَاةِ وَالسَّلَامِ {وَمَا أَدْرَاك أَنَّهَا رُقْيَةٌ} . (6/226)
(سُئِلَ) ","لِأَنَّهُ سَاعٍ فِي دَفْعِ ظُلْمِهِمْ عَنِ الْمُسْلِمِينَ وَغَيْرِهِمْ فَهُوَ فِي مَعْنَى دَفْعِ الظَّالِمِينَ {وَاللَّهُ يَعْلَمُ الْمُفْسِدَ مِنَ الْمُصْلِحِ} {وَاللَّهُ فِي عَوْنِ الْعَبْدِ مَا كَانَ الْعَبْدُ فِي عَوْنِ أَخِيهِ} وَلَيْسَ ذَلِكَ سِحْرًا كَيْفَ وَقَدْ قَالَ عَلَيْهِ أَفْضَلُ الصَّلَاةِ وَالسَّلَامِ {وَمَا أَدْرَاك أَنَّهَا رُقْيَةٌ} . (6/226)
(سُئِلَ)"
"لأنه عذر هاهنا مسألتان مسألة الإتكاء ومسألة القعود وكل على نوعين بعذر وبلا عذر أما الاتكاء بعذر فغير مكروه إجماعا وبغير عذر كذلك عند أبي حنيفة وعندهما يكره.
وأما القعود بعذر فغير مكروه وبغير عذر جاز وكره عنده وعندهما لم يجز.
الشرح
(2/84)
(قوله: وإن تعذر الإيماء أخرت) ","لِأَنَّهُ عُذْرٌ هَاهُنَا مَسْأَلَتَانِ مَسْأَلَةُ الْإِتْكَاءِ وَمَسْأَلَةُ الْقُعُودِ وَكُلٌّ عَلَى نَوْعَيْنِ بِعُذْرٍ وَبِلَا عُذْرٍ أَمَّا الِاتِّكَاءُ بِعُذْرٍ فَغَيْرُ مَكْرُوهٍ إِجْمَاعًا وَبِغَيْرِ عُذْرٍ كَذَلِكَ عِنْدَ أَبِي حَنِيفَةَ وَعِنْدَهُمَا يُكْرَهُ.
وَأَمَّا الْقُعُودُ بِعُذْرٍ فَغَيْرُ مَكْرُوهٍ وَبِغَيْرِ عُذْرٍ جَازَ وَكُرِهَ عِنْدَهُ وَعِنْدَهُمَا لَمْ يَجُزْ.
الشَّرْحُ
(2/84)
(قَوْلُهُ: وَإِنْ تَعَذَّرَ الْإِيمَاءُ أُخِّرَتْ) ","لِأَنَّهُ عُذْرٌ هَاهُنَا مَسْأَلَتَانِ مَسْأَلَةُ الْإِتْكَاءِ وَمَسْأَلَةُ الْقُعُودِ وَكُلٌّ عَلَى نَوْعَيْنِ بِعُذْرٍ وَبِلَا عُذْرٍ أَمَّا الِاتِّكَاءُ بِعُذْرٍ فَغَيْرُ مَكْرُوهٍ إِجْمَاعًا وَبِغَيْرِ عُذْرٍ كَذَلِكَ عِنْدَ أَبِي حَنِيفَةَ وَعِنْدَهُمَا يُكْرَهُ.
وَأَمَّا الْقُعُودُ بِعُذْرٍ فَغَيْرُ مَكْرُوهٍ وَبِغَيْرِ عُذْرٍ جَازَ وَكُرِهَ عِنْدَهُ وَعِنْدَهُمَا لَمْ يَجُزْ.
الشَّرْحُ
(2/84)
(قَوْلُهُ: وَإِنْ تَعَذَّرَ الْإِيمَاءُ أُخِّرَتْ)"
"وإلى أن تكون الوديعة منقولا؛ لأنها لو كانت عقارا لا يضمن بالجحود عند الشيخين خلافا لمحمد كما في التبيين.
وفي البحر هذا إذا نقلها من مكانها وقت الإنكار؛ لأنه لو لم ينقلها من مكانها حال جحوده فهلكت لا ضمان عليه.
وقال صاحب المنح: ولو جحد الوديعة، ثم ادعى ردها بعد ذلك وبرهن على الرد قبل برهانه وبرئ منها قبل الجحود، ","وَإِلَى أَنْ تَكُونَ الْوَدِيعَةُ مَنْقُولًا؛ لِأَنَّهَا لَوْ كَانَتْ عَقَارًا لَا يَضْمَنُ بِالْجُحُودِ عِنْدَ الشَّيْخَيْنِ خِلَافًا لِمُحَمَّدٍ كَمَا فِي التَّبْيِينِ.
وَفِي الْبَحْرِ هَذَا إِذَا نَقَلَهَا مِنْ مَكَانِهَا وَقْتَ الْإِنْكَارِ؛ لِأَنَّهُ لَوْ لَمْ يَنْقُلْهَا مِنْ مَكَانِهَا حَالَ جُحُودِهِ فَهَلَكَتْ لَا ضَمَانَ عَلَيْهِ.
وَقَالَ صَاحِبُ الْمِنَحِ: وَلَوْ جَحَدَ الْوَدِيعَةَ، ثُمَّ ادَّعَى رَدَّهَا بَعْدَ ذَلِكَ وَبَرْهَنَ عَلَى الرَّدِّ قَبْلَ بُرْهَانِهِ وَبَرِئَ مِنْهَا قَبْلَ الْجُحُودِ، ","وَإِلَى أَنْ تَكُونَ الْوَدِيعَةُ مَنْقُولًا؛ لِأَنَّهَا لَوْ كَانَتْ عَقَارًا لَا يَضْمَنُ بِالْجُحُودِ عِنْدَ الشَّيْخَيْنِ خِلَافًا لِمُحَمَّدٍ كَمَا فِي التَّبْيِينِ.
وَفِي الْبَحْرِ هَذَا إِذَا نَقَلَهَا مِنْ مَكَانِهَا وَقْتَ الْإِنْكَارِ؛ لِأَنَّهُ لَوْ لَمْ يَنْقُلْهَا مِنْ مَكَانِهَا حَالَ جُحُودِهِ فَهَلَكَتْ لَا ضَمَانَ عَلَيْهِ.
وَقَالَ صَاحِبُ الْمِنَحِ: وَلَوْ جَحَدَ الْوَدِيعَةَ، ثُمَّ ادَّعَى رَدَّهَا بَعْدَ ذَلِكَ وَبَرْهَنَ عَلَى الرَّدِّ قَبْلَ بُرْهَانِهِ وَبَرِئَ مِنْهَا قَبْلَ الْجُحُودِ،"
الوارث بالإجازة ولكنا نقول إسقاط الحق قبل وجود السبب لا يجوز ويعتبر المرض بسبب تعلق حقه بمال بل السبب مرض الموت ومرض الموت ما يتصل به الموت فقبل اتصال الموت لا يكون سببا، وهذا الاتصال موهوم فيكون هذا إسقاط الحق قبل تقرر السبب، ,الْوَارِثِ بِالْإِجَازَةِ وَلَكِنَّا نَقُولُ إِسْقَاطُ الْحَقِّ قَبْلَ وُجُودِ السَّبَبِ لَا يَجُوزُ وَيُعْتَبَرُ الْمَرَضُ بِسَبَبِ تَعَلُّقِ حَقِّهِ بِمَالٍ بَلِ السَّبَبُ مَرَضُ الْمَوْتِ وَمَرَضُ الْمَوْتِ مَا يَتَّصِلُ بِهِ الْمَوْتُ فَقَبْلَ اتِّصَالِ الْمَوْتِ لَا يَكُونُ سَبَبًا، وَهَذَا الِاتِّصَالُ مَوْهُومٌ فَيَكُونُ هَذَا إِسْقَاطَ الْحَقِّ قَبْلَ تَقَرُّرِ السَّبَبِ، ,الْوَارِثِ بِالْإِجَازَةِ وَلَكِنَّا نَقُولُ إِسْقَاطُ الْحَقِّ قَبْلَ وُجُودِ السَّبَبِ لَا يَجُوزُ وَيُعْتَبَرُ الْمَرَضُ بِسَبَبِ تَعَلُّقِ حَقِّهِ بِمَالٍ بَلِ السَّبَبُ مَرَضُ الْمَوْتِ وَمَرَضُ الْمَوْتِ مَا يَتَّصِلُ بِهِ الْمَوْتُ فَقَبْلَ اتِّصَالِ الْمَوْتِ لَا يَكُونُ سَبَبًا، وَهَذَا الِاتِّصَالُ مَوْهُومٌ فَيَكُونُ هَذَا إِسْقَاطَ الْحَقِّ قَبْلَ تَقَرُّرِ السَّبَبِ،
"لأن الشارع حصر المزيل للعصمة فيهن فكل منهن له دخل في إزالتها فكان في الثانية من الإزالة ما ليس في الأولى وفي الثالثة ما ليس في الثانية وحينئذ فهو حيث لم ينو تأكيدا آت بأخبار ثلاثة متغايرة عن مبتدأ واحد بخلاف ما في مثال الرضي فتأمله.
(تنبيه آخر) صريح كلامهم في نحو أنت طالق طالق طالق وأطلق وقوع الثلاث، ","لِأَنَّ الشَّارِعَ حَصَرَ الْمُزِيلَ لِلْعِصْمَةِ فِيهِنَّ فَكُلٌّ مِنْهُنَّ لَهُ دَخْلٌ فِي إِزَالَتِهَا فَكَانَ فِي الثَّانِيَةِ مِنَ الْإِزَالَةِ مَا لَيْسَ فِي الْأُولَى وَفِي الثَّالِثَةِ مَا لَيْسَ فِي الثَّانِيَةِ وَحِينَئِذٍ فَهُوَ حَيْثُ لَمْ يَنْوِ تَأْكِيدًا آتٍ بِأَخْبَارٍ ثَلَاثَةٍ مُتَغَايِرَةٍ عَنْ مُبْتَدَأٍ وَاحِدٍ بِخِلَافِ مَا فِي مِثَالِ الرَّضِيِّ فَتَأَمَّلْهُ.
(تَنْبِيهٌ آخَرُ) صَرِيحُ كَلَامِهِمْ فِي نَحْوِ أَنْتِ طَالِقٌ طَالِقٌ طَالِقٌ وَأَطْلَقَ وُقُوعُ الثَّلَاثِ، ","لِأَنَّ الشَّارِعَ حَصَرَ الْمُزِيلَ لِلْعِصْمَةِ فِيهِنَّ فَكُلٌّ مِنْهُنَّ لَهُ دَخْلٌ فِي إِزَالَتِهَا فَكَانَ فِي الثَّانِيَةِ مِنَ الْإِزَالَةِ مَا لَيْسَ فِي الْأُولَى وَفِي الثَّالِثَةِ مَا لَيْسَ فِي الثَّانِيَةِ وَحِينَئِذٍ فَهُوَ حَيْثُ لَمْ يَنْوِ تَأْكِيدًا آتٍ بِأَخْبَارٍ ثَلَاثَةٍ مُتَغَايِرَةٍ عَنْ مُبْتَدَأٍ وَاحِدٍ بِخِلَافِ مَا فِي مِثَالِ الرَّضِيِّ فَتَأَمَّلْهُ.
(تَنْبِيهٌ آخَرُ) صَرِيحُ كَلَامِهِمْ فِي نَحْوِ أَنْتِ طَالِقٌ طَالِقٌ طَالِقٌ وَأَطْلَقَ وُقُوعَ الثَّلَاثِ،"
"ليس للسيد إقامة الحد عليها وإنما ذلك لحرمة الزوج قال: وعسى أن يعتق ولده منها فيقذفوا بأمهم.
(الباب الثاني في صفة المحدود) قد تقدم أنه إن كان حرا فحده ثمانون وإن كان عبدا فحده أربعون لأن هذا حد يجلد فيه الحر أربعين كحد القذف.
(مسألة) فإن كان شارب الخمر سكرانا فقد قال ابن القاسم: ","لَيْسَ لِلسَّيِّدِ إِقَامَةُ الْحَدِّ عَلَيْهَا وَإِنَّمَا ذَلِكَ لِحُرْمَةِ الزَّوْجِ قَالَ: وَعَسَى أَنْ يُعْتَقَ وَلَدُهُ مِنْهَا فَيُقْذَفُوا بِأُمِّهِمْ.
(الْبَابُ الثَّانِي فِي صِفَةِ الْمَحْدُودِ) قَدْ تَقَدَّمَ أَنَّهُ إِنْ كَانَ حُرًّا فَحَدُّهُ ثَمَانُونَ وَإِنْ كَانَ عَبْدًا فَحَدُّهُ أَرْبَعُونَ لِأَنَّ هَذَا حَدٌّ يُجْلَدُ فِيهِ الْحُرُّ أَرْبَعِينَ كَحَدِّ الْقَذْفِ.
(مَسْأَلَةٌ) فَإِنْ كَانَ شَارِبُ الْخَمْرِ سَكْرَانًا فَقَدْ قَالَ ابْنُ الْقَاسِمِ: ","لَيْسَ لِلسَّيِّدِ إِقَامَةُ الْحَدِّ عَلَيْهَا وَإِنَّمَا ذَلِكَ لِحُرْمَةِ الزَّوْجِ قَالَ: وَعَسَى أَنْ يُعْتَقَ وَلَدُهُ مِنْهَا فَيَقْذِفُوا بِأُمِّهِمْ.
(الْبَابُ الثَّانِي فِي صِفَةِ الْمَحْدُودِ) قَدْ تَقَدَّمَ أَنَّهُ إِنْ كَانَ حُرًّا فَحَدُّهُ ثَمَانُونَ وَإِنْ كَانَ عَبْدًا فَحَدُّهُ أَرْبَعُونَ لِأَنَّ هَذَا حَدٌّ يُجْلَدُ فِيهِ الْحُرُّ أَرْبَعِينَ كَحَدِّ الْقَذْفِ.
(مَسْأَلَةٌ) فَإِنْ كَانَ شَارِبُ الْخَمْرِ سَكْرَانًا فَقَدْ قَالَ ابْنُ الْقَاسِمِ:"
فإذا قلنا بالتفريق بين اليسير والكثير فكم اليسير روى أبو زيد عن ابن القاسم في العتبية أن الدانق في صرف الدينار يسير وقال أصبغ هو أن ينقص ألف درهم درهما، ,فَإِذَا قُلْنَا بِالتَّفْرِيقِ بَيْنَ الْيَسِيرِ وَالْكَثِيرِ فَكَمِ الْيَسِيرُ رَوَى أَبُو زَيْدٍ عَنِ ابْنِ الْقَاسِمِ فِي الْعُتْبِيَّةِ أَنَّ الدَّانَقَ فِي صَرْفِ الدِّينَارِ يَسِيرٌ وَقَالَ أَصْبَغُ هُوَ أَنْ يَنْقُصَ أَلْفُ دِرْهَمٍ دِرْهَمًا، ,فَإِذَا قُلْنَا بِالتَّفْرِيقِ بَيْنَ الْيَسِيرِ وَالْكَثِيرِ فَكَمِ الْيَسِيرُ رَوَى أَبُو زَيْدٍ عَنِ ابْنِ الْقَاسِمِ فِي الْعُتْبِيَّةِ أَنَّ الدَّانَقَ فِي صَرْفِ الدِّينَارِ يَسِيرٌ وَقَالَ أَصْبَغُ هُوَ أَنْ يُنْقِصَ أَلْفَ دِرْهَمٍ دِرْهَمًا،
"نفقة أو قال من المهر وقالت نفقة، وكذا في جميع قضاء الديون إذا كانت من وجوه مختلفة.
(قوله ووجهه أن كفايتها إلخ) ظاهر من الكتاب ثم هل يراد بالخادم مملوكها أو أعم منه؟ قال بعضهم المملوك، فلو لم يكن لا تستحق، ","نَفَقَةٌ أَوْ قَالَ مِنَ الْمَهْرِ وَقَالَتْ نَفَقَةٌ، وَكَذَا فِي جَمِيعِ قَضَاءِ الدُّيُونِ إِذَا كَانَتْ مِنْ وُجُوهٍ مُخْتَلِفَةٍ.
(قَوْلُهُ وَوَجْهُهُ أَنَّ كِفَايَتَهَا إِلَخْ) ظَاهِرٌ مِنَ الْكِتَابِ ثُمَّ هَلْ يُرَادُ بِالْخَادِمِ مَمْلُوكُهَا أَوْ أَعَمُّ مِنْهُ؟ قَالَ بَعْضُهُمُ الْمَمْلُوكُ، فَلَوْ لَمْ يَكُنْ لَا تَسْتَحِقُّ، ","نَفَقَةٌ أَوْ قَالَ مِنَ الْمَهْرِ وَقَالَتْ نَفَقَةٌ، وَكَذَا فِي جَمِيعِ قَضَاءِ الدُّيُونِ إِذَا كَانَتْ مِنْ وُجُوهٍ مُخْتَلِفَةٍ.
(قَوْلُهُ وَوَجْهُهُ أَنَّ كِفَايَتَهَا إِلَخْ) ظَاهِرٌ مِنَ الْكِتَابِ ثُمَّ هَلْ يُرَادُ بِالْخَادِمِ مَمْلُوكُهَا أَوْ أَعَمُّ مِنْهُ؟ قَالَ بَعْضُهُمُ الْمَمْلُوكُ، فَلَوْ لَمْ يَكُنْ لَا تَسْتَحِقُّ،"
حدثنا محمد بن إسماعيل الأحمسي، ثنا وكيع، عن سفيان، عن سعد بن إبراهيم، عن عروة بن الزبير، عن عائشة قالت: كنت أسمع أن النبي صلى الله عليه وسلم قال: لا يموت حتى يخير بين الدنيا والآخرة، قالت: وأصابته بحة في مرضه الذي مات فيه، فسمعته يقول: ,حَدَّثَنَا مُحَمَّدُ بْنُ إِسْمَاعِيلَ الْأَحْمَسِيُّ، ثنَا وَكِيعٌ، عَنْ سُفْيَانَ، عَنْ سَعْدِ بْنِ إِبْرَاهِيمَ، عَنْ عُرْوَةَ بْنِ الزُّبَيْرِ، عَنْ عَائِشَةَ قَالَتْ: كُنْتُ أَسْمَعُ أَنَّ النَّبِيَّ صَلَّى اللَّهُ عَلَيْهِ وَسَلَّمَ قَالَ: لَا يَمُوتُ حَتَّى يُخَيَّرَ بَيْنَ الدُّنْيَا وَالْآخِرَةِ، قَالَتْ: وَأَصَابَتْهُ بُحَّةٌ فِي مَرَضِهِ الَّذِي مَاتَ فِيهِ، فَسَمِعْتُهُ يَقُولُ: ,حَدَّثَنَا مُحَمَّدُ بْنُ إِسْمَاعِيلَ الْأَحْمَسِيُّ، ثنَا وَكِيعٌ، عَنْ سُفْيَانَ، عَنْ سَعْدِ بْنِ إِبْرَاهِيمَ، عَنْ عُرْوَةَ بْنِ الزُّبَيْرِ، عَنْ عَائِشَةَ قَالَتْ: كُنْتُ أَسْمَعُ أَنَّ النَّبِيَّ صَلَّى اللَّهُ عَلَيْهِ وَسَلَّمَ قَالَ: لَا يَمُوتُ حَتَّى يُخَيَّرَ بَيْنَ الدُّنْيَا وَالْآخِرَةِ، قَالَتْ: وَأَصَابَتْهُ بَحَّةٌ فِي مَرَضِهِ الَّذِي مَاتَ فِيهِ، فَسَمِعْتُهُ يَقُولُ:
للخادم (أدم على الصحيح) ؛ لأن العيش لا يتم بدونه، وجنسه جنس أدم المخدومة، ولكن نوعه دون نوعه على الأصح، ويفاوت فيه بين الموسر وغيره، والثاني: لا يجب، ويكتفى بما فضل عن المخدومة، ولا يجب اللحم في أحد وجهين يؤخذ ترجيحه من كلام الرافعي و (لا) يجب للخادم (آلة تنظيف) كمشط ودهن؛ لأنها تراد للتزيين، ,لِلْخَادِمِ (أُدْمٌ عَلَى الصَّحِيحِ) ؛ لِأَنَّ الْعَيْشَ لَا يَتِمُّ بِدُونِهِ، وَجِنْسُهُ جِنْسُ أُدْمِ الْمَخْدُومَةِ، وَلَكِنَّ نَوْعَهُ دُونَ نَوْعِهِ عَلَى الْأَصَحِّ، وَيُفَاوَتُ فِيهِ بَيْنَ الْمُوسِرِ وَغَيْرِهِ، وَالثَّانِي: لَا يَجِبُ، وَيُكْتَفَى بِمَا فَضَلَ عَنِ الْمَخْدُومَةِ، وَلَا يَجِبُ اللَّحْمُ فِي أَحَدِ وَجْهَيْنِ يُؤْخَذُ تَرْجِيحُهُ مِنْ كَلَامِ الرَّافِعِيِّ وَ (لَا) يَجِبُ لِلْخَادِمِ (آلَةُ تَنْظِيفٍ) كَمُشْطٍ وَدُهْنٍ؛ لِأَنَّهَا تُرَادُ لِلتَّزْيِينِ، ,لِلْخَادِمِ (أُدْمٌ عَلَى الصَّحِيحِ) ؛ لِأَنَّ الْعَيْشَ لَا يَتِمُّ بِدُونِهِ، وَجِنْسُهُ جِنْسُ أُدْمِ الْمَخْدُومَةِ، وَلَكِنَّ نَوْعَهُ دُونَ نَوْعِهِ عَلَى الْأَصَحِّ، وَيُفَاوِتُ فِيهِ بَيْنَ الْمُوسِرِ وَغَيْرِهِ، وَالثَّانِي: لَا يَجِبُ، وَيُكْتَفَى بِمَا فَضَلَ عَنِ الْمَخْدُومَةِ، وَلَا يَجِبُ اللَّحْمُ فِي أَحَدِ وَجْهَيْنِ يُؤْخَذُ تَرْجِيحُهُ مِنْ كَلَامِ الرَّافِعِيِّ وَ (لَا) يَجِبُ لِلْخَادِمِ (آلَةُ تَنْظِيفٍ) كَمُشْطٍ وَدُهْنٍ؛ لِأَنَّهَا تُرَادُ لِلتَّزْيِينِ،
الاستئذان ثلاث فإن أذن لك وإلا فارجع} ,الِاسْتِئْذَانُ ثَلَاثٌ فَإِنْ أُذِنَ لَكَ وَإِلَّا فَارْجِعْ} ,الِاسْتِئْذَانُ ثَلَاثٌ فَإِنْ أُذِنَ لَكَ وَإِلَّا فَارْجِعْ}
"قوله وقال الروياني في جمع الجوامع يجوز إذ لا غبن فيه) أشار إلى تصحيحه (قوله وعليه جرى العراقيون) وهو الوجه وعلله الماوردي بأن الغرر فيه على رب الدين لا على المكاتب وقول البغوي لما فيه من التبرع غير سديد إذ لا تبرع. (24/271)
(لا تسليم العوض قبل المعوض) في البيع والشراء؛ ","قَوْلُهُ وَقَالَ الرُّويَانِيُّ فِي جَمْعِ الْجَوَامِعِ يَجُوزُ إِذْ لَا غَبْنَ فِيهِ) أَشَارَ إِلَى تَصْحِيحِهِ (قَوْلُهُ وَعَلَيْهِ جَرَى الْعِرَاقِيُّونَ) وَهُوَ الْوَجْهُ وَعَلَّلَهُ الْمَاوَرْدِيُّ بِأَنَّ الْغَرَرَ فِيهِ عَلَى رَبِّ الدَّيْنِ لَا عَلَى الْمُكَاتَبِ وَقَوْلُ الْبَغَوِيّ لِمَا فِيهِ مِنَ التَّبَرُّعِ غَيْرُ سَدِيدٍ إِذْ لَا تَبَرُّعَ. (24/271)
(لَا تَسْلِيمُ الْعِوَضِ قَبْلَ الْمُعَوَّضِ) فِي الْبَيْعِ وَالشِّرَاءِ؛ ","قَوْلُهُ وَقَالَ الرُّويَانِيُّ فِي جَمْعِ الْجَوَامِعِ يَجُوزُ إِذْ لَا غَبْنَ فِيهِ) أَشَارَ إِلَى تَصْحِيحِهِ (قَوْلُهُ وَعَلَيْهِ جَرَى الْعِرَاقِيُّونَ) وَهُوَ الْوَجْهُ وَعَلَّلَهُ الْمَاوَرْدِيُّ بِأَنَّ الْغَرَرَ فِيهِ عَلَى رَبِّ الدَّيْنِ لَا عَلَى الْمُكَاتَبِ وَقَوْلُ الْبَغَوِيّ لِمَا فِيهِ مِنَ التَّبَرُّعِ غَيْرُ سَدِيدٍ إِذْ لَا تَبَرُّعَ. (24/271)
(لَا تَسْلِيمُ الْعِوَضِ قَبْلَ الْمُعَوَّضِ) فِي الْبَيْعِ وَالشِّرَاءِ؛"
وذم غيرهم تلويحا، أو عكسه فشرع السجود لغنم المدح تارة، والسلامة من الذم أخرى، وأما ما عداها فليس فيه ذلك بل نحو أمره صلى الله عليه وسلم مجردا عن غيره، ولا دخل لنا فيه فلم يطلب منا سجود عنده، وأما {يتلون آيات الله آناء الليل وهم يسجدون} فليس مما نحن فيه؛ ,وَذَمُّ غَيْرِهِمْ تَلْوِيحًا، أَوْ عَكْسُهُ فَشُرِعَ السُّجُودُ لِغُنْمِ الْمَدْحِ تَارَةً، وَالسَّلَامَةِ مِنَ الذَّمِّ أُخْرَى، وَأَمَّا مَا عَدَاهَا فَلَيْسَ فِيهِ ذَلِكَ بَلْ نَحْوُ أَمْرِهِ صَلَّى اللَّهُ عَلَيْهِ وَسَلَّمَ مُجَرَّدًا عَنْ غَيْرِهِ، وَلَا دَخْلَ لَنَا فِيهِ فَلَمْ يُطْلَبْ مِنَّا سُجُودٌ عِنْدَهُ، وَأَمَّا {يَتْلُونَ آيَاتِ اللَّهِ آنَاءَ اللَّيْلِ وَهُمْ يَسْجُدُونَ} فَلَيْسَ مِمَّا نَحْنُ فِيهِ؛ ,وَذَمِّ غَيْرِهِمْ تَلْوِيحًا، أَوْ عَكْسِهِ فَشُرِعَ السُّجُودُ لِغُنْمِ الْمَدْحِ تَارَةً، وَالسَّلَامَةِ مِنَ الذَّمِّ أُخْرَى، وَأَمَّا مَا عَدَاهَا فَلَيْسَ فِيهِ ذَلِكَ بَلْ نَحْوُ أَمْرِهِ صَلَّى اللَّهُ عَلَيْهِ وَسَلَّمَ مُجَرَّدًا عَنْ غَيْرِهِ، وَلَا دَخْلَ لَنَا فِيهِ فَلَمْ يُطْلَبْ مِنَّا سُجُودٌ عِنْدَهُ، وَأَمَّا {يَتْلُونَ آيَاتِ اللَّهِ آنَاءَ اللَّيْلِ وَهُمْ يَسْجُدُونَ} فَلَيْسَ مِمَّا نَحْنُ فِيهِ؛
فهذه عشر صور تصل باعتبار الذكورة والأنوثة إلى عشرين، وباعتبار ما يحل له أو لها إلى أربعين مثلا يجوز تزوجه بأم أخيه وتزوجها بأبي أخيها، وكل منها يجوز أن يتعلق الجار والمجرور أعني من الرضاع تعلقا معنويا بالمضاف كالأم كأن تكون له أخت نسبية لها أم رضاعية، أو بالمضاف إليه كالأخ كأن يكون له أخ نسبي له أم رضاعية، ,فَهَذِهِ عَشْرُ صُوَرٍ تَصِلُ بِاعْتِبَارِ الذُّكُورَةِ وَالْأُنُوثَةِ إِلَى عِشْرِينَ، وَبِاعْتِبَارِ مَا يَحِلُّ لَهُ أَوْ لَهَا إِلَى أَرْبَعِينَ مَثَلًا يَجُوزُ تَزَوُّجُهُ بِأُمِّ أَخِيهِ وَتَزَوُّجُهَا بِأَبِي أَخِيهَا، وَكُلٌّ مِنْهَا يَجُوزُ أَنْ يَتَعَلَّقَ الْجَارُّ وَالْمَجْرُورُ أَعْنِي مِنَ الرَّضَاعِ تَعَلُّقًا مَعْنَوِيًّا بِالْمُضَافِ كَالْأُمِّ كَأَنْ تَكُونَ لَهُ أُخْتٌ نَسَبِيَّةٌ لَهَا أُمٌّ رَضَاعِيَّةٌ، أَوْ بِالْمُضَافِ إِلَيْهِ كَالْأَخِ كَأَنْ يَكُونَ لَهُ أَخٌ نَسَبِيٌّ لَهُ أُمٌّ رَضَاعِيَّةٌ، ,فَهَذِهِ عَشْرُ صُوَرٍ تَصِلُ بِاعْتِبَارِ الذُّكُورَةِ وَالْأُنُوثَةِ إِلَى عِشْرِينَ، وَبِاعْتِبَارِ مَا يَحِلُّ لَهُ أَوْ لَهَا إِلَى أَرْبَعِينَ مَثَلًا يَجُوزُ تَزَوُّجُهُ بِأُمِّ أَخِيهِ وَتَزَوُّجُهَا بِأَبِي أَخِيهَا، وَكُلٌّ مِنْهَا يَجُوزُ أَنْ يَتَعَلَّقَ الْجَارُّ وَالْمَجْرُورُ أَعْنِي مِنَ الرَّضَاعِ تَعَلُّقًا مَعْنَوِيًّا بِالْمُضَافِ كَالْأُمِّ كَأَنْ تَكُونَ لَهُ أُخْتٌ نِسْبِيَّةٌ لَهَا أُمٌّ رَضَاعِيَّةٌ، أَوْ بِالْمُضَافِ إِلَيْهِ كَالْأَخِ كَأَنْ يَكُونَ لَهُ أَخٌ نِسْبِيٌّ لَهُ أُمٌّ رَضَاعِيَّةٌ،
"إذ بقاء الأمر بقاء ما هو أثره من وجه فلا تترك الحقيقة.
قيل عليه ما حاصله أن هذا يصلح بحثا يوجب الوجوب، لكن لا يفيد أن ما ذكر القدوري من الاستحباب قول بعض المشايخ مع أن محمدا في الأصل إنما قال لفظا يدل على الاستحباب، ومرجع هذا الكلام إلى إنكار نقل الوجوب عن المشايخ صريحا بل ذلك بحث، ","إِذْ بَقَاءُ الْأَمْرِ بَقَاءُ مَا هُوَ أَثَرُهُ مِنْ وَجْهٍ فَلَا تُتْرَكُ الْحَقِيقَةُ.
قِيلَ عَلَيْهِ مَا حَاصِلُهُ أَنَّ هَذَا يَصْلُحُ بَحْثًا يُوجِبُ الْوُجُوبَ، لَكِنْ لَا يُفِيدُ أَنَّ مَا ذَكَرَ الْقُدُورِيُّ مِنَ الِاسْتِحْبَابِ قَوْلُ بَعْضِ الْمَشَايِخِ مَعَ أَنَّ مُحَمَّدًا فِي الْأَصْلِ إِنَّمَا قَالَ لَفْظًا يَدُلُّ عَلَى الِاسْتِحْبَابِ، وَمَرْجِعُ هَذَا الْكَلَامِ إِلَى إِنْكَارِ نَقْلِ الْوُجُوبِ عَنِ الْمَشَايِخِ صَرِيحًا بَلْ ذَلِكَ بَحْثٌ، ","إِذْ بَقَاءُ الْأَمْرِ بَقَاءُ مَا هُوَ أَثَرُهُ مِنْ وَجْهٍ فَلَا تُتْرَكُ الْحَقِيقَةُ.
قِيلَ عَلَيْهِ مَا حَاصِلُهُ أَنَّ هَذَا يَصْلُحُ بَحْثًا يُوجِبُ الْوُجُوبَ، لَكِنْ لَا يُفِيدُ أَنَّ مَا ذَكَرَ الْقُدُورِيُّ مِنَ الِاسْتِحْبَابِ قَوْلُ بَعْضِ الْمَشَايِخِ مَعَ أَنَّ مُحَمَّدًا فِي الْأَصْلِ إِنَّمَا قَالَ لَفْظًا يَدُلُّ عَلَى الِاسْتِحْبَابِ، وَمَرْجِعُ هَذَا الْكَلَامِ إِلَى إِنْكَارِ نَقْلِ الْوُجُوبِ عَنِ الْمَشَايِخِ صَرِيحًا بَلْ ذَلِكَ بَحْثٌ،"
هذه الأرض موقوفة عن أبي فإن هذا لا يكون إقرارا بالملك لأبيه ولا يجوز الوقف سواء كان على الأب دين أو له وصية أو معه وارث آخر أو لم يكن شيء من ذلك، ,هَذِهِ الْأَرْضُ مَوْقُوفَةٌ عَنْ أَبِي فَإِنَّ هَذَا لَا يَكُونُ إِقْرَارًا بِالْمِلْكِ لِأَبِيهِ وَلَا يَجُوزُ الْوَقْفُ سَوَاءٌ كَانَ عَلَى الْأَبِ دَيْنٌ أَوْ لَهُ وَصِيَّةٌ أَوْ مَعَهُ وَارِثٌ آخَرُ أَوْ لَمْ يَكُنْ شَيْءٌ مِنْ ذَلِكَ، ,هَذِهِ الْأَرْضُ مَوْقُوفَةٌ عَنْ أَبِي فَإِنَّ هَذَا لَا يَكُونُ إِقْرَارًا بِالْمِلْكِ لِأَبِيهِ وَلَا يَجُوزُ الْوَقْفُ سَوَاءٌ كَانَ عَلَى الْأَبِ دَيْنٌ أَوْ لَهُ وَصِيَّةٌ أَوْ مَعَهُ وَارِثٌ آخَرُ أَوْ لَمْ يَكُنْ شَيْءٌ مِنْ ذَلِكَ،
"أو ليس في عصمته سوى أربع ولكن غير معينات فتقسم العشر على الأربع يخص كل واحدة خمسا صداقها، وهذا الحكم ثابت لمن لم يدخل بها ولو دخل بغيرها، والمدخول بها يكون لها الصداق كاملا ولو دخل بثالثة ورابعة.
قال خليل: وعليه أربع صداقات إن مات ولم يختر.
الثالث: ","أَوْ لَيْسَ فِي عِصْمَتِهِ سِوَى أَرْبَعٍ وَلَكِنْ غَيْرِ مُعَيَّنَاتٍ فَتَقْسِمُ الْعَشْرُ عَلَى الْأَرْبَعِ يَخُصُّ كُلَّ وَاحِدَةٍ خُمُسَا صَدَاقِهَا، وَهَذَا الْحُكْمُ ثَابِتٌ لِمَنْ لَمْ يَدْخُلْ بِهَا وَلَوْ دَخَلَ بِغَيْرِهَا، وَالْمَدْخُولُ بِهَا يَكُونُ لَهَا الصَّدَاقُ كَامِلًا وَلَوْ دَخَلَ بِثَالِثَةٍ وَرَابِعَةٍ.
قَالَ خَلِيلٌ: وَعَلَيْهِ أَرْبَعُ صَدَاقَاتٍ إِنْ مَاتَ وَلَمْ يَخْتَرْ.
الثَّالِثُ: ","أَوْ لَيْسَ فِي عِصْمَتِهِ سِوَى أَرْبَعٍ وَلَكِنْ غَيْرَ مُعَيَّنَاتٍ فَتُقَسَّمُ الْعُشْرُ عَلَى الْأَرْبَعِ يَخُصُّ كُلَّ وَاحِدَةٍ خُمُسَا صَدَاقِهَا، وَهَذَا الْحُكْمُ ثَابِتٌ لِمَنْ لَمْ يَدْخُلْ بِهَا وَلَوْ دَخَلَ بِغَيْرِهَا، وَالْمَدْخُولُ بِهَا يَكُونُ لَهَا الصَّدَاقُ كَامِلًا وَلَوْ دَخَلَ بِثَالِثَةٍ وَرَابِعَةٍ.
قَالَ خَلِيلٌ: وَعَلَيْهِ أَرْبَعُ صَدَاقَاتٍ إِنْ مَاتَ وَلَمْ يَخْتَرْ.
الثَّالِثُ:"
"إلا أنها تنقلب عنانا للإمكان، فإن المساواة ليست بشرط فيه، ولدوامه حكم الابتداء لكونه غير لازم (وإن ورث أحدهما عرضا فهو له ولا تفسد المفاوضة) وكذا العقار لأنه لا تصح فيه الشركة فلا تشترط المساواة فيه.
الشرح
(13/467)
(قوله وتنعقد) أي المفاوضة (على الوكالة والكفالة) وإن لم يصرح بهما فإن ذلك موجب اللفظ فيثبت بذكره: ","إِلَّا أَنَّهَا تَنْقَلِبُ عِنَانًا لِلْإِمْكَانِ، فَإِنَّ الْمُسَاوَاةَ لَيْسَتْ بِشَرْطٍ فِيهِ، وَلِدَوَامِهِ حُكْمَ الِابْتِدَاءِ لِكَوْنِهِ غَيْرَ لَازِمٍ (وَإِنْ وَرِثَ أَحَدُهُمَا عَرَضًا فَهُوَ لَهُ وَلَا تَفْسُدُ الْمُفَاوَضَةُ) وَكَذَا الْعَقَارُ لِأَنَّهُ لَا تَصِحُّ فِيهِ الشِّرْكَةُ فَلَا تُشْتَرَطُ الْمُسَاوَاةُ فِيهِ.
الشَّرْحُ
(13/467)
(قَوْلُهُ وَتَنْعَقِدُ) أَيِ الْمُفَاوَضَةُ (عَلَى الْوَكَالَةِ وَالْكَفَالَةِ) وَإِنْ لَمْ يُصَرِّحْ بِهِمَا فَإِنَّ ذَلِكَ مُوجِبُ اللَّفْظِ فَيَثْبُتُ بِذِكْرِهِ: ","إِلَّا أَنَّهَا تَنْقَلِبُ عِنَانًا لِلْإِمْكَانِ، فَإِنَّ الْمُسَاوَاةَ لَيْسَتْ بِشَرْطٍ فِيهِ، وَلِدَوَامِهِ حُكْمُ الِابْتِدَاءِ لِكَوْنِهِ غَيْرَ لَازِمٍ (وَإِنْ وَرِثَ أَحَدُهُمَا عَرْضًا فَهُوَ لَهُ وَلَا تَفْسُدُ الْمُفَاوَضَةُ) وَكَذَا الْعَقَارُ لِأَنَّهُ لَا تَصِحُّ فِيهِ الشَّرِكَةُ فَلَا تُشْتَرَطُ الْمُسَاوَاةُ فِيهِ.
الشَّرْحُ
(13/467)
(قَوْلُهُ وَتَنْعَقِدُ) أَيِ الْمُفَاوَضَةُ (عَلَى الْوَكَالَةِ وَالْكَفَالَةِ) وَإِنْ لَمْ يُصَرِّحْ بِهِمَا فَإِنَّ ذَلِكَ مُوجِبُ اللَّفْظِ فَيَثْبُتُ بِذِكْرِهِ:"
لما ذكرنا من الدلائل فيما تقدم فكان الإيجاب الثاني صحيحا في الحالين جميعا، فلما مات المولى قبل البيان أصاب الداخل من هذا الإيجاب نصف حرية، ثم إن كان عنى به الثابت عتق به النصف الباقي ولا يعتق الداخل، وإن كان عنى به الداخل عتق كله ولا يعتق شيء من النصف الباقي من الثابت، ,لِمَا ذَكَرْنَا مِنَ الدَّلَائِلِ فِيمَا تَقَدَّمَ فَكَانَ الْإِيجَابُ الثَّانِي صَحِيحًا فِي الْحَالَيْنِ جَمِيعًا، فَلَمَّا مَاتَ الْمَوْلَى قَبْلَ الْبَيَانِ أَصَابَ الدَّاخِلَ مِنْ هَذَا الْإِيجَابِ نِصْفُ حُرِّيَّةٍ، ثُمَّ إِنْ كَانَ عَنَى بِهِ الثَّابِتَ عَتَقَ بِهِ النِّصْفُ الْبَاقِيَ وَلَا يُعْتَقُ الدَّاخِلُ، وَإِنْ كَانَ عَنَى بِهِ الدَّاخِلَ عَتَقَ كُلُّهُ وَلَا يُعْتَقُ شَيْءٌ مِنَ النِّصْفِ الْبَاقِي مِنَ الثَّابِتِ، ,لِمَا ذَكَرْنَا مِنَ الدَّلَائِلِ فِيمَا تَقَدَّمَ فَكَانَ الْإِيجَابُ الثَّانِي صَحِيحًا فِي الْحَالَيْنِ جَمِيعًا، فَلَمَّا مَاتَ الْمَوْلَى قَبْلَ الْبَيَانِ أَصَابَ الدَّاخِلَ مِنْ هَذَا الْإِيجَابِ نِصْفُ حُرِّيَّةٍ، ثُمَّ إِنْ كَانَ عَنَى بِهِ الثَّابِتَ عَتَقَ بِهِ النِّصْفُ الْبَاقِي وَلَا يَعْتِقُ الدَّاخِلُ، وَإِنْ كَانَ عَنَى بِهِ الدَّاخِلَ عَتَقَ كُلُّهُ وَلَا يَعْتِقُ شَيْءٌ مِنَ النِّصْفِ الْبَاقِي مِنَ الثَّابِتِ،
يرد عليه رضي الله عنه إذا أعطت الزوجة زوجها مالا على أنه لا يطلقها ثم أخذ المال ثم طلقها قالوا فإنه يرد لها المال فيصدق فيه أنه ما أمر الزوج بإعطائه الزوجة لطلاقه إياها (قلت) يمكن الجواب عن ذلك أن نقول قوله لطلاقه إياها إذا حققت العلة لا يرد ذلك (فإن قلت) ,يَرُدُّ عَلَيْهِ رَضِيَ اللَّهُ عَنْهُ إِذَا أَعْطَتِ الزَّوْجَةُ زَوْجَهَا مَالًا عَلَى أَنَّهُ لَا يُطَلِّقُهَا ثُمَّ أَخَذَ الْمَالَ ثُمَّ طَلَّقَهَا قَالُوا فَإِنَّهُ يَرُدُّ لَهَا الْمَالَ فَيَصْدُقُ فِيهِ أَنَّهُ مَا أُمِرَ الزَّوْجُ بِإِعْطَائِهِ الزَّوْجَةَ لِطَلَاقِهِ إِيَّاهَا (قُلْتُ) يُمْكِنُ الْجَوَابُ عَنْ ذَلِكَ أَنْ نَقُولَ قَوْلُهُ لِطَلَاقِهِ إِيَّاهَا إِذَا حَقَّقْت الْعِلَّةَ لَا يَرِدُ ذَلِكَ (فَإِنْ قُلْتَ) ,يُرَدُّ عَلَيْهِ رَضِيَ اللَّهُ عَنْهُ إِذَا أَعْطَتِ الزَّوْجَةُ زَوْجَهَا مَالًا عَلَى أَنَّهُ لَا يُطَلِّقُهَا ثُمَّ أَخَذَ الْمَالَ ثُمَّ طَلَّقَهَا قَالُوا فَإِنَّهُ يُرَدُّ لَهَا الْمَالُ فَيَصْدُقُ فِيهِ أَنَّهُ مَا أَمَرَ الزَّوْجُ بِإِعْطَائِهِ الزَّوْجَةَ لِطَلَاقِهِ إِيَّاهَا (قُلْتُ) يُمْكِنُ الْجَوَابُ عَنْ ذَلِكَ أَنْ نَقُولَ قَوْلُهُ لِطَلَاقِهِ إِيَّاهَا إِذَا حُقِّقَتِ الْعِلَّةُ لَا يُرَدُّ ذَلِكَ (فَإِنْ قُلْتَ)
"أتى به لبيان المراد من الكلام في الحديث الأول (قوله: لمن قال لعاطس) واسم القائل معاوية بن الحكم انتهى (5/33)
شرح روض (قوله: أو حرف مفهم) ظاهره، وإن أطلق فلم يقصد المعنى الذي باعتباره صار مفهما ولا غيره وقد يقال: ","أَتَى بِهِ لِبَيَانِ الْمُرَادِ مِنَ الْكَلَامِ فِي الْحَدِيثِ الْأَوَّلِ (قَوْلُهُ: لِمَنْ قَالَ لِعَاطِسٍ) وَاسْمُ الْقَائِلِ مُعَاوِيَةُ بْنُ الْحَكَمِ انْتَهَى (5/33)
شَرْحُ رَوْضٍ (قَوْلُهُ: أَوْ حَرْفٌ مُفْهِمٌ) ظَاهِرُهُ، وَإِنْ أُطْلِقَ فَلَمْ يُقْصَدِ الْمَعْنَى الَّذِي بِاعْتِبَارِهِ صَارَ مُفْهِمًا وَلَا غَيْرَهُ وَقَدْ يُقَالُ: ","أَتَى بِهِ لِبَيَانِ الْمُرَادِ مِنَ الْكَلَامِ فِي الْحَدِيثِ الْأَوَّلِ (قَوْلُهُ: لِمَنْ قَالَ لِعَاطِسٍ) وَاسْمُ الْقَائِلِ مُعَاوِيَةُ بْنُ الْحَكَمِ انْتَهَى (5/33)
شَرْحُ رَوْضٍ (قَوْلُهُ: أَوْ حَرْفٍ مُفْهِمٍ) ظَاهِرُهُ، وَإِنْ أَطْلَقَ فَلَمْ يَقْصِدِ الْمَعْنَى الَّذِي بِاعْتِبَارِهِ صَارَ مُفْهِمًا وَلَا غَيْرَهُ وَقَدْ يُقَالُ:"
"لأنه في ذلك المكان في يد صاحبه حكما فرده إليه كرده إلى صاحبه، بخلاف ما لو أخذه غيره لسقوط اليد الحكمية باليد الحقيقية (وكذا إذا حمله على حمار فساقه فأخرجه لأن سيره مضاف إليه بسوقه) فيقطع.
وفي مبسوط أبي اليسر: وكذا إذا علقه في عنق كلب وزجره يقطع، ولو خرج بلا زجره لا يقطع لأن للدابة اختيارا.
","لِأَنَّهُ فِي ذَلِكَ الْمَكَانِ فِي يَدِ صَاحِبِهِ حُكْمًا فَرَدُّهُ إِلَيْهِ كَرَدِّهِ إِلَى صَاحِبِهِ، بِخِلَافِ مَا لَوْ أَخَذَهُ غَيْرُهُ لِسُقُوطِ الْيَدِ الْحُكْمِيَّةِ بِالْيَدِ الْحَقِيقِيَّةِ (وَكَذَا إِذَا حَمَلَهُ عَلَى حِمَارٍ فَسَاقَهُ فَأَخْرَجَهُ لِأَنَّ سَيْرَهُ مُضَافٌ إِلَيْهِ بِسَوْقِهِ) فَيُقْطَعُ.
وَفِي مَبْسُوطِ أَبِي الْيُسْرِ: وَكَذَا إِذَا عَلَّقَهُ فِي عُنُقِ كَلْبٍ وَزَجَرَهُ يُقْطَعُ، وَلَوْ خَرَجَ بِلَا زَجْرِهِ لَا يُقْطَعُ لِأَنَّ لِلدَّابَّةِ اخْتِيَارًا.
","لِأَنَّهُ فِي ذَلِكَ الْمَكَانِ فِي يَدِ صَاحِبِهِ حُكْمًا فَرَدَّهُ إِلَيْهِ كَرَدِّهِ إِلَى صَاحِبِهِ، بِخِلَافِ مَا لَوْ أَخَذَهُ غَيْرُهُ لِسُقُوطِ الْيَدِ الْحُكْمِيَّةِ بِالْيَدِ الْحَقِيقِيَّةِ (وَكَذَا إِذَا حَمَلَهُ عَلَى حِمَارٍ فَسَاقَهُ فَأَخْرَجَهُ لِأَنَّ سَيْرَهُ مُضَافٌ إِلَيْهِ بِسَوْقِهِ) فَيُقْطَعُ.
وَفِي مَبْسُوطِ أَبِي الْيُسْرِ: وَكَذَا إِذَا عَلَّقَهُ فِي عُنُقِ كَلْبٍ وَزَجَرَهُ يُقْطَعُ، وَلَوْ خَرَجَ بِلَا زَجْرِهِ لَا يُقْطَعُ لِأَنَّ لِلدَّابَّةِ اخْتِيَارًا."
شائعا، ومن هنا يؤخذ جواز إعارة المشاع المفيدة إسقاط الأجرة، بخلاف ما إذا لم يعره نصفها، واستأجره لزراعة نصف البذر، فزرع جميعه فإنه يلزمه أجرة نصف الأرض، والطريق الثاني: ما أشار إليه بقوله: (أو يستأجره) أي العامل (بنصف البذر) شائعا، (ونصف منفعة الأرض) كذلك (ليزرع) له (النصف الآخر) من البذر (في النصف الآخر) - ,شَائِعًا، وَمِنْ هُنَا يُؤْخَذُ جَوَازُ إِعَارَةِ الْمُشَاعِ الْمُفِيدَةِ إِسْقَاطَ الْأُجْرَةِ، بِخِلَافِ مَا إِذَا لَمْ يُعِرْهُ نِصْفَهَا، وَاسْتَأْجَرَهُ لِزِرَاعَةِ نِصْفِ الْبَذْرِ، فَزَرَعَ جَمِيعَهُ فَإِنَّهُ يَلْزَمُهُ أُجْرَةُ نِصْفِ الْأَرْضِ، وَالطَّرِيقُ الثَّانِي: مَا أَشَارَ إِلَيْهِ بِقَوْلِهِ: (أَوْ يَسْتَأْجِرُهُ) أَيِ الْعَامِلَ (بِنِصْفِ الْبَذْرِ) شَائِعًا، (وَنِصْفِ مَنْفَعَةِ الْأَرْضِ) كَذَلِكَ (لِيَزْرَعَ) لَهُ (النِّصْفَ الْآخَرَ) مِنَ الْبَذْرِ (فِي النِّصْفِ الْآخَرِ) - ,شَائِعًا، وَمِنْ هُنَا يُؤْخَذُ جَوَازُ إِعَارَةِ الْمُشَاعِ الْمُفِيدَةِ إِسْقَاطَ الْأُجْرَةِ، بِخِلَافِ مَا إِذَا لَمْ يُعِرْهُ نِصْفَهَا، وَاسْتَأْجَرَهُ لِزِرَاعَةِ نِصْفِ الْبَذْرِ، فَزَرَعَ جَمِيعَهُ فَإِنَّهُ يَلْزَمُهُ أُجْرَةُ نِصْفِ الْأَرْضِ، وَالطَّرِيقُ الثَّانِي: مَا أَشَارَ إِلَيْهِ بِقَوْلِهِ: (أَوْ يَسْتَأْجِرُهُ) أَيِ الْعَامِلُ (بِنِصْفِ الْبَذْرِ) شَائِعًا، (وَنِصْفِ مَنْفَعَةِ الْأَرْضِ) كَذَلِكَ (لِيَزْرَعَ) لَهُ (النِّصْفَ الْآخَرَ) مِنَ الْبَذْرِ (فِي النِّصْفِ الْآخَرِ) -
"وصل عليهم إن صلاتك سكن لهم} ، والصلاة في الآية بمعنى الدعاء، وقيل: إنهم لم تتفرق أعضاؤهم فإن معاوية لما أراد أن يحولهم وجدهم، كما دفنوا فتركهم. (3/311)
","وَصَلِّ عَلَيْهِمْ إِنَّ صَلَاتَكَ سَكَنٌ لَهُمْ} ، وَالصَّلَاةُ فِي الْآيَةِ بِمَعْنَى الدُّعَاءِ، وَقِيلَ: إِنَّهُمْ لَمْ تَتَفَرَّقْ أَعْضَاؤُهُمْ فَإِنَّ مُعَاوِيَةَ لَمَّا أَرَادَ أَنْ يُحَوِّلَهُمْ وَجَدَهُمْ، كَمَا دُفِنُوا فَتَرَكَهُمْ. (3/311)
",وَصَلِّ عَلَيْهِمْ إِنَّ صَلَاتَك سَكَنٌ لَهُمْ} ، وَالصَّلَاةُ فِي الْآيَةِ بِمَعْنَى الدُّعَاءِ، وَقِيلَ: إِنَّهُمْ لَمْ تَتَفَرَّقْ أَعْضَاؤُهُمْ فَإِنَّ مُعَاوِيَةَ لَمَّا أَرَادَ أَنْ يُحَوِّلَهُمْ وَجَدَهُمْ، كَمَا دُفِنُوا فَتَرَكَهُمْ. (3/311)
"أي فمحل كون تحريم الزوجة لا يكون لغوا ما لم يحاشها فإن حاشاها بأن أخرجها قبل تمام يمينه لم تحرم.
والحاصل أنه إذا قال الحلال علي حرام إن فعلت كذا، وفعله فإن أخرج الزوجة بالنية قبل تمام يمينه لا يلزمه شيء لا فيها، ","أَيْ فَمَحَلُّ كَوْنِ تَحْرِيمِ الزَّوْجَةِ لَا يَكُونُ لَغْوًا مَا لَمْ يُحَاشِهَا فَإِنْ حَاشَاهَا بِأَنْ أَخْرَجَهَا قَبْلَ تَمَامِ يَمِينِهِ لَمْ تَحْرُمْ.
وَالْحَاصِلُ أَنَّهُ إِذَا قَالَ الْحَلَالُ عَلَيَّ حَرَامٌ إِنْ فَعَلْت كَذَا، وَفَعَلَهُ فَإِنْ أَخْرَجَ الزَّوْجَةَ بِالنِّيَّةِ قَبْلَ تَمَامِ يَمِينِهِ لَا يَلْزَمُهُ شَيْءٌ لَا فِيهَا، ","أَيْ فَمَحَلُّ كَوْنِ تَحْرِيمِ الزَّوْجَةِ لَا يَكُونُ لَغْوًا مَا لَمْ يُحَاشِهَا فَإِنْ حَاشَاهَا بِأَنْ أَخْرَجَهَا قَبْلَ تَمَامِ يَمِينِهِ لَمْ تَحْرُمْ.
وَالْحَاصِلُ أَنَّهُ إِذَا قَالَ الْحَلَالُ عَلَيَّ حَرَامٌ إِنْ فَعَلْت كَذَا، وَفَعَلَهُ فَإِنْ أَخْرَجَ الزَّوْجَةَ بِالنِّيَّةِ قَبْلَ تَمَامِ يَمِينِهِ لَا يَلْزَمُهُ شَيْءٌ لَا فِيهَا،"
"لو قالوا سمعناه يقول هذا لامرأتي وهذا لابني لم ينفعه حتى يقولوا أشهدنا على ذلك.
ومن المدونة: ","لَوْ قَالُوا سَمِعْنَاهُ يَقُولُ هَذَا لِامْرَأَتِي وَهَذَا لِابْنِي لَمْ يَنْفَعْهُ حَتَّى يَقُولُوا أَشْهَدَنَا عَلَى ذَلِكَ.
وَمِنَ الْمُدَوَّنَةِ: ","لَوْ قَالُوا سَمِعْنَاهُ يَقُولُ هَذَا لِامْرَأَتِي وَهَذَا لِابْنِي لَمْ يَنْفَعْهُ حَتَّى يَقُولُوا أَشْهَدَنَا عَلَى ذَلِكَ.
وَمِنَ الْمُدَوَّنَةِ:"
وهذا وإن كان في زان حجة هنا بتقدير اعتضاده أو صحة وصله كما قيل إذ لا فارق قال ابن الصلاح والسوط هو المتخذ من سيور تلوى وتلف (ويفرقه) أي السوط من حيث العدد (على الأعضاء) ,وَهَذَا وَإِنْ كَانَ فِي زَانٍ حُجَّةٌ هُنَا بِتَقْدِيرِ اعْتِضَادِهِ أَوْ صِحَّةِ وَصْلِهِ كَمَا قِيلَ إِذْ لَا فَارِقَ قَالَ ابْنُ الصَّلَاحِ وَالسَّوْطُ هُوَ الْمُتَّخَذُ مِنْ سُيُورٍ تُلْوَى وَتُلَفُّ (وَيُفَرِّقُهُ) أَيِ السَّوْطَ مِنْ حَيْثُ الْعَدَدِ (عَلَى الْأَعْضَاءِ) ,وَهَذَا وَإِنْ كَانَ فِي زَانٍ حُجَّةٌ هُنَا بِتَقْدِيرِ اعْتِضَادِهِ أَوْ صِحَّةِ وَصْلِهِ كَمَا قِيلَ إِذْ لَا فَارِقَ قَالَ ابْنُ الصَّلَاحِ وَالسَّوْطُ هُوَ الْمُتَّخَذُ مِنْ سُيُورٍ تَلْوَى وَتَلِفَ (وَيُفَرِّقُهُ) أَيِ السَّوْطَ مِنْ حَيْثُ الْعَدَدُ (عَلَى الْأَعْضَاءِ)
"لأن الخنثى إن كان امرأة فهذا نظر الجنس إلى الجنس والنكاح لغو، وإن كان ذكرا فهو نظر المنكوحة إلى زوجها. (16/257)
(ويكره له في حياته لبس الحلي والحرير، وأن يتكشف قدام الرجال أو قدام النساء.
وأن يخلو به غير محرم من رجل أو امرأة، وأن يسافر من غير محرم من الرجال) ","لِأَنَّ الْخُنْثَى إِنْ كَانَ امْرَأَةً فَهَذَا نَظَرُ الْجِنْسِ إِلَى الْجِنْسِ وَالنِّكَاحُ لَغْوٌ، وَإِنْ كَانَ ذَكَرًا فَهُوَ نَظَرُ الْمَنْكُوحَةِ إِلَى زَوْجِهَا. (16/257)
(وَيُكْرَهُ لَهُ فِي حَيَاتِهِ لُبْسُ الْحُلِيِّ وَالْحَرِيرِ، وَأَنْ يَتَكَشَّفَ قُدَّامَ الرِّجَالِ أَوْ قُدَّامَ النِّسَاءِ.
وَأَنْ يَخْلُوَ بِهِ غَيْرُ مَحْرَمٍ مِنْ رَجُلٍ أَوِ امْرَأَةٍ، وَأَنْ يُسَافِرَ مِنْ غَيْرِ مَحْرَمٍ مِنَ الرِّجَالِ) ","لِأَنَّ الْخُنْثَى إِنْ كَانَ امْرَأَةً فَهَذَا نَظَرُ الْجِنْسِ إِلَى الْجِنْسِ وَالنِّكَاحُ لَغْوٌ، وَإِنْ كَانَ ذَكَرًا فَهُوَ نَظَرُ الْمَنْكُوحَةِ إِلَى زَوْجِهَا. (16/257)
(وَيُكْرَهُ لَهُ فِي حَيَاتِهِ لُبْسُ الْحُلِيِّ وَالْحَرِيرِ، وَأَنْ يَتَكَشَّفَ قُدَّامَ الرِّجَالِ أَوْ قُدَّامَ النِّسَاءِ.
وَأَنْ يَخْلُوَ بِهِ غَيْرُ مَحْرَمٍ مِنْ رَجُلٍ أَوِ امْرَأَةٍ، وَأَنْ يُسَافِرَ مِنْ غَيْرِ مَحْرَمٍ مِنَ الرِّجَالِ)"
"وهي قولهم: كثير بتير عمير برير بجير بدير، وقيل: مجير بالميم، فأما الاثنان والثلاثة فكثير.
قالوا: حسن بسن مسن، وجار بار حار.
وسمى أبو الطيب كتابه بالإتباع والتوكيد قال: وإنما قرنا الإتباع بالتوكيد، وإن كان كل إتباع توكيدا، وكل توكيد إتباعا في المعنى، لأن أهل اللغة اختلفوا فيهما، فمنهم من جعلهما واحدا، ","وَهِيَ قَوْلُهُمْ: كَثِيرٌ بَتِيرٌ عَمِيرٌ بَرِيرٌ بَجِيرٌ بَدِيرٌ، وَقِيلَ: مُجِيرٌ بِالْمِيمِ، فَأَمَّا الِاثْنَانِ وَالثَّلَاثَةُ فَكَثِيرٌ.
قَالُوا: حَسَنٌ بَسَنٌ مَسَنٌ، وَجَارَ بَارَ حَارَ.
وَسَمَّى أَبُو الطَّيِّبِ كِتَابَهُ بِالْإِتْبَاعِ وَالتَّوْكِيدِ قَالَ: وَإِنَّمَا قَرَنَّا الْإِتْبَاعَ بِالتَّوْكِيدِ، وَإِنْ كَانَ كُلُّ إِتْبَاعٍ تَوْكِيدًا، وَكُلُّ تَوْكِيدٍ إِتْبَاعًا فِي الْمَعْنَى، لِأَنَّ أَهْلَ اللُّغَةِ اخْتَلَفُوا فِيهِمَا، فَمِنْهُمْ مَنْ جَعَلَهُمَا وَاحِدًا، ","وَهِيَ قَوْلُهُمْ: كَثِيرٌ بَتِيرٌ عَمِيرٌ بَرِيرٌ بَجِيرٌ بَدِيرٌ، وَقِيلَ: مُجِيرٌ بِالْمِيمِ، فَأَمَّا الِاثْنَانِ وَالثَّلَاثَةُ فَكَثِيرٌ.
قَالُوا: حَسَنٌ بَسَنٌ مَسَنٌ، وَجَارٌ بَارٌّ حَارٌّ.
وَسَمَّى أَبُو الطَّيِّبِ كِتَابَهُ بِالْإِتْبَاعِ وَالتَّوْكِيدِ قَالَ: وَإِنَّمَا قَرَنَّا الْإِتْبَاعَ بِالتَّوْكِيدِ، وَإِنْ كَانَ كُلُّ إِتْبَاعٍ تَوْكِيدًا، وَكُلُّ تَوْكِيدٍ إِتْبَاعًا فِي الْمَعْنَى، لِأَنَّ أَهْلَ اللُّغَةِ اخْتَلَفُوا فِيهِمَا، فَمِنْهُمْ مَنْ جَعَلَهُمَا وَاحِدًا،"
رأيت من تحيض خمسة عشر يوما، ويؤيده ما رواه عبد الرحمن بن أبي حاتم في سننه عن ابن عمر مرفوعا {النساء ناقصات عقل ودين، قيل: وما نقصان دينهن؟، قال: تمكث إحداهن شطر عمرها لا تصلي} قال البيهقي: لم أجده في شيء من كتب الحديث، وقال ابن منده: ,رَأَيْت مَنْ تَحِيضُ خَمْسَةَ عَشَرَ يَوْمًا، وَيُؤَيِّدُهُ مَا رَوَاهُ عَبْدُ الرَّحْمَنِ بْنُ أَبِي حَاتِمٍ فِي سُنَنِهِ عَنِ ابْنِ عُمَرَ مَرْفُوعًا {النِّسَاءُ نَاقِصَاتُ عَقْلٍ وَدِينٍ، قِيلَ: وَمَا نُقْصَانُ دِينِهِنَّ؟، قَالَ: تَمْكُثُ إِحْدَاهُنَّ شَطْرَ عُمُرِهَا لَا تُصَلِّي} قَالَ الْبَيْهَقِيُّ: لَمْ أَجِدْهُ فِي شَيْءٍ مِنْ كُتُبِ الْحَدِيثِ، وَقَالَ ابْنُ مَنْدَهْ: ,رَأَيْت مَنْ تَحِيضُ خَمْسَةَ عَشَرَ يَوْمًا، وَيُؤَيِّدُهُ مَا رَوَاهُ عَبْدُ الرَّحْمَنِ بْنُ أَبِي حَاتِمٍ فِي سُنَنِهِ عَنِ ابْنِ عُمَرَ مَرْفُوعًا {النِّسَاءُ نَاقِصَاتُ عَقْلٍ وَدِينٍ، قِيلَ: وَمَا نُقْصَانُ دِينِهِنَّ؟، قَالَ: تَمْكُثُ إِحْدَاهُنَّ شَطْرَ عُمْرِهَا لَا تُصَلِّي} قَالَ الْبَيْهَقِيُّ: لَمْ أَجِدْهُ فِي شَيْءٍ مِنْ كُتُبِ الْحَدِيثِ، وَقَالَ ابْنُ مَنْدَهْ:
"الزوجة (بقبولها) أي: الخادمة الكافرة لصلاحيتها للخدمة، وله تبديل خادم ألفتها؛ لأن التعيين إليه (ونفقته) أي الخادم (وكسوته) على الزوج (كفقيرين) أي: كنفقة فقيرة مع فقير (مع خف وملحفة) للخادم (لحاجة خروج، ولو أنه) أي الخادم (لها) أي: الزوجة (إلا في نظافة) فلا يجب للخادم دهن ولا سدر ومشط؛ لأنه يراد (17/55)
","الزَّوْجَةُ (بِقَبُولِهَا) أَيْ: الْخَادِمَةِ الْكَافِرَةِ لِصَلَاحِيَّتِهَا لِلْخِدْمَةِ، وَلَهُ تَبْدِيلُ خَادِمٍ أَلِفَتْهَا؛ لِأَنَّ التَّعْيِينَ إِلَيْهِ (وَنَفَقَتُهُ) أَيِ الْخَادِمِ (وَكِسْوَتُهُ) عَلَى الزَّوْجِ (كَفَقِيرَيْنِ) أَيْ: كَنَفَقَةِ فَقِيرَةٍ مَعَ فَقِيرٍ (مَعَ خُفٍّ وَمِلْحَفَةٍ) لِلْخَادِمِ (لِحَاجَةِ خُرُوجٍ، وَلَوْ أَنَّهُ) أَيِ الْخَادِمَ (لَهَا) أَيْ: الزَّوْجَةِ (إِلَّا فِي نَظَافَةٍ) فَلَا يَجِبُ لِلْخَادِمِ دُهْنٌ وَلَا سِدْرٌ وَمُشْطٌ؛ لِأَنَّهُ يُرَادُ (17/55)
",الزَّوْجَةُ (بِقَبُولِهَا) أَيْ: الْخَادِمَةِ الْكَافِرَةِ لِصَلَاحِيَّتِهَا لِلْخِدْمَةِ، وَلَهُ تَبْدِيلُ خَادِمٍ أَلِفَتْهَا؛ لِأَنَّ التَّعْيِينَ إِلَيْهِ (وَنَفَقَتُهُ) أَيِ الْخَادِمِ (وَكِسْوَتُهُ) عَلَى الزَّوْجِ (كَفَقِيرَيْنِ) أَيْ: كَنَفَقَةِ فَقِيرَةٍ مَعَ فَقِيرٍ (مَعَ خُفٍّ وَمِلْحَفَةٍ) لِلْخَادِمِ (لِحَاجَةِ خُرُوجٍ، وَلَوْ أَنَّهُ) أَيِ الْخَادِمَ (لَهَا) أَيْ: الزَّوْجَةِ (إِلَّا فِي نَظَافَةٍ) فَلَا يَجِبُ لِلْخَادِمِ دُهْنٌ وَلَا سِدْرٌ وَمُشْطٌ؛ لِأَنَّهُ يُرَادُ (17/55)
"وفي الغالب يكون ذلك مشروطا بمقدار معين مثل أن يقول لي على فلان أو له علي مطالبة بكذا فإن قضيت لي فلك كذا، وكره بعض العلماء أو بعض السلف الدخول فيه مختارا سواء وثقوا أنفسهم أو خافوا عليها، وفسر الكراهة هاهنا بعدم الجواز.
قال الصدر الشهيد في أدب القاضي: ومنهم من قال لا يجوز الدخول فيه إلا مكرها؛ ","وَفِي الْغَالِبِ يَكُونُ ذَلِكَ مَشْرُوطًا بِمِقْدَارٍ مُعَيَّنٍ مِثْلَ أَنْ يَقُولَ لِي عَلَى فُلَانٍ أَوْ لَهُ عَلَيَّ مُطَالَبَةٌ بِكَذَا فَإِنْ قَضَيْت لِي فَلَكَ كَذَا، وَكَرِهَ بَعْضُ الْعُلَمَاءِ أَوْ بَعْضُ السَّلَفِ الدُّخُولَ فِيهِ مُخْتَارًا سَوَاءٌ وَثِقُوا أَنْفُسَهُمْ أَوْ خَافُوا عَلَيْهَا، وَفَسَّرَ الْكَرَاهَةَ هَاهُنَا بِعَدَمِ الْجَوَازِ.
قَالَ الصَّدْرُ الشَّهِيدُ فِي أَدَبِ الْقَاضِي: وَمِنْهُمْ مَنْ قَالَ لَا يَجُوزُ الدُّخُولُ فِيهِ إِلَّا مُكْرَهًا؛ ","وَفِي الْغَالِبِ يَكُونُ ذَلِكَ مَشْرُوطًا بِمِقْدَارٍ مُعَيَّنٍ مِثْلُ أَنْ يَقُولَ لِي عَلَى فُلَانٍ أَوْ لَهُ عَلَيَّ مُطَالَبَةٌ بِكَذَا فَإِنْ قَضَيْت لِي فَلَكَ كَذَا، وَكَرِهَ بَعْضُ الْعُلَمَاءِ أَوْ بَعْضُ السَّلَفِ الدُّخُولَ فِيهِ مُخْتَارًا سَوَاءٌ وَثَّقُوا أَنْفُسَهُمْ أَوْ خَافُوا عَلَيْهَا، وَفَسَّرَ الْكَرَاهَةَ هَاهُنَا بِعَدَمِ الْجَوَازِ.
قَالَ الصَّدْرُ الشَّهِيدُ فِي أَدَبِ الْقَاضِي: وَمِنْهُمْ مَنْ قَالَ لَا يَجُوزُ الدُّخُولُ فِيهِ إِلَّا مُكْرَهًا؛"
"قد سئل شيخ الإسلام السراج البلقيني عن ذلك فأجاب بما لفظه لا يقع عليه طلاق بما أخبر به ثانيا على الظن المذكور.
ا ه.
وفيه نظر؛ لأنها زوجته باطنا وقد خاطبها بالطلاق ولا عبرة بالظن البين خطؤه؛ لأنه لا قرينة تؤيده.
وقد صرحوا بأنه لو قال لمن يعتقدها أجنبية وهي زوجته باطنا كأن زوجها له أبوه في صغره، ","قَدْ سُئِلَ شَيْخُ الْإِسْلَامِ السِّرَاجُ الْبُلْقِينِيُّ عَنْ ذَلِكَ فَأَجَابَ بِمَا لَفْظُهُ لَا يَقَعُ عَلَيْهِ طَلَاقٌ بِمَا أَخْبَرَ بِهِ ثَانِيًا عَلَى الظَّنِّ الْمَذْكُورِ.
ا ه.
وَفِيهِ نَظَرٌ؛ لِأَنَّهَا زَوْجَتُهُ بَاطِنًا وَقَدْ خَاطَبَهَا بِالطَّلَاقِ وَلَا عِبْرَةَ بِالظَّنِّ الْبَيِّنِ خَطَؤُهُ؛ لِأَنَّهُ لَا قَرِينَةَ تُؤَيِّدُهُ.
وَقَدْ صَرَّحُوا بِأَنَّهُ لَوْ قَالَ لِمَنْ يَعْتَقِدُهَا أَجْنَبِيَّةً وَهِيَ زَوْجَتُهُ بَاطِنًا كَأَنْ زَوَّجَهَا لَهُ أَبُوهُ فِي صِغَرِهِ، ","قَدْ سُئِلَ شَيْخُ الْإِسْلَامِ السِّرَاجُ الْبُلْقِينِيُّ عَنْ ذَلِكَ فَأَجَابَ بِمَا لَفْظُهُ لَا يَقَعُ عَلَيْهِ طَلَاقٌ بِمَا أَخْبَرَ بِهِ ثَانِيًا عَلَى الظَّنِّ الْمَذْكُورِ.
ا ه.
وَفِيهِ نَظَرٌ؛ لِأَنَّهَا زَوْجَتُهُ بَاطِنًا وَقَدْ خَاطَبَهَا بِالطَّلَاقِ وَلَا عِبْرَةَ بِالظَّنِّ الْبَيِّنِ خَطَؤُهُ؛ لِأَنَّهُ لَا قَرِينَةَ تُؤَيِّدُهُ.
وَقَدْ صَرَّحُوا بِأَنَّهُ لَوْ قَالَ لِمَنْ يَعْتَقِدُهَا أَجْنَبِيَّةً وَهِيَ زَوْجَتُهُ بَاطِنًا كَأَنْ زَوَّجَهَا لَهُ أَبُوهُ فِي صِغَرِهِ،"
"حدثنا محمد بن عدي عن داود وربعي بن إبراهيم قال حدثنا داود عن الشعبي عن مسروق قال قالت عائشة
","حَدَّثَنَا مُحَمَّدُ بْنُ عَدِيٍّ عَنْ دَاوُدَ وَرِبْعِيِّ بْنِ إِبْرَاهِيمَ قَالَ حَدَّثَنَا دَاوُدُ عَنِ الشَّعْبِيِّ عَنْ مَسْرُوقٍ قَالَ قَالَتْ عَائِشَةُ
",حَدَّثَنَا مُحَمَّدُ بْنُ عَدِيٍّ عَنْ دَاوُدَ وَرِبْعِيِّ بْنِ إِبْرَاهِيمَ قَالَ حَدَّثَنَا دَاوُدُ عَنِ الشَّعْبِيِّ عَنْ مَسْرُوقٍ قَالَ قَالَتْ عَائِشَةُ
التحري غير الشك والظن فالشك أن يستوي طرف العلم بالشيء والجهل به والظن أن يترجح أحدهما بغير دليل والتحري أن يترجح أحدهما بغالب الرأي وهو دليل يتوصل به إلى طرف العلم وإن كان لا يتوصل به إلى ما يوجب حقيقة العلم ولأجله سمي تحريا، ,التَّحَرِّي غَيْرُ الشَّكِّ وَالظَّنِّ فَالشَّكُّ أَنْ يَسْتَوِيَ طَرَفُ الْعِلْمِ بِالشَّيْءِ وَالْجَهْلِ بِهِ وَالظَّنُّ أَنْ يَتَرَجَّحَ أَحَدُهُمَا بِغَيْرِ دَلِيلٍ وَالتَّحَرِّي أَنْ يَتَرَجَّحَ أَحَدُهُمَا بِغَالِبِ الرَّأْيِ وَهُوَ دَلِيلٌ يُتَوَصَّلُ بِهِ إِلَى طَرَفِ الْعِلْمِ وَإِنْ كَانَ لَا يُتَوَصَّلُ بِهِ إِلَى مَا يُوجِبُ حَقِيقَةَ الْعِلْمِ وَلِأَجْلِهِ سُمِّيَ تَحَرِّيًا، ,التَّحَرِّي غَيْرُ الشَّكِّ وَالظَّنِّ فَالشَّكُّ أَنْ يَسْتَوِيَ طَرَفُ الْعِلْمِ بِالشَّيْءِ وَالْجَهْلِ بِهِ وَالظَّنُّ أَنْ يَتَرَجَّحَ أَحَدُهُمَا بِغَيْرِ دَلِيلٍ وَالتَّحَرِّي أَنْ يَتَرَجَّحَ أَحَدُهُمَا بِغَالِبِ الرَّأْيِ وَهُوَ دَلِيلٌ يُتَوَصَّلُ بِهِ إِلَى طَرَفِ الْعِلْمِ وَإِنْ كَانَ لَا يُتَوَصَّلُ بِهِ إِلَى مَا يُوجِبُ حَقِيقَةَ الْعِلْمِ وَلِأَجْلِهِ سُمِّيَ تَحَرِّيًا،
"إن الشمس والقمر آيتان من آيات الله لا يخسفان لموت أحد ولا لحياته فإذا رأيتموهما فافزعوا إلى الصلاة» . رواه مسلم فى الصحيح عن أبى الطاهر وغيره عن ابن وهب وأخرجه البخاري من حديث عنبسة عن يونس بن يزيد. (3/321)
6529- ","إِنَّ الشَّمْسَ وَالْقَمَرَ آيَتَانِ مِنْ آيَاتِ اللَّهِ لَا يَخْسِفَانِ لِمَوْتِ أَحَدٍ وَلَا لِحَيَاتِهِ فَإِذَا رَأَيْتُمُوهُمَا فَافْزَعُوا إِلَى الصَّلَاةِ» . رَوَاهُ مُسْلِمٌ فِى الصَّحِيحِ عَنْ أَبِى الطَّاهِرِ وَغَيْرِهِ عَنِ ابْنِ وَهْبٍ وَأَخْرَجَهُ الْبُخَارِيُّ مِنْ حَدِيثِ عَنْبَسَةَ عَنْ يُونُسَ بْنِ يَزِيدَ. (3/321)
6529- ","إِنَّ الشَّمْسَ وَالْقَمَرَ آيَتَانِ مِنْ آيَاتِ اللَّهِ لَا يَخْسِفَانِ لِمَوْتِ أَحَدٍ وَلَا لِحَيَاتِهِ فَإِذَا رَأَيْتُمُوهُمَا فَافْزَعُوا إِلَى الصَّلَاةِ» . رَوَاهُ مُسْلِمٌ فِى الصَّحِيحِ عَنْ أَبِى الطَّاهِرِ وَغَيْرِهِ عَنِ ابْنِ وَهْبٍ وَأَخْرَجَهُ الْبُخَارِيُّ مِنْ حَدِيثِ عَنْبَسَةَ عَنْ يُونُسَ بْنِ يَزِيدَ. (3/321)
6529-"
"لأنه إذا كان المغصوب من المثليات يحكم بإعطاء مثله، وإذا كان من القيميات يحكم بإعطاء قيمته يوم الغصب.
انظر المادة (891) (التنوير ورد المحتار وحاشية البحر) .
هل يجب بيان يوم الإتلاف إذا أتلف الغاصب المال المغصوب بعد أن أبقاه مدة في يده؟ انظر شرح المادة (791) .
إذا ادعى المدعي قائلا: (11/182)
إن المدعى عليه قد غصب مني هذه الفرس ولم يقل في دعواه: ","لِأَنَّهُ إِذَا كَانَ الْمَغْصُوبُ مِنَ الْمِثْلِيَّاتِ يُحْكَمُ بِإِعْطَاءِ مِثْلِهِ، وَإِذَا كَانَ مِنَ الْقِيَمِيَّاتِ يُحْكَمُ بِإِعْطَاءِ قِيمَتِهِ يَوْمَ الْغَصْبِ.
انْظُرِ الْمَادَّةَ (891) (التَّنْوِيرُ وَرَدُّ الْمُحْتَارِ وَحَاشِيَةُ الْبَحْرِ) .
هَلْ يَجِبُ بَيَانُ يَوْمِ الْإِتْلَافِ إِذَا أَتْلَفَ الْغَاصِبُ الْمَالَ الْمَغْصُوبَ بَعْدَ أَنْ أَبْقَاهُ مُدَّةً فِي يَدِهِ؟ انْظُرْ شَرْحَ الْمَادَّةِ (791) .
إِذَا ادَّعَى الْمُدَّعِي قَائِلًا: (11/182)
إِنَّ الْمُدَّعَى عَلَيْهِ قَدْ غَصَبَ مِنِّي هَذِهِ الْفَرَسَ وَلَمْ يَقُلْ فِي دَعْوَاهُ: ","لِأَنَّهُ إِذَا كَانَ الْمَغْصُوبُ مِنَ الْمِثْلِيَّاتِ يُحْكَمُ بِإِعْطَاءِ مِثْلِهِ، وَإِذَا كَانَ مِنَ الْقِيَمِيَّاتِ يُحْكَمُ بِإِعْطَاءِ قِيمَتِهِ يَوْمَ الْغَصْبِ.
انْظُرِ الْمَادَّةَ (891) (التَّنْوِيرُ وَرَدُّ الْمُحْتَارِ وَحَاشِيَةُ الْبَحْرِ) .
هَلْ يَجِبُ بَيَانُ يَوْمِ الْإِتْلَافِ إِذَا أَتْلَفَ الْغَاصِبُ الْمَالَ الْمَغْصُوبَ بَعْدَ أَنْ أَبْقَاهُ مُدَّةً فِي يَدِهِ؟ انْظُرْ شَرْحَ الْمَادَّةِ (791) .
إِذَا ادَّعَى الْمُدَّعِي قَائِلًا: (11/182)
إِنَّ الْمُدَّعَى عَلَيْهِ قَدْ غَصَبَ مِنِّي هَذِهِ الْفَرَسَ وَلَمْ يَقُلْ فِي دَعْوَاهُ:"
"السنة في الصلاة على الجنازة أن يقرأ في التكبيرة الأولى بأم القرآن مخافتة، ثم يكبر ثلاثا والسلام} .
وعن الزهري عن محمد بن سويد الدمشقي عن الضحاك بن قيس نحوه رواهما (4/354)
النسائي، ولا تقاس على المكتوبة لأنها مؤقتة والجنازة غير مؤقتة، فأشبهت تحية المسجد ونحوها (ويصلي) سرا (على النبي صلى الله عليه وسلم في) ","السُّنَّةُ فِي الصَّلَاةِ عَلَى الْجِنَازَةِ أَنْ يَقْرَأَ فِي التَّكْبِيرَةِ الْأُولَى بِأُمِّ الْقُرْآنِ مُخَافَتَةً، ثُمَّ يُكَبِّرَ ثَلَاثًا وَالسَّلَامُ} .
وَعَنِ الزُّهْرِيِّ عَنْ مُحَمَّدِ بْنِ سُوَيْدٍ الدِّمَشْقِيِّ عَنِ الضَّحَّاكِ بْنِ قَيْسٍ نَحْوُهُ رَوَاهُمَا (4/354)
النَّسَائِيُّ، وَلَا تُقَاسُ عَلَى الْمَكْتُوبَةِ لِأَنَّهَا مُؤَقَّتَةٌ وَالْجِنَازَةُ غَيْرُ مُؤَقَّتَةٍ، فَأَشْبَهَتْ تَحِيَّةَ الْمَسْجِدِ وَنَحْوِهَا (وَيُصَلِّي) سِرًّا (عَلَى النَّبِيِّ صَلَّى اللَّهُ عَلَيْهِ وَسَلَّمَ فِي) ","السُّنَّةُ فِي الصَّلَاةِ عَلَى الْجِنَازَةِ أَنْ يَقْرَأَ فِي التَّكْبِيرَةِ الْأُولَى بِأُمِّ الْقُرْآنِ مُخَافَتَةً، ثُمَّ يُكَبِّرَ ثَلَاثًا وَالسَّلَامُ} .
وَعَنِ الزُّهْرِيِّ عَنْ مُحَمَّدِ بْنِ سُوَيْدٍ الدِّمَشْقِيِّ عَنِ الضَّحَّاكِ بْنِ قَيْسٍ نَحْوَهُ رَوَاهُمَا (4/354)
النَّسَائِيُّ، وَلَا تُقَاسُ عَلَى الْمَكْتُوبَةِ لِأَنَّهَا مُؤَقَّتَةٌ وَالْجِنَازَةُ غَيْرُ مُؤَقَّتَةٍ، فَأَشْبَهَتْ تَحِيَّةَ الْمَسْجِدِ وَنَحْوَهَا (وَيُصَلِّي) سِرًّا (عَلَى النَّبِيِّ صَلَّى اللَّهُ عَلَيْهِ وَسَلَّمَ فِي)"
"بالذنب ثلاث مرار قال فيقول اعمل ما شئت قد غفرت لك
10380- حدثنا عفان قال حدثنا همام قال حدثنا إسحاق بن عبد الله بن أبي طلحة قال كان بالمدينة قاص يقال له عبد الرحمن بن أبي عمرة قال فسمعته يقول سمعت أبا هريرة يقول سمعت رسول الله صلى الله عليه وسلم يقول إن عبدا أصاب ذنبا فذكر معناه  (16/246)
10381 - ","بِالذَّنْبِ ثَلَاثَ مِرَارٍ قَالَ فَيَقُولُ اعْمَلْ مَا شِئْتَ قَدْ غَفَرْتُ لَكَ
10380- حَدَّثَنَا عَفَّانُ قَالَ حَدَّثَنَا هَمَّامٌ قَالَ حَدَّثَنَا إِسْحَاقُ بْنُ عَبْدِ اللَّهِ بْنِ أَبِي طَلْحَةَ قَالَ كَانَ بِالْمَدِينَةِ قَاصٌّ يُقَالُ لَهُ عَبْدُ الرَّحْمَنِ بْنُ أَبِي عَمْرَةَ قَالَ فَسَمِعْتُهُ يَقُولُ سَمِعْتُ أَبَا هُرَيْرَةَ يَقُولُ سَمِعْتُ رَسُولَ اللَّهِ صَلَّى اللَّهُ عَلَيْهِ وَسَلَّمَ يَقُولُ إِنَّ عَبْدًا أَصَابَ ذَنْبًا فَذَكَرَ مَعْنَاهُ  (16/246)
10381 - ","بِالذَّنْبِ ثَلَاثَ مِرَارٍ قَالَ فَيَقُولُ اعْمَلْ مَا شِئْتَ قَدْ غَفَرْتُ لَكَ
10380- حَدَّثَنَا عَفَّانُ قَالَ حَدَّثَنَا هَمَّامٌ قَالَ حَدَّثَنَا إِسْحَاقُ بْنُ عَبْدِ اللَّهِ بْنِ أَبِي طَلْحَةَ قَالَ كَانَ بِالْمَدِينَةِ قَاصٌّ يُقَالُ لَهُ عَبْدُ الرَّحْمَنِ بْنُ أَبِي عَمْرَةَ قَالَ فَسَمِعْتُهُ يَقُولُ سَمِعْتُ أَبَا هُرَيْرَةَ يَقُولُ سَمِعْتُ رَسُولَ اللَّهِ صَلَّى اللَّهُ عَلَيْهِ وَسَلَّمَ يَقُولُ إِنَّ عَبْدًا أَصَابَ ذَنْبًا فَذَكَرَ مَعْنَاهُ  (16/246)
10381 -"
"فقد زوجتكها بما معك من القرآن» . وكذلك قال مسدد وغيره عن حماد ورواه مسلم عن خلف بن هشام عن حماد. (7/57)
13746- أخبرنا أبو زكريا بن أبى إسحاق المزكى حدثنا أبو عبد الله: محمد بن يعقوب حدثنا أبو عبد الله: ","فَقَدْ زَوَّجْتُكَهَا بِمَا مَعَكَ مِنَ الْقُرْآنِ» . وَكَذَلِكَ قَالَ مُسَدَّدٌ وَغَيْرُهُ عَنْ حَمَّادٍ وَرَوَاهُ مُسْلِمٌ عَنْ خَلَفِ بْنِ هِشَامٍ عَنْ حَمَّادٍ. (7/57)
13746- أَخْبَرَنَا أَبُو زَكَرِيَّا بْنُ أَبِى إِسْحَاقَ الْمُزَكِّى حَدَّثَنَا أَبُو عَبْدِ اللَّهِ: مُحَمَّدُ بْنُ يَعْقُوبَ حَدَّثَنَا أَبُو عَبْدِ اللَّهِ: ","فَقَدْ زَوَّجْتُكَهَا بِمَا مَعَكَ مِنَ الْقُرْآنِ» . وَكَذَلِكَ قَالَ مُسَدَّدٌ وَغَيْرُهُ عَنْ حَمَّادٍ وَرَوَاهُ مُسْلِمٌ عَنْ خَلَفِ بْنِ هِشَامٍ عَنْ حَمَّادٍ. (7/57)
13746- أَخْبَرَنَا أَبُو زَكَرِيَّا بْنُ أَبِى إِسْحَاقَ الْمُزَكِّى حَدَّثَنَا أَبُو عَبْدِ اللَّهِ: مُحَمَّدُ بْنُ يَعْقُوبَ حَدَّثَنَا أَبُو عَبْدِ اللَّهِ:"
ولو كانت حاملا عندهما رجع فيها حاملا قطعا، ولو حدث بينهما وانفصل فقد مر أنه للمشتري وبذلك تكمل للمسألة أربعة أحوال (واستتار الثمر بكمامه) بكسر الكاف وهو أوعية الطلع (وظهوره بالتأبير) أي تشقق الطلع (قريب من استتار الجنين وانفصاله) فإذا كانت الثمرة على النخل المبيعة عند البيع غير مؤبرة، ,وَلَوْ كَانَتْ حَامِلًا عِنْدَهُمَا رَجَعَ فِيهَا حَامِلًا قَطْعًا، وَلَوْ حَدَثَ بَيْنَهُمَا وَانْفَصَلَ فَقَدْ مَرَّ أَنَّهُ لِلْمُشْتَرِي وَبِذَلِكَ تَكْمُلُ لِلْمَسْأَلَةِ أَرْبَعَةُ أَحْوَالٍ (وَاسْتِتَارُ الثَّمَرِ بِكِمَامِهِ) بِكَسْرِ الْكَافِ وَهُوَ أَوْعِيَةُ الطَّلْعِ (وَظُهُورُهُ بِالتَّأْبِيرِ) أَيْ تَشَقُّقِ الطَّلْعِ (قَرِيبٌ مِنَ اسْتِتَارِ الْجَنِينِ وَانْفِصَالِهِ) فَإِذَا كَانَتِ الثَّمَرَةُ عَلَى النَّخْلِ الْمَبِيعَةِ عِنْدَ الْبَيْعِ غَيْرَ مُؤَبَّرَةٍ، ,وَلَوْ كَانَتْ حَامِلًا عِنْدَهُمَا رَجَعَ فِيهَا حَامِلًا قَطْعًا، وَلَوْ حَدَثَ بَيْنَهُمَا وَانْفَصَلَ فَقَدْ مَرَّ أَنَّهُ لِلْمُشْتَرِي وَبِذَلِكَ تَكْمُلُ لِلْمَسْأَلَةِ أَرْبَعَةُ أَحْوَالٍ (وَاسْتِتَارُ الثَّمَرِ بِكِمَامِهِ) بِكَسْرِ الْكَافِ وَهُوَ أَوْعِيَةُ الطَّلْعِ (وَظُهُورُهُ بِالتَّأْبِيرِ) أَيْ تَشَقُّقِ الطَّلْعِ (قَرِيبٌ مِنَ اسْتِتَارِ الْجَنِينِ وَانْفِصَالِهِ) فَإِذَا كَانَتِ الثَّمَرَةُ عَلَى النَّخْلِ الْمَبِيعَةِ عِنْدَ الْبَيْعِ غَيْرَ مُؤَبَّرَةٍ،
"له قال في الروضة بعد هذا وعكس الماوردي فقال يقدم بسبق الإسلام ثم بالدين ثم بالسن ثم بالشجاعة ثم ولي الأمر بالخيار بين أن يقرع أو يقدم برأيه واجتهاده.
قال وما قاله هو المختار (وليصرف) أي الإمام على المرتزقة من الفيء (متى أراد) من أول السنة (14/35)
","لَهُ قَالَ فِي الرَّوْضَةِ بَعْدَ هَذَا وَعَكَسَ الْمَاوَرْدِيُّ فَقَالَ يُقَدَّمُ بِسَبْقِ الْإِسْلَامِ ثُمَّ بِالدِّينِ ثُمَّ بِالسِّنِّ ثُمَّ بِالشَّجَاعَةِ ثُمَّ وَلِيُّ الْأَمْرِ بِالْخِيَارِ بَيْنَ أَنْ يَقْرَعَ أَوْ يُقَدِّمَ بِرَأْيِهِ وَاجْتِهَادِهِ.
قَالَ وَمَا قَالَهُ هُوَ الْمُخْتَارُ (وَلْيَصْرِفْ) أَيِ الْإِمَامُ عَلَى الْمُرْتَزِقَةِ مِنَ الْفَيْءِ (مَتَى أَرَادَ) مِنْ أَوَّلِ السَّنَةِ (14/35)
","لَهُ قَالَ فِي الرَّوْضَةِ بَعْدَ هَذَا وَعَكَسَ الْمَاوَرْدِيُّ فَقَالَ يُقَدَّمُ بِسَبْقِ الْإِسْلَامِ ثُمَّ بِالدِّينِ ثُمَّ بِالسِّنِّ ثُمَّ بِالشَّجَاعَةِ ثُمَّ وَلِيَ الْأَمْرَ بِالْخِيَارِ بَيْنَ أَنْ يُقْرِعَ أَوْ يُقَدِّمَ بِرَأْيِهِ وَاجْتِهَادِهِ.
قَالَ وَمَا قَالَهُ هُوَ الْمُخْتَارُ (وَلْيَصْرِفْ) أَيِ الْإِمَامُ عَلَى الْمُرْتَزِقَةِ مِنَ الْفَيْءِ (مَتَى أَرَادَ) مِنْ أَوَّلِ السَّنَةِ (14/35)"
"ورد ابن الحاجب في شرح المفصل القاعدة بقوله تعالى: {بل الله فاعبد} مع قوله: {فاعبد الله مخلصا} فدل على أن التقديم والتأخير سواء.
وهذا فيه نظر، بل ذلك يدل على عدم المساواة، فإنه حيث أخر المعمول أتى بما ينوب عن التقديم، وهو قوله: {","وَرَدَّ ابْنُ الْحَاجِبِ فِي شَرْحِ الْمُفَصَّلِ الْقَاعِدَةَ بِقَوْلِهِ تَعَالَى: {بَلِ اللَّهَ فَاعْبُدْ} مَعَ قَوْلِهِ: {فَاعْبُدِ اللَّهَ مُخْلِصًا} فَدَلَّ عَلَى أَنَّ التَّقْدِيمَ وَالتَّأْخِيرَ سَوَاءٌ.
وَهَذَا فِيهِ نَظَرٌ، بَلْ ذَلِكَ يَدُلُّ عَلَى عَدَمِ الْمُسَاوَاةِ، فَإِنَّهُ حَيْثُ أَخَّرَ الْمَعْمُولَ أَتَى بِمَا يَنُوبُ عَنِ التَّقْدِيمِ، وَهُوَ قَوْلُهُ: {","وَرَدَّ ابْنُ الْحَاجِبِ فِي شَرْحِ الْمُفَصَّلِ الْقَاعِدَةَ بِقَوْلِهِ تَعَالَى: {بَلِ اللَّهَ فَاعْبُدْ} مَعَ قَوْلِهِ: {فَاعْبُدِ اللَّهَ مُخْلِصًا} فَدَلَّ عَلَى أَنَّ التَّقْدِيمَ وَالتَّأْخِيرَ سَوَاءٌ.
وَهَذَا فِيهِ نَظَرٌ، بَلْ ذَلِكَ يَدُلُّ عَلَى عَدَمِ الْمُسَاوَاةِ، فَإِنَّهُ حَيْثُ أَخَّرَ الْمَعْمُولَ أَتَى بِمَا يَنُوبُ عَنِ التَّقْدِيمِ، وَهُوَ قَوْلُهُ: {"
تنبيه: يستثنى من ذلك ما إذا كانت الأم هي الجانية على نفسها فإنه لا يجب في جنينها المملوك للسيد شيء، إذ لا يجب للسيد على رقيقه شيء، وخرج بالرقيق المبعض فالذي ينبغي أن توزع الغرة فيه على الرق والحرية خلافا للمحاملي في قوله: إنه كالحر، وتعتبر قيمة الأم كما في أصل الروضة، ,تَنْبِيهٌ: يُسْتَثْنَى مِنْ ذَلِكَ مَا إِذَا كَانَتِ الْأُمُّ هِيَ الْجَانِيَةَ عَلَى نَفْسِهَا فَإِنَّهُ لَا يَجِبُ فِي جَنِينِهَا الْمَمْلُوكِ لِلسَّيِّدِ شَيْءٌ، إِذْ لَا يَجِبُ لِلسَّيِّدِ عَلَى رَقِيقِهِ شَيْءٌ، وَخَرَجَ بِالرَّقِيقِ الْمُبَعَّضُ فَالَّذِي يَنْبَغِي أَنْ تُوَزَّعَ الْغُرَّةُ فِيهِ عَلَى الرِّقِّ وَالْحُرِّيَّةِ خِلَافًا لِلْمَحَامِلِيِّ فِي قَوْلِهِ: إِنَّهُ كَالْحُرِّ، وَتُعْتَبَرُ قِيمَةُ الْأُمِّ كَمَا فِي أَصْلِ الرَّوْضَةِ، ,تَنْبِيهٌ: يُسْتَثْنَى مِنْ ذَلِكَ مَا إِذَا كَانَتِ الْأُمُّ هِيَ الْجَانِيَةُ عَلَى نَفْسِهَا فَإِنَّهُ لَا يَجِبُ فِي جَنِينِهَا الْمَمْلُوكِ لِلسَّيِّدِ شَيْءٌ، إِذْ لَا يَجِبُ لِلسَّيِّدِ عَلَى رَقِيقِهِ شَيْءٌ، وَخَرَجَ بِالرَّقِيقِ الْمُبَعَّضُ فَالَّذِي يَنْبَغِي أَنْ تُوَزَّعَ الْغُرَّةُ فِيهِ عَلَى الرِّقِّ وَالْحُرِّيَّةِ خِلَافًا لِلْمَحَامِلِيِّ فِي قَوْلِهِ: إِنَّهُ كَالْحُرِّ، وَتُعْتَبَرُ قِيمَةُ الْأُمِّ كَمَا فِي أَصْلِ الرَّوْضَةِ،
"لأنه ليس مما يتغذى به وعن محمد أنه ثبت به الحرمة. (3/194)
(ولبن البكر) وهي بنت تسع سنين فصاعدا (و) لبن (الميتة محرم) بكسر الراء حتى أنه لو حلب بعد الموت وشربه صبي، أو ارتضع من ثديها حرم؛ لأنه لبن حقيقة فيتناوله النص.
وقال الشافعي لا يحرم؛ لأن الأصل في حرمة الرضاع ذات اللبن وبالموت لم تصر محلا لها؛ ","لِأَنَّهُ لَيْسَ مِمَّا يُتَغَذَّى بِهِ وَعَنْ مُحَمَّدٍ أَنَّهُ ثَبَتَ بِهِ الْحُرْمَةُ. (3/194)
(وَلَبَنِ الْبِكْرِ) وَهِيَ بِنْتُ تِسْعِ سِنِينَ فَصَاعِدًا (وَ) لَبَنِ (الْمَيْتَةِ مُحَرِّمٌ) بِكَسْرِ الرَّاءِ حَتَّى أَنَّهُ لَوْ حُلِبَ بَعْدَ الْمَوْتِ وَشَرِبَهُ صَبِيٌّ، أَوِ ارْتَضَعَ مِنْ ثَدْيِهَا حَرُمَ؛ لِأَنَّهُ لَبَنٌ حَقِيقَةً فَيَتَنَاوَلُهُ النَّصُّ.
وَقَالَ الشَّافِعِيُّ لَا يَحْرُمُ؛ لِأَنَّ الْأَصْلَ فِي حُرْمَةِ الرَّضَاعِ ذَاتُ اللَّبَنِ وَبِالْمَوْتِ لَمْ تَصِرْ مَحَلًّا لَهَا؛ ","لِأَنَّهُ لَيْسَ مِمَّا يُتَغَذَّى بِهِ وَعَنْ مُحَمَّدٍ أَنَّهُ ثَبَتَ بِهِ الْحُرْمَةُ. (3/194)
(وَلَبَنُ الْبِكْرِ) وَهِيَ بِنْتُ تِسْعِ سِنِينَ فَصَاعِدًا (وَ) لَبَنُ (الْمَيِّتَةِ مُحَرِّمٌ) بِكَسْرِ الرَّاءِ حَتَّى أَنَّهُ لَوْ حُلِبَ بَعْدَ الْمَوْتِ وَشَرِبَهُ صَبِيٌّ، أَوِ ارْتَضَعَ مِنْ ثَدْيِهَا حَرُمَ؛ لِأَنَّهُ لَبَنٌ حَقِيقَةً فَيَتَنَاوَلُهُ النَّصُّ.
وَقَالَ الشَّافِعِيُّ لَا يُحَرِّمُ؛ لِأَنَّ الْأَصْلَ فِي حُرْمَةِ الرَّضَاعِ ذَاتُ اللَّبَنِ وَبِالْمَوْتِ لَمْ تَصِرْ مَحَلًّا لَهَا؛"
"يونس عن ربيعة أنه قال: لا يحصن العبد ولا الأمة بنكاح كان في رق، فإذا أعتقهما فكأنهما لم يتزوجا قبل ذلك فإذا تزوجا بعد العتاقة وابتنيا فقد حصنا.
يونس عن ابن شهاب أنه قال في مملوك تحت أمة فعتقا ثم زنيا بعد ذلك قال: يجلد كل واحدة منهما مائة جلدة فإنهما عتقا وهما متناكحان بنكاح الرق.
","يُونُسُ عَنْ رَبِيعَةَ أَنَّهُ قَالَ: لَا يُحْصَنُ الْعَبْدُ وَلَا الْأَمَةُ بِنِكَاحٍ كَانَ فِي رِقٍّ، فَإِذَا أَعْتَقَهُمَا فَكَأَنَّهُمَا لَمْ يَتَزَوَّجَا قَبْلَ ذَلِكَ فَإِذَا تَزَوَّجَا بَعْدَ الْعَتَاقَةِ وَابْتَنَيَا فَقَدْ حُصِّنَا.
يُونُسُ عَنِ ابْنِ شِهَابٍ أَنَّهُ قَالَ فِي مَمْلُوكٍ تَحْتَ أَمَةٍ فَعَتَقَا ثُمَّ زَنَيَا بَعْدَ ذَلِكَ قَالَ: يُجْلَدُ كُلُّ وَاحِدَةٍ مِنْهُمَا مِائَةُ جَلْدَةٍ فَإِنَّهُمَا عَتَقَا وَهُمَا مُتَنَاكِحَانِ بِنِكَاحِ الرِّقِّ.
","يُونُسُ عَنْ رَبِيعَةَ أَنَّهُ قَالَ: لَا يُحْصَنُ الْعَبْدُ وَلَا الْأَمَةُ بِنِكَاحٍ كَانَ فِي رِقٍّ، فَإِذَا أَعْتَقَهُمَا فَكَأَنَّهُمَا لَمْ يَتَزَوَّجَا قَبْلَ ذَلِكَ فَإِذَا تَزَوَّجَا بَعْدَ الْعَتَاقَةِ وَابْتَنَيَا فَقَدْ حُصِّنَا.
يُونُسُ عَنِ ابْنِ شِهَابٍ أَنَّهُ قَالَ فِي مَمْلُوكٍ تَحْتَ أَمَةٍ فَعَتَقَا ثُمَّ زَنَيَا بَعْدَ ذَلِكَ قَالَ: يُجْلَدُ كُلُّ وَاحِدَةٍ مِنْهُمَا مِائَةَ جَلْدَةٍ فَإِنَّهُمَا عَتَقَا وَهُمَا مُتَنَاكِحَانِ بِنِكَاحِ الرِّقِّ."
وتصير أم ولد إذا ملكها، وكذا حكم الأمة الجانية والموروثة عن مديون، وإن لم يثبت الاستيلاد في الحال وجب قيمة ولد أمة العبد المأذون دون قيمة ولد الأمة المرهونة والجانية والموروثة؛ لأن حق المرتهن والمجني عليه ورب الدين المتعلق بالتركة لا يتعلق بالولد، ووقع في أصل الروضة أنه جعل الأمة الموروثة كأمة المأذون، ,وَتَصِيرُ أُمَّ وَلَدٍ إِذَا مَلَكَهَا، وَكَذَا حُكْمُ الْأَمَةِ الْجَانِيَةِ وَالْمَوْرُوثَةِ عَنْ مَدْيُونٍ، وَإِنْ لَمْ يَثْبُتِ الِاسْتِيلَادُ فِي الْحَالِ وَجَبَ قِيمَةُ وَلَدِ أَمَةِ الْعَبْدِ الْمَأْذُونِ دُونَ قِيمَةِ وَلَدِ الْأَمَةِ الْمَرْهُونَةِ وَالْجَانِيَةِ وَالْمَوْرُوثَةِ؛ لِأَنَّ حَقَّ الْمُرْتَهِنِ وَالْمَجْنِيِّ عَلَيْهِ وَرَبِّ الدَّيْنِ الْمُتَعَلِّقِ بِالتَّرِكَةِ لَا يَتَعَلَّقُ بِالْوَلَدِ، وَوَقَعَ فِي أَصْلِ الرَّوْضَةِ أَنَّهُ جَعَلَ الْأَمَةَ الْمَوْرُوثَةَ كَأَمَةِ الْمَأْذُونِ، ,وَتَصِيرُ أُمَّ وَلَدٍ إِذَا مَلَكَهَا، وَكَذَا حُكْمُ الْأَمَةِ الْجَانِيَةِ وَالْمَوْرُوثَةِ عَنْ مَدْيُونٍ، وَإِنْ لَمْ يَثْبُتِ الِاسْتِيلَادُ فِي الْحَالِ وَجَبَ قِيمَةُ وَلَدِ أَمَةِ الْعَبْدِ الْمَأْذُونِ دُونَ قِيمَةِ وَلَدِ الْأَمَةِ الْمَرْهُونَةِ وَالْجَانِيَةِ وَالْمَوْرُوثَةِ؛ لِأَنَّ حَقَّ الْمُرْتَهِنِ وَالْمَجْنِيِّ عَلَيْهِ وَرَبِّ الدَّيْنِ الْمُتَعَلِّقِ بِالتَّرِكَةِ لَا يَتَعَلَّقُ بِالْوَلَدِ، وَوَقَعَ فِي أَصْلِ الرَّوْضَةِ أَنَّهُ جَعَلَ الْأَمَةَ الْمَوْرُوثَةَ كَأَمَةِ الْمَأْذُونِ،
وأما اليمين والنذر بأن أكره على أن يوجب على نفسه صدقة أو حجا أو شيئا من وجوه القرب والظهار والإيلاء والفيء في الإيلاء فلعمومات النصوص الواردة في هذه الأبواب من غير تخصيص الطبائع قال الله تبارك وتعالى {لا يؤاخذكم الله باللغو في أيمانكم ولكن يؤاخذكم بما عقدتم الأيمان} وقال سبحانه وتعالى {,وَأَمَّا الْيَمِينُ وَالنَّذْرُ بِأَنْ أُكْرِهَ عَلَى أَنْ يُوجِبَ عَلَى نَفْسِهِ صَدَقَةً أَوْ حَجًّا أَوْ شَيْئًا مِنْ وُجُوهِ الْقُرَبِ وَالظِّهَارِ وَالْإِيلَاءِ وَالْفَيْءِ فِي الْإِيلَاءِ فَلِعُمُومَاتِ النُّصُوصِ الْوَارِدَةِ فِي هَذِهِ الْأَبْوَابِ مِنْ غَيْرِ تَخْصِيصِ الطَّبَائِعِ قَالَ اللَّهُ تَبَارَكَ وَتَعَالَى {لَا يُؤَاخِذُكُمُ اللَّهُ بِاللَّغْوِ فِي أَيْمَانِكُمْ وَلَكِنْ يُؤَاخِذُكُمْ بِمَا عَقَّدْتُمُ الْأَيْمَانَ} وَقَالَ سُبْحَانُهُ وَتَعَالَى {,وَأَمَّا الْيَمِينُ وَالنَّذْرُ بِأَنْ أُكْرِهَ عَلَى أَنْ يُوجِبَ عَلَى نَفْسِهِ صَدَقَةً أَوْ حَجًّا أَوْ شَيْئًا مِنْ وُجُوهِ الْقُرَبِ وَالظِّهَارِ وَالْإِيلَاءِ وَالْفَيْءِ فِي الْإِيلَاءِ فَلِعُمُومَاتِ النُّصُوصِ الْوَارِدَةِ فِي هَذِهِ الْأَبْوَابِ مِنْ غَيْرِ تَخْصِيصِ الطَّبَائِعِ قَالَ اللَّهُ تَبَارَكَ وَتَعَالَى {لَا يُؤَاخِذُكُمُ اللَّهُ بِاللَّغْوِ فِي أَيْمَانِكُمْ وَلَكِنْ يُؤَاخِذُكُمْ بِمَا عَقَّدْتُمُ الْأَيْمَانَ} وَقَالَ سُبْحَانَهُ وَتَعَالَى {
في توجيه فساد شركة الوجوه وفسدت على التفسير الأول لما في ذلك من الإجارة المجهولة والتدليس على الغير لأن كثيرا من الناس من يرغب في الشراء من أملياء السوق لاعتقادهم أنهم إنما يتجرون في جيد السلع وأن فقراءهم على العكس ثم قال وفسدت على التفسير الثاني لأن من باب: ,فِي تَوْجِيهِ فَسَادِ شَرِكَةِ الْوُجُوهِ وَفَسَدَتْ عَلَى التَّفْسِيرِ الْأَوَّلِ لِمَا فِي ذَلِكَ مِنَ الْإِجَارَةِ الْمَجْهُولَةِ وَالتَّدْلِيسِ عَلَى الْغَيْرِ لِأَنَّ كَثِيرًا مِنَ النَّاسِ مَنْ يَرْغَبُ فِي الشِّرَاءِ مَنْ أَمْلِيَاءِ السُّوقِ لِاعْتِقَادِهِمْ أَنَّهُمْ إِنَّمَا يَتَّجِرُونَ فِي جَيِّدِ السِّلَعِ وَأَنَّ فُقَرَاءَهُمْ عَلَى الْعَكْسِ ثُمَّ قَالَ وَفَسَدَتْ عَلَى التَّفْسِيرِ الثَّانِي لِأَنَّ مِنْ بَابِ: ,فِي تَوْجِيهِ فَسَادِ شَرِكَةِ الْوُجُوهِ وَفَسَدَتْ عَلَى التَّفْسِيرِ الْأَوَّلِ لِمَا فِي ذَلِكَ مِنَ الْإِجَارَةِ الْمَجْهُولَةِ وَالتَّدْلِيسِ عَلَى الْغَيْرِ لِأَنَّ كَثِيرًا مِنَ النَّاسِ مَنْ يَرْغَبُ فِي الشِّرَاءِ مِنْ أَمْلِيَاءِ السُّوقِ لِاعْتِقَادِهِمْ أَنَّهُمْ إِنَّمَا يَتَّجِرُونَ فِي جَيِّدِ السِّلَعِ وَأَنَّ فُقَرَاءَهُمْ عَلَى الْعَكْسِ ثُمَّ قَالَ وَفَسَدَتْ عَلَى التَّفْسِيرِ الثَّانِي لِأَنَّ مِنْ بَابِ:
إذا مدح المؤمن في وجهه ربا الإسلام في قلبه} أي زاد إيمانه لمعرفة نفسه وإدلاله بها فالمراد المؤمن الكامل الذي عرف نفسه وأمن عليها من نحو كبر وعجب بل يكون ذلك سببا لزيادته في العمل الصالح المؤدي لزيادة إيمانه ورسوخ إيقانه وأما من لم يكن بهذه الصفة فمدحه من أعظم الآفات كما في خبر {إياكم والمدح} (,إِذَا مُدِحَ الْمُؤْمِنُ فِي وَجْهِهِ رَبَا الْإِسْلَامُ فِي قَلْبِهِ} أَيْ زَادَ إِيمَانُهُ لِمَعْرِفَةِ نَفْسِهِ وَإِدْلَالِهِ بِهَا فَالْمُرَادُ الْمُؤْمِنُ الْكَامِلُ الَّذِي عَرَفَ نَفْسَهُ وَأَمِنَ عَلَيْهَا مِنْ نَحْوِ كِبْرٍ وَعُجْبٍ بَلْ يَكُونُ ذَلِكَ سَبَبًا لِزِيَادَتِهِ فِي الْعَمَلِ الصَّالِحِ الْمُؤَدِّي لِزِيَادَةِ إِيمَانِهِ وَرُسُوخِ إِيقَانِهِ وَأَمَّا مَنْ لَمْ يَكُنْ بِهَذِهِ الصِّفَةِ فَمَدْحُهُ مِنْ أَعْظَمِ الْآفَاتِ كَمَا فِي خَبَرِ {إِيَّاكُمْ وَالْمَدْحَ} (,إِذَا مُدِحَ الْمُؤْمِنُ فِي وَجْهِهِ رَبَا الْإِسْلَامُ فِي قَلْبِهِ} أَيْ زَادَ إِيمَانُهُ لِمَعْرِفَةِ نَفْسِهِ وَإِدْلَالِهِ بِهَا فَالْمُرَادُ الْمُؤْمِنُ الْكَامِلُ الَّذِي عَرَفَ نَفْسَهُ وَأَمِنَ عَلَيْهَا مِنْ نَحْوِ كِبْرٍ وَعُجْبٍ بَلْ يَكُونُ ذَلِكَ سَبَبًا لِزِيَادَتِهِ فِي الْعَمَلِ الصَّالِحِ الْمُؤَدِّي لِزِيَادَةِ إِيمَانِهِ وَرُسُوخِ إِيقَانِهِ وَأَمَّا مَنْ لَمْ يَكُنْ بِهَذِهِ الصِّفَةِ فَمَدْحُهُ مِنْ أَعْظَمِ الْآفَاتِ كَمَا فِي خَبَرِ {إِيَّاكُمْ وَالْمَدْحَ} (
بخلاف ما إذا عدل إليه لغرض غير الرخصة كأمن وسهولة وزيارة وتنزه، وتردد الجويني في التنزه، وليس مجرد رؤية البلاد غرضا صحيحا نقله الشيخان عن الجويني وأقراه (ما حللا) أي ما دام السير حلالا ولو مكروها، أما المحرم كسفر عبد آبق وزوجة ناشزة وقاطع طريق، فلا يترخص فيه؛ لأن الرخص لا تناط بالمعاصي، فالعاصي بسفره لا يترخص بخلاف العاصي فيه؛ ,بِخِلَافِ مَا إِذَا عَدَلَ إِلَيْهِ لِغَرَضٍ غَيْرِ الرُّخْصَةِ كَأَمْنٍ وَسُهُولَةٍ وَزِيَارَةٍ وَتَنَزُّهٍ، وَتَرَدَّدَ الْجُوَيْنِيُّ فِي التَّنَزُّهِ، وَلَيْسَ مُجَرَّدُ رُؤْيَةِ الْبِلَادِ غَرَضًا صَحِيحًا نَقَلَهُ الشَّيْخَانِ عَنِ الْجُوَيْنِيِّ وَأَقَرَّاهُ (مَا حُلِّلَا) أَيْ مَا دَامَ السَّيْرُ حَلَالًا وَلَوْ مَكْرُوهًا، أَمَّا الْمُحَرَّمُ كَسَفَرِ عَبْدٍ آبِقٍ وَزَوْجَةٍ نَاشِزَةٍ وَقَاطِعِ طَرِيقٍ، فَلَا يُتَرَخَّصُ فِيهِ؛ لِأَنَّ الرُّخَصَ لَا تُنَاطُ بِالْمَعَاصِي، فَالْعَاصِي بِسَفَرِهِ لَا يَتَرَخَّصُ بِخِلَافِ الْعَاصِي فِيهِ؛ ,بِخِلَافِ مَا إِذَا عَدَلَ إِلَيْهِ لِغَرَضٍ غَيْرِ الرُّخْصَةِ كَأَمْنٍ وَسُهُولَةٍ وَزِيَارَةٍ وَتَنَزُّهٍ، وَتَرَدَّدَ الْجُوَيْنِيُّ فِي التَّنَزُّهِ، وَلَيْسَ مُجَرَّدُ رُؤْيَةِ الْبِلَادِ غَرَضًا صَحِيحًا نَقَلَهُ الشَّيْخَانِ عَنِ الْجُوَيْنِيِّ وَأَقَرَّاهُ (مَا حَلَلَا) أَيْ مَا دَامَ السَّيْرُ حَلَالًا وَلَوْ مَكْرُوهًا، أَمَّا الْمُحَرَّمُ كَسَفَرِ عَبْدٍ آبِقٍ وَزَوْجَةٍ نَاشِزَةٍ وَقَاطِعِ طَرِيقٍ، فَلَا يَتَرَخَّصُ فِيهِ؛ لِأَنَّ الرُّخَصَ لَا تُنَاطُ بِالْمَعَاصِي، فَالْعَاصِي بِسَفَرِهِ لَا يَتَرَخَّصُ بِخِلَافِ الْعَاصِي فِيهِ؛
وقيل عن عمرو بن مرة عن عبد الرحمن بن أبى ليلى عن عبد الله بن زيد أخبرناه أبو الحسن: ,وَقِيلَ عَنْ عَمْرِو بْنِ مُرَّةَ عَنْ عَبْدِ الرَّحْمَنِ بْنِ أَبِى لَيْلَى عَنْ عَبْدِ اللَّهِ بْنِ زَيْدٍ أَخْبَرَنَاهُ أَبُو الْحَسَنِ: ,وَقِيلَ عَنْ عَمْرِو بْنِ مُرَّةَ عَنْ عَبْدِ الرَّحْمَنِ بْنِ أَبِى لَيْلَى عَنْ عَبْدِ اللَّهِ بْنِ زَيْدٍ أَخْبَرَنَاهُ أَبُو الْحَسَنِ:
"نعم شرط التحريم أن يقصد الإحرام بالنسك في تلك السنة فلو قصد مكة لا للنسك في هذه السنة بل في السنة بعدها لم يلزمه الإحرام من الميقات فيما يظهر أخذا من قولهم شرط لزوم الدم أن يحرم في تلك السنة فلو أحرم في سنة أخرى فلا دم لأن إحرام هذه السنة لا يصلح لإحرام غيرها ا ه والتحريم والدم متلازمان غالبا فإذا انتفى أحدهما فالأصل انتفاء الآخر إلا لدليل وأيضا فعدم صلاحية إحرام سنة لإحرام غيرها صيره كقاصد مكة لغير نسك ومن قصدها لغير نسك لا إثم عليه كما لا دم عليه لما تقرر ويؤخذ من (3/433)
","نَعَمْ شَرْطُ التَّحْرِيمِ أَنْ يَقْصِدَ الْإِحْرَامَ بِالنُّسُكِ فِي تِلْكَ السَّنَةِ فَلَوْ قَصَدَ مَكَّةَ لَا لِلنُّسُكِ فِي هَذِهِ السَّنَةِ بَلْ فِي السَّنَةِ بَعْدَهَا لَمْ يَلْزَمْهُ الْإِحْرَامُ مِنَ الْمِيقَاتِ فِيمَا يَظْهَرُ أَخْذًا مِنْ قَوْلِهِمْ شَرْطُ لُزُومِ الدَّمِ أَنْ يُحْرِمَ فِي تِلْكَ السَّنَةِ فَلَوْ أَحْرَمَ فِي سَنَةٍ أُخْرَى فَلَا دَمَ لِأَنَّ إِحْرَامَ هَذِهِ السَّنَةِ لَا يَصْلُحُ لِإِحْرَامِ غَيْرِهَا ا ه وَالتَّحْرِيمُ وَالدَّمُ مُتَلَازِمَانِ غَالِبًا فَإِذَا انْتَفَى أَحَدُهُمَا فَالْأَصْلُ انْتِفَاءُ الْآخَرِ إِلَّا لِدَلِيلٍ وَأَيْضًا فَعَدَمُ صَلَاحِيَةِ إِحْرَامِ سَنَةٍ لِإِحْرَامِ غَيْرِهَا صَيَّرَهُ كَقَاصِدِ مَكَّةَ لِغَيْرِ نُسُكٍ وَمَنْ قَصَدَهَا لِغَيْرِ نُسُكٍ لَا إِثْمَ عَلَيْهِ كَمَا لَا دَمَ عَلَيْهِ لِمَا تَقَرَّرَ وَيُؤْخَذُ مِنْ (3/433)
",نَعَمْ شَرْطُ التَّحْرِيمِ أَنْ يَقْصِدَ الْإِحْرَامَ بِالنُّسُكِ فِي تِلْكَ السَّنَةِ فَلَوْ قَصَدَ مَكَّةَ لَا لِلنُّسُكِ فِي هَذِهِ السَّنَةِ بَلْ فِي السَّنَةِ بَعْدَهَا لَمْ يَلْزَمْهُ الْإِحْرَامُ مِنَ الْمِيقَاتِ فِيمَا يَظْهَرُ أَخْذًا مِنْ قَوْلِهِمْ شَرْطُ لُزُومِ الدَّمِ أَنْ يُحْرِمَ فِي تِلْكَ السَّنَةِ فَلَوْ أَحْرَمَ فِي سَنَةٍ أُخْرَى فَلَا دَمَ لِأَنَّ إِحْرَامَ هَذِهِ السَّنَةِ لَا يَصْلُحُ لِإِحْرَامِ غَيْرِهَا ا ه وَالتَّحْرِيمُ وَالدَّمُ مُتَلَازِمَانِ غَالِبًا فَإِذَا انْتَفَى أَحَدُهُمَا فَالْأَصْلُ انْتِفَاءُ الْآخَرِ إِلَّا لِدَلِيلٍ وَأَيْضًا فَعَدَمُ صَلَاحِيَّةِ إِحْرَامِ سَنَةٍ لِإِحْرَامِ غَيْرِهَا صَيَّرَهُ كَقَاصِدِ مَكَّةَ لِغَيْرِ نُسُكٍ وَمَنْ قَصَدَهَا لِغَيْرِ نُسُكٍ لَا إِثْمَ عَلَيْهِ كَمَا لَا دَمَ عَلَيْهِ لِمَا تَقَرَّرَ وَيُؤْخَذُ مِنْ (3/433)
فإن الوكيل بشراء عبد مطلقا إن اشترى من يعتق على موكله لم يكن مخالفا، وذلك لأن الربح المحتاج إلى تكرر التصرف ليس بمقصود في الوكالة حتى لو كان مقصود الموكل، وقيد بقوله اشتر لي عبدا أبيعه فاشترى من يعتق عليه كان مخالفا، ,فَإِنَّ الْوَكِيلَ بِشِرَاءِ عَبْدٍ مُطْلَقًا إِنِ اشْتَرَى مَنْ يَعْتِقُ عَلَى مُوَكِّلِهِ لَمْ يَكُنْ مُخَالِفًا، وَذَلِكَ لِأَنَّ الرِّبْحَ الْمُحْتَاجَ إِلَى تَكَرُّرِ التَّصَرُّفِ لَيْسَ بِمَقْصُودٍ فِي الْوَكَالَةِ حَتَّى لَوْ كَانَ مَقْصُودَ الْمُوَكِّلِ، وَقَيَّدَ بِقَوْلِهِ اشْتَرِ لِي عَبْدًا أَبِيعُهُ فَاشْتَرَى مَنْ يَعْتِقُ عَلَيْهِ كَانَ مُخَالِفًا، ,فَإِنَّ الْوَكِيلَ بِشِرَاءِ عَبْدٍ مُطْلَقًا إِنِ اشْتَرَى مَنْ يَعْتِقُ عَلَى مُوَكِّلِهِ لَمْ يَكُنْ مُخَالِفًا، وَذَلِكَ لِأَنَّ الرِّبْحَ الْمُحْتَاجَ إِلَى تَكَرُّرِ التَّصَرُّفِ لَيْسَ بِمَقْصُودٍ فِي الْوَكَالَةِ حَتَّى لَوْ كَانَ مَقْصُودَ الْمُوَكِّلِ، وَقَيَّدَ بِقَوْلِهِ اشْتَرِ لِي عَبْدًا أَبِيعُهُ فَاشْتَرَى مَنْ يَعْتِقُ عَلَيْهِ كَانَ مُخَالِفًا،
"وإن كان خلاف السياق وقوله (كطلاقه) مصدر مضاف لفاعله أي أن طلاق الزوج في النكاح الفاسد كفسخه فيعتبر طلاقه إن اختلف فيه لا إن اتفق على فساده فلا يلزم فيه طلاق وفيه المسمى إن طلق بعد الدخول إن كان وإلا فصداق المثل وسقط الصداق فيه إن طلق قبل الدخول إلا نكاح الدرهمين فنصفهما فأفاد بالتشبيه أحكام الفسخ الثلاثة.
","وَإِنْ كَانَ خِلَافَ السِّيَاقِ وَقَوْلُهُ (كَطَلَاقِهِ) مَصْدَرٌ مُضَافٌ لِفَاعِلِهِ أَيْ أَنَّ طَلَاقَ الزَّوْجِ فِي النِّكَاحِ الْفَاسِدِ كَفَسْخِهِ فَيُعْتَبَرُ طَلَاقُهُ إِنِ اخْتُلِفَ فِيهِ لَا إِنِ اتُّفِقَ عَلَى فَسَادِهِ فَلَا يَلْزَمُ فِيهِ طَلَاقٌ وَفِيهِ الْمُسَمَّى إِنْ طَلَّقَ بَعْدَ الدُّخُولِ إِنْ كَانَ وَإِلَّا فَصَدَاقُ الْمِثْلِ وَسَقَطَ الصَّدَاقُ فِيهِ إِنْ طَلَّقَ قَبْلَ الدُّخُولِ إِلَّا نِكَاحَ الدِّرْهَمَيْنِ فَنِصْفُهُمَا فَأَفَادَ بِالتَّشْبِيهِ أَحْكَامَ الْفَسْخِ الثَّلَاثَةِ.
",وَإِنْ كَانَ خِلَافَ السِّيَاقِ وَقَوْلُهُ (كَطَلَاقِهِ) مَصْدَرٌ مُضَافٌ لِفَاعِلِهِ أَيْ أَنَّ طَلَاقَ الزَّوْجِ فِي النِّكَاحِ الْفَاسِدِ كَفَسْخِهِ فَيُعْتَبَرُ طَلَاقُهُ إِنِ اخْتُلِفَ فِيهِ لَا إِنِ اتُّفِقَ عَلَى فَسَادِهِ فَلَا يَلْزَمُ فِيهِ طَلَاقٌ وَفِيهِ الْمُسَمَّى إِنْ طَلَّقَ بَعْدَ الدُّخُولِ إِنْ كَانَ وَإِلَّا فَصَدَاقُ الْمِثْلِ وَسَقَطَ الصَّدَاقُ فِيهِ إِنْ طَلَّقَ قَبْلَ الدُّخُولِ إِلَّا نِكَاحَ الدِّرْهَمَيْنِ فَنِصْفُهُمَا فَأَفَادَ بِالتَّشْبِيهِ أَحْكَامَ الْفَسْخِ الثَّلَاثَةِ.
في ك وجد عندي ما نصه ويجوز للمضطر أن يتعاطى أولا ما لم يبح له الفطر لأجله كمضطر لشرب فله أن يأكل، أو يطأ زوجته لكن قال المواق: إنه إذا بدأ بغير ما هو مضطر إليه أنه يكفر كما هو منقول تأمل (قوله: تشبيها إلخ) من تشبيه الخاص بالعام بملاحظة كونه فردا مغايرا للعام (قوله: ,فِي ك وُجِدَ عِنْدِي مَا نَصُّهُ وَيَجُوزُ لِلْمُضْطَرِّ أَنْ يَتَعَاطَى أَوَّلًا مَا لَمْ يُبَحْ لَهُ الْفِطْرُ لِأَجْلِهِ كَمُضْطَرٍّ لِشُرْبٍ فَلَهُ أَنْ يَأْكُلَ، أَوْ يَطَأَ زَوْجَتَهُ لَكِنْ قَالَ الْمَوَّاقُ: إِنَّهُ إِذَا بَدَأَ بِغَيْرِ مَا هُوَ مُضْطَرٌّ إِلَيْهِ أَنَّهُ يُكَفِّرُ كَمَا هُوَ مَنْقُولٌ تَأَمَّلْ (قَوْلُهُ: تَشْبِيهًا إِلَخْ) مِنْ تَشْبِيهِ الْخَاصِّ بِالْعَامِّ بِمُلَاحَظَةِ كَوْنِهِ فَرْدًا مُغَايِرًا لِلْعَامِّ (قَوْلُهُ: ,فِي ك وُجِدَ عِنْدِي مَا نَصُّهُ وَيَجُوزُ لِلْمُضْطَرِّ أَنْ يَتَعَاطَى أَوَّلًا مَا لَمْ يُبَحْ لَهُ الْفِطْرُ لِأَجْلِهِ كَمُضْطَرٍّ لِشُرْبٍ فَلَهُ أَنْ يَأْكُلَ، أَوْ يَطَأَ زَوْجَتَهُ لَكِنْ قَالَ الْمَوَّاقُ: إِنَّهُ إِذَا بَدَأَ بِغَيْرِ مَا هُوَ مُضْطَرٌّ إِلَيْهِ أَنَّهُ يُكَفِّرُ كَمَا هُوَ مَنْقُولٌ تَأَمَّلْ (قَوْلُهُ: تَشْبِيهًا إِلَخْ) مِنْ تَشْبِيهِ الْخَاصِّ بِالْعَامِّ بِمُلَاحَظَةِ كَوْنِهِ فَرْدًا مُغَايِرًا لِلْعَامِّ (قَوْلُهُ:
وهو نظير ما بينا في تأخير طواف الزيارة عن أيام النحر فأبو حنيفة رحمه الله تعالى هنا جعل تأخير الرمي عن وقته بمنزلة تركه، ورمي جمرة العقبة يوم النحر نسك تام فكما أن تركه يوجب الدم فكذلك تأخيره عن وقته، وكذلك إن ترك الأكثر منها بمنزلة الكل، وإن ترك منها حصاة أو حصاتين أو ثلاثا إلى الغد رماها، ,وَهُوَ نَظِيرُ مَا بَيَّنَّا فِي تَأْخِيرِ طَوَافِ الزِّيَارَةِ عَنْ أَيَّامِ النَّحْرِ فَأَبُو حَنِيفَةَ رَحِمَهُ اللَّهُ تَعَالَى هُنَا جَعَلَ تَأْخِيرَ الرَّمْيِ عَنْ وَقْتِهِ بِمَنْزِلَةِ تَرْكِهِ، وَرَمْيُ جَمْرَةِ الْعَقَبَةِ يَوْمَ النَّحْرِ نُسُكٌ تَامٌّ فَكَمَا أَنَّ تَرْكَهُ يُوجِبُ الدَّمَ فَكَذَلِكَ تَأْخِيرُهُ عَنْ وَقْتِهِ، وَكَذَلِكَ إِنَّ تَرْكَ الْأَكْثَرِ مِنْهَا بِمَنْزِلَةِ الْكُلِّ، وَإِنْ تَرَكَ مِنْهَا حَصَاةً أَوْ حَصَاتَيْنِ أَوْ ثَلَاثًا إِلَى الْغَدِ رَمَاهَا، ,وَهُوَ نَظِيرُ مَا بَيَّنَّا فِي تَأْخِيرِ طَوَافِ الزِّيَارَةِ عَنْ أَيَّامِ النَّحْرِ فَأَبُو حَنِيفَةَ رَحِمَهُ اللَّهُ تَعَالَى هُنَا جَعَلَ تَأْخِيرَ الرَّمْيِ عَنْ وَقْتِهِ بِمَنْزِلَةِ تَرْكِهِ، وَرَمْيُ جَمْرَةِ الْعَقَبَةِ يَوْمَ النَّحْرِ نُسُكٌ تَامٌّ فَكَمَا أَنَّ تَرْكَهُ يُوجِبُ الدَّمَ فَكَذَلِكَ تَأْخِيرُهُ عَنْ وَقْتِهِ، وَكَذَلِكَ إِنَّ تَرْكَ الْأَكْثَرِ مِنْهَا بِمَنْزِلَةِ الْكُلِّ، وَإِنْ تَرَكَ مِنْهَا حَصَاةً أَوْ حَصَاتَيْنِ أَوْ ثَلَاثًا إِلَى الْغَدِ رَمَاهَا،
وهذا كما قال إنه إذا كان مع الأخوات أخ فإنهن يرثن بالتعصيب ما فضل عن الفروض ولا يرثن بالفرض؛ لأن حكم التعصيب قد غلب عليهن فصار ذلك حكمهن. ولا خلاف في ذلك إلا في المسألة التي ذكرها وهي المسألة التي تسمى المشركة لتشريك الإخوة للأب والأم مع الإخوة للأم في الثلث وتسمى الحمارية؛ ,وَهَذَا كَمَا قَالَ إِنَّهُ إِذَا كَانَ مَعَ الْأَخَوَاتِ أَخٌ فَإِنَّهُنَّ يَرِثْنَ بِالتَّعْصِيبِ مَا فَضَلَ عَنِ الْفُرُوضِ وَلَا يَرِثْنَ بِالْفَرْضِ؛ لِأَنَّ حُكْمَ التَّعْصِيبِ قَدْ غَلَبَ عَلَيْهِنَّ فَصَارَ ذَلِكَ حُكْمَهُنَّ. وَلَا خِلَافَ فِي ذَلِكَ إِلَّا فِي الْمَسْأَلَةِ الَّتِي ذَكَرَهَا وَهِيَ الْمَسْأَلَةُ الَّتِي تُسَمَّى الْمُشَرَّكَةُ لِتَشْرِيكِ الْإِخْوَةِ لِلْأَبِ وَالْأُمِّ مَعَ الْإِخْوَةِ لِلْأُمِّ فِي الثُّلُثِ وَتُسَمَّى الْحِمَارِيَّةُ؛ ,وَهَذَا كَمَا قَالَ إِنَّهُ إِذَا كَانَ مَعَ الْأَخَوَاتِ أَخٌ فَإِنَّهُنَّ يَرِثْنَ بِالتَّعْصِيبِ مَا فَضَلَ عَنِ الْفُرُوضِ وَلَا يَرِثْنَ بِالْفَرْضِ؛ لِأَنَّ حُكْمَ التَّعْصِيبِ قَدْ غَلَبَ عَلَيْهِنَّ فَصَارَ ذَلِكَ حُكْمَهُنَّ. وَلَا خِلَافَ فِي ذَلِكَ إِلَّا فِي الْمَسْأَلَةِ الَّتِي ذَكَرَهَا وَهِيَ الْمَسْأَلَةُ الَّتِي تُسَمَّى الْمُشَرَّكَةَ لِتَشْرِيكِ الْإِخْوَةِ لِلْأَبِ وَالْأُمِّ مَعَ الْإِخْوَةِ لِلْأُمِّ فِي الثُّلُثِ وَتُسَمَّى الْحِمَارِيَّةَ؛
"ومثل ذلك ظلم يرتفع باللسان، وإذا أرضاها باللسان ارتفع الظلم لأن التوبة بحسب الجناية فلا يجازى بالطلاق ولا يلزم من كونه فيئا على هذا الوجه أن تجب الكفارة لأنها جزاء الحنث، والحنث لا يتحقق بالفيء باللسان.
فإن قيل: ","وَمِثْلُ ذَلِكَ ظُلْمٌ يَرْتَفِعُ بِاللِّسَانِ، وَإِذَا أَرْضَاهَا بِاللِّسَانِ ارْتَفَعَ الظُّلْمُ لِأَنَّ التَّوْبَةَ بِحَسَبِ الْجِنَايَةِ فَلَا يُجَازَى بِالطَّلَاقِ وَلَا يَلْزَمُ مِنْ كَوْنِهِ فَيْئًا عَلَى هَذَا الْوَجْهِ أَنْ تَجِبَ الْكَفَّارَةُ لِأَنَّهَا جَزَاءُ الْحِنْثِ، وَالْحِنْثُ لَا يَتَحَقَّقُ بِالْفَيْءِ بِاللِّسَانِ.
فَإِنْ قِيلَ: ","وَمِثْلُ ذَلِكَ ظُلْمٌ يَرْتَفِعُ بِاللِّسَانِ، وَإِذَا أَرْضَاهَا بِاللِّسَانِ ارْتَفَعَ الظُّلْمُ لِأَنَّ التَّوْبَةَ بِحَسَبِ الْجِنَايَةِ فَلَا يُجَازَى بِالطَّلَاقِ وَلَا يَلْزَمُ مِنْ كَوْنِهِ فَيْئًا عَلَى هَذَا الْوَجْهِ أَنْ تَجِبَ الْكَفَّارَةُ لِأَنَّهَا جَزَاءُ الْحِنْثِ، وَالْحِنْثُ لَا يَتَحَقَّقُ بِالْفَيْءِ بِاللِّسَانِ.
فَإِنْ قِيلَ:"
لكن إذا تعذر عفي عنهما ما دام التعذر وتجب إزالتهما عند القدرة ولا تجب إعادة ما صلاه معهما، وكذا يقال في الطعم قليوبي ا ه بجيرمي وتقدم عن شيخنا والمدابغي اعتماده (قوله بخلاف لو بقليا بمحلين إلخ) أي فلا يضر لانتفاء العلة التي هي قوة دلالتهما على بقائها نهاية (قوله بعضهم بأن صب إلخ) ,لَكِنْ إِذَا تَعَذَّرَ عُفِيَ عَنْهُمَا مَا دَامَ التَّعَذُّرُ وَتَجِبُ إِزَالَتُهُمَا عِنْدَ الْقُدْرَةِ وَلَا تَجِبُ إِعَادَةُ مَا صَلَّاهُ مَعَهُمَا، وَكَذَا يُقَالُ فِي الطَّعْمِ قَلْيُوبِيٌّ ا ه بُجَيْرِمِيٌّ وَتَقَدَّمَ عَنْ شَيْخِنَا وَالْمَدَابِغِيِّ اعْتِمَادُهُ (قَوْلُهُ بِخِلَافِ لَوْ بَقْلِيًّا بِمَحَلَّيْنِ إِلَخْ) أَيْ فَلَا يَضُرُّ لِانْتِفَاءِ الْعِلَّةِ الَّتِي هِيَ قُوَّةُ دَلَالَتِهِمَا عَلَى بَقَائِهَا نِهَايَةٌ (قَوْلُهُ بَعْضُهُمْ بِأَنْ صَبَّ إِلَخْ) ,لَكِنْ إِذَا تَعَذَّرَ عُفِيَ عَنْهُمَا مَا دَامَ التَّعَذُّرُ وَتَجِبُ إِزَالَتُهُمَا عِنْدَ الْقُدْرَةِ وَلَا تَجِبُ إِعَادَةُ مَا صَلَّاهُ مَعَهُمَا، وَكَذَا يُقَالُ فِي الطَّعْمِ قَلْيُوبِيٌّ ا ه بُجَيْرِمِيٌّ وَتَقَدَّمَ عَنْ شَيْخِنَا وَالْمَدَابِغِيِّ اعْتِمَادُهُ (قَوْلُهُ بِخِلَافِ لَوْ بَقْلِيًّا بِمَحَلَّيْنِ إِلَخْ) أَيْ فَلَا يَضُرُّ لِانْتِفَاءِ الْعِلَّةِ الَّتِي هِيَ قُوَّةُ دَلَالَتِهِمَا عَلَى بَقَائِهَا نِهَايَةٌ (قَوْلُهُ بَعْضُهُمْ بِأَنْ صُبَّ إِلَخْ)
"حدثنا محمد بن أبي عدي عن ابن عون عن أبي رملة قال حدثناه مخنف بن سليم قال ونحن مع النبي صلى الله عليه وسلم وهو واقف بعرفات فقال يا أيها الناس إن على كل أهل بيت أو على كل أهل بيت في كل عام أضحاة وعتيرة قال تدرون ما العتيرة قال ابن عون فلا أدري ما ردوا قال هذه التي يقول الناس الرجبية (29/419)
","حَدَّثَنَا مُحَمَّدُ بْنُ أَبِي عَدِيٍّ عَنِ ابْنِ عَوْنٍ عَنْ أَبِي رَمْلَةَ قَالَ حَدَّثَنَاهُ مِخْنَفُ بْنُ سُلَيْمٍ قَالَ وَنَحْنُ مَعَ النَّبِيِّ صَلَّى اللَّهُ عَلَيْهِ وَسَلَّمَ وَهُوَ وَاقِفٌ بِعَرَفَاتٍ فَقَالَ يَا أَيُّهَا النَّاسُ إِنَّ عَلَى كُلِّ أَهْلِ بَيْتٍ أَوْ عَلَى كُلِّ أَهْلِ بَيْتٍ فِي كُلِّ عَامٍ أَضْحَاةً وَعَتِيرَةً قَالَ تَدْرُونَ مَا الْعَتِيرَةُ قَالَ ابْنُ عَوْنٍ فَلَا أَدْرِي مَا رَدُّوا قَالَ هَذِهِ الَّتِي يَقُولُ النَّاسُ الرَّجَبِيَّةُ (29/419)
",حَدَّثَنَا مُحَمَّدُ بْنُ أَبِي عَدِيٍّ عَنِ ابْنِ عَوْنٍ عَنْ أَبِي رَمْلَةَ قَالَ حَدَّثَنَاه مِخْنَفُ بْنُ سُلَيْمٍ قَالَ وَنَحْنُ مَعَ النَّبِيِّ صَلَّى اللَّهُ عَلَيْهِ وَسَلَّمَ وَهُوَ وَاقِفٌ بِعَرَفَاتٍ فَقَالَ يَا أَيُّهَا النَّاسُ إِنَّ عَلَى كُلِّ أَهْلِ بَيْتٍ أَوْ عَلَى كُلِّ أَهْلِ بَيْتٍ فِي كُلِّ عَامٍ أَضْحَاةً وَعَتِيرَةً قَالَ تَدْرُونَ مَا الْعَتِيرَةُ قَالَ ابْنُ عَوْنٍ فَلَا أَدْرِي مَا رَدُّوا قَالَ هَذِهِ الَّتِي يَقُولُ النَّاسُ الرَّجَبِيَّةُ (29/419)
"بل هو ركاز إن كان دفن جاهلي وإلا فهي لقطة.
ابن شاس نفقة اللقيط في ماله وهو ما وقف على اللقيط أو وهب له أو أوصى له به أو ما وجد تحت يد اللقيط عند التقاطه لكونه ملفوفا عليه.
وفي الزاهي إن وجد على فراش أو ثوب أو دابة أو معه مال مشدود فهو له.
","بَلْ هُوَ رِكَازٌ إِنْ كَانَ دَفْنَ جَاهِلِيٍّ وَإِلَّا فَهِيَ لُقَطَةٌ.
ابْنُ شَاسٍ نَفَقَةُ اللَّقِيطِ فِي مَالِهِ وَهُوَ مَا وُقِفَ عَلَى اللَّقِيطِ أَوْ وُهِبَ لَهُ أَوْ أَوْصَى لَهُ بِهِ أَوْ مَا وُجِدَ تَحْتَ يَدِ اللَّقِيطِ عِنْدَ الْتِقَاطِهِ لِكَوْنِهِ مَلْفُوفًا عَلَيْهِ.
وَفِي الزَّاهِيِّ إِنْ وُجِدَ عَلَى فِرَاشٍ أَوْ ثَوْبٍ أَوْ دَابَّةٍ أَوْ مَعَهُ مَالٌ مَشْدُودٌ فَهُوَ لَهُ.
","بَلْ هُوَ رِكَازٌ إِنْ كَانَ دَفْنَ جَاهِلِيٍّ وَإِلَّا فَهِيَ لُقَطَةٌ.
ابْنُ شَاسٍ نَفَقَةُ اللَّقِيطِ فِي مَالِهِ وَهُوَ مَا وُقِفَ عَلَى اللَّقِيطِ أَوْ وُهِبَ لَهُ أَوْ أَوْصَى لَهُ بِهِ أَوْ مَا وُجِدَ تَحْتَ يَدِ اللَّقِيطِ عِنْدَ الْتِقَاطِهِ لِكَوْنِهِ مَلْفُوفًا عَلَيْهِ.
وَفِي الزَّاهِي إِنْ وُجِدَ عَلَى فِرَاشٍ أَوْ ثَوْبٍ أَوْ دَابَّةٍ أَوْ مَعَهُ مَالٌ مَشْدُودٌ فَهُوَ لَهُ."
"والذي أفتى به ابن عرفة وعزاه للباجي الجواز كالمقومات.
واعلم أن المشترك فيه إن كان عقارا أو غيره من أنواع الحيوان أو العرض فلا بد فيه من التقويم، ولا ينظر إلى مساحته إن كان عقارا، ولا عدده إن كان عرضا أو حيوانا.
قال خليل: وقسم العقار وغيره بالقيمة، وأفرد كل نوع من أنواع المقسوم، ","وَالَّذِي أَفْتَى بِهِ ابْنُ عَرَفَةَ وَعَزَاهُ لِلْبَاجِيِّ الْجَوَازُ كَالْمُقَوَّمَاتِ.
وَاعْلَمْ أَنَّ الْمُشْتَرَكَ فِيهِ إِنْ كَانَ عَقَارًا أَوْ غَيْرَهُ مِنْ أَنْوَاعِ الْحَيَوَانِ أَوِ الْعَرْضِ فَلَا بُدَّ فِيهِ مِنَ التَّقْوِيمِ، وَلَا يُنْظَرُ إِلَى مِسَاحَتِهِ إِنْ كَانَ عَقَارًا، وَلَا عَدَدِهِ إِنْ كَانَ عَرْضًا أَوْ حَيَوَانًا.
قَالَ خَلِيلٌ: وَقَسْمُ الْعَقَارِ وَغَيْرِهِ بِالْقِيمَةِ، وَأَفْرَدَ كُلَّ نَوْعٍ مِنْ أَنْوَاعِ الْمَقْسُومِ، ","وَالَّذِي أَفْتَى بِهِ ابْنُ عَرَفَةَ وَعَزَاهُ لِلْبَاجِيِّ الْجَوَازُ كَالْمُقَوَّمَاتِ.
وَاعْلَمْ أَنَّ الْمُشْتَرَكَ فِيهِ إِنْ كَانَ عَقَارًا أَوْ غَيْرَهُ مِنْ أَنْوَاعِ الْحَيَوَانِ أَوِ الْعَرْضِ فَلَا بُدَّ فِيهِ مِنَ التَّقْوِيمِ، وَلَا يُنْظَرُ إِلَى مِسَاحَتِهِ إِنْ كَانَ عَقَارًا، وَلَا عَدَدِهِ إِنْ كَانَ عَرْضًا أَوْ حَيَوَانًا.
قَالَ خَلِيلٌ: وَقُسِّمَ الْعَقَارُ وَغَيْرُهُ بِالْقِيمَةِ، وَأُفْرِدَ كُلُّ نَوْعٍ مِنْ أَنْوَاعِ الْمَقْسُومِ،"
"في تلك الناحية.
قال الإمام ولو أمن مائة ألف منا مائة ألف منهم فكل واحد لم يؤمن إلا واحدا لكن إذا ظهر انسداد أو نقصان رد أمان الجميع.
قال الرافعي: ","فِي تِلْكَ النَّاحِيَةِ.
قَالَ الْإِمَامُ وَلَوْ أَمَّنَ مِائَةُ أَلْفٍ مِنَّا مِائَةَ أَلْفٍ مِنْهُمْ فَكُلُّ وَاحِدٍ لَمْ يُؤَمِّنْ إِلَّا وَاحِدًا لَكِنْ إِذَا ظَهَرَ انْسِدَادٌ أَوْ نُقْصَانٌ رُدَّ أَمَانُ الْجَمِيعِ.
قَالَ الرَّافِعِيُّ: ","فِي تِلْكَ النَّاحِيَةِ.
قَالَ الْإِمَامُ وَلَوْ أَمَّنَ مِائَةُ أَلْفٍ مِنَّا مِائَةَ أَلْفٍ مِنْهُمْ فَكُلُّ وَاحِدٍ لَمْ يُؤَمِّنْ إِلَّا وَاحِدًا لَكِنْ إِذَا ظَهَرَ انْسِدَادٌ أَوْ نُقْصَانٌ رُدَّ أَمَانُ الْجَمِيعِ.
قَالَ الرَّافِعِيُّ:"
قوله: لم يعد) أي الدين مطلقا أدى أو لم يؤد (قوله: ما بقي غدا) لو قال: أبرأتك عن الخمسة على أن تدفع الخمسة حالة إن كانت العشرة حالة صح الإبراء لأن أداء الخمسة يجب عليه حالا فلا يكون هذا تعليق الإبراء بشرط تعجيل الخمسة ولو مؤجلة بطل الإبراء إذا لم يعطه الخمسة جامع الفصولين كذا في الهامش (قوله: ,قَوْلُهُ: لَمْ يَعُدْ) أَيِ الدَّيْنُ مُطْلَقًا أَدَّى أَوْ لَمْ يُؤَدِّ (قَوْلُهُ: مَا بَقِيَ غَدًا) لَوْ قَالَ: أَبْرَأْتُكَ عَنِ الْخَمْسَةِ عَلَى أَنْ تَدْفَعَ الْخَمْسَةَ حَالَّةً إِنْ كَانَتِ الْعَشَرَةُ حَالَّةً صَحَّ الْإِبْرَاءُ لِأَنَّ أَدَاءَ الْخَمْسَةِ يَجِبُ عَلَيْهِ حَالًّا فَلَا يَكُونُ هَذَا تَعْلِيقَ الْإِبْرَاءِ بِشَرْطِ تَعْجِيلِ الْخَمْسَةِ وَلَوْ مُؤَجَّلَةً بَطَلَ الْإِبْرَاءُ إِذَا لَمْ يُعْطِهِ الْخَمْسَةَ جَامِعُ الْفُصُولَيْنِ كَذَا فِي الْهَامِشِ (قَوْلُهُ: ,قَوْلُهُ: لَمْ يَعُدْ) أَيِ الدَّيْنُ مُطْلَقًا أَدَّى أَوْ لَمْ يُؤَدِّ (قَوْلُهُ: مَا بَقِيَ غَدًا) لَوْ قَالَ: أَبْرَأْتُك عَنِ الْخَمْسَةِ عَلَى أَنْ تَدْفَعَ الْخَمْسَةَ حَالَّةً إِنْ كَانَتِ الْعَشَرَةُ حَالَّةً صَحَّ الْإِبْرَاءُ لِأَنَّ أَدَاءَ الْخَمْسَةِ يَجِبُ عَلَيْهِ حَالًّا فَلَا يَكُونُ هَذَا تَعْلِيقَ الْإِبْرَاءِ بِشَرْطِ تَعْجِيلِ الْخَمْسَةِ وَلَوْ مُؤَجَّلَةً بَطَلَ الْإِبْرَاءُ إِذَا لَمْ يُعْطِهِ الْخَمْسَةَ جَامِعُ الْفُصُولَيْنِ كَذَا فِي الْهَامِشِ (قَوْلُهُ:
فصل (وإن قال أنت طالق يوم يقدم زيد أو قال) أنت طالق (في اليوم الذي يقدم فيه زيد فماتت) في يوم قدومه (أو مات الحالف) في يوم قدومه (أو ماتا) أي الزوجان (في يوم قدومه أو لم يمت واحد منهما في ذلك اليوم تبين أن طلاقها وقع من أول اليوم) ,فَصْلٌ (وَإِنْ قَالَ أَنْتِ طَالِقٌ يَوْمَ يَقْدَمُ زَيْدٌ أَوْ قَالَ) أَنْتِ طَالِقُ (فِي الْيَوْمِ الَّذِي يَقْدَمُ فِيهِ زَيْدٌ فَمَاتَتْ) فِي يَوْمِ قُدُومِهِ (أَوْ مَاتَ الْحَالِفُ) فِي يَوْمِ قُدُومِهِ (أَوْ مَاتَا) أَيِ الزَّوْجَانِ (فِي يَوْمِ قُدُومِهِ أَوْ لَمْ يَمُتْ وَاحِدٌ مِنْهُمَا فِي ذَلِكَ الْيَوْمِ تَبَيَّنَ أَنَّ طَلَاقَهَا وَقَعَ مِنْ أَوَّلِ الْيَوْمِ) ,فَصْلٌ (وَإِنْ قَالَ أَنْتِ طَالِقٌ يَوْمَ يَقْدَمُ زَيْدٌ أَوْ قَالَ) أَنْتِ طَالِقٌ (فِي الْيَوْمِ الَّذِي يَقْدَمُ فِيهِ زَيْدٌ فَمَاتَتْ) فِي يَوْمِ قُدُومِهِ (أَوْ مَاتَ الْحَالِفُ) فِي يَوْمِ قُدُومِهِ (أَوْ مَاتَا) أَيِ الزَّوْجَانِ (فِي يَوْمِ قُدُومِهِ أَوْ لَمْ يَمُتْ وَاحِدٌ مِنْهُمَا فِي ذَلِكَ الْيَوْمِ تَبَيَّنَ أَنَّ طَلَاقَهَا وَقَعَ مِنْ أَوَّلِ الْيَوْمِ)
"إذا باع البائع مالا من آخر وشرط الخيار لنفسه لمدة ثلاثة أيام وتلف المبيع في يد المشتري بعد التسليم واختلف المتبايعان فادعى أحدهما أن التلف وقع بعد مرور مدة الخيار وأن البيع لازم ويجب أداء الثمن المسمى وادعى ثانيهما أن البيع تلف في ظرف الثلاثة أيام فيجب إعطاء القيمة حسب المادة السابقة والقول في ذلك لمدعي التلف في ظرف الثلاثة أيام لأن مدعي التلف في مدة الخيار منكر لزوم البيع والبينة على من يدعي تلف المبيع بعد مرور الثلاثة أيام أي تلفه بعد انقضاء مدة الخيار.
","إِذَا بَاعَ الْبَائِعُ مَالًا مِنْ آخَرَ وَشَرَطَ الْخِيَارَ لِنَفْسِهِ لِمُدَّةِ ثَلَاثَةِ أَيَّامٍ وَتَلِفَ الْمَبِيعُ فِي يَدِ الْمُشْتَرِي بَعْدَ التَّسْلِيمِ وَاخْتَلَفَ الْمُتَبَايِعَانِ فَادَّعَى أَحَدُهُمَا أَنَّ التَّلَفَ وَقَعَ بَعْدَ مُرُورِ مُدَّةِ الْخِيَارِ وَأَنَّ الْبَيْعَ لَازِمٌ وَيَجِبُ أَدَاءُ الثَّمَنِ الْمُسَمَّى وَادَّعَى ثَانِيهِمَا أَنَّ الْبَيْعَ تَلِفَ فِي ظَرْفِ الثَّلَاثَةِ أَيَّامٍ فَيَجِبُ إِعْطَاءُ الْقِيمَةِ حَسَبَ الْمَادَّةِ السَّابِقَةِ وَالْقَوْلُ فِي ذَلِكَ لِمُدَّعِي التَّلَفِ فِي ظَرْفِ الثَّلَاثَةِ أَيَّامٍ لِأَنَّ مُدَّعِي التَّلَفِ فِي مُدَّةِ الْخِيَارِ مُنْكِرٌ لُزُومَ الْبَيْعِ وَالْبَيِّنَةُ عَلَى مَنْ يَدَّعِي تَلَفَ الْمَبِيعِ بَعْدَ مُرُورِ الثَّلَاثَةِ أَيَّامٍ أَيْ تَلَفَهُ بَعْدَ انْقِضَاءِ مُدَّةِ الْخِيَارِ.
",إِذَا بَاعَ الْبَائِعُ مَالًا مِنْ آخَرَ وَشَرَطَ الْخِيَارَ لِنَفْسِهِ لِمُدَّةِ ثَلَاثَةِ أَيَّامٍ وَتَلِفَ الْمَبِيعُ فِي يَدِ الْمُشْتَرِي بَعْدَ التَّسْلِيمِ وَاخْتَلَفَ الْمُتَبَايِعَانِ فَادَّعَى أَحَدُهُمَا أَنَّ التَّلَفَ وَقَعَ بَعْدَ مُرُورِ مُدَّةِ الْخِيَارِ وَأَنَّ الْبَيْعَ لَازِمٌ وَيَجِبُ أَدَاءُ الثَّمَنِ الْمُسَمَّى وَادَّعَى ثَانِيهِمَا أَنَّ الْبَيْعَ تَلِفَ فِي ظَرْفِ الثَّلَاثَةِ أَيَّامٍ فَيَجِبُ إِعْطَاءُ الْقِيمَةِ حَسَبَ الْمَادَّةِ السَّابِقَةِ وَالْقَوْلُ فِي ذَلِكَ لِمُدَّعِي التَّلَفِ فِي ظَرْفِ الثَّلَاثَةِ أَيَّامٍ لِأَنَّ مُدَّعِيَ التَّلَفِ فِي مُدَّةِ الْخِيَارِ مُنْكِرٌ لُزُومَ الْبَيْعِ وَالْبَيِّنَةُ عَلَى مَنْ يَدَّعِي تَلَفَ الْمَبِيعِ بَعْدَ مُرُورِ الثَّلَاثَةِ أَيَّامٍ أَيْ تَلَفِهِ بَعْدَ انْقِضَاءِ مُدَّةِ الْخِيَارِ.
فقول الروضة ويجوز بعد الأداء والعتق لكن يكون قضاء فيه تسمح (ويستحب الربع) أي حط قدر ربع مال الكتابة إن سمح به السيد (وإلا فالسبع) روى حط الربع النسائي وغيره عن علي رضي الله عنه: وروى عنه رفعه إلى النبي صلى الله عليه وسلم وروى حط السبع مالك عن ابن عمر رضي الله تعالى عنهما قال البلقيني: ,فَقَوْلُ الرَّوْضَةِ وَيَجُوزُ بَعْدَ الْأَدَاءِ وَالْعِتْقِ لَكِنْ يَكُونُ قَضَاءً فِيهِ تَسَمُّحٌ (وَيُسْتَحَبُّ الرُّبُعُ) أَيْ حَطُّ قَدْرِ رُبُعِ مَالٍ الْكِتَابَةِ إِنْ سَمَحَ بِهِ السَّيِّدُ (وَإِلَّا فَالسُّبُعُ) رَوَى حَطَّ الرُّبُعِ النَّسَائِيُّ وَغَيْرُهُ عَنْ عَلِيٍّ رَضِيَ اللَّهُ عَنْهُ: وَرَوَى عَنْهُ رَفْعَهُ إِلَى النَّبِيِّ صَلَّى اللَّهُ عَلَيْهِ وَسَلَّمَ وَرَوَى حَطَّ السُّبُعِ مَالِكٌ عَنِ ابْنِ عُمَرَ رَضِيَ اللَّهُ تَعَالَى عَنْهُمَا قَالَ الْبُلْقِينِيُّ: ,فَقَوْلُ الرَّوْضَةِ وَيَجُوزُ بَعْدَ الْأَدَاءِ وَالْعِتْقِ لَكِنْ يَكُونُ قَضَاءً فِيهِ تَسَمُّحٌ (وَيُسْتَحَبُّ الرُّبْعُ) أَيْ حَطُّ قَدْرِ رُبْعِ مَالِ الْكِتَابَةِ إِنْ سَمَحَ بِهِ السَّيِّدُ (وَإِلَّا فَالسُّبْعُ) رَوَى حَطَّ الرُّبْعِ النَّسَائِيُّ وَغَيْرُهُ عَنْ عَلِيٍّ رَضِيَ اللَّهُ عَنْهُ: وَرَوَى عَنْهُ رَفْعَهُ إِلَى النَّبِيِّ صَلَّى اللَّهُ عَلَيْهِ وَسَلَّمَ وَرَوَى حَطَّ السُّبْعِ مَالِكٌ عَنِ ابْنِ عُمَرَ رَضِيَ اللَّهُ تَعَالَى عَنْهُمَا قَالَ الْبُلْقِينِيُّ:
ولو اشترى ما سبقت رؤيته به وأراه عيبه ثم أتاه به فقال زاد العيب وأنكر البائع صدق المشتري بيمينه كما ذكره ابن الرفعة والسبكي لأن البائع يدعي عليه علمه به وهو خلاف الأصل، ولا ترد هذه أيضا خلافا لمن زعمه أيضا لأنهما لم يختلفا في القدم بل في الزيادة المستلزمة له وإنما ذكر الاختلاف في القدم نصا، ,وَلَوِ اشْتَرَى مَا سَبَقَتْ رُؤْيَتُهُ بِهِ وَأَرَاهُ عَيْبَهُ ثُمَّ أَتَاهُ بِهِ فَقَالَ زَادَ الْعَيْبُ وَأَنْكَرَ الْبَائِعُ صَدَقَ الْمُشْتَرِي بِيَمِينِهِ كَمَا ذَكَرَهُ ابْنُ الرِّفْعَةِ وَالسُّبْكِيُّ لِأَنَّ الْبَائِعَ يَدَّعِي عَلَيْهِ عِلْمَهُ بِهِ وَهُوَ خِلَافُ الْأَصْلِ، وَلَا تُرَدُّ هَذِهِ أَيْضًا خِلَافًا لِمَنْ زَعَمَهُ أَيْضًا لِأَنَّهُمَا لَمْ يَخْتَلِفَا فِي الْقِدَمِ بَلْ فِي الزِّيَادَةِ الْمُسْتَلْزِمَةِ لَهُ وَإِنَّمَا ذُكِرَ الِاخْتِلَافُ فِي الْقِدَمِ نَصًّا، ,وَلَوِ اشْتَرَى مَا سَبَقَتْ رُؤْيَتُهُ بِهِ وَأَرَاهُ عَيْبَهُ ثُمَّ أَتَاهُ بِهِ فَقَالَ زَادَ الْعَيْبُ وَأَنْكَرَ الْبَائِعُ صُدِّقَ الْمُشْتَرِي بِيَمِينِهِ كَمَا ذَكَرَهُ ابْنُ الرِّفْعَةِ وَالسُّبْكِيُّ لِأَنَّ الْبَائِعَ يَدَّعِي عَلَيْهِ عِلْمَهُ بِهِ وَهُوَ خِلَافُ الْأَصْلِ، وَلَا تُرَدُّ هَذِهِ أَيْضًا خِلَافًا لِمَنْ زَعَمَهُ أَيْضًا لِأَنَّهُمَا لَمْ يَخْتَلِفَا فِي الْقِدَمِ بَلْ فِي الزِّيَادَةِ الْمُسْتَلْزِمَةِ لَهُ وَإِنَّمَا ذَكَرَ الِاخْتِلَافَ فِي الْقِدَمِ نَصًّا،
وأخبرنا أبو عبد الله الحافظ قراءة أخبرنا أبو الوليد حدثنا عبد الله بن محمد حدثنا حميد بن مسعدة حدثنا خالد بن الحارث عن سعيد عن قتادة عن عزرة عن الحسن العرني: ,وَأَخْبَرَنَا أَبُو عَبْدِ اللَّهِ الْحَافِظُ قِرَاءَةً أَخْبَرَنَا أَبُو الْوَلِيدِ حَدَّثَنَا عَبْدُ اللَّهِ بْنُ مُحَمَّدٍ حَدَّثَنَا حُمَيْدُ بْنُ مَسْعَدَةَ حَدَّثَنَا خَالِدُ بْنُ الْحَارِثِ عَنْ سَعِيدٍ عَنْ قَتَادَةَ عَنْ عَزْرَةَ عَنِ الْحَسَنِ الْعُرَنِيِّ: ,وَأَخْبَرَنَا أَبُو عَبْدِ اللَّهِ الْحَافِظُ قِرَاءَةً أَخْبَرَنَا أَبُو الْوَلِيدِ حَدَّثَنَا عَبْدُ اللَّهِ بْنُ مُحَمَّدٍ حَدَّثَنَا حُمَيْدُ بْنُ مَسْعَدَةَ حَدَّثَنَا خَالِدُ بْنُ الْحَارِثِ عَنْ سَعِيدٍ عَنْ قَتَادَةَ عَنْ عَزْرَةَ عَنِ الْحَسَنِ الْعُرَنِيِّ:
لأن صورة الوصية للقاتل أن يكون الموصي هو المقتول، والموصي هنا الولي فلا نزاع في صحتها منه وأيضا فلا يصدق على هذه الوصية ما هو فرض المسألة وهو أن الولي عفا بالبدل؛ لأن معناه أنه عفا عن القود على البدل، والموجود فيها الإيصاء بالبدل للقاتل ثم كيف تصح الوصية بالأرش؟ ,لِأَنَّ صُورَةَ الْوَصِيَّةِ لِلْقَاتِلِ أَنْ يَكُونَ الْمُوصِي هُوَ الْمَقْتُولُ، وَالْمُوصِي هُنَا الْوَلِيُّ فَلَا نِزَاعَ فِي صِحَّتِهَا مِنْهُ وَأَيْضًا فَلَا يُصَدَّقُ عَلَى هَذِهِ الْوَصِيَّةِ مَا هُوَ فَرْضُ الْمَسْأَلَةِ وَهُوَ أَنَّ الْوَلِيَّ عَفَا بِالْبَدَلِ؛ لِأَنَّ مَعْنَاهُ أَنَّهُ عَفَا عَنِ الْقَوَدِ عَلَى الْبَدَلِ، وَالْمَوْجُودُ فِيهَا الْإِيصَاءُ بِالْبَدَلِ لِلْقَاتِلِ ثُمَّ كَيْفَ تَصِحُّ الْوَصِيَّةُ بِالْأَرْشِ؟ ,لِأَنَّ صُورَةَ الْوَصِيَّةِ لِلْقَاتِلِ أَنْ يَكُونَ الْمُوصِي هُوَ الْمَقْتُولَ، وَالْمُوصِي هُنَا الْوَلِيُّ فَلَا نِزَاعَ فِي صِحَّتِهَا مِنْهُ وَأَيْضًا فَلَا يَصْدُقُ عَلَى هَذِهِ الْوَصِيَّةِ مَا هُوَ فَرْضُ الْمَسْأَلَةِ وَهُوَ أَنَّ الْوَلِيَّ عَفَا بِالْبَدَلِ؛ لِأَنَّ مَعْنَاهُ أَنَّهُ عَفَا عَنِ الْقَوَدِ عَلَى الْبَدَلِ، وَالْمَوْجُودُ فِيهَا الْإِيصَاءُ بِالْبَدَلِ لِلْقَاتِلِ ثُمَّ كَيْفَ تَصِحُّ الْوَصِيَّةُ بِالْأَرْشِ؟
"الدال على حرمة كل تسبب في معصية وإعانة عليها وزعم أن الأكثرين هنا على الحل أي مع الكراهة يتعين حمله على ما إذا شك في عصره له ومثل ذلك كل تصرف يفضي لمعصية كبيع مخدر لمن يظن أكله المحرم له وأمرد ممن عرف بالفجور وأمة ممن يتخذها لنحو غناء محرم وخشب لمن يتخذه آلة لهو وثوب حرير لرجل يلبسه فإن قلت هو هنا عاجز عن التسليم شرعا فلم صح البيع قلت ممنوع لأن العجز عنه ليس لوصف لازم في المبيع بل في البائع خارج عما يتعلق بالمبيع وشروطه وبه فارق البطلان الآتي في التفريق والسابق في بيع السلاح للحربي لأنه لوصف في ذات المبيع موجود حالة البيع.
","الدَّالُّ عَلَى حُرْمَةِ كُلِّ تَسَبُّبٍ فِي مَعْصِيَةٍ وَإِعَانَةٍ عَلَيْهَا وَزَعَمَ أَنَّ الْأَكْثَرِينَ هُنَا عَلَى الْحِلِّ أَيْ مَعَ الْكَرَاهَةِ يَتَعَيَّنُ حَمْلُهُ عَلَى مَا إِذَا شَكَّ فِي عَصْرِهِ لَهُ وَمِثْلُ ذَلِكَ كُلُّ تَصَرُّفٍ يُفْضِي لِمَعْصِيَةٍ كَبَيْعِ مُخَدِّرٍ لِمَنْ يَظُنُّ أَكْلَهُ الْمُحَرَّمَ لَهُ وَأَمْرَدَ مِمَّنْ عُرِفَ بِالْفُجُورِ وَأَمَةٍ مِمَّنْ يَتَّخِذُهَا لِنَحْوِ غِنَاءٍ مُحَرَّمٍ وَخَشَبٍ لِمَنْ يَتَّخِذُهُ آلَةَ لَهْوٍ وَثَوْبِ حَرِيرٍ لِرَجُلٍ يَلْبَسُهُ فَإِنْ قُلْت هُوَ هُنَا عَاجِزٌ عَنِ التَّسْلِيمِ شَرْعًا فَلِمَ صَحَّ الْبَيْعُ قُلْت مَمْنُوعٌ لِأَنَّ الْعَجْزَ عَنْهُ لَيْسَ لِوَصْفٍ لَازِمٍ فِي الْمَبِيعِ بَلْ فِي الْبَائِعِ خَارِجٌ عَمَّا يَتَعَلَّقُ بِالْمَبِيعِ وَشُرُوطُهُ وَبِهِ فَارَقَ الْبُطْلَانَ الْآتِيَ فِي التَّفْرِيقِ وَالسَّابِقَ فِي بَيْعِ السِّلَاحِ لِلْحَرْبِيِّ لِأَنَّهُ لِوَصْفٍ فِي ذَاتِ الْمَبِيعِ مَوْجُودٍ حَالَةَ الْبَيْعِ.
",الدَّالِّ عَلَى حُرْمَةِ كُلِّ تَسَبُّبٍ فِي مَعْصِيَةٍ وَإِعَانَةٍ عَلَيْهَا وَزَعَمَ أَنَّ الْأَكْثَرِينَ هُنَا عَلَى الْحِلِّ أَيْ مَعَ الْكَرَاهَةِ يَتَعَيَّنُ حَمْلُهُ عَلَى مَا إِذَا شَكَّ فِي عَصْرِهِ لَهُ وَمِثْلُ ذَلِكَ كُلُّ تَصَرُّفٍ يُفْضِي لِمَعْصِيَةٍ كَبَيْعِ مُخَدِّرٍ لِمَنْ يَظُنُّ أَكْلَهُ الْمُحَرَّمَ لَهُ وَأَمْرَدَ مِمَّنْ عُرِفَ بِالْفُجُورِ وَأَمَةٍ مِمَّنْ يَتَّخِذُهَا لِنَحْوِ غِنَاءٍ مُحَرَّمٍ وَخَشَبٍ لِمَنْ يَتَّخِذُهُ آلَةَ لَهْوٍ وَثَوْبِ حَرِيرٍ لِرَجُلٍ يَلْبَسُهُ فَإِنْ قُلْت هُوَ هُنَا عَاجِزٌ عَنِ التَّسْلِيمِ شَرْعًا فَلِمَ صَحَّ الْبَيْعُ قُلْت مَمْنُوعٌ لِأَنَّ الْعَجْزَ عَنْهُ لَيْسَ لِوَصْفٍ لَازِمٍ فِي الْمَبِيعِ بَلْ فِي الْبَائِعِ خَارِجٌ عَمَّا يَتَعَلَّقُ بِالْمَبِيعِ وَشُرُوطِهِ وَبِهِ فَارَقَ الْبُطْلَانَ الْآتِيَ فِي التَّفْرِيقِ وَالسَّابِقَ فِي بَيْعِ السِّلَاحِ لِلْحَرْبِيِّ لِأَنَّهُ لِوَصْفٍ فِي ذَاتِ الْمَبِيعِ مَوْجُودٍ حَالَةَ
"قال الكمال رحمه الله والذي يظهر أنه لا منافاة على قول أبي يوسف بين ثبوت الفطر باعتبار وصوله إلى الجوف أو إلى جوف المثانة بل يصح إناطته بالثاني باعتبار أنه يصل إذ ذاك إلى الجوف لا باعتبار نفسه وما نقل عن خزانة الأكمل فيما إذا حشى ذكره بقطنة فغيبها أنه يفسد كاحتشائها مما يقضى ببطلانه حكاية الاتفاق على عدم الفساد في الإقطار ما دام في قصبة الذكر ولا شك في ذلك ألا ترى إلى التعليل من الجانبين كيف هو بالوصول إلى الجوف وعدمه بناء على وجود المنفذ أو استقامته وعدمه لكن هذا يقتضي في حشو الدبر وفرجها الداخل عدم الفساد ولا مخلص إلا بإثبات أن المدخل فيهما تجتذبه الطبيعة (4/118)
","قَالَ الْكَمَالُ رَحِمَهُ اللَّهُ وَالَّذِي يَظْهَرُ أَنَّهُ لَا مُنَافَاةَ عَلَى قَوْلِ أَبِي يُوسُفَ بَيْنَ ثُبُوتِ الْفِطْرِ بِاعْتِبَارِ وُصُولِهِ إِلَى الْجَوْفِ أَوْ إِلَى جَوْفِ الْمَثَانَةِ بَلْ يَصِحُّ إِنَاطَتُهُ بِالثَّانِي بِاعْتِبَارِ أَنَّهُ يَصِلُ إِذْ ذَاكَ إِلَى الْجَوْفِ لَا بِاعْتِبَارِ نَفْسِهِ وَمَا نُقِلَ عَنْ خِزَانَةِ الْأَكْمَلِ فِيمَا إِذَا حَشَى ذَكَرَهُ بِقُطْنَةٍ فَغَيَّبَهَا أَنَّهُ يَفْسُدُ كَاحْتِشَائِهَا مِمَّا يُقْضَى بِبُطْلَانِهِ حِكَايَةُ الِاتِّفَاقِ عَلَى عَدَمِ الْفَسَادِ فِي الْإِقْطَارِ مَا دَامَ فِي قَصَبَةِ الذَّكَرِ وَلَا شَكَّ فِي ذَلِكَ أَلَا تَرَى إِلَى التَّعْلِيلِ مِنَ الْجَانِبَيْنِ كَيْفَ هُوَ بِالْوُصُولِ إِلَى الْجَوْفِ وَعَدَمِهِ بِنَاءً عَلَى وُجُودِ الْمَنْفَذِ أَوِ اسْتِقَامَتِهِ وَعَدَمِهِ لَكِنَّ هَذَا يَقْتَضِي فِي حَشْوِ الدُّبُرِ وَفَرْجِهَا الدَّاخِلَ عَدَمَ الْفَسَادِ وَلَا مَخْلَصَ إِلَّا بِإِثْبَاتِ أَنَّ الْمَدْخَلَ فِيهِمَا تَجْتَذِبُهُ الطَّبِيعَةُ (4/118)
",قَالَ الْكَمَالُ رَحِمَهُ اللَّهُ وَالَّذِي يَظْهَرُ أَنَّهُ لَا مُنَافَاةَ عَلَى قَوْلِ أَبِي يُوسُفَ بَيْنَ ثُبُوتِ الْفِطْرِ بِاعْتِبَارِ وُصُولِهِ إِلَى الْجَوْفِ أَوْ إِلَى جَوْفِ الْمَثَانَةِ بَلْ يَصِحُّ إِنَاطَتُهُ بِالثَّانِي بِاعْتِبَارِ أَنَّهُ يَصِلُ إِذْ ذَاكَ إِلَى الْجَوْفِ لَا بِاعْتِبَارِ نَفْسِهِ وَمَا نُقِلَ عَنْ خِزَانَةِ الْأَكْمَلِ فِيمَا إِذَا حَشَى ذَكَرَهُ بِقُطْنَةٍ فَغَيَّبَهَا أَنَّهُ يَفْسُدُ كَاحْتِشَائِهَا مِمَّا يُقْضَى بِبُطْلَانِهِ حِكَايَةُ الِاتِّفَاقِ عَلَى عَدَمِ الْفَسَادِ فِي الْإِقْطَارِ مَا دَامَ فِي قَصَبَةِ الذَّكَرِ وَلَا شَكَّ فِي ذَلِكَ أَلَا تَرَى إِلَى التَّعْلِيلِ مِنَ الْجَانِبَيْنِ كَيْفَ هُوَ بِالْوُصُولِ إِلَى الْجَوْفِ وَعَدَمِهِ بِنَاءً عَلَى وُجُودِ الْمَنْفَذِ أَوِ اسْتِقَامَتِهِ وَعَدَمِهِ لَكِنَّ هَذَا يَقْتَضِي فِي حَشْوِ الدُّبُرِ وَفَرْجِهَا الدَّاخِلِ عَدَمَ الْفَسَادِ وَلَا مُخَلِّصَ إِلَّا بِإِثْبَاتِ أَنَّ الْمَدْخَلَ فِيهِمَا تَجْتَذِبُهُ الط
"وعلى كل ففيه تجوز بإطلاقها على الماخض لأن المخاض ألم الولادة في الوالدة.
كقوله تعالى: {فأجاءها المخاض} .
فائدة: ولد الناقة إن ولد في أوان الولادة وهو زمن الربيع سمي الذكر ربعا والأنثى ربعة، أو في غير أوانه وهو الصيف سمي الذكر هبعا والأنثى هبعة، وإذا فطم عن الرضاع سمي فصيلا وفي كل ذلك يسمى حوارا إلى تمام السنة.
قوله: (","وَعَلَى كُلٍّ فَفِيهِ تَجَوُّزٌ بِإِطْلَاقِهَا عَلَى الْمَاخِضِ لِأَنَّ الْمَخَاضَ أَلَمُ الْوِلَادَةِ فِي الْوَالِدَةِ.
كَقَوْلِهِ تَعَالَى: {فَأَجَاءَهَا الْمَخَاضُ} .
فَائِدَةٌ: وَلَدُ النَّاقَةِ إِنْ وُلِدَ فِي أَوَانِ الْوِلَادَةِ وَهُوَ زَمَنُ الرَّبِيعِ سُمِّيَ الذَّكَرُ رُبَعًا وَالْأُنْثَى رُبَعَةٌ، أَوْ فِي غَيْرِ أَوَانِهِ وَهُوَ الصَّيْفُ سُمِّيَ الذَّكَرُ هُبَعًا وَالْأُنْثَى هُبَعَةٌ، وَإِذَا فُطِمَ عَنِ الرَّضَاعِ سُمِّيَ فَصِيلًا وَفِي كُلِّ ذَلِكَ يُسَمَّى حُوَارًا إِلَى تَمَامِ السَّنَةِ.
قَوْلُهُ: (","وَعَلَى كُلٍّ فَفِيهِ تَجَوُّزٌ بِإِطْلَاقِهَا عَلَى الْمَاخِضِ لِأَنَّ الْمَخَاضَ أَلَمُ الْوِلَادَةِ فِي الْوَالِدَةِ.
كَقَوْلِهِ تَعَالَى: {فَأَجَاءَهَا الْمَخَاضُ} .
فَائِدَةٌ: وَلَدُ النَّاقَةِ إِنْ وُلِدَ فِي أَوَانِ الْوِلَادَةِ وَهُوَ زَمَنُ الرَّبِيعِ سُمِّيَ الذَّكَرُ رَبْعًا وَالْأُنْثَى رَبْعَةً، أَوْ فِي غَيْرِ أَوَانِهِ وَهُوَ الصَّيْفُ سُمِّيَ الذَّكَرُ هَبْعًا وَالْأُنْثَى هَبْعَةً، وَإِذَا فُطِمَ عَنِ الرَّضَاعِ سُمِّيَ فَصِيلًا وَفِي كُلِّ ذَلِكَ يُسَمَّى حُوَارًا إِلَى تَمَامِ السَّنَةِ.
قَوْلُهُ: ("
"وعند محمد رحمه الله هذا والأول سواء.
فإذا هلكت قبل الشراء بها فعليه ضمان نصفها للمعطى - اعتبارا للجزء بالكل -؛ وهذا لأنه شرط الوضيعة عليه في النصف، وذلك لا يكون إلا بطريق الإقراض؛ فإن المضارب ليس عليه من الوضيعة شيء، فجعلناه مقرضا نصف المال منه، وضمان القرض يثبت بالقرض. (13/396)
قال: (وإذا جاء كل واحد منهما بألف درهم فاشتركا بها وخلطاها، ","وَعِنْدَ مُحَمَّدٍ رَحِمَهُ اللَّهُ هَذَا وَالْأَوَّلُ سَوَاءٌ.
فَإِذَا هَلَكَتْ قَبْلَ الشِّرَاءِ بِهَا فَعَلَيْهِ ضَمَانُ نِصْفِهَا لِلْمُعْطَى - اعْتِبَارًا لِلْجُزْءِ بِالْكُلِّ -؛ وَهَذَا لِأَنَّهُ شَرَطَ الْوَضِيعَةَ عَلَيْهِ فِي النِّصْفِ، وَذَلِكَ لَا يَكُونُ إِلَّا بِطَرِيقِ الْإِقْرَاضِ؛ فَإِنَّ الْمُضَارِبَ لَيْسَ عَلَيْهِ مِنَ الْوَضِيعَةِ شَيْءٌ، فَجَعَلْنَاهُ مُقْرِضًا نِصْفَ الْمَالِ مِنْهُ، وَضَمَانُ الْقَرْضِ يَثْبُتُ بِالْقَرْضِ. (13/396)
قَالَ: (وَإِذَا جَاءَ كُلُّ وَاحِدٍ مِنْهُمَا بِأَلْفِ دِرْهَمٍ فَاشْتَرَكَا بِهَا وَخَلَطَاهَا، ","وَعِنْدَ مُحَمَّدٍ رَحِمَهُ اللَّهُ هَذَا وَالْأَوَّلُ سَوَاءٌ.
فَإِذَا هَلَكَتْ قَبْلَ الشِّرَاءِ بِهَا فَعَلَيْهِ ضَمَانُ نِصْفِهَا لِلْمُعْطَى - اعْتِبَارًا لِلْجُزْءِ بِالْكُلِّ -؛ وَهَذَا لِأَنَّهُ شَرَطَ الْوَضِيعَةَ عَلَيْهِ فِي النِّصْفِ، وَذَلِكَ لَا يَكُونُ إِلَّا بِطَرِيقِ الْإِقْرَاضِ؛ فَإِنَّ الْمُضَارِبَ لَيْسَ عَلَيْهِ مِنَ الْوَضِيعَةِ شَيْءٌ، فَجَعَلْنَاهُ مُقْرِضًا نِصْفَ الْمَالِ مِنْهُ، وَضَمَانُ الْقَرْضِ يَثْبُتُ بِالْقَرْضِ. (13/396)
قَالَ: (وَإِذَا جَاءَ كُلُّ وَاحِدٍ مِنْهُمَا بِأَلْفِ دِرْهَمٍ فَاشْتَرَكَا بِهَا وَخَلَطَاهَا،"
"حدثنا يعقوب حدثنا أبي عن ابن شهاب عن جعفر بن عمرو بن أمية عن أبيه قال رأيت رسول الله صلى الله عليه وسلم يأكل يحتز من كتف ثم دعي إلى الصلاة فصلى ولم يتوضأ (37/149)
22486 - ","حَدَّثَنَا يَعْقُوبُ حَدَّثَنَا أَبِي عَنِ ابْنِ شِهَابٍ عَنْ جَعْفَرِ بْنِ عَمْرِو بْنِ أُمَيَّةَ عَنْ أَبِيهِ قَالَ رَأَيْتُ رَسُولَ اللَّهِ صَلَّى اللَّهُ عَلَيْهِ وَسَلَّمَ يَأْكُلُ يَحْتَزُّ مِنْ كَتِفٍ ثُمَّ دُعِيَ إِلَى الصَّلَاةِ فَصَلَّى وَلَمْ يَتَوَضَّأْ (37/149)
22486 - ","حَدَّثَنَا يَعْقُوبُ حَدَّثَنَا أَبِي عَنِ ابْنِ شِهَابٍ عَنْ جَعْفَرِ بْنِ عَمْرِو بْنِ أُمَيَّةَ عَنْ أَبِيهِ قَالَ رَأَيْتُ رَسُولَ اللَّهِ صَلَّى اللَّهُ عَلَيْهِ وَسَلَّمَ يَأْكُلُ يَحْتَزُّ مِنْ كَتِفٍ ثُمَّ دُعِيَ إِلَى الصَّلَاةِ فَصَلَّى وَلَمْ يَتَوَضَّأْ (37/149)
22486 -"
في كل منهما (خده الواحد) لا خداه (ويتمه) أي السلام (بتمام الالتفات وينوي) المصلي (السلام على من التفت) هو (إليه من ملائكة ومسلمي إنس وجن و) ينوي المأموم (الرد على من سلم عليه وعلى الإمام حين يلتفت) هو (جهته) أي جهة من سلم عليه من الإمام وغيره وقوله وعلى الإمام داخل فيما قبله هذا إن كان عن يمين الإمام، ,فِي كُلٍّ مِنْهُمَا (خَدُّهُ الْوَاحِدُ) لَا خَدَّاهُ (وَيُتِمُّهُ) أَيِ السَّلَامَ (بِتَمَامِ الِالْتِفَاتِ وَيَنْوِي) الْمُصَلِّي (السَّلَامَ عَلَى مَنِ الْتَفَتَ) هُوَ (إِلَيْهِ مِنْ مَلَائِكَةٍ وَمُسْلِمِي إِنْسٍ وَجِنٍّ وَ) يَنْوِي الْمَأْمُومُ (الرَّدَّ عَلَى مَنْ سَلَّمَ عَلَيْهِ وَعَلَى الْإِمَامِ حِينَ يَلْتَفِتُ) هُوَ (جِهَتَهُ) أَيْ جِهَةَ مَنْ سَلَّمَ عَلَيْهِ مِنَ الْإِمَامِ وَغَيْرِهِ وَقَوْلُهُ وَعَلَى الْإِمَامِ دَاخِلٌ فِيمَا قَبْلَهُ هَذَا إِنْ كَانَ عَنْ يَمِينِ الْإِمَامِ، ,فِي كُلٍّ مِنْهُمَا (خَدَّهُ الْوَاحِدَ) لَا خَدَّاهُ (وَيُتِمُّهُ) أَيِ السَّلَامَ (بِتَمَامِ الِالْتِفَاتِ وَيَنْوِي) الْمُصَلِّي (السَّلَامَ عَلَى مَنِ الْتَفَتَ) هُوَ (إِلَيْهِ مِنْ مَلَائِكَةٍ وَمُسْلِمِي إِنْسٍ وَجِنٍّ وَ) يَنْوِي الْمَأْمُومُ (الرَّدَّ عَلَى مَنْ سَلَّمَ عَلَيْهِ وَعَلَى الْإِمَامِ حِينَ يَلْتَفِتُ) هُوَ (جِهَتَهُ) أَيْ جِهَةَ مَنْ سَلَّمَ عَلَيْهِ مِنَ الْإِمَامِ وَغَيْرِهِ وَقَوْلُهُ وَعَلَى الْإِمَامِ دَاخِلٌ فِيمَا قَبْلَهُ هَذَا إِنْ كَانَ عَنْ يَمِينِ الْإِمَامِ،
"وتهجره إحداهن اليوم إلى الليل قال فانطلقت فدخلت على حفصة فقلت أتراجعين رسول الله صلى الله عليه وسلم قالت نعم قلت وتهجره إحداكن اليوم إلى الليل قالت نعم قلت قد خاب من فعل ذلك منكن وخسر أفتأمن إحداكن أن يغضب الله عليها لغضب رسوله فإذا هي قد هلكت لا تراجعي رسول الله ولا تسأليه شيئا وسليني ما بدا لك ولا يغرنك إن كانت جارتك هي أوسم وأحب إلى رسول الله منك يريد عائشة رضي الله عنها قال وكان لي جار من الأنصار وكنا نتناوب النزول إلى رسول الله صلى الله عليه وسلم فينزل يوما وأنزل يوما فيأتيني بخبر الوحي وغيره وآتيه بمثل ذلك قال وكنا نتحدث أن غسان تنعل الخيل لتغزونا فنزل صاحبي يوما ثم أتاني عشاء فضرب بابي ثم ناداني فخرجت إليه فقال حدث أمر عظيم قلت وماذا أجاءت غسان قال لا بل أعظم من ذلك وأطول طلق الرسول نساءه فقلت قد خابت حفصة وخسرت قد كنت أظن هذا كائنا حتى إذا صليت الصبح شددت علي ثيابي ثم نزلت فدخلت على حفصة وهي تبكي فقلت أطلقكن رسول الله صلى الله عليه وسلم فقالت لا أدري هو هذا معتزل في هذه المشربة فأتيت غلاما له أسود فقلت استأذن لعمر (1/347)
","وَتَهْجُرُهُ إِحْدَاهُنَّ الْيَوْمَ إِلَى اللَّيْلِ قَالَ فَانْطَلَقْتُ فَدَخَلْتُ عَلَى حَفْصَةَ فَقُلْتُ أَتُرَاجِعِينَ رَسُولَ اللَّهِ صَلَّى اللَّهُ عَلَيْهِ وَسَلَّمَ قَالَتْ نَعَمْ قُلْتُ وَتَهْجُرُهُ إِحْدَاكُنَّ الْيَوْمَ إِلَى اللَّيْلِ قَالَتْ نَعَمْ قُلْتُ قَدْ خَابَ مَنْ فَعَلَ ذَلِكَ مِنْكُنَّ وَخَسِرَ أَفَتَأْمَنُ إِحْدَاكُنَّ أَنْ يَغْضَبَ اللَّهُ عَلَيْهَا لِغَضَبِ رَسُولِهِ فَإِذَا هِيَ قَدْ هَلَكَتْ لَا تُرَاجِعِي رَسُولَ اللَّهِ وَلَا تَسْأَلِيهِ شَيْئًا وَسَلِينِي مَا بَدَا لَكِ وَلَا يَغُرَّنَّكِ إِنْ كَانَتْ جَارَتُكِ هِيَ أَوْسَمَ وَأَحَبَّ إِلَى رَسُولِ اللَّهِ مِنْكِ يُرِيدُ عَائِشَةَ رَضِيَ اللَّهُ عَنْهَا قَالَ وَكَانَ لِي جَارٌ مِنَ الْأَنْصَارِ وَكُنَّا نَتَنَاوَبُ النُّزُولَ إِلَى رَسُولِ اللَّهِ صَلَّى اللَّهُ عَلَيْهِ وَسَلَّمَ فَيَنْزِلُ يَوْمًا وَأَنْزِلُ يَوْمًا فَيَأْتِينِي بِخَبَرِ الْوَحْيِ وَغَيْرِهِ وَآتِيهِ بِمِثْلِ ذَلِكَ قَالَ وَكُنَّا نَتَحَدَّثُ أَنَّ غَسَّانَ تُنْعِلُ الْخَيْلَ لِتَغْزُوَنَا فَنَزَلَ صَاحِبِي يَوْمًا ثُمَّ أَتَانِي عِشَاءً فَضَرَبَ بَابِي ثُمَّ نَادَانِي فَخَرَجْتُ إِلَيْهِ فَقَالَ حَدَثَ أَمْرٌ عَظِيمٌ قُلْتُ وَمَاذَا أَجَاءَتْ غَسَّانُ قَالَ لَا بَلْ أَعْظَمُ مِنْ ذَلِكَ وَأَطْوَلُ طَلَّقَ الرَّسُولُ نِسَاءَهُ فَقُلْتُ قَدْ خَابَتْ حَفْصَةُ وَخَسِرَتْ قَدْ كُنْتُ أَظُنُّ هَذَا كَائِنًا حَتَّى إِذَا صَلَّيْتُ الصُّبْحَ شَدَدْتُ عَلَيَّ ثِيَابِي ثُمَّ نَزَلْتُ فَدَخَلْتُ عَلَى حَفْصَةَ وَهِيَ تَبْكِي فَقُلْتُ أَطَلَّقَكُنَّ رَسُولُ اللَّهِ صَلَّى اللَّهُ عَلَيْهِ وَسَلَّمَ فَقَالَتْ لَا أَدْرِي هُوَ هَذَا مُعْتَزِلٌ فِي هَذِهِ الْمَشْرُبَةِ فَأَتَيْتُ غُلَامًا لَهُ أَسْوَدَ فَقُلْتُ اسْتَأْذِنْ لِعُمَرَ (1/347)
",وَتَهْجُرُهُ إِحْدَاهُنَّ الْيَوْمَ إِلَى اللَّيْلِ قَالَ فَانْطَلَقْتُ فَدَخَلْتُ عَلَى حَفْصَةَ فَقُلْتُ أَتُرَاجِعِينَ رَسُولَ اللَّهِ صَلَّى اللَّهُ عَلَيْهِ وَسَلَّمَ قَالَتْ نَعَمْ قُلْتُ وَتَهْجُرُهُ إِحْدَاكُنَّ الْيَوْمَ إِلَى اللَّيْلِ قَالَتْ نَعَمْ قُلْتُ قَدْ خَابَ مَنْ فَعَلَ ذَلِكَ مِنْكُنَّ وَخَسِرَ أَفَتَأْمَنُ إِحْدَاكُنَّ أَنْ يَغْضَبَ اللَّهُ عَلَيْهَا لِغَضَبِ رَسُولِهِ فَإِذَا هِيَ قَدْ هَلَكَتْ لَا تُرَاجِعِي رَسُولَ اللَّهِ وَلَا تَسْأَلِيهِ شَيْئًا وَسَلِينِي مَا بَدَا لَكَ وَلَا يَغُرَّنَّكِ إِنْ كَانَتْ جَارَتُكِ هِيَ أَوْسَمَ وَأَحَبَّ إِلَى رَسُولِ اللَّهِ مِنْكِ يُرِيدُ عَائِشَةَ رَضِيَ اللَّهُ عَنْهَا قَالَ وَكَانَ لِي جَارٌ مِنَ الْأَنْصَارِ وَكُنَّا نَتَنَاوَبُ النُّزُولَ إِلَى رَسُولِ اللَّهِ صَلَّى اللَّهُ عَلَيْهِ وَسَلَّمَ فَيَنْزِلُ يَوْمًا وَأَنْزَلَ يَوْمًا فَيَأْتِينِي بِخَبَرِ الْوَحْيِ وَغَيْرِهِ وَآتِيهِ بِمِثْلِ ذَلِكَ قَالَ وَكُنَّا نَتَحَدَّثُ أَنَّ غَسَّانَ تَنْع
وتخفيف ركعتي الفجر أفضل من تطويلهما بغير الوارد، وركعتي العيد أفضل من ركعتي الكسوف بكيفيتهما الكاملة؛ لأن العيد لتوقيته أشبه الفرض مع شرف وقته، وكوصل المضمضة والاستنشاق أفضل من فصلهما وبقيت صور أخرى ولك أن تقول لا يرد شيء من ذلك على القاعدة؛ ,وَتَخْفِيفُ رَكْعَتَيِ الْفَجْرِ أَفْضَلُ مِنْ تَطْوِيلِهِمَا بِغَيْرِ الْوَارِدِ، وَرَكْعَتَيِ الْعِيدِ أَفْضَلُ مِنْ رَكْعَتَيِ الْكُسُوفِ بِكَيْفِيَّتِهِمَا الْكَامِلَةِ؛ لِأَنَّ الْعِيدَ لِتَوْقِيتِهِ أَشْبَهَ الْفَرْضَ مَعَ شَرَفِ وَقْتِهِ، وَكَوَصْلِ الْمَضْمَضَةِ وَالِاسْتِنْشَاقِ أَفْضَلُ مِنْ فَصْلِهِمَا وَبَقِيَتْ صُوَرٌ أُخْرَى وَلَكَ أَنْ تَقُولَ لَا يَرِدُ شَيْءٌ مِنْ ذَلِكَ عَلَى الْقَاعِدَةِ؛ ,وَتَخْفِيفُ رَكْعَتَيِ الْفَجْرِ أَفْضَلُ مِنْ تَطْوِيلِهِمَا بِغَيْرِ الْوَارِدِ، وَرَكْعَتَيِ الْعِيدِ أَفْضَلُ مِنْ رَكْعَتَيِ الْكُسُوفِ بِكَيْفِيَّتِهِمَا الْكَامِلَةِ؛ لِأَنَّ الْعِيدَ لِتَوْقِيتِهِ أَشْبَهَ الْفَرْضَ مَعَ شَرَفِ وَقْتِهِ، وَكَوَصْلِ الْمَضْمَضَةِ وَالِاسْتِنْشَاقِ أَفْضَلُ مِنْ فَصْلِهِمَا وَبَقِيَتْ صُوَرٌ أُخْرَى وَلَكَ أَنْ تَقُولَ لَا يَرِدُ شَيْءٌ مِنْ ذَلِكَ عَلَى الْقَاعِدَةِ؛
"عمدا كان القتل أو خطأ من حر أو غيره، وسواء ضمن باليد أو الجناية (ولو) كانت قيمته (فوق دية حر) لأنه مال متقوم فضمن بكمال قيمته كالفرس، وضمان الحر ليس بضمان مال، ولذلك لم يختلف باختلاف صفاته التي تزيد بها قيمته ولو كان قنا، وإنما يضمن بما قدره الشرع وضمان القن ضمان مال يزيد بزيادة المالية وينقص بنقصانها (10/439)
(","عَمْدًا كَانَ الْقَتْلُ أَوْ خَطَأً مِنْ حُرٍّ أَوْ غَيْرِهِ، وَسَوَاءٌ ضَمِنَ بِالْيَدِ أَوِ الْجِنَايَةِ (وَلَوْ) كَانَتْ قِيمَتُهُ (فَوْقَ دِيَةِ حُرٍّ) لِأَنَّهُ مَالٌ مُتَقَوِّمٌ فَضُمِنَ بِكَمَالِ قِيمَتِهِ كَالْفَرَسِ، وَضَمَانُ الْحُرِّ لَيْسَ بِضَمَانِ مَالٍ، وَلِذَلِكَ لَمْ يَخْتَلِفْ بِاخْتِلَافِ صِفَاتِهِ الَّتِي تَزِيدُ بِهَا قِيمَتُهُ وَلَوْ كَانَ قِنًّا، وَإِنَّمَا يُضْمَنُ بِمَا قَدَّرَهُ الشَّرْعُ وَضَمَانُ الْقِنِّ ضَمَانُ مَالٍ يَزِيدُ بِزِيَادَةِ الْمَالِيَّةِ وَيَنْقُصُ بِنُقْصَانِهَا (10/439)
(","عَمْدًا كَانَ الْقَتْلُ أَوْ خَطَأً مِنْ حُرٍّ أَوْ غَيْرِهِ، وَسَوَاءٌ ضَمِنَ بِالْيَدِ أَوِ الْجِنَايَةِ (وَلَوْ) كَانَتْ قِيمَتُهُ (فَوْقَ دِيَةِ حُرٍّ) لِأَنَّهُ مَالٌ مُتَقَوِّمٌ فَضَمِنَ بِكَمَالِ قِيمَتِهِ كَالْفَرَسِ، وَضَمَانُ الْحُرِّ لَيْسَ بِضَمَانِ مَالٍ، وَلِذَلِكَ لَمْ يَخْتَلِفْ بِاخْتِلَافِ صِفَاتِهِ الَّتِي تَزِيدُ بِهَا قِيمَتُهُ وَلَوْ كَانَ قِنًّا، وَإِنَّمَا يَضْمَنُ بِمَا قَدَّرَهُ الشَّرْعُ وَضَمَانُ الْقِنِّ ضَمَانُ مَالٍ يَزِيدُ بِزِيَادَةِ الْمَالِيَّةِ وَيَنْقُصُ بِنُقْصَانِهَا (10/439)
("
وإنما قصد إبلاغ ذلك لغيره وإعلام النبي صلى الله عليه وسلم به لييأس من إيمانه كما قيل لنوح عليه السلام {لن يؤمن من قومك إلا من قد آمن} فتكليفه بالإيمان من التكليف بالممتنع لغيره والثالث، ,وَإِنَّمَا قَصَدَ إِبْلَاغَ ذَلِكَ لِغَيْرِهِ وَإِعْلَامَ النَّبِيِّ صَلَّى اللَّهُ عَلَيْهِ وَسَلَّمَ بِهِ لِيَيْأَسَ مِنْ إِيمَانِهِ كَمَا قِيلَ لِنُوحٍ عَلَيْهِ السَّلَامُ {لَنْ يُؤْمِنَ مِنْ قَوْمِك إِلَّا مَنْ قَدْ آمَنَ} فَتَكْلِيفُهُ بِالْإِيمَانِ مِنَ التَّكْلِيفِ بِالْمُمْتَنِعِ لِغَيْرِهِ وَالثَّالِثُ، ,وَإِنَّمَا قَصَدَ إِبْلَاغَ ذَلِكَ لِغَيْرِهِ وَإِعْلَامَ النَّبِيِّ صَلَّى اللَّهُ عَلَيْهِ وَسَلَّمَ بِهِ لِيَيْأَسَ مِنْ إِيمَانِهِ كَمَا قِيلَ لِنُوحٍ عَلَيْهِ السَّلَامُ {لَنْ يُؤْمِنَ مِنْ قَوْمِك إِلَّا مَنْ قَدْ آمَنَ} فَتَكْلِيفُهُ بِالْإِيمَانِ مِنَ التَّكْلِيفِ بِالْمُمْتَنِعِ لِغَيْرِهِ وَالثَّالِثُ،
"يابسا كان أو رطبا، واليابس أولى إذا ندي (منق) للفم (لا يجرحه ولا يضره ولا يتفتت فيه) ويكره بما يجرحه أو يضره.
أو يتفتت فيه لأنه مضاد لغرض السواك (من أراك أو عرجون أو زيتون أو غيرها) واقتصر كثير من الأصحاب على الثلاثة، وذكر الأزجي: لا يعدل عن الأراك والزيتون والعرجون إلا لتعذره.
","يَابِسًا كَانَ أَوْ رَطْبًا، وَالْيَابِسُ أَوْلَى إِذَا نَدِيَ (مُنَقٍّ) لِلْفَمِ (لَا يَجْرَحُهُ وَلَا يَضُرُّهُ وَلَا يَتَفَتَّتُ فِيهِ) وَيُكْرَهُ بِمَا يَجْرَحُهُ أَوْ يَضُرُّهُ.
أَوْ يَتَفَتَّتُ فِيهِ لِأَنَّهُ مُضَادٌّ لِغَرَضِ السِّوَاكِ (مِنْ أَرَاكٍ أَوْ عُرْجُونٍ أَوْ زَيْتُونٍ أَوْ غَيْرِهَا) وَاقْتَصَرَ كَثِيرٌ مِنَ الْأَصْحَابِ عَلَى الثَّلَاثَةِ، وَذَكَرَ الْأَزَجِيُّ: لَا يَعْدِلُ عَنِ الْأَرَاكِ وَالزَّيْتُونِ وَالْعُرْجُونِ إِلَّا لِتَعَذُّرِهِ.
","يَابِسًا كَانَ أَوْ رَطْبًا، وَالْيَابِسُ أَوْلَى إِذَا نَدِيَ (مِنْقٌ) لِلْفَمِ (لَا يَجْرَحُهُ وَلَا يَضُرُّهُ وَلَا يَتَفَتَّتُ فِيهِ) وَيُكْرَهُ بِمَا يَجْرَحُهُ أَوْ يَضُرُّهُ.
أَوْ يَتَفَتَّتُ فِيهِ لِأَنَّهُ مُضَادٌّ لِغَرَضِ السِّوَاكِ (مِنْ أَرَاكٍ أَوْ عُرْجُونٍ أَوْ زَيْتُونٍ أَوْ غَيْرِهَا) وَاقْتَصَرَ كَثِيرٌ مِنَ الْأَصْحَابِ عَلَى الثَّلَاثَةِ، وَذَكَرَ الْأَزَجِيُّ: لَا يَعْدِلُ عَنِ الْأَرَاكِ وَالزَّيْتُونِ وَالْعُرْجُونِ إِلَّا لِتَعَذُّرِهِ."
"أخبرنا أبو عبد الله الحافظ أخبرنا أبو الحسن الطرائفي وأبو محمد الكعبي قالا حدثنا إسماعيل بن قتيبة حدثنا يزيد بن صالح حدثنا بكير بن معروف عن مقاتل بن حيان فى قوله (وابتلوا اليتامى) يعنى الأولياء والأوصياء يقول: اخبروهم إذا بلغوا النكاح فإن آنستم منهم رشدا فى الدين والرغبة فيه وإصلاحا لأموالهم فادفعوا إليهم أموالهم. (6/59)
7- ","أَخْبَرَنَا أَبُو عَبْدِ اللَّهِ الْحَافِظُ أَخْبَرَنَا أَبُو الْحَسَنِ الطَّرَائِفِيُّ وَأَبُو مُحَمَّدٍ الْكَعْبِيُّ قَالَا حَدَّثَنَا إِسْمَاعِيلُ بْنُ قُتَيْبَةَ حَدَّثَنَا يَزِيدُ بْنُ صَالِحٍ حَدَّثَنَا بُكَيْرُ بْنُ مَعْرُوفٍ عَنْ مُقَاتِلِ بْنِ حَيَّانَ فِى قَوْلِهِ (وَابْتَلُوا الْيَتَامَى) يَعْنِى الْأَوْلَيَاءَ وَالْأَوْصِيَاءَ يَقُولُ: اخْبُرُوهُمْ إِذَا بَلَغُوا النِّكَاحَ فَإِنْ آنَسْتُمْ مِنْهُمْ رُشْدًا فِى الدِّينِ وَالرَّغْبَةِ فِيهِ وَإِصْلَاحًا لأَمْوَالِهِمْ فَادْفَعُوا إِلَيْهِمْ أَمْوَالِهِمْ. (6/59)
7- ","أَخْبَرَنَا أَبُو عَبْدِ اللَّهِ الْحَافِظُ أَخْبَرَنَا أَبُو الْحَسَنِ الطَّرَائِفِيُّ وَأَبُو مُحَمَّدٍ الْكَعْبِيُّ قَالَا حَدَّثَنَا إِسْمَاعِيلُ بْنُ قُتَيْبَةَ حَدَّثَنَا يَزِيدُ بْنُ صَالِحٍ حَدَّثَنَا بُكَيْرُ بْنُ مَعْرُوفٍ عَنْ مُقَاتِلِ بْنِ حَيَّانَ فِى قَوْلِهِ (وَابْتَلُوا الْيَتَامَى) يَعْنِى الْأَوْلِيَاءَ وَالْأَوْصِيَاءَ يَقُولُ: اخْبِرُوهُمْ إِذَا بَلَغُوا النِّكَاحَ فَإِنْ آنَسْتُمْ مِنْهُمْ رُشْدًا فِى الدِّينِ وَالرَّغْبَةَ فِيهِ وَإِصْلَاحًا لأَمْوَالِهِمْ فَادْفَعُوا إِلَيْهِمْ أَمْوَالَهُمْ. (6/59)
7-"
قد ينافيه حيث دل على ملك المؤجر ما زاد من منفعتها على ما يتعلق بالقدر الواجب وجواز تصرفه فيه حيث كان معيرا بالنسبة للزيادة ما صرحوا به من أن لمستأجر الدابة منع المؤجر من حمل شيء عليها كتعليق مخلاة؛ ,قَدْ يُنَافِيهِ حَيْثُ دَلَّ عَلَى مِلْكِ الْمُؤَجِّرِ مَا زَادَ مِنْ مَنْفَعَتِهَا عَلَى مَا يَتَعَلَّقُ بِالْقَدْرِ الْوَاجِبِ وَجَوَازِ تَصَرُّفِهِ فِيهِ حَيْثُ كَانَ مُعِيرًا بِالنِّسْبَةِ لِلزِّيَادَةِ مَا صَرَّحُوا بِهِ مِنْ أَنَّ لِمُسْتَأْجِرِ الدَّابَّةِ مَنْعَ الْمُؤَجِّرِ مِنْ حَمْلِ شَيْءٍ عَلَيْهَا كَتَعْلِيقِ مِخْلَاةٍ؛ ,قَدْ يُنَافِيهِ حَيْثُ دَلَّ عَلَى مِلْكِ الْمُؤَجِّرِ مَا زَادَ مِنْ مَنْفَعَتِهَا عَلَى مَا يَتَعَلَّقُ بِالْقَدْرِ الْوَاجِبِ وَجَوَازِ تَصَرُّفِهِ فِيهِ حَيْثُ كَانَ مُعِيرًا بِالنِّسْبَةِ لِلزِّيَادَةِ مَا صَرَّحُوا بِهِ مِنْ أَنَّ لِمُسْتَأْجِرِ الدَّابَّةِ مَنْعَ الْمُؤَجِّرِ مِنْ حَمْلِ شَيْءٍ عَلَيْهَا كَتَعْلِيقِ مِخْلَاةٍ؛
"ويقول مع كل حصاة يرميها: بسم الله، الله أكبر، جاعلا الكعبة عن يساره، ومنى عن يمينه، ولا بأس إن رماها من الجوانب الأخرى، أو رماها من الممر الأسفل أو الأعلى، المهم أن يتأكد
175
الرامي أو يغلب على ظنه أن الحصاة أصابت الموقع.
ولا يجوز الرمي بغير الحصى، وما يفعله بعض الناس حين يشتد بهم الحماس، ","وَيَقُولُ مَعَ كُلِّ حَصَاةٍ يَرْمِيهَا: بِسْمِ اللَّهِ، اللَّهُ أَكْبَرُ، جَاعِلًا الْكَعْبَةَ عَنْ يَسَارِهِ، وَمِنًى عَنْ يَمِينِهِ، وَلَا بَأْسَ إِنْ رَمَاهَا مِنَ الْجَوَانِبِ الْأُخْرَى، أَوْ رَمَاهَا مِنَ الْمَمَرِّ الْأَسْفَلِ أَوِ الْأَعْلَى، الْمُهِمُّ أَنْ يَتَأَكَّدَ
175
الرَّامِي أَوْ يَغْلُبَ عَلَى ظَنِّهِ أَنَّ الْحَصَاةَ أَصَابَتِ الْمَوْقِعَ.
وَلَا يَجُوزُ الرَّمْيُ بِغَيْرِ الْحَصَى، وَمَا يَفْعَلُهُ بَعْضُ النَّاسِ حِينَ يَشْتَدُّ بِهِمُ الْحَمَاسُ، ","وَيَقُولُ مَعَ كُلِّ حَصَاةٍ يَرْمِيهَا: بِسْمِ اللَّهِ، اللَّهُ أَكْبَرُ، جَاعِلًا الْكَعْبَةَ عَنْ يَسَارِهِ، وَمِنًى عَنْ يَمِينِهِ، وَلَا بَأْسَ إِنْ رَمَاهَا مِنَ الْجَوَانِبِ الْأُخْرَى، أَوْ رَمَاهَا مِنَ الْمَمَرِّ الْأَسْفَلِ أَوِ الْأَعْلَى، الْمُهِمُّ أَنْ يَتَأَكَّدَ
175
الرَّامِي أَوْ يَغْلِبَ عَلَى ظَنِّهِ أَنَّ الْحَصَاةَ أَصَابَتِ الْمَوْقِعَ.
وَلَا يَجُوزُ الرَّمْيُ بِغَيْرِ الْحَصَى، وَمَا يَفْعَلُهُ بَعْضُ النَّاسِ حِينَ يَشْتَدُّ بِهِمُ الْحَمَاسُ،"
"وقال أبو يوسف كانت لا تستمسك البول فعليه الدية في ماله، وإن كانت تستمسك فعليه ثلث الدية في ماله (وجه) قوله أنه مأذون في الوطء لا في الإفضاء فكان متعديا في الإفضاء فكان مضمونا عليه (ولهما) أن الوطء مأذون فيه شرعا فالمتولد منه لا يكون مضمونا كالبكارة (17/92) . (17/93)
","وَقَالَ أَبُو يُوسُفَ كَانَتْ لَا تَسْتَمْسِكُ الْبَوْلَ فَعَلَيْهِ الدِّيَةُ فِي مَالِهِ، وَإِنْ كَانَتْ تَسْتَمْسِكُ فَعَلَيْهِ ثُلُثُ الدِّيَةِ فِي مَالِهِ (وَجْهُ) قَوْلِهِ أَنَّهُ مَأْذُونٌ فِي الْوَطْءِ لَا فِي الْإِفْضَاءِ فَكَانَ مُتَعَدِّيًا فِي الْإِفْضَاءِ فَكَانَ مَضْمُونًا عَلَيْهِ (وَلَهُمَا) أَنَّ الْوَطْءَ مَأْذُونٌ فِيهِ شَرْعًا فَالْمُتَوَلِّدُ مِنْهُ لَا يَكُونُ مَضْمُونًا كَالْبَكَارَةِ (17/92) . (17/93)
",وَقَالَ أَبُو يُوسُفَ كَانَتْ لَا تَسْتَمْسِكُ الْبَوْلَ فَعَلَيْهِ الدِّيَةُ فِي مَالِهِ، وَإِنْ كَانَتْ تَسْتَمْسِكُ فَعَلَيْهِ ثُلُثُ الدِّيَةِ فِي مَالِهِ (وَجْهُ) قَوْلِهِ أَنَّهُ مَأْذُونٌ فِي الْوَطْءِ لَا فِي الْإِفْضَاءِ فَكَانَ مُتَعَدِّيًا فِي الْإِفْضَاءِ فَكَانَ مَضْمُونًا عَلَيْهِ (وَلَهُمَا) أَنَّ الْوَطْءَ مَأْذُونٌ فِيهِ شَرْعًا فَالْمُتَوَلِّدُ مِنْهُ لَا يَكُونُ مَضْمُونًا كَالْبَكَارَةِ (17/92) . (17/93)
فإن من حصل له الإنشاء لم يبق محلا للعتق أصلا بالموت وللعتق من جهته بالبيع، وللعتق من كل وجه بالتدبير والاستيلاد فتعين الآخر، والهبة بالتسليم والصدقة به بمنزلة البيع؛ لأنه تمليك كما في الدرر وغيره، لكن قيد التسليم ليس بشرط؛ لأن المساومة إذا كانت بيانا فهذه أولى بلا قبض، بل وقع اتفاقا وقيد بالعتق المبهم؛ ,فَإِنَّ مَنْ حَصَلَ لَهُ الْإِنْشَاءُ لَمْ يَبْقَ مَحَلًّا لِلْعِتْقِ أَصْلًا بِالْمَوْتِ وَلِلْعِتْقِ مِنْ جِهَتِهِ بِالْبَيْعِ، وَلِلْعِتْقِ مِنْ كُلِّ وَجْهٍ بِالتَّدْبِيرِ وَالِاسْتِيلَادِ فَتَعَيَّنَ الْآخَرُ، وَالْهِبَةُ بِالتَّسْلِيمِ وَالصَّدَقَةُ بِهِ بِمَنْزِلَةِ الْبَيْعِ؛ لِأَنَّهُ تَمْلِيكٌ كَمَا فِي الدُّرَرِ وَغَيْرِهِ، لَكِنْ قَيْدُ التَّسْلِيمِ لَيْسَ بِشَرْطٍ؛ لِأَنَّ الْمُسَاوَمَةَ إِذَا كَانَتْ بَيَانًا فَهَذِهِ أَوْلَى بِلَا قَبْضٍ، بَلْ وَقَعَ اتِّفَاقًا وَقُيِّدَ بِالْعِتْقِ الْمُبْهَمِ؛ ,فَإِنَّ مَنْ حَصَلَ لَهُ الْإِنْشَاءُ لَمْ يَبْقَ مَحَلًّا لِلْعِتْقِ أَصْلًا بِالْمَوْتِ وَلِلْعِتْقِ مِنْ جِهَتِهِ بِالْبَيْعِ، وَلِلْعِتْقِ مِنْ كُلِّ وَجْهٍ بِالتَّدْبِيرِ وَالِاسْتِيلَادِ فَتَعَيَّنَ الْآخَرُ، وَالْهِبَةُ بِالتَّسْلِيمِ وَالصَّدَقَةُ بِهِ بِمَنْزِلَةِ الْبَيْعِ؛ لِأَنَّهُ تَمْلِيكٌ كَمَا فِي الدُّرَرِ وَغَيْرِهِ، لَكِنَّ قَيْدَ التَّسْلِيمِ لَيْسَ بِشَرْطٍ؛ لِأَنَّ الْمُسَاوَمَةَ إِذَا كَانَتْ بَيَانًا فَهَذِهِ أَوْلَى بِلَا قَبْضٍ، بَلْ وَقَعَ اتِّفَاقًا وَقَيَّدَ بِالْعِتْقِ الْمُبْهَمِ؛
لأن المعدة عندنا طاهرة لعلة الحياة لا يقال مقتضى هذه العلة طهارة القيء المتغير عن الطعام؛ لأنا نقول إنما يكون الخارج من المعدة طاهرا حيث خرج بحاله ولا ترد الصفراء؛ لأنه لما كان يندر خروجها صارت بمنزلة ما بقي بحاله ولا يرد البلغم أيضا؛ لأن بعضه يكون من الرأس وبعضه من المعدة ولا إشكال في طهارة الأول، ,لِأَنَّ الْمَعِدَةَ عِنْدَنَا طَاهِرَةٌ لِعِلَّةِ الْحَيَاةِ لَا يُقَالُ مُقْتَضَى هَذِهِ الْعِلَّةِ طَهَارَةُ الْقَيْءِ الْمُتَغَيِّرِ عَنِ الطَّعَامِ؛ لِأَنَّا نَقُولُ إِنَّمَا يَكُونُ الْخَارِجُ مِنَ الْمَعِدَةِ طَاهِرًا حَيْثُ خَرَجَ بِحَالِهِ وَلَا تَرِدُ الصَّفْرَاءُ؛ لِأَنَّهُ لَمَّا كَانَ يَنْدُرُ خُرُوجُهَا صَارَتْ بِمَنْزِلَةِ مَا بَقِيَ بِحَالِهِ وَلَا يَرِدُ الْبَلْغَمُ أَيْضًا؛ لِأَنَّ بَعْضَهُ يَكُونُ مِنَ الرَّأْسِ وَبَعْضُهُ مِنَ الْمَعِدَةِ وَلَا إِشْكَالَ فِي طَهَارَةِ الْأَوَّلِ، ,لِأَنَّ الْمَعِدَةَ عِنْدَنَا طَاهِرَةٌ لِعِلَّةِ الْحَيَاةِ لَا يُقَالُ مُقْتَضَى هَذِهِ الْعِلَّةِ طَهَارَةُ الْقَيْءِ الْمُتَغَيِّرِ عَنِ الطَّعَامِ؛ لِأَنَّا نَقُولُ إِنَّمَا يَكُونُ الْخَارِجُ مِنَ الْمَعِدَةِ طَاهِرًا حَيْثُ خَرَجَ بِحَالِهِ وَلَا تُرَدُّ الصَّفْرَاءُ؛ لِأَنَّهُ لَمَّا كَانَ يَنْدُرُ خُرُوجُهَا صَارَتْ بِمَنْزِلَةِ مَا بَقِيَ بِحَالِهِ وَلَا يُرَدُّ الْبَلْغَمُ أَيْضًا؛ لِأَنَّ بَعْضَهُ يَكُونُ مِنَ الرَّأْسِ وَبَعْضَهُ مِنَ الْمَعِدَةِ وَلَا إِشْكَالَ فِي طَهَارَةِ الْأَوَّلِ،
ثم حاصل الجواب في هذه المسألة أن يقال: هنا معنيان: أحدهما - ما بينا، وذلك موجب للتخالف والثاني - أن الوكيل أمين مخبر بما يجعل مسلطا عليه، وفي مثله القول قوله مع يمينه، فيكون للموكل الخيار، إن شاء مال إلى هذا الجانب، ورضي أن يأخذ بما قال الوكيل، فحينئذ يحلف الوكيل على ما يدعي من مقدار الثمن، ,ثُمَّ حَاصِلُ الْجَوَابِ فِي هَذِهِ الْمَسْأَلَةِ أَنْ يُقَالَ: هُنَا مَعْنَيَانِ: أَحَدُهُمَا - مَا بَيَّنَّا، وَذَلِكَ مُوجِبٌ لِلتَّخَالُفِ وَالثَّانِي - أَنَّ الْوَكِيلَ أَمِينٌ مُخْبِرٌ بِمَا يُجْعَلُ مُسَلَّطًا عَلَيْهِ، وَفِي مِثْلِهِ الْقَوْلُ قَوْلُهُ مَعَ يَمِينِهِ، فَيَكُونُ لِلْمُوَكِّلِ الْخِيَارُ، إِنْ شَاءَ مَالَ إِلَى هَذَا الْجَانِبِ، وَرَضِيَ أَنْ يَأْخُذَ بِمَا قَالَ الْوَكِيلُ، فَحِينَئِذٍ يَحْلِفُ الْوَكِيلُ عَلَى مَا يَدَّعِي مِنْ مِقْدَارِ الثَّمَنِ، ,ثُمَّ حَاصِلُ الْجَوَابِ فِي هَذِهِ الْمَسْأَلَةِ أَنْ يُقَالَ: هُنَا مَعْنَيَانِ: أَحَدُهُمَا - مَا بَيَّنَّا، وَذَلِكَ مُوجِبٌ لِلتَّخَالُفِ وَالثَّانِي - أَنَّ الْوَكِيلَ أَمِينٌ مُخْبِرٌ بِمَا يُجْعَلُ مُسَلَّطًا عَلَيْهِ، وَفِي مِثْلِهِ الْقَوْلُ قَوْلُهُ مَعَ يَمِينِهِ، فَيَكُونُ لِلْمُوَكِّلِ الْخِيَارُ، إِنْ شَاءَ مَالَ إِلَى هَذَا الْجَانِبِ، وَرَضِيَ أَنْ يَأْخُذَ بِمَا قَالَ الْوَكِيلُ، فَحِينَئِذٍ يَحْلِفُ الْوَكِيلُ عَلَى مَا يَدَّعِي مِنْ مِقْدَارِ الثَّمَنِ،
"ولو أضافهما جملة، فلا بأس لوجود التسوية بينهما قال رحمه (12/70)
الله (والمزاح) أي يجتنب المزاح مطلقا معهما أو مع أحدهما أو مع غيرهما في مجلس الحكم، ولا يكثر في غيره؛ لأنه يذهب بالمهابة فحاصله أنه لا يكلمهما بغير ما تقدما إليه لأجله فإن ذلك يذهب حشمة مجلس القضاء فإذا حضرا فهو بالخيار إن شاء بدأهما بالكلام فقال ما لكما، ","وَلَوْ أَضَافَهُمَا جُمْلَةً، فَلَا بَأْسَ لِوُجُودِ التَّسْوِيَةِ بَيْنَهُمَا قَالَ رَحِمَهُ (12/70)
اللَّهُ (وَالْمِزَاحِ) أَيْ يَجْتَنِبُ الْمِزَاحَ مُطْلَقًا مَعَهُمَا أَوْ مَعَ أَحَدِهِمَا أَوْ مَعَ غَيْرِهِمَا فِي مَجْلِسِ الْحُكْمِ، وَلَا يُكْثِرُ فِي غَيْرِهِ؛ لِأَنَّهُ يَذْهَبُ بِالْمَهَابَةِ فَحَاصِلُهُ أَنَّهُ لَا يُكَلِّمُهُمَا بِغَيْرِ مَا تَقَدَّمَا إِلَيْهِ لِأَجْلِهِ فَإِنَّ ذَلِكَ يُذْهِبُ حِشْمَةَ مَجْلِسِ الْقَضَاءِ فَإِذَا حَضَرَا فَهُوَ بِالْخِيَارِ إِنْ شَاءَ بَدَأَهُمَا بِالْكَلَامِ فَقَالَ مَا لَكُمَا، ","وَلَوْ أَضَافَهُمَا جُمْلَةً، فَلَا بَأْسَ لِوُجُودِ التَّسْوِيَةِ بَيْنَهُمَا قَالَ رَحِمَهُ (12/70)
اللَّهُ (وَالْمِزَاحُ) أَيْ يَجْتَنِبُ الْمِزَاحَ مُطْلَقًا مَعَهُمَا أَوْ مَعَ أَحَدِهِمَا أَوْ مَعَ غَيْرِهِمَا فِي مَجْلِسِ الْحُكْمِ، وَلَا يُكْثِرُ فِي غَيْرِهِ؛ لِأَنَّهُ يَذْهَبُ بِالْمَهَابَةِ فَحَاصِلُهُ أَنَّهُ لَا يُكَلِّمُهُمَا بِغَيْرِ مَا تَقَدَّمَا إِلَيْهِ لِأَجْلِهِ فَإِنَّ ذَلِكَ يُذْهِبُ حِشْمَةَ مَجْلِسِ الْقَضَاءِ فَإِذَا حَضَرَا فَهُوَ بِالْخِيَارِ إِنْ شَاءَ بَدَأَهُمَا بِالْكَلَامِ فَقَالَ مَا لَكُمَا،"
"حدثنا محمد بن أبي عدي عن حميد قال قال أنس لا عليكم أن لا تعجبوا لعمل رجل حتى تعلموا ما يختم له به فقد يعمل الرجل برهة من دهره أو زمانا من عمره عملا سيئا لو مات عليه مات على شر فيتحول إلى عمل صالح فيختم له به وقد يعمل العبد برهة من دهره أو زمانا من عمره عملا صالحا لو مات عليه مات على خير فيتحول إلى عمل سيئ فيختم له به قال وقد رفعه حميد مرة ثم كف عنه (21/48)
13334 - ","حَدَّثَنَا مُحَمَّدُ بْنُ أَبِي عَدِيٍّ عَنْ حُمَيْدٍ قَالَ قَالَ أَنَسٌ لَا عَلَيْكُمْ أَنْ لَا تَعْجَبُوا لِعَمَلِ رَجُلٍ حَتَّى تَعْلَمُوا مَا يُخْتَمُ لَهُ بِهِ فَقَدْ يَعْمَلُ الرَّجُلُ بُرْهَةً مِنْ دَهْرِهِ أَوْ زَمَانًا مِنْ عُمْرِهِ عَمَلًا سَيِّئًا لَوْ مَاتَ عَلَيْهِ مَاتَ عَلَى شَرٍّ فَيَتَحَوَّلُ إِلَى عَمَلٍ صَالِحٍ فَيُخْتَمُ لَهُ بِهِ وَقَدْ يَعْمَلُ الْعَبْدُ بُرْهَةً مِنْ دَهْرِهِ أَوْ زَمَانًا مِنْ عُمْرِهِ عَمَلًا صَالِحًا لَوْ مَاتَ عَلَيْهِ مَاتَ عَلَى خَيْرٍ فَيَتَحَوَّلُ إِلَى عَمَلٍ سَيِّئٍ فَيُخْتَمُ لَهُ بِهِ قَالَ وَقَدْ رَفَعَهُ حُمَيْدٌ مَرَّةً ثُمَّ كَفَّ عَنْهُ (21/48)
13334 - ","حَدَّثَنَا مُحَمَّدُ بْنُ أَبِي عَدِيٍّ عَنْ حُمَيْدٍ قَالَ قَالَ أَنَسٌ لَا عَلَيْكُمْ أَنْ لَا تَعْجَبُوا لِعَمَلِ رَجُلٍ حَتَّى تَعْلَمُوا مَا يُخْتَمُ لَهُ بِهِ فَقَدْ يَعْمَلُ الرَّجُلُ بُرْهَةً مِنْ دَهْرِهِ أَوْ زَمَانًا مِنْ عُمْرِهِ عَمَلًا سَيِّئًا لَوْ مَاتَ عَلَيْهِ مَاتَ عَلَى شَرٍّ فَيَتَحَوَّلُ إِلَى عَمَلٍ صَالِحٍ فَيُخْتَمُ لَهُ بِهِ وَقَدْ يَعْمَلُ الْعَبْدُ بُرْهَةً مِنْ دَهْرِهِ أَوْ زَمَانًا مِنْ عُمْرِهِ عَمَلًا صَالِحًا لَوْ مَاتَ عَلَيْهِ مَاتَ عَلَى خَيْرٍ فَيَتَحَوَّلُ إِلَى عَمَلٍ سَيِّئٍ فَيُخْتَمُ لَهُ بِهِ قَالَ وَقَدْ رَفَعَهُ حُمَيْدٌ مَرَّةً ثُمَّ كَفَّ عَنْهُ (21/48)
13334 -"
"فإذا أقر به يقبل ثم ما رد من إقراره لا يؤاخذ به بعد فك الحجر (ويصح) إقراره (بالحد والقصاص) فيقطع في السرقة وفي المال قولان كالعبد إذا أقر بها وهما مبنيان على أنه لا يقبل إقراره بالإتلاف، فإن قبل فهنا أولى.
والراجح في العبد أنه لا يثبت المال ولو عفا مستحق القصاص على مال ثبت المال على الصحيح.
الشرح
قوله: (","فَإِذَا أَقَرَّ بِهِ يُقْبَلُ ثُمَّ مَا رُدَّ مِنْ إِقْرَارِهِ لَا يُؤَاخَذُ بِهِ بَعْدَ فَكِّ الْحَجْرِ (وَيَصِحُّ) إِقْرَارُهُ (بِالْحَدِّ وَالْقِصَاصِ) فَيُقْطَعُ فِي السَّرِقَةِ وَفِي الْمَالِ قَوْلَانِ كَالْعَبْدِ إِذَا أَقَرَّ بِهَا وَهُمَا مَبْنِيَّانِ عَلَى أَنَّهُ لَا يُقْبَلُ إِقْرَارُهُ بِالْإِتْلَافِ، فَإِنْ قَبِلَ فَهُنَا أَوْلَى.
وَالرَّاجِحُ فِي الْعَبْدِ أَنَّهُ لَا يَثْبُتُ الْمَالُ وَلَوْ عَفَا مُسْتَحِقُّ الْقِصَاصِ عَلَى مَالٍ ثَبَتَ الْمَالُ عَلَى الصَّحِيحِ.
الشَّرْحُ
قَوْلُهُ: (","فَإِذَا أَقَرَّ بِهِ يُقْبَلُ ثُمَّ مَا رُدَّ مِنْ إِقْرَارِهِ لَا يُؤَاخَذُ بِهِ بَعْدَ فَكِّ الْحَجْرِ (وَيَصِحُّ) إِقْرَارُهُ (بِالْحَدِّ وَالْقِصَاصِ) فَيُقْطَعُ فِي السَّرِقَةِ وَفِي الْمَالِ قَوْلَانِ كَالْعَبْدِ إِذَا أَقَرَّ بِهَا وَهُمَا مَبْنِيَّانِ عَلَى أَنَّهُ لَا يُقْبَلُ إِقْرَارُهُ بِالْإِتْلَافِ، فَإِنْ قُبِلَ فَهُنَا أَوْلَى.
وَالرَّاجِحُ فِي الْعَبْدِ أَنَّهُ لَا يَثْبُتُ الْمَالُ وَلَوْ عَفَا مُسْتَحِقُّ الْقِصَاصِ عَلَى مَالٍ ثَبَتَ الْمَالُ عَلَى الصَّحِيحِ.
الشَّرْحُ
قَوْلُهُ: ("
"حدثنا روح حدثنا حماد عن ثابت عن أنس بن مالك أن النبي صلى الله عليه وسلم كان يصوم حتى يقال قد صام ويفطر حتى يقال قد أفطر (20/409)
13175 - حدثنا روح قال حدثنا شعبة سمعت أبا التياح قال سمعت أنس بن مالك يحدث عن النبي صلى الله عليه وسلم أنه قال يسروا ولا تعسروا وأسكنوا ولا تنفروا (20/409)
13176 - ","حَدَّثَنَا رَوْحٌ حَدَّثَنَا حَمَّادٌ عَنْ ثَابِتٍ عَنْ أَنَسِ بْنِ مَالِكٍ أَنَّ النَّبِيَّ صَلَّى اللَّهُ عَلَيْهِ وَسَلَّمَ كَانَ يَصُومُ حَتَّى يُقَالَ قَدْ صَامَ وَيُفْطِرُ حَتَّى يُقَالَ قَدْ أَفْطَرَ (20/409)
13175 - حَدَّثَنَا رَوْحٌ قَالَ حَدَّثَنَا شُعْبَةُ سَمِعْتُ أَبَا التَّيَّاحِ قَالَ سَمِعْتُ أَنَسَ بْنَ مَالِكٍ يُحَدِّثُ عَنِ النَّبِيِّ صَلَّى اللَّهُ عَلَيْهِ وَسَلَّمَ أَنَّهُ قَالَ يَسِّرُوا وَلَا تُعَسِّرُوا وَأَسْكِنُوا وَلَا تُنَفِّرُوا (20/409)
13176 - ","حَدَّثَنَا رَوْحٌ حَدَّثَنَا حَمَّادٌ عَنْ ثَابِتٍ عَنْ أَنَسِ بْنِ مَالِكٍ أَنَّ النَّبِيَّ صَلَّى اللَّهُ عَلَيْهِ وَسَلَّمَ كَانَ يَصُومُ حَتَّى يُقَالَ قَدْ صَامَ وَيُفْطِرُ حَتَّى يُقَالَ قَدْ أَفْطَرَ (20/409)
13175 - حَدَّثَنَا رَوْحٌ قَالَ حَدَّثَنَا شُعْبَةُ سَمِعْتُ أَبَا التَّيَّاحِ قَالَ سَمِعْتُ أَنَسَ بْنَ مَالِكٍ يُحَدِّثُ عَنِ النَّبِيِّ صَلَّى اللَّهُ عَلَيْهِ وَسَلَّمَ أَنَّهُ قَالَ يَسِّرُوا وَلَا تُعَسِّرُوا وَأَسْكِنُوا وَلَا تُنَفِّرُوا (20/409)
13176 -"
"وأن يأخذ من شاربه.
قال في الخصال: وأن يكون بعد كمال الرمي وغير المحرم مثله فيما ذكر غير التكبير.
نعم التقصير (6/54)
أفضل إن اعتمر قبل الحج في وقت لو حلق فيه جاء يوم النحر ولم يسود رأسه من الشعر نقله الإسنوي عن النص، ويأتي مثله فيما لو قدم الحج على العمرة.
قال الزركشي: ","وَأَنْ يَأْخُذَ مِنْ شَارِبِهِ.
قَالَ فِي الْخِصَالِ: وَأَنْ يَكُونَ بَعْدَ كَمَالِ الرَّمْيِ وَغَيْرُ الْمُحْرِمِ مِثْلُهُ فِيمَا ذُكِرَ غَيْرَ التَّكْبِيرِ.
نَعَمِ التَّقْصِيرُ (6/54)
أَفْضَلُ إِنِ اعْتَمَرَ قَبْلَ الْحَجِّ فِي وَقْتٍ لَوْ حَلَقَ فِيهِ جَاءَ يَوْمُ النَّحْرِ وَلَمْ يَسْوَدَّ رَأْسُهُ مِنَ الشَّعْرِ نَقَلَهُ الْإِسْنَوِيُّ عَنِ النَّصِّ، وَيَأْتِي مِثْلُهُ فِيمَا لَوْ قَدَّمَ الْحَجَّ عَلَى الْعُمْرَةِ.
قَالَ الزَّرْكَشِيُّ: ","وَأَنْ يَأْخُذَ مِنْ شَارِبِهِ.
قَالَ فِي الْخِصَالِ: وَأَنْ يَكُونَ بَعْدَ كَمَالِ الرَّمْيِ وَغَيْرُ الْمُحْرِمِ مِثْلُهُ فِيمَا ذُكِرَ غَيْرَ التَّكْبِيرِ.
نَعَمِ التَّقْصِيرُ (6/54)
أَفْضَلُ إِنِ اعْتَمَرَ قَبْلَ الْحَجِّ فِي وَقْتٍ لَوْ حَلَقَ فِيهِ جَاءَ يَوْمُ النَّحْرِ وَلَمْ يَسْوَدَّ رَأْسُهُ مِنَ الشَّعْرِ نَقَلَهُ الْإِسْنَوِيُّ عَنِ النَّصِّ، وَيَأْتِي مِثْلُهُ فِيمَا لَوْ قَدَّمَ الْحَجَّ عَلَى الْعُمْرَةِ.
قَالَ الزَّرْكَشِيُّ:"
إن المقر له إذا علم أن المقر كاذب في إقراره ثم أخذه منه لم يحل له ديانة إلا إن أخذه عن طيب نفسه فإنه تمليك مبتدأ، ,إِنَّ الْمُقَرَّ لَهُ إِذَا عَلِمَ أَنَّ الْمُقِرَّ كَاذِبٌ فِي إِقْرَارِهِ ثُمَّ أَخَذَهُ مِنْهُ لَمْ يَحِلَّ لَهُ دِيَانَةً إِلَّا إِنْ أَخَذَهُ عَنْ طِيبِ نَفْسِهِ فَإِنَّهُ تَمْلِيكٌ مُبْتَدَأٌ، ,إِنَّ الْمُقَرَّ لَهُ إِذَا عَلِمَ أَنَّ الْمُقِرَّ كَاذِبٌ فِي إِقْرَارِهِ ثُمَّ أَخَذَهُ مِنْهُ لَمْ يَحِلَّ لَهُ دِيَانَةً إِلَّا إِنْ أَخَذَهُ عَنْ طِيبِ نَفْسِهِ فَإِنَّهُ تَمْلِيكٌ مُبْتَدَأٌ،
"ولم يزل على ملكه.
لا يقال: هذه شهادة على إثبات؛ لأن نفي النفي إثبات؛ لأن الإثبات لازم عن نفي النفي، وإلا فمدلوله المطابق في النفي، ويصدق أنها شهادة بالنفي، وقولهم نفي النفي إثبات لا يخلو عن تسامح وفي معين الحكام لعلاء الدين الأسود: الشهادة لو قامت على الإثبات، وفيها نفي بأن يقول: ","وَلَمْ يَزَلْ عَلَى مِلْكِهِ.
لَا يُقَالُ: هَذِهِ شَهَادَةٌ عَلَى إِثْبَاتٍ؛ لِأَنَّ نَفْيَ النَّفْيِ إِثْبَاتٌ؛ لِأَنَّ الْإِثْبَاتَ لَازِمٌ عَنْ نَفْيِ النَّفْيِ، وَإِلَّا فَمَدْلُولُهُ الْمُطَابِقُ فِي النَّفْيِ، وَيُصَدَّقُ أَنَّهَا شَهَادَةٌ بِالنَّفْيِ، وَقَوْلُهُمْ نَفْيُ النَّفْيِ إِثْبَاتٌ لَا يَخْلُو عَنْ تَسَامُحٍ وَفِي مُعِينِ الْحُكَّامِ لِعَلَاءِ الدِّينِ الْأَسْوَدِ: الشَّهَادَةُ لَوْ قَامَتْ عَلَى الْإِثْبَاتِ، وَفِيهَا نَفْيٌ بِأَنْ يَقُولَ: ","وَلَمْ يَزَلْ عَلَى مِلْكِهِ.
لَا يُقَالُ: هَذِهِ شَهَادَةٌ عَلَى إِثْبَاتٍ؛ لِأَنَّ نَفْيَ النَّفْيِ إِثْبَاتٌ؛ لِأَنَّ الْإِثْبَاتَ لَازِمٌ عَنْ نَفْيِ النَّفْيِ، وَإِلَّا فَمَدْلُولُهُ الْمُطَابِقُ فِي النَّفْيِ، وَيَصْدُقُ أَنَّهَا شَهَادَةٌ بِالنَّفْيِ، وَقَوْلُهُمْ نَفْيُ النَّفْيِ إِثْبَاتٌ لَا يَخْلُو عَنْ تَسَامُحٍ وَفِي مُعِينِ الْحُكَّامِ لِعَلَاءِ الدِّينِ الْأَسْوَدِ: الشَّهَادَةُ لَوْ قَامَتْ عَلَى الْإِثْبَاتِ، وَفِيهَا نَفْيٌ بِأَنْ يَقُولَ:"
"والفرق بينهما أن الوكيل عند إطلاق الإذن مما يمتنع عليه البيع بغير نقد البلد فأمكن حمل عموم ما في (16/25)
","وَالْفَرْقُ بَيْنَهُمَا أَنَّ الْوَكِيلَ عِنْدَ إِطْلَاقِ الْإِذْنِ مِمَّا يَمْتَنِعُ عَلَيْهِ الْبَيْعُ بِغَيْرِ نَقْدِ الْبَلَدِ فَأَمْكَنَ حَمْلُ عُمُومِ مَا فِي (16/25)
",وَالْفَرْقُ بَيْنَهُمَا أَنَّ الْوَكِيلَ عِنْدَ إِطْلَاقِ الْإِذْنِ مِمَّا يَمْتَنِعُ عَلَيْهِ الْبَيْعُ بِغَيْرِ نَقْدِ الْبَلَدِ فَأَمْكَنَ حَمْلُ عُمُومِ مَا فِي (16/25)
"يعتبر الشهر ثلاثين يوما من ذلك الوقت.
ويلزم إعطاء الإجارة كاملة إذا بقي المأجور ثلاثين يوما تحت الإجارة لأنه لما تعذر هنا اعتبار الشهر بالهلال لزم أن يصار إلى البدل (انظر المادة 53) (مجمع الأنهر والهندية) . (3/155)
(المادة 490) ","يُعْتَبَرُ الشَّهْرُ ثَلَاثِينَ يَوْمًا مِنْ ذَلِكَ الْوَقْتِ.
وَيَلْزَمُ إِعْطَاءُ الْإِجَارَةِ كَامِلَةً إِذَا بَقِيَ الْمَأْجُورُ ثَلَاثِينَ يَوْمًا تَحْتَ الْإِجَارَةِ لِأَنَّهُ لَمَّا تَعَذَّرَ هُنَا اعْتِبَارُ الشَّهْرِ بِالْهِلَالِ لَزِمَ أَنْ يُصَارَ إِلَى الْبَدَلِ (انْظُرِ الْمَادَّةَ 53) (مَجْمَعُ الْأَنْهُرِ وَالْهِنْدِيَّةُ) . (3/155)
(الْمَادَّةُ 490) ","يُعْتَبَرُ الشَّهْرُ ثَلَاثِينَ يَوْمًا مِنْ ذَلِكَ الْوَقْتِ.
وَيَلْزَمُ إِعْطَاءُ الْإِجَارَةِ كَامِلَةً إِذَا بَقِيَ الْمَأْجُورُ ثَلَاثِينَ يَوْمًا تَحْتَ الْإِجَارَةِ لِأَنَّهُ لَمَّا تَعَذَّرَ هُنَا اعْتِبَارُ الشَّهْرِ بِالْهِلَالِ لَزِمَ أَنْ يُصَارَ إِلَى الْبَدَلِ (انْظُرِ الْمَادَّةَ 53) (مَجْمَعُ الْأَنْهُرِ وَالْهِنْدِيَّةُ) . (3/155)
(الْمَادَّةُ 490)"
فكذلك) أي فلأهله الإشراع الذي لا يضر (قوله: وإلا فلهم المنع من الإشراع) يؤخذ منه أنه لو كان السفل لإنسان، ,فَكَذَلِكَ) أَيْ فَلِأَهْلِهِ الْإِشْرَاعُ الَّذِي لَا يَضُرُّ (قَوْلُهُ: وَإِلَّا فَلَهُمُ الْمَنْعُ مِنَ الْإِشْرَاعِ) يُؤْخَذُ مِنْهُ أَنَّهُ لَوْ كَانَ السُّفْلُ لِإِنْسَانٍ، ,فَكَذَلِكَ) أَيْ فَلِأَهْلِهِ الْإِشْرَاعُ الَّذِي لَا يَضُرُّ (قَوْلُهُ: وَإِلَّا فَلَهُمُ الْمَنْعُ مِنَ الْإِشْرَاعِ) يُؤْخَذُ مِنْهُ أَنَّهُ لَوْ كَانَ السُّفْلُ لِإِنْسَانٍ،
"ليعطي كل عضو حظه من الضرب (بسوط) قال في الرعاية: من عنده حجم السوط بين القضيب والعصا، وهو معنى ما في شرح المهذب للحنفية.
وفي المختار لهم بسوط لا ثمرة له، قال في المبدع: فيتعين أن لا يكون من الجلد (لا خلق) نصا.
بفتح اللام.
لأنه لم يؤلم (ولا جديد) ","لِيُعْطِيَ كُلَّ عُضْوٍ حَظَّهُ مِنَ الضَّرْبِ (بِسَوْطٍ) قَالَ فِي الرِّعَايَةِ: مَنْ عِنْدَهُ حَجْمُ السَّوْطِ بَيْنَ الْقَضِيبِ وَالْعَصَا، وَهُوَ مَعْنَى مَا فِي شَرْحِ الْمُهَذَّبِ لِلْحَنَفِيَّةِ.
وَفِي الْمُخْتَارِ لَهُمْ بِسَوْطٍ لَا ثَمَرَةَ لَهُ، قَالَ فِي الْمُبْدِعِ: فَيَتَعَيَّنُ أَنْ لَا يَكُونَ مِنَ الْجِلْدِ (لَا خَلَقٌ) نَصًّا.
بِفَتْحِ اللَّامِ.
لِأَنَّهُ لَمْ يُؤْلِمْ (وَلَا جَدِيدٌ) ","لِيُعْطِيَ كُلَّ عُضْوٍ حَظَّهُ مِنَ الضَّرْبِ (بِسَوْطٍ) قَالَ فِي الرِّعَايَةِ: مَنْ عِنْدَهُ حَجْمُ السَّوْطِ بَيْنَ الْقَضِيبِ وَالْعَصَا، وَهُوَ مَعْنَى مَا فِي شَرْحِ الْمُهَذَّبِ لِلْحَنَفِيَّةِ.
وَفِي الْمُخْتَارِ لَهُمْ بِسَوْطٍ لَا ثَمَرَةَ لَهُ، قَالَ فِي الْمُبْدِعِ: فَيَتَعَيَّنُ أَنْ لَا يَكُونَ مِنَ الْجِلْدِ (لَا خَلِقٍ) نَصًّا.
بِفَتْحِ اللَّامِ.
لِأَنَّهُ لَمْ يُؤْلِمْ (وَلَا جَدِيدٍ)"
"أو من منافعه فعلم مما قررنا أن شرط الراهن أن يكون فيه أهلية صحة البيع فمن يصح منه البيع يصح منه الرهن فلا يصح من مجنون وصبي لا ميز (16/328)
له ويصح من المميز، والسفيه، ","أَوْ مِنْ مَنَافِعِهِ فَعُلِمَ مِمَّا قَرَّرْنَا أَنَّ شَرْطَ الرَّاهِنِ أَنْ يَكُونَ فِيهِ أَهْلِيَّةُ صِحَّةِ الْبَيْعِ فَمَنْ يَصِحُّ مِنْهُ الْبَيْعُ يَصِحُّ مِنْهُ الرَّهْنُ فَلَا يَصِحُّ مِنْ مَجْنُونٍ وَصَبِيٍّ لَا مَيْزَ (16/328)
لَهُ وَيَصِحُّ مِنَ الْمُمَيِّزِ، وَالسَّفِيهِ، ","أَوْ مِنْ مَنَافِعِهِ فَعُلِمَ مِمَّا قَرَّرْنَا أَنَّ شَرْطَ الرَّاهِنِ أَنْ يَكُونَ فِيهِ أَهْلِيَّةُ صِحَّةِ الْبَيْعِ فَمَنْ يَصِحُّ مِنْهُ الْبَيْعُ يَصِحُّ مِنْهُ الرَّهْنُ فَلَا يَصِحُّ مِنْ مَجْنُونٍ وَصَبِيٍّ لَا مَيْزَ (16/328)
لَهُ وَيَصِحُّ مِنَ الْمُمَيِّزِ، وَالسَّفِيهِ،"
"حدثنا قتيبة بن سعيد حدثنا محمد بن موسى يعني المخزومي عن يعقوب بن سلمة عن أبيه عن أبي هريرة قال قال رسول الله صلى الله عليه وسلم لا صلاة لمن لا وضوء له ولا وضوء لمن لم يذكر اسم الله عليه (15/243)
9419 - ","حَدَّثَنَا قُتَيْبَةُ بْنُ سَعِيدٍ حَدَّثَنَا مُحَمَّدُ بْنُ مُوسَى يَعْنِي الْمَخْزُومِيَّ عَنْ يَعْقُوبَ بْنِ سَلَمَةَ عَنْ أَبِيهِ عَنْ أَبِي هُرَيْرَةَ قَالَ قَالَ رَسُولُ اللَّهِ صَلَّى اللَّهُ عَلَيْهِ وَسَلَّمَ لَا صَلَاةَ لِمَنْ لَا وُضُوءَ لَهُ وَلَا وُضُوءَ لِمَنْ لَمْ يَذْكُرِ اسْمَ اللَّهِ عَلَيْهِ (15/243)
9419 - ","حَدَّثَنَا قُتَيْبَةُ بْنُ سَعِيدٍ حَدَّثَنَا مُحَمَّدُ بْنُ مُوسَى يَعْنِي الْمَخْزُومِيَّ عَنْ يَعْقُوبَ بْنِ سَلَمَةَ عَنْ أَبِيهِ عَنْ أَبِي هُرَيْرَةَ قَالَ قَالَ رَسُولُ اللَّهِ صَلَّى اللَّهُ عَلَيْهِ وَسَلَّمَ لَا صَلَاةَ لِمَنْ لَا وُضُوءَ لَهُ وَلَا وُضُوءَ لِمَنْ لَمْ يَذْكُرِ اسْمَ اللَّهِ عَلَيْهِ (15/243)
9419 -"
"وبين من الشروط.
هذا لبابه، وتمامه في التلخيص، فلينظر فيه [باقي قسمي هذا الباب فإن فيه لغنية الألباب] .
وأصحاب النبي صلى الله عليه وسلم الذين كانوا (3/262)
قد اجتمعوا واعتقدوا تحريم الأطايب من الطعام والزينة من الثياب واللذة من النساء حلفوا على ذلك، ولأجله نزلت الآية فيهم؛ وإن كانوا لم يحلفوا، ","وَبَيَّنَ مِنَ الشُّرُوطِ.
هَذَا لُبَابُهُ، وَتَمَامُهُ فِي التَّلْخِيصِ، فَلْيُنْظَرْ فِيهِ [بَاقِي قِسْمَيْ هَذَا الْبَابِ فَإِنَّ فِيهِ لَغُنْيَةُ الْأَلْبَابِ] .
وَأَصْحَابُ النَّبِيِّ صَلَّى اللَّهُ عَلَيْهِ وَسَلَّمَ الَّذِينَ كَانُوا (3/262)
قَدِ اجْتَمَعُوا وَاعْتَقَدُوا تَحْرِيمَ الْأَطَايِبِ مِنَ الطَّعَامِ وَالزِّينَةِ مِنَ الثِّيَابِ وَاللَّذَّةِ مِنَ النِّسَاءِ حَلَفُوا عَلَى ذَلِكَ، وَلِأَجْلِهِ نَزَلَتِ الْآيَةُ فِيهِمْ؛ وَإِنْ كَانُوا لَمْ يَحْلِفُوا، ","وَبَيْنَ مِنَ الشُّرُوطِ.
هَذَا لُبَابُهُ، وَتَمَامُهُ فِي التَّلْخِيصِ، فَلْيُنْظَرْ فِيهِ [بَاقِي قِسْمَيْ هَذَا الْبَابِ فَإِنَّ فِيهِ لُغْنِيَّةَ الْأَلْبَابِ] .
وَأَصْحَابُ النَّبِيِّ صَلَّى اللَّهُ عَلَيْهِ وَسَلَّمَ الَّذِينَ كَانُوا (3/262)
قَدِ اجْتَمَعُوا وَاعْتَقَدُوا تَحْرِيمَ الْأَطَايِبِ مِنَ الطَّعَامِ وَالزِّينَةِ مِنَ الثِّيَابِ وَاللَّذَّةِ مِنَ النِّسَاءِ حَلَفُوا عَلَى ذَلِكَ، وَلِأَجْلِهِ نَزَلَتِ الْآيَةُ فِيهِمْ؛ وَإِنْ كَانُوا لَمْ يَحْلِفُوا،"
أي الموصى له (قوله فيكون له) أي باقي العين الحاضرة للموصى له (قوله: ولو أطلق الورثة له) أي الموصى له (قوله: كما في الانتصار) لابن أبي عصرون (قوله: تخصيص منع الوارث) يتأمل وجهه فإن علة المنع من التصرف احتمال سلامة المال الغائب فيكون العين كلها للموصى له، ,أَيِ الْمُوصَى لَهُ (قَوْلُهُ فَيَكُونُ لَهُ) أَيْ بَاقِي الْعَيْنِ الْحَاضِرَةِ لِلْمُوصَى لَهُ (قَوْلُهُ: وَلَوْ أَطْلَقَ الْوَرَثَةُ لَهُ) أَيِ الْمُوصَى لَهُ (قَوْلُهُ: كَمَا فِي الِانْتِصَارِ) لِابْنِ أَبِي عَصْرُونٍ (قَوْلُهُ: تَخْصِيصُ مَنْعِ الْوَارِثِ) يُتَأَمَّلُ وَجْهُهُ فَإِنَّ عِلَّةَ الْمَنْعِ مِنَ التَّصَرُّفِ احْتِمَالُ سَلَامَةِ الْمَالِ الْغَائِبِ فَيَكُونُ الْعَيْنُ كُلُّهَا لِلْمُوصَى لَهُ، ,أَيِ الْمُوصَى لَهُ (قَوْلُهُ فَيَكُونُ لَهُ) أَيْ بَاقِي الْعَيْنِ الْحَاضِرَةِ لِلْمُوصَى لَهُ (قَوْلُهُ: وَلَوْ أَطْلَقَ الْوَرَثَةُ لَهُ) أَيِ الْمُوصَى لَهُ (قَوْلُهُ: كَمَا فِي الِانْتِصَارِ) لِابْنِ أَبِي عَصْرُونٍ (قَوْلُهُ: تَخْصِيصُ مَنْعِ الْوَارِثِ) يُتَأَمَّلُ وَجْهُهُ فَإِنَّ عِلَّةَ الْمَنْعِ مِنَ التَّصَرُّفِ احْتِمَالُ سَلَامَةِ الْمَالِ الْغَائِبِ فَيَكُونُ الْعَيْنُ كُلُّهَا لِلْمُوصَى لَهُ،
"وروى أبو حفص العكبري بإسناده عن أنس مرفوعا {أن الله عز وجل احتجب التوبة عن كل صاحب بدعة} .
وقال الشيخ تقي الدين وهذا القول الجامع للمغفرة لكل ذنب للتائب منه كما دل عليه القرآن والحديث هو الصواب عند جماهير أهل العلم وإن كان من الناس من استثنى (1/145)
","وَرَوَى أَبُو حَفْصٍ الْعُكْبَرِيُّ بِإِسْنَادِهِ عَنْ أَنَسٍ مَرْفُوعًا {أَنَّ اللَّهَ عَزَّ وَجَلَّ احْتَجَبَ التَّوْبَةَ عَنْ كُلِّ صَاحِبِ بِدْعَةٍ} .
وَقَالَ الشَّيْخُ تَقِيُّ الدِّينِ وَهَذَا الْقَوْلُ الْجَامِعُ لِلْمَغْفِرَةِ لِكُلِّ ذَنْبٍ لِلتَّائِبِ مِنْهُ كَمَا دَلَّ عَلَيْهِ الْقُرْآنُ وَالْحَدِيثُ هُوَ الصَّوَابُ عِنْدَ جَمَاهِيرِ أَهْلِ الْعِلْمِ وَإِنْ كَانَ مِنَ النَّاسِ مَنِ اسْتَثْنَى (1/145)
","وَرَوَى أَبُو حَفْصٍ الْعُكْبَرِيُّ بِإِسْنَادِهِ عَنْ أَنَسٍ مَرْفُوعًا {أَنَّ اللَّهَ عَزَّ وَجَلَّ احْتَجَبَ التَّوْبَةَ عَنْ كُلِّ صَاحِبِ بِدْعَةٍ} .
وَقَالَ الشَّيْخُ تَقِيُّ الدِّينِ وَهَذَا الْقَوْلُ الْجَامِعُ لِلْمَغْفِرَةِ لِكُلِّ ذَنْبٍ لِلتَّائِبِ مِنْهُ كَمَا دَلَّ عَلَيْهِ الْقُرْآنُ وَالْحَدِيثُ هُوَ الصَّوَابُ عِنْدَ جَمَاهِيرِ أَهْلِ الْعِلْمِ وَإِنْ كَانَ مِنَ النَّاسِ مَنِ اسْتَثْنَى (1/145)"
"بحروفه وقوله: فإن شرط انتقاض إلخ ولو شرط عليه الانتقاض بذلك ثم قتل بمسلم أو بزناه حالة كونه محصنا بمسلمة صار ماله فيئا كما قاله ابن المقري لأنه حربي مقتول تحت يدنا لا يمكن صرفه لأقاربه الذميين لعدم التوارث ولا للحربيين لأنا إذا قدرنا على مالهم أخذناه فيئا أو غنيمة وشرط الغنيمة هنا ليس موجودا.
ا ه.
","بِحُرُوفِهِ وَقَوْلُهُ: فَإِنْ شَرَطَ انْتِقَاضَ إِلَخْ وَلَوْ شَرَطَ عَلَيْهِ الِانْتِقَاضَ بِذَلِكَ ثُمَّ قُتِلَ بِمُسْلِمٍ أَوْ بِزِنَاهُ حَالَةَ كَوْنِهِ مُحْصَنًا بِمُسْلِمَةٍ صَارَ مَالُهُ فَيْئًا كَمَا قَالَهُ ابْنُ الْمُقْرِي لِأَنَّهُ حَرْبِيٌّ مَقْتُولٌ تَحْتَ يَدِنَا لَا يُمْكِنُ صَرْفُهُ لِأَقَارِبِهِ الذِّمِّيِّينَ لِعَدَمِ التَّوَارُثِ وَلَا لِلْحَرْبِيِّينَ لِأَنَّا إِذَا قَدَرْنَا عَلَى مَالِهِمْ أَخَذْنَاهُ فَيْئًا أَوْ غَنِيمَةً وَشَرْطُ الْغَنِيمَةِ هُنَا لَيْسَ مَوْجُودًا.
ا ه.
","بِحُرُوفِهِ وَقَوْلُهُ: فَإِنْ شَرَطَ انْتِقَاضَ إِلَخْ وَلَوْ شَرَطَ عَلَيْهِ الِانْتِقَاضَ بِذَلِكَ ثُمَّ قُتِلَ بِمُسْلِمٍ أَوْ بِزِنَاهُ حَالَةَ كَوْنِهِ مُحْصَنًا بِمُسْلِمَةٍ صَارَ مَالُهُ فَيْئًا كَمَا قَالَهُ ابْنُ الْمُقْرِي لِأَنَّهُ حَرْبِيٌّ مَقْتُولٌ تَحْتَ يَدِنَا لَا يُمْكِنُ صَرْفُهُ لِأَقَارِبِهِ الذِّمِّيِّينَ لِعَدَمِ التَّوَارُثِ وَلَا لِلْحَرْبِيِّينَ لِأَنَّا إِذَا قَدَرْنَا عَلَى مَالِهِمْ أَخَذْنَاهُ فَيْئًا أَوْ غَنِيمَةً وَشَرْطُ الْغَنِيمَةِ هُنَا لَيْسَ مَوْجُودًا.
ا ه."
قال الإمام أحمد: ,قَالَ الْإِمَامُ أَحْمَدُ: ,قَالَ الْإِمَامُ أَحْمَدُ:
"وإذا لم يوقت للخيار وقتا وأبطل صاحب الخيار خياره بعد مضي الثلاث لا ينقلب جائزا عند أبي حنيفة رحمه الله تعالى وعندهما ينقلب جائزا هكذا في السراج الوهاج. (20/82)
","وَإِذَا لَمْ يُوَقِّتْ لِلْخِيَارِ وَقْتًا وَأَبْطَلَ صَاحِبُ الْخِيَارِ خِيَارَهُ بَعْدَ مُضِيِّ الثَّلَاثِ لَا يَنْقَلِبُ جَائِزًا عِنْدَ أَبِي حَنِيفَةَ رَحِمَهُ اللَّهُ تَعَالَى وَعِنْدَهُمَا يَنْقَلِبُ جَائِزًا هَكَذَا فِي السِّرَاجِ الْوَهَّاجِ. (20/82)
",وَإِذَا لَمْ يُوَقِّتْ لِلْخِيَارِ وَقْتًا وَأَبْطَلَ صَاحِبُ الْخِيَارِ خِيَارَهُ بَعْدَ مُضِيِّ الثَّلَاثِ لَا يَنْقَلِبُ جَائِزًا عِنْدَ أَبِي حَنِيفَةَ رَحِمَهُ اللَّهُ تَعَالَى وَعِنْدَهُمَا يَنْقَلِبُ جَائِزًا هَكَذَا فِي السِّرَاجِ الْوَهَّاجِ. (20/82)
"ت} وقد روي هذا الحديث عن هشام بن عروة ومحمد بن أبى حميد عن ابن المنكدر. (8/272)
17722- وفيما أنبأنى أبو عبد الله الحافظ إجازة فيما لم يمل من كتاب المستدرك حدثنى أبو بكر: محمد بن أحمد بن بالويه حدثنا إسحاق بن الحسن الحربي حدثنا عفان بن مسلم حدثنا حماد بن سلمة حدثنا يوسف بن سعد عن الحارث بن حاطب: ","ت} وَقَدْ رُوِيَ هَذَا الْحَدِيثُ عَنْ هِشَامِ بْنِ عُرْوَةَ وَمُحَمَّدِ بْنِ أَبِى حُمَيْدٍ عَنِ ابْنِ الْمُنْكَدِرِ. (8/272)
17722- وَفِيمَا أَنْبَأَنِى أَبُو عَبْدِ اللَّهِ الْحَافِظُ إِجَازَةً فِيمَا لَمْ يُمْلِ مِنْ كِتَابِ الْمُسْتَدْرَكِ حَدَّثَنِى أَبُو بَكْرٍ: مُحَمَّدُ بْنُ أَحْمَدَ بْنِ بَالُوَيْهِ حَدَّثَنَا إِسْحَاقُ بْنُ الْحَسَنِ الْحَرْبِيُّ حَدَّثَنَا عَفَّانُ بْنُ مُسْلِمٍ حَدَّثَنَا حَمَّادُ بْنُ سَلَمَةَ حَدَّثَنَا يُوسُفُ بْنُ سَعْدٍ عَنِ الْحَارِثِ بْنِ حَاطِبٍ: ","ت} وَقَدْ رُوِيَ هَذَا الْحَدِيثُ عَنْ هِشَامِ بْنِ عُرْوَةَ وَمُحَمَّدِ بْنِ أَبِى حُمَيْدٍ عَنِ ابْنِ الْمُنْكَدِرِ. (8/272)
17722- وَفِيمَا أَنْبَأَنِى أَبُو عَبْدِ اللَّهِ الْحَافِظُ إِجَازَةً فِيمَا لَمْ يَمِلْ مِنْ كِتَابِ الْمُسْتَدْرَكِ حَدَّثَنِى أَبُو بَكْرٍ: مُحَمَّدُ بْنُ أَحْمَدَ بْنِ بَالُوَيْهِ حَدَّثَنَا إِسْحَاقُ بْنُ الْحَسَنِ الْحَرْبِيُّ حَدَّثَنَا عَفَّانُ بْنُ مُسْلِمٍ حَدَّثَنَا حَمَّادُ بْنُ سَلَمَةَ حَدَّثَنَا يُوسُفُ بْنُ سَعْدٍ عَنِ الْحَارِثِ بْنِ حَاطِبٍ:"
"حاصله أن من عنده ماشية وأبدلها بغير نوعها من المواشي - كمن أبدل بقرا بغنم - فإنه يستقبل مطلقا؛ كانت المبدلة نصابا أو دون نصاب، كانت للتجارة أو للقنية كان البدل اختياريا أو اضطراريا.
فهذه ثماني صور أيضا.
يستقبل فيها، ما لم يقصد الفرار وكان المبدل نصابا كما يأتي، بقي ما لو أبدلها بنصاب عين؛ ","حَاصِلُهُ أَنَّ مَنْ عِنْدَهُ مَاشِيَةٌ وَأَبْدَلَهَا بِغَيْرِ نَوْعِهَا مِنَ الْمَوَاشِي - كَمَنْ أَبْدَلَ بَقَرًا بِغَنَمٍ - فَإِنَّهُ يَسْتَقْبِلُ مُطْلَقًا؛ كَانَتِ الْمُبْدَلَةُ نِصَابًا أَوْ دُونَ نِصَابٍ، كَانَتْ لِلتِّجَارَةِ أَوْ لِلْقِنْيَةِ كَانَ الْبَدَلُ اخْتِيَارِيًّا أَوِ اضْطِرَارِيًّا.
فَهَذِهِ ثَمَانِي صُوَرٍ أَيْضًا.
يَسْتَقْبِلُ فِيهَا، مَا لَمْ يَقْصِدِ الْفِرَارَ وَكَانَ الْمُبْدَلُ نِصَابًا كَمَا يَأْتِي، بَقِيَ مَا لَوْ أَبْدَلَهَا بِنِصَابِ عَيْنٍ؛ ","حَاصِلُهُ أَنَّ مَنْ عِنْدَهُ مَاشِيَةٌ وَأَبْدَلَهَا بِغَيْرِ نَوْعِهَا مِنَ الْمَوَاشِي - كَمَنْ أَبْدَلَ بَقَرًا بِغَنَمٍ - فَإِنَّهُ يَسْتَقْبِلُ مُطْلَقًا؛ كَانَتِ الْمُبْدَلَةُ نِصَابًا أَوْ دُونَ نِصَابٍ، كَانَتْ لِلتِّجَارَةِ أَوْ لِلْقِنْيَةِ كَانَ الْبَدَلُ اخْتِيَارِيًّا أَوِ اضْطِرَارِيًّا.
فَهَذِهِ ثَمَانِي صُوَرٍ أَيْضًا.
يَسْتَقْبِلُ فِيهَا، مَا لَمْ يَقْصِدِ الْفِرَارَ وَكَانَ الْمُبْدَلُ نِصَابًا كَمَا يَأْتِي، بَقِيَ مَا لَوْ أَبْدَلَهَا بِنِصَابٍ عُيِّنَ؛"
لأنه أخرجه من غير حرز فلو كان الذي فتح الدار في مسألة الكتاب هو السارق، فلا قطع كما نقله الشيخان عن الإمام، وأقراه، وقوله من زيادته سلكه أي: دخله السارق تكملة، بل يوهم خلاف المراد إذ دخوله البيت ليس شرطا (و) كأن (ابتلع الدر) مثلا في الحرز (ومنه ظهرا) أي: ,لِأَنَّهُ أَخْرَجَهُ مِنْ غَيْرِ حِرْزٍ فَلَوْ كَانَ الَّذِي فَتَحَ الدَّارَ فِي مَسْأَلَةِ الْكِتَابِ هُوَ السَّارِقُ، فَلَا قَطْعَ كَمَا نَقَلَهُ الشَّيْخَانِ عَنِ الْإِمَامِ، وَأَقَرَّاهُ، وَقَوْلُهُ مِنْ زِيَادَتِهِ سَلَكَهُ أَيْ: دَخَلَهُ السَّارِقُ تَكْمِلَةً، بَلْ يُوهِمُ خِلَافَ الْمُرَادِ إِذْ دُخُولُهُ الْبَيْتَ لَيْسَ شَرْطًا (وَ) كَأَنْ (ابْتَلَعَ الدُّرَّ) مَثَلًا فِي الْحِرْزِ (وَمِنْهُ ظَهَرَا) أَيْ: ,لِأَنَّهُ أَخْرَجَهُ مِنْ غَيْرِ حِرْزٍ فَلَوْ كَانَ الَّذِي فَتَحَ الدَّارَ فِي مَسْأَلَةِ الْكِتَابِ هُوَ السَّارِقُ، فَلَا قَطْعَ كَمَا نَقَلَهُ الشَّيْخَانِ عَنِ الْإِمَامِ، وَأَقَرَّاهُ، وَقَوْلُهُ مِنْ زِيَادَتِهِ سَلَكَهُ أَيْ: دَخَلَهُ السَّارِقُ تَكْمِلَةً، بَلْ يُوهِمُ خِلَافَ الْمُرَادِ إِذْ دُخُولُهُ الْبَيْتَ لَيْسَ شَرْطًا (وَ) كَأَنْ (ابْتَلَعَ الدُّرَّ) مَثَلًا فِي الْحِرْزِ (وَمِنْهُ ظَهْرًا) أَيْ:
"ويطلب منه غريمه ذلك بالتوراة التي تسميها اليهود بالجلجلة فيأمر بذلك، وكثير ما كانوا ينكلون عن اليمين بها ويستخرج الحق من الباطل عند ذلك بعد ما كان ظاهر العزم على اليمين دونها، ولعله أخذه من رأي اللخمي الإرهاب عليهم بما يعظمون بالقياس على بيت نار (1/242)
المجوسي.. (1/243)
","وَيَطْلُبُ مِنْهُ غَرِيمُهُ ذَلِكَ بِالتَّوْرَاةِ الَّتِي تُسَمِّيهَا الْيَهُودُ بِالْجَلْجَلَةِ فَيَأْمُرُ بِذَلِكَ، وَكَثِيرٌ مَا كَانُوا يَنْكُلُونَ عَنِ الْيَمِينِ بِهَا وَيُسْتَخْرَجُ الْحَقُّ مِنَ الْبَاطِلِ عِنْدَ ذَلِكَ بَعْدَ مَا كَانَ ظَاهِرَ الْعَزْمِ عَلَى الْيَمِينِ دُونَهَا، وَلَعَلَّهُ أَخَذَهُ مِنْ رَأْيِ اللَّخْمِيِّ الْإِرْهَابُ عَلَيْهِمْ بِمَا يُعَظِّمُونَ بِالْقِيَاسِ عَلَى بَيْتِ نَارِ (1/242)
الْمَجُوسِيِّ.. (1/243)
","وَيَطْلُبُ مِنْهُ غَرِيمُهُ ذَلِكَ بِالتَّوْرَاةِ الَّتِي تُسَمِّيهَا الْيَهُودُ بِالْجَلْجَلَةِ فَيَأْمُرُ بِذَلِكَ، وَكَثِيرٌ مَا كَانُوا يَنْكُلُونَ عَنِ الْيَمِينِ بِهَا وَيَسْتَخْرِجُ الْحَقَّ مِنَ الْبَاطِلِ عِنْدَ ذَلِكَ بَعْدَ مَا كَانَ ظَاهِرَ الْعَزْمِ عَلَى الْيَمِينِ دُونَهَا، وَلَعَلَّهُ أَخَذَهُ مِنْ رَأْيِ اللَّخْمِيِّ الْإِرْهَابَ عَلَيْهِمْ بِمَا يُعَظِّمُونَ بِالْقِيَاسِ عَلَى بَيْتِ نَارِ (1/242)
الْمَجُوسِيِّ.. (1/243)"
"حدثنا عفان حدثنا عبد الوارث حدثنا ابن أبي نجيح قال سألت طاوسا عن رجل رمى الجمرة بست حصيات فقال ليطعم قبضة من طعام قال فلقيت مجاهدا فسألته وذكرت له قول طاوس فقال رحم الله أبا عبد الرحمن أما بلغه قول سعد بن مالك قال رمينا الجمار أو الجمرة في حجتنا مع رسول الله صلى الله عليه وسلم ثم جلسنا نتذاكر فمنا من قال رميت بست ومنا من قال رميت بسبع ومنا من قال رميت بثمان ومنا من قال رميت بتسع فلم يروا بذلك بأسا (3/49)
1440 - ","حَدَّثَنَا عَفَّانُ حَدَّثَنَا عَبْدُ الْوَارِثِ حَدَّثَنَا ابْنُ أَبِي نَجِيحٍ قَالَ سَأَلْتُ طَاوُسًا عَنْ رَجُلٍ رَمَى الْجَمْرَةَ بِسِتِّ حَصَيَاتٍ فَقَالَ لِيُطْعِمْ قَبْضَةً مِنْ طَعَامٍ قَالَ فَلَقِيتُ مُجَاهِدًا فَسَأَلْتُهُ وَذَكَرْتُ لَهُ قَوْلَ طَاوُسٍ فَقَالَ رَحِمَ اللَّهُ أَبَا عَبْدِ الرَّحْمَنِ أَمَا بَلَغَهُ قَوْلُ سَعْدِ بْنِ مَالِكٍ قَالَ رَمَيْنَا الْجِمَارَ أَوِ الْجَمْرَةَ فِي حَجَّتِنَا مَعَ رَسُولِ اللَّهِ صَلَّى اللَّهُ عَلَيْهِ وَسَلَّمَ ثُمَّ جَلَسْنَا نَتَذَاكَرُ فَمِنَّا مَنْ قَالَ رَمَيْتُ بِسِتٍّ وَمِنَّا مَنْ قَالَ رَمَيْتُ بِسَبْعٍ وَمِنَّا مَنْ قَالَ رَمَيْتُ بِثَمَانٍ وَمِنَّا مَنْ قَالَ رَمَيْتُ بِتِسْعٍ فَلَمْ يَرَوْا بِذَلِكَ بَأْسًا (3/49)
1440 - ","حَدَّثَنَا عَفَّانُ حَدَّثَنَا عَبْدُ الْوَارِثِ حَدَّثَنَا ابْنُ أَبِي نَجِيحٍ قَالَ سَأَلْتُ طَاوُسًا عَنْ رَجُلٍ رَمَى الْجَمْرَةَ بِسِتِّ حَصَيَاتٍ فَقَالَ لِيُطْعِمْ قَبْضَةً مِنْ طَعَامٍ قَالَ فَلَقِيتُ مُجَاهِدًا فَسَأَلْتُهُ وَذَكَرْتُ لَهُ قَوْلَ طَاوُسٍ فَقَالَ رَحِمَ اللَّهُ أَبَا عَبْدِ الرَّحْمَنِ أَمَا بَلَغَهُ قَوْلُ سَعْدِ بْنِ مَالِكٍ قَالَ رَمَيْنَا الْجِمَارَ أَوِ الْجَمْرَةَ فِي حَجَّتِنَا مَعَ رَسُولِ اللَّهِ صَلَّى اللَّهُ عَلَيْهِ وَسَلَّمَ ثُمَّ جَلَسْنَا نَتَذَاكَرُ فَمِنَّا مَنْ قَالَ رَمَيْتُ بِسِتٍّ وَمِنَّا مَنْ قَالَ رَمَيْتُ بِسَبْعٍ وَمِنَّا مَنْ قَالَ رَمَيْتُ بِثَمَانٍ وَمِنَّا مَنْ قَالَ رَمَيْتُ بِتِسْعٍ فَلَمْ يَرَوْا بِذَلِكَ بَأْسًا (3/49)
1440 -"
"لو يعلم الناس ما في النداء والصف الأول ثم لا يجدوا إلا أن يستهموا عليه لاستهموا عليه، ولو يعلمون ما في التهجير لاستبقوا عليه، ولو يعلمون ما في العتمة والصبح لأتوهما ولو حبوا} ، ويستحب لجيران المساجد عندما يسمعون الأذان أن يبادروا في المشي للمسجد (1/224)
لتحصل لهم هذه الفضيلة.
","لَوْ يَعْلَمُ النَّاسُ مَا فِي النِّدَاءِ وَالصَّفِّ الْأَوَّلِ ثُمَّ لَا يَجِدُوا إِلَّا أَنْ يَسْتَهِمُوا عَلَيْهِ لَاسْتَهَمُوا عَلَيْهِ، وَلَوْ يَعْلَمُونَ مَا فِي التَّهْجِيرِ لَاسْتَبَقُوا عَلَيْهِ، وَلَوْ يَعْلَمُونَ مَا فِي الْعَتَمَةِ وَالصُّبْحِ لَأَتَوْهُمَا وَلَوْ حَبْوًا} ، وَيُسْتَحَبُّ لِجِيرَانِ الْمَسَاجِدِ عِنْدَمَا يَسْمَعُونَ الْأَذَانَ أَنْ يُبَادِرُوا فِي الْمَشْيِ لِلْمَسْجِدِ (1/224)
لِتَحْصُلَ لَهُمْ هَذِهِ الْفَضِيلَةُ.
","لَوْ يَعْلَمُ النَّاسُ مَا فِي النِّدَاءِ وَالصَّفِّ الْأَوَّلِ ثُمَّ لَا يَجِدُوا إِلَّا أَنْ يَسْتَهِمُوا عَلَيْهِ لَاسْتَهَمُوا عَلَيْهِ، وَلَوْ يَعْلَمُونَ مَا فِي التَّهْجِيرِ لَاسْتَبَقُوا عَلَيْهِ، وَلَوْ يَعْلَمُونَ مَا فِي الْعَتَمَةِ وَالصُّبْحِ لَأَتَوْهُمَا وَلَوْ حَبْوًا} ، وَيُسْتَحَبُّ لِجِيرَانِ الْمَسَاجِدِ عِنْدَمَا يَسْمَعُونَ الْأَذَانَ أَنْ يُبَادِرُوا فِي الْمَشْيِ لِلْمَسْجِدِ (1/224)
لِتَحْصُلَ لَهُمْ هَذِهِ الْفَضِيلَةُ."
"وهو الشعار المشوه للمفهوم، والمزيف للمعنى.
إننا هنا نحاول أن نكشف عن بعض المصطلحات الأخرى المزيفة للمفهوم والوعي كمصطلح (النسيج الجماعي) ، فمصطلح النسيج مرتبط بهذه التركيبة، أو قل: بلوغوس التركيب الذي يربط الخيوط بعضها ببعض، وهذا المصطلح وافد إلينا من التفكير الأوروبي التركيبي، والذي يستخدم كذلك في تركيب النصوص الأوروبية، ","وَهُوَ الشِّعَارُ الْمُشَوِّهُ لِلْمَفْهُومِ، وَالْمُزَيِّفُ لِلْمَعْنَى.
إِنَّنَا هُنَا نُحَاوِلُ أَنْ نَكْشِفَ عَنْ بَعْضِ الْمُصْطَلَحَاتِ الْأُخْرَى الْمُزَيِّفَةِ لِلْمَفْهُومِ وَالْوَعْيِ كَمُصْطَلَحِ (النَّسِيجِ الْجَمَاعِيِّ) ، فَمُصْطَلَحُ النَّسِيجِ مُرْتَبِطٌ بِهَذِهِ التَّرْكِيبَةِ، أَوْ قُلْ: بِلُوغُوسِ التَّرْكِيبِ الَّذِي يَرْبِطُ الْخُيُوطَ بَعْضَهَا بِبَعْضٍ، وَهَذَا الْمُصْطَلَحُ وَافِدٌ إِلَيْنَا مِنَ التَّفْكِيرِ الْأُورُوبِّيِّ التَّرْكِيبِيِّ، وَالَّذِي يُسْتَخْدَمُ كَذَلِكَ فِي تَرْكِيبِ النُّصُوصِ الْأُورُوبِّيَّةِ، ","وَهُوَ الشِّعَارُ الْمُشَوِّهُ لِلْمَفْهُومِ، وَالْمُزَيِّفُ لِلْمَعْنَى.
إِنَّنَا هُنَا نُحَاوِلُ أَنْ نَكْشِفَ عَنْ بَعْضِ الْمُصْطَلَحَاتِ الْأُخْرَى الْمُزَيَّفَةِ لِلْمَفْهُومِ وَالْوَعْيِ كَمُصْطَلَحِ (النَّسِيجِ الْجَمَاعِيِّ) ، فَمُصْطَلَحُ النَّسِيجِ مُرْتَبِطٌ بِهَذِهِ التَّرْكِيبَةِ، أَوْ قُلْ: بِلُوغُوسِ التَّرْكِيبِ الَّذِي يَرْبِطُ الْخُيُوطَ بَعْضَهَا بِبَعْضٍ، وَهَذَا الْمُصْطَلَحُ وَافِدٌ إِلَيْنَا مِنَ التَّفْكِيرِ الْأُورُوبِّيِّ التَّرْكِيبِيِّ، وَالَّذِي يُسْتَخْدَمُ كَذَلِكَ فِي تَرْكِيبِ النُّصُوصِ الْأُورُوبِّيَّةِ،"
"والرعايتين.
والرواية الثانية: له أن يشهد إذا حرره، وإلا فلا وعنه: له أن يشهد مطلقا.
اختاره في الترغيب.
وجزم به في الوجيز، ومنتخب الأدمي، والمنور.
وقدمه في المحرر، والنظم فائدة: من علم الحاكم منه: أنه لا يفرق بين أن يذكر، أو يعتمد على معرفة الخط، يتجوز بذلك: لم يجز قبول شهادته.
","وَالرِّعَايَتَيْنِ.
وَالرِّوَايَةُ الثَّانِيَةُ: لَهُ أَنْ يَشْهَدَ إِذَا حَرَّرَهُ، وَإِلَّا فَلَا وَعَنْهُ: لَهُ أَنْ يَشْهَدَ مُطْلَقًا.
اخْتَارَهُ فِي التَّرْغِيبِ.
وَجَزَمَ بِهِ فِي الْوَجِيزِ، وَمُنْتَخَبِ الْأَدَمِيِّ، وَالْمُنَوِّرِ.
وَقَدَّمَهُ فِي الْمُحَرَّرِ، وَالنَّظْمِ فَائِدَةٌ: مَنْ عَلِمَ الْحَاكِمُ مِنْهُ: أَنَّهُ لَا يُفَرِّقُ بَيْنَ أَنْ يُذَكَّرَ، أَوْ يَعْتَمِدَ عَلَى مَعْرِفَةِ الْخَطِّ، يَتَجَوَّزُ بِذَلِكَ: لَمْ يَجُزْ قَبُولُ شَهَادَتِهِ.
","وَالرِّعَايَتَيْنِ.
وَالرِّوَايَةُ الثَّانِيَةُ: لَهُ أَنْ يَشْهَدَ إِذَا حَرَّرَهُ، وَإِلَّا فَلَا وَعَنْهُ: لَهُ أَنْ يَشْهَدَ مُطْلَقًا.
اخْتَارَهُ فِي التَّرْغِيبِ.
وَجَزَمَ بِهِ فِي الْوَجِيزِ، وَمُنْتَخَبِ الْأَدَمِيِّ، وَالْمُنَوِّرِ.
وَقَدَّمَهُ فِي الْمُحَرَّرِ، وَالنَّظْمِ فَائِدَةٌ: مَنْ عَلِمَ الْحَاكِمُ مِنْهُ: أَنَّهُ لَا يُفَرِّقُ بَيْنَ أَنْ يَذْكُرَ، أَوْ يَعْتَمِدَ عَلَى مَعْرِفَةِ الْخَطِّ، يَتَجَوَّزُ بِذَلِكَ: لَمْ يَجُزْ قَبُولُ شَهَادَتِهِ."
"ليس له ذلك، صححه في التصحيح، والنظم، وجزم به في الوجيز.
قال في إدراك الغاية، وتجريد العناية: له ذلك في رواية.
فائدة: قال المصنف، ومن تابعه: يلحق بالزرع الباقلاء والحمص وشبههما مما يؤكل رطبا، بخلاف الشعير ونحوه مما لم تجر العادة بأكله.
قال الزركشي: وهو حسن.
وقال: ولهذه المسألة التفات إلى ما تقدم من الزكاة: ","لَيْسَ لَهُ ذَلِكَ، صَحَّحَهُ فِي التَّصْحِيحِ، وَالنَّظْمِ، وَجَزَمَ بِهِ فِي الْوَجِيزِ.
قَالَ فِي إِدْرَاكِ الْغَايَةِ، وَتَجْرِيدِ الْعِنَايَةِ: لَهُ ذَلِكَ فِي رِوَايَةٍ.
فَائِدَةٌ: قَالَ الْمُصَنِّفُ، وَمَنْ تَابَعَهُ: يَلْحَقُ بِالزَّرْعِ الْبَاقِلَّاءُ وَالْحِمَّصُ وَشَبَهُهُمَا مِمَّا يُؤْكَلُ رَطْبًا، بِخِلَافِ الشَّعِيرِ وَنَحْوِهِ مِمَّا لَمْ تَجْرِ الْعَادَةُ بِأَكْلِهِ.
قَالَ الزَّرْكَشِيُّ: وَهُوَ حَسَنٌ.
وَقَالَ: وَلِهَذِهِ الْمَسْأَلَةِ الْتِفَاتٌ إِلَى مَا تَقَدَّمَ مِنَ الزَّكَاةِ: ","لَيْسَ لَهُ ذَلِكَ، صَحَّحَهُ فِي التَّصْحِيحِ، وَالنَّظْمِ، وَجَزَمَ بِهِ فِي الْوَجِيزِ.
قَالَ فِي إِدْرَاكِ الْغَايَةِ، وَتَجْرِيدِ الْعِنَايَةِ: لَهُ ذَلِكَ فِي رِوَايَةٍ.
فَائِدَةٌ: قَالَ الْمُصَنِّفُ، وَمَنْ تَابَعَهُ: يَلْحَقُ بِالزَّرْعِ الْبَاقِلَاءُ وَالْحِمَّصُ وَشِبْهُهُمَا مِمَّا يُؤْكَلُ رُطَبًا، بِخِلَافِ الشَّعِيرِ وَنَحْوِهِ مِمَّا لَمْ تَجْرِ الْعَادَةُ بِأَكْلِهِ.
قَالَ الزَّرْكَشِيُّ: وَهُوَ حَسَنٌ.
وَقَالَ: وَلِهَذِهِ الْمَسْأَلَةِ الْتِفَاتٌ إِلَى مَا تَقَدَّمَ مِنَ الزَّكَاةِ:"
ولم يحج كان جائزا فهو بمنزلة المكي الذي اعتمر من الكوفة وساق لهدي لمتعته فهناك لا يكون متمتعا فكذلك هنا وأبو حنيفة وأبو يوسف - رحمهما الله تعالى - يقولان: إلمامه غير صحيح بأهله هنا؛ لأنه محرم على حاله ما لم ينحر عنه الهدي فكان العود مستحقا عليه، وذلك يمنع صحة إلمامه بأهله كالقارن إذا أتى بعمل العمرة، ,وَلَمْ يَحُجَّ كَانَ جَائِزًا فَهُوَ بِمَنْزِلَةِ الْمَكِّيِّ الَّذِي اعْتَمَرَ مِنَ الْكُوفَةِ وَسَاقَ لِهَدْيٍ لِمُتْعَتِهِ فَهُنَاكَ لَا يَكُونُ مُتَمَتِّعًا فَكَذَلِكَ هُنَا وَأَبُو حَنِيفَةَ وَأَبُو يُوسُفَ - رَحِمَهُمَا اللَّهُ تَعَالَى - يَقُولَانِ: إِلْمَامُهُ غَيْرُ صَحِيحٍ بِأَهْلِهِ هُنَا؛ لِأَنَّهُ مُحْرِمٌ عَلَى حَالِهِ مَا لَمْ يُنْحَرْ عَنْهُ الْهَدْيُ فَكَانَ الْعَوْدُ مُسْتَحَقًّا عَلَيْهِ، وَذَلِكَ يَمْنَعُ صِحَّةَ إِلْمَامِهِ بِأَهْلِهِ كَالْقَارِنِ إِذَا أَتَى بِعَمَلِ الْعُمْرَةِ، ,وَلَمْ يَحُجَّ كَانَ جَائِزًا فَهُوَ بِمَنْزِلَةِ الْمَكِّيِّ الَّذِي اعْتَمَرَ مِنَ الْكُوفَةِ وَسَاقَ لِهَدْيٍ لِمُتْعَتِهِ فَهُنَاكَ لَا يَكُونُ مُتَمَتِّعًا فَكَذَلِكَ هُنَا وَأَبُو حَنِيفَةَ وَأَبُو يُوسُفَ - رَحِمَهُمَا اللَّهُ تَعَالَى - يَقُولَانِ: إِلْمَامُهُ غَيْرُ صَحِيحٍ بِأَهْلِهِ هُنَا؛ لِأَنَّهُ مُحْرِمٌ عَلَى حَالِهِ مَا لَمْ يُنْحَرْ عَنْهُ الْهَدْيُ فَكَانَ الْعَوْدُ مُسْتَحَقًّا عَلَيْهِ، وَذَلِكَ يَمْنَعُ صِحَّةَ إِلْمَامِهِ بِأَهْلِهِ كَالْقَارِنِ إِذَا أَتَى بِعَمَلِ الْعُمْرَةِ،
"وأخذت حليا أتقرب به إلى الله وإليك رجاء أن لا يجعلني الله من أهل النار فقال لي ابن مسعود تصدقي به علي وعلى ولدي فإنا له موضع فقلت حتى أستأذن النبي صلى الله عليه وسلم فقال النبي صلى الله عليه وسلم تصدقي به عليه وعلى بنيه فإنهم له موضع ثم قالت يا رسول الله أرأيت ما سمعت منك حين وقفت علينا ما رأيت من نواقص عقول قط ولا دين أذهب بقلوب ذوي الألباب منكن قالت يا رسول الله فما نقصان ديننا وعقولنا فقال أما ما ذكرت من نقصان دينكن فالحيضة التي تصيبكن تمكث إحداكن ما شاء الله أن تمكث لا تصلي ولا تصوم فذلك من نقصان دينكن وأما ما ذكرت من نقصان عقولكن فشهادتكن إنما شهادة المرأة نصف شهادة (14/450)
8863 - ","وَأَخَذْتُ حُلِيًّا أَتَقَرَّبُ بِهِ إِلَى اللَّهِ وَإِلَيْكَ رَجَاءَ أَنْ لَا يَجْعَلَنِي اللَّهُ مِنْ أَهْلِ النَّارِ فَقَالَ لِي ابْنُ مَسْعُودٍ تَصَدَّقِي بِهِ عَلَيَّ وَعَلَى وَلَدِي فَإِنَّا لَهُ مَوْضِعٌ فَقُلْتُ حَتَّى أَسْتَأْذِنَ النَّبِيَّ صَلَّى اللَّهُ عَلَيْهِ وَسَلَّمَ فَقَالَ النَّبِيُّ صَلَّى اللَّهُ عَلَيْهِ وَسَلَّمَ تَصَدَّقِي بِهِ عَلَيْهِ وَعَلَى بَنِيهِ فَإِنَّهُمْ لَهُ مَوْضِعٌ ثُمَّ قَالَتْ يَا رَسُولَ اللَّهِ أَرَأَيْتَ مَا سَمِعْتُ مِنْكَ حِينَ وَقَفْتَ عَلَيْنَا مَا رَأَيْتُ مِنْ نَوَاقِصِ عُقُولٍ قَطُّ وَلَا دِينٍ أَذْهَبَ بِقُلُوبِ ذَوِي الْأَلْبَابِ مِنْكُنَّ قَالَتْ يَا رَسُولَ اللَّهِ فَمَا نُقْصَانُ دِينِنَا وَعُقُولِنَا فَقَالَ أَمَّا مَا ذَكَرْتُ مِنْ نُقْصَانِ دِينِكُنَّ فَالْحَيْضَةُ الَّتِي تُصِيبُكُنَّ تَمْكُثُ إِحْدَاكُنَّ مَا شَاءَ اللَّهُ أَنْ تَمْكُثَ لَا تُصَلِّي وَلَا تَصُومُ فَذَلِكَ مِنْ نُقْصَانِ دِينِكُنَّ وَأَمَّا مَا ذَكَرْتُ مِنْ نُقْصَانِ عُقُولِكُنَّ فَشَهَادَتُكُنَّ إِنَّمَا شَهَادَةُ الْمَرْأَةِ نِصْفُ شَهَادَةٍ (14/450)
8863 - ",وَأَخَذْتُ حُلِيًّا أَتَقَرَّبُ بِهِ إِلَى اللَّهِ وَإِلَيْكَ رَجَاءَ أَنْ لَا يَجْعَلَنِي اللَّهُ مِنْ أَهْلِ النَّارِ فَقَالَ لِي ابْنُ مَسْعُودٍ تَصَدَّقِي بِهِ عَلَيَّ وَعَلَى وَلَدِي فَإِنَّا لَهُ مَوْضِعٌ فَقُلْتُ حَتَّى أَسْتَأْذِنَ النَّبِيَّ صَلَّى اللَّهُ عَلَيْهِ وَسَلَّمَ فَقَالَ النَّبِيُّ صَلَّى اللَّهُ عَلَيْهِ وَسَلَّمَ تَصَدَّقِي بِهِ عَلَيْهِ وَعَلَى بَنِيهِ فَإِنَّهُمْ لَهُ مَوْضِعٌ ثُمَّ قَالَتْ يَا رَسُولَ اللَّهِ أَرَأَيْتَ مَا سَمِعْتُ مِنْكَ حِينَ وَقَفْتَ عَلَيْنَا مَا رَأَيْتُ مِنْ نَوَاقِصِ عُقُولٍ قَطُّ وَلَا دِينٍ أَذْهَبَ بِقُلُوبِ ذَوِي الْأَلْبَابِ مِنْكُنَّ قَالَتْ يَا رَسُولَ اللَّهِ فَمَا نُقْصَانُ دِينِنَا وَعُقُولِنَا فَقَالَ أَمَّا مَا ذَكَرْتِ مِنْ نُقْصَانِ دِينِكُنَّ فَالْحَيْضَةُ الَّتِي تُصِيبُكُنَّ تَمْكُثُ إِحْدَاكُنَّ مَا شَاءَ اللَّهُ أَنْ تَمْكُثَ لَا تُصَلِّي وَلَا تَصُومُ فَذَلِكَ مِنْ نُقْصَانِ دِينِكُنَّ وَأَمَّا مَا ذَكَرْتِ مِنْ نُقْصَانِ عُقُولِكُنَّ فَشَه
"أما ما بعض أصله في الحرم فيحرم تغليبا للحرم، وخرج بتقييد غير المستنبت بالشجر الحنطة ونحوها كالشعير والخضراوات فيجوز قطعها وقلعها مطلقا بلا خلاف كما قاله في المجموع.
تنبيه: سكت المصنف عن ضمان شجر حرم مكة، فيجب في قطع أو قلع الشجرة الحرمية الكبيرة بأن تسمى كبيرة عرفا بقرة سواء أخلفت أم لا.
","أَمَّا مَا بَعْضُ أَصْلِهِ فِي الْحَرَمِ فَيَحْرُمُ تَغْلِيبًا لِلْحَرَمِ، وَخَرَجَ بِتَقْيِيدِ غَيْرِ الْمُسْتَنْبَتِ بِالشَّجَرِ الْحِنْطَةُ وَنَحْوُهَا كَالشَّعِيرِ وَالْخَضْرَاوَاتِ فَيَجُوزُ قَطْعُهَا وَقَلْعُهَا مُطْلَقًا بِلَا خِلَافٍ كَمَا قَالَهُ فِي الْمَجْمُوعِ.
تَنْبِيهٌ: سَكَتَ الْمُصَنِّفُ عَنْ ضَمَانِ شَجَرِ حَرَمِ مَكَّةَ، فَيَجِبُ فِي قَطْعِ أَوْ قَلْعِ الشَّجَرَةِ الْحَرَمِيَّةِ الْكَبِيرَةِ بِأَنْ تُسَمَّى كَبِيرَةً عُرْفًا بَقَرَةٌ سَوَاءٌ أَخْلَفَتْ أَمْ لَا.
","أَمَّا مَا بَعْضُ أَصْلِهِ فِي الْحَرَمِ فَيَحْرُمُ تَغْلِيبًا لِلْحَرَمِ، وَخَرَجَ بِتَقْيِيدِ غَيْرِ الْمُسْتَنْبَتِ بِالشَّجَرِ الْحِنْطَةُ وَنَحْوُهَا كَالشَّعِيرِ وَالْخَضْرَاوَاتِ فَيَجُوزُ قَطْعُهَا وَقَلْعُهَا مُطْلَقًا بِلَا خِلَافٍ كَمَا قَالَهُ فِي الْمَجْمُوعِ.
تَنْبِيهٌ: سَكَتَ الْمُصَنِّفُ عَنْ ضَمَانِ شَجَرِ حَرَمِ مَكَّةَ، فَيَجِبُ فِي قَطْعِ أَوْ قَلْعِ الشَّجَرَةِ الْحَرَمِيَّةِ الْكَبِيرَةِ بِأَنْ تُسَمَّى كَبِيرَةً عُرْفًا بَقَرَةٌ سَوَاءٌ أَخْلَفَتْ أَمْ لَا."
واختار شمس الأئمة السرخسي وصاحب الهداية أنه لا يجوز عقد الشركة بالاتفاق وهو أقرب إلى الفقه لبقاء جهالة رأس المال والربح عند القسمة، بخلاف المكيل والموزون بعد الخلط عند محمد لزوال الجهالة أصلا لأنها من ذوات الأمثال، ,وَاخْتَارَ شَمْسُ الْأَئِمَّةِ السَّرَخْسِيُّ وَصَاحِبُ الْهِدَايَةِ أَنَّهُ لَا يَجُوزُ عَقْدُ الشَّرِكَةِ بِالِاتِّفَاقِ وَهُوَ أَقْرَبُ إِلَى الْفِقْهِ لِبَقَاءِ جَهَالَةِ رَأْسِ الْمَالِ وَالرِّبْحِ عِنْدَ الْقِسْمَةِ، بِخِلَافِ الْمَكِيلِ وَالْمَوْزُونِ بَعْدَ الْخَلْطِ عِنْدَ مُحَمَّدٍ لِزَوَالِ الْجَهَالَةِ أَصْلًا لِأَنَّهَا مِنْ ذَوَاتِ الْأَمْثَالِ، ,وَاخْتَارَ شَمْسُ الْأَئِمَّةِ السَّرَخْسِيُّ وَصَاحِبُ الْهِدَايَةِ أَنَّهُ لَا يَجُوزُ عَقْدُ الشَّرِكَةِ بِالِاتِّفَاقِ وَهُوَ أَقْرَبُ إِلَى الْفِقْهِ لِبَقَاءِ جَهَالَةِ رَأْسِ الْمَالِ وَالرِّبْحِ عِنْدَ الْقِسْمَةِ، بِخِلَافِ الْمَكِيلِ وَالْمَوْزُونِ بَعْدَ الْخَلْطِ عِنْدَ مُحَمَّدٍ لِزَوَالِ الْجَهَالَةِ أَصْلًا لِأَنَّهَا مِنْ ذَوَاتِ الْأَمْثَالِ،
"كذا في خزانة المفتين هذا عند أبي حنيفة رحمه الله تعالى وعند أبي يوسف ومحمد - رحمهما الله تعالى - يقسم بينهما على ثلاثة أسهم: سهمان للموصى له بالنصف وسهم للموصى له بالربع.
وإنما يقسم على سبعة أسهم عنده؛ ","كَذَا فِي خِزَانَةِ الْمُفْتِينَ هَذَا عِنْدَ أَبِي حَنِيفَةَ رَحِمَهُ اللَّهُ تَعَالَى وَعِنْدَ أَبِي يُوسُفَ وَمُحَمَّدٍ - رَحِمَهُمَا اللَّهُ تَعَالَى - يُقَسَّمُ بَيْنَهُمَا عَلَى ثَلَاثَةِ أَسْهُمٍ: سَهْمَانِ لِلْمُوصَى لَهُ بِالنِّصْفِ وَسَهْمٌ لِلْمُوصَى لَهُ بِالرُّبُعِ.
وَإِنَّمَا يُقَسَّمُ عَلَى سَبْعَةِ أَسْهُمٍ عِنْدَهُ؛ ","كَذَا فِي خِزَانَةِ الْمُفْتِينَ هَذَا عِنْدَ أَبِي حَنِيفَةَ رَحِمَهُ اللَّهُ تَعَالَى وَعِنْدَ أَبِي يُوسُفَ وَمُحَمَّدٍ - رَحِمَهُمَا اللَّهُ تَعَالَى - يُقْسَمُ بَيْنَهُمَا عَلَى ثَلَاثَةِ أَسْهُمٍ: سَهْمَانِ لِلْمُوصَى لَهُ بِالنِّصْفِ وَسَهْمٌ لِلْمُوصَى لَهُ بِالرُّبْعِ.
وَإِنَّمَا يُقْسَمُ عَلَى سَبْعَةِ أَسْهُمٍ عِنْدَهُ؛"
"حدثنا عبد الله بن يزيد عن سعيد بن أبي أيوب حدثني زهرة بن معبد عن ابن عم له أخي أبيه (28/592)
","حَدَّثَنَا عَبْدُ اللَّهِ بْنُ يَزِيدَ عَنْ سَعِيدِ بْنِ أَبِي أَيُّوبَ حَدَّثَنِي زُهْرَةُ بْنُ مَعْبَدٍ عَنِ ابْنِ عَمٍّ لَهُ أَخِي أَبِيهِ (28/592)
",حَدَّثَنَا عَبْدُ اللَّهِ بْنُ يَزِيدَ عَنْ سَعِيدِ بْنِ أَبِي أَيُّوبَ حَدَّثَنِي زُهْرَةُ بْنُ مَعْبَدٍ عَنِ ابْنِ عَمٍّ لَهُ أَخِي أَبِيهِ (28/592)
فلم يدلهم لم يذكر محمد رحمه الله تعالى هذا الفصل في الكتاب، والجواب فيه أنه على أمانه لا يحل للإمام قتله، ولا أسره وإذا دخل عسكر من المسلمين دار الحرب، فمروا ببعض حصونهم أو مدائنهم، ولم يكن للمسلمين بهم طاقة، وأرادوا أن ينفروا إلى غيرهم، فقال لهم أهل المدينة: ,فَلَمْ يَدُلَّهُمْ لَمْ يَذْكُرْ مُحَمَّدٌ رَحِمَهُ اللَّهُ تَعَالَى هَذَا الْفَصْلَ فِي الْكِتَابِ، وَالْجَوَابُ فِيهِ أَنَّهُ عَلَى أَمَانِهِ لَا يَحِلُّ لِلْإِمَامِ قَتْلُهُ، وَلَا أَسْرُهُ وَإِذَا دَخَلَ عَسْكَرٌ مِنَ الْمُسْلِمِينَ دَارَ الْحَرْبِ، فَمَرُّوا بِبَعْضِ حُصُونِهِمْ أَوْ مَدَائِنِهِمْ، وَلَمْ يَكُنْ لِلْمُسْلِمِينَ بِهِمْ طَاقَةٌ، وَأَرَادُوا أَنْ يَنْفِرُوا إِلَى غَيْرِهِمْ، فَقَالَ لَهُمْ أَهْلُ الْمَدِينَةِ: ,فَلَمْ يَدُلَّهُمْ لَمْ يَذْكُرْ مُحَمَّدٌ رَحِمَهُ اللَّهُ تَعَالَى هَذَا الْفَصْلَ فِي الْكِتَابِ، وَالْجَوَابُ فِيهِ أَنَّهُ عَلَى أَمَانِهِ لَا يَحِلُّ لِلْإِمَامِ قَتْلُهُ، وَلَا أَسْرُهُ وَإِذَا دَخَلَ عَسْكَرٌ مِنَ الْمُسْلِمِينَ دَارَ الْحَرْبِ، فَمَرُّوا بِبَعْضِ حُصُونِهِمْ أَوْ مَدَائِنِهِمْ، وَلَمْ يَكُنْ لِلْمُسْلِمِينَ بِهِمْ طَاقَةٌ، وَأَرَادُوا أَنْ يَنْفِرُوا إِلَى غَيْرِهِمْ، فَقَالَ لَهُمْ أَهْلُ الْمَدِينَةِ:
"جميع مالي لفلان بعد موتي وشهد الآخر أنه قال: جميع مالي صدقة على فلان بعد موتي، وذلك في مجلس، أو مجلسين فالشهادة جائزة، كذا في الذخيرة. (26/109)
ولو شهدا بالوكالة وزاد أحدهما أنه عزله جازت شهادتهما على الوكالة، ولم تجز على العزل، كذا في الفصول العمادية. (26/110)
","جَمِيعُ مَالِي لِفُلَانٍ بَعْدَ مَوْتِي وَشَهِدَ الْآخَرُ أَنَّهُ قَالَ: جَمِيعُ مَالِي صَدَقَةٌ عَلَى فُلَانٍ بَعْدَ مَوْتِي، وَذَلِكَ فِي مَجْلِسٍ، أَوْ مَجْلِسَيْنِ فَالشَّهَادَةُ جَائِزَةٌ، كَذَا فِي الذَّخِيرَةِ. (26/109)
وَلَوْ شَهِدَا بِالْوَكَالَةِ وَزَادَ أَحَدُهُمَا أَنَّهُ عَزَلَهُ جَازَتْ شَهَادَتُهُمَا عَلَى الْوَكَالَةِ، وَلَمْ تَجُزْ عَلَى الْعَزْلِ، كَذَا فِي الْفُصُولِ الْعِمَادِيَّةِ. (26/110)
","جَمِيعُ مَالِي لِفُلَانٍ بَعْدَ مَوْتِي وَشَهِدَ الْآخَرُ أَنَّهُ قَالَ: جَمِيعُ مَالِي صَدَقَةٌ عَلَى فُلَانٍ بَعْدَ مَوْتِي، وَذَلِكَ فِي مَجْلِسٍ، أَوْ مَجْلِسَيْنِ فَالشَّهَادَةُ جَائِزَةٌ، كَذَا فِي الذَّخِيرَةِ. (26/109)
وَلَوْ شَهِدَا بِالْوَكَالَةِ وَزَادَ أَحَدُهُمَا أَنَّهُ عَزَلَهُ جَازَتْ شَهَادَتُهُمَا عَلَى الْوَكَالَةِ، وَلَمْ تَجُزْ عَلَى الْعَزْلِ، كَذَا فِي الْفُصُولِ الْعِمَادِيَّةِ. (26/110)"
"ويعدل) القاسم (السهام بالأجزاء إن تساوت) كالمائعات والمكيلات من الحبوب والثمار إن لم تختلف وكالأرض المتساوية جودة أو رداءة (و) يعدل السهام (بالقيمة إن اختلفت) فيجعل السهم الرديء أكثر منه من الجيد بحيث إذا قوما كانت قيمتهما سواء لأنه إذا تعذر التعديل بالأجزاء لم يبق إلا التعديل بالقيمة ضرورة أن قسمة الإجبار لا تخلو من أحدهما.
(","وَيَعْدِلُ) الْقَاسِمُ (السِّهَامَ بِالْأَجْزَاءِ إِنْ تَسَاوَتْ) كَالْمَائِعَاتِ وَالْمَكِيلَاتِ مِنَ الْحُبُوبِ وَالثِّمَارِ إِنْ لَمْ تَخْتَلِفْ وَكَالْأَرْضِ الْمُتَسَاوِيَةِ جَوْدَةً أَوْ رَدَاءَةً (وَ) يَعْدِلُ السِّهَامَ (بِالْقِيمَةِ إِنِ اخْتَلَفَتْ) فَيَجْعَلُ السَّهْمَ الرَّدِيءَ أَكْثَرَ مِنْهُ مِنَ الْجَيِّدِ بِحَيْثُ إِذَا قُوِّمَا كَانَتْ قِيمَتُهُمَا سَوَاءً لِأَنَّهُ إِذَا تَعَذَّرَ التَّعْدِيلُ بِالْأَجْزَاءِ لَمْ يَبْقَ إِلَّا التَّعْدِيلُ بِالْقِيمَةِ ضَرُورَةَ أَنَّ قِسْمَةَ الْإِجْبَارِ لَا تَخْلُو مِنْ أَحَدِهِمَا.
(","وَيَعْدِلُ) الْقَاسِمُ (السِّهَامَ بِالْأَجْزَاءِ إِنْ تَسَاوَتْ) كَالْمَائِعَاتِ وَالْمَكِيلَاتِ مِنَ الْحُبُوبِ وَالثِّمَارِ إِنْ لَمْ تَخْتَلِفْ وَكَالْأَرْضِ الْمُتَسَاوِيَةِ جَوْدَةً أَوْ رَدَاءَةً (وَ) يَعْدِلُ السِّهَامَ (بِالْقِيمَةِ إِنِ اخْتَلَفَتْ) فَيَجْعَلُ السَّهْمَ الرَّدِيءَ أَكْثَرَ مِنْهُ مِنَ الْجَيِّدِ بِحَيْثُ إِذَا قُوِّمَا كَانَتْ قِيمَتُهُمَا سَوَاءً لِأَنَّهُ إِذَا تَعَذَّرَ التَّعْدِيلُ بِالْأَجْزَاءِ لَمْ يَبْقَ إِلَّا التَّعْدِيلُ بِالْقِيمَةِ ضَرُورَةَ أَنَّ قِسْمَةَ الْإِجْبَارِ لَا تَخْلُو مِنْ أَحَدِهِمَا.
("
"وقد وجب المال فلا يجب القصاص.
ولو قطع أصبع رجل عمدا فسقطت الكف من المفصل فلا قصاص في ذلك في قول أبي حنيفة - رحمه الله - وفيه دية اليد؛ لأن استيفاء المثل - وهو القطع المسقط للكف - متعذر فيمتنع الوجوب؛ ولأن الكف مع الأصبع كعضو واحد فكانت الجناية واحدة حقيقة وحكما، ","وَقَدْ وَجَبَ الْمَالُ فَلَا يَجِبُ الْقِصَاصَ.
وَلَوْ قَطَعَ أُصْبُعَ رَجُلٍ عَمْدًا فَسَقَطَتِ الْكَفُّ مِنَ الْمَفْصِلِ فَلَا قِصَاصَ فِي ذَلِكَ فِي قَوْلِ أَبِي حَنِيفَةَ - رَحِمَهُ اللَّهُ - وَفِيهِ دِيَةُ الْيَدِ؛ لِأَنَّ اسْتِيفَاءَ الْمِثْلِ - وَهُوَ الْقَطْعُ الْمُسْقِطُ لِلْكَفِّ - مُتَعَذِّرٌ فَيُمْتَنَعُ الْوُجُوبُ؛ وَلِأَنَّ الْكَفَّ مَعَ الْأُصْبُعِ كَعُضْوٍ وَاحِدٍ فَكَانَتِ الْجِنَايَةُ وَاحِدَةً حَقِيقَةً وَحُكْمًا، ","وَقَدْ وَجَبَ الْمَالُ فَلَا يَجِبُ الْقِصَاصُ.
وَلَوْ قَطَعَ أُصْبُعَ رَجُلٍ عَمْدًا فَسَقَطَتِ الْكَفُّ مِنَ الْمَفْصِلِ فَلَا قِصَاصَ فِي ذَلِكَ فِي قَوْلِ أَبِي حَنِيفَةَ - رَحِمَهُ اللَّهُ - وَفِيهِ دِيَةُ الْيَدِ؛ لِأَنَّ اسْتِيفَاءَ الْمِثْلِ - وَهُوَ الْقَطْعُ الْمُسْقِطُ لِلْكَفِّ - مُتَعَذِّرٌ فَيَمْتَنِعُ الْوُجُوبُ؛ وَلِأَنَّ الْكَفَّ مَعَ الْأُصْبُعِ كَعُضْوٍ وَاحِدٍ فَكَانَتِ الْجِنَايَةُ وَاحِدَةً حَقِيقَةً وَحُكْمًا،"
"وكذلك ما يحدث عند قول الساحر وفعله في جسم المسحور أو ماله، وضعه الله تعالى في الأرض بمشيئته وحكمته، ومن فصول الشريعة وفضلها وحكمتها البالغة، ما وضعه الله تعالى من الرقى بإذهاب الأمراض من الأبدان بها، وإبطال سحر الساحر ورد عين العائن عند الاسترقاء بها، ودفع كل ضرر بإذن الله تعالى.
","وَكَذَلِكَ مَا يَحْدُثُ عِنْدَ قَوْلِ السَّاحِرِ وَفِعْلِهِ فِي جِسْمِ الْمَسْحُورِ أَوْ مَالِهِ، وَضَعَهُ اللَّهُ تَعَالَى فِي الْأَرْضِ بِمَشِيئَتِهِ وَحِكْمَتِهِ، وَمِنْ فُصُولِ الشَّرِيعَةِ وَفَضْلِهَا وَحِكْمَتِهَا الْبَالِغَةِ، مَا وَضَعَهُ اللَّهُ تَعَالَى مِنَ الرُّقَى بِإِذْهَابِ الْأَمْرَاضِ مِنَ الْأَبْدَانِ بِهَا، وَإِبْطَالِ سِحْرِ السَّاحِرِ وَرَدِّ عَيْنِ الْعَائِنِ عِنْدَ الِاسْتِرْقَاءِ بِهَا، وَدَفْعِ كُلِّ ضَرَرٍ بِإِذْنِ اللَّهِ تَعَالَى.
",وَكَذَلِكَ مَا يَحْدُثُ عِنْدَ قَوْلِ السَّاحِرِ وَفِعْلِهِ فِي جِسْمِ الْمَسْحُورِ أَوْ مَالِهِ، وَضَعَهُ اللَّهُ تَعَالَى فِي الْأَرْضِ بِمَشِيئَتِهِ وَحِكْمَتِهِ، وَمِنْ فُصُولِ الشَّرِيعَةِ وَفَضْلِهَا وَحِكْمَتِهَا الْبَالِغَةِ، مَا وَضَعَهُ اللَّهُ تَعَالَى مِنَ الرُّقَى بِإِذْهَابِ الْأَمْرَاضِ مِنَ الْأَبْدَانِ بِهَا، وَإِبْطَالِ سِحْرِ السَّاحِرِ وَرَدِّ عَيْنِ الْعَائِنِ عِنْدَ الِاسْتِرْقَاءِ بِهَا، وَدَفْعِ كُلِّ ضَرَرٍ بِإِذْنِ اللَّهِ تَعَالَى.
"ولو سرق في بلد ووجد في بلد آخر، والقيمة فيه أنقص لم يقطع حتى تكون القيمة في البلدين عشرة.
انظر الإيضاح. (2/397)
(فصل) : ولا خلاف أن الحرز معتبر وذلك بأحد أمرين: إما بما يعد للإحراز كالدور والدكاكين وما أشبه ذلك، وإما أن يصير محرزا بالحافظ، فإن من جلس في الطريق أو في المسجد وعنده متاعه فهو محرز به، ","وَلَوْ سَرَقَ فِي بَلَدٍ وَوُجِدَ فِي بَلَدٍ آخَرَ، وَالْقِيمَةُ فِيهِ أَنْقَصُ لَمْ يُقْطَعْ حَتَّى تَكُونَ الْقِيمَةُ فِي الْبَلَدَيْنِ عَشْرَةً.
انْظُرِ الْإِيضَاحَ. (2/397)
(فَصْلٌ) : وَلَا خِلَافَ أَنَّ الْحِرْزَ مُعْتَبَرٌ وَذَلِكَ بِأَحَدِ أَمْرَيْنِ: إِمَّا بِمَا يُعَدُّ لِلْإِحْرَازِ كَالدُّورِ وَالدَّكَاكِينِ وَمَا أَشْبَهَ ذَلِكَ، وَإِمَّا أَنْ يَصِيرَ مُحْرَزًا بِالْحَافِظِ، فَإِنَّ مَنْ جَلَسَ فِي الطَّرِيقِ أَوْ فِي الْمَسْجِدِ وَعِنْدَهُ مَتَاعُهُ فَهُوَ مُحْرَزٌ بِهِ، ","وَلَوْ سَرَقَ فِي بَلَدٍ وَوُجِدَ فِي بَلَدٍ آخَرَ، وَالْقِيمَةُ فِيهِ أَنْقَصُ لَمْ يُقْطَعْ حَتَّى تَكُونَ الْقِيمَةُ فِي الْبَلَدَيْنِ عَشَرَةً.
انْظُرِ الْإِيضَاحَ. (2/397)
(فَصْلٌ) : وَلَا خِلَافَ أَنَّ الْحِرْزَ مُعْتَبَرٌ وَذَلِكَ بِأَحَدِ أَمْرَيْنِ: إِمَّا بِمَا يُعَدُّ لِلْإِحْرَازِ كَالدُّورِ وَالدَّكَاكِينِ وَمَا أَشْبَهَ ذَلِكَ، وَإِمَّا أَنْ يَصِيرَ مُحْرَزًا بِالْحَافِظِ، فَإِنَّ مَنْ جَلَسَ فِي الطَّرِيقِ أَوْ فِي الْمَسْجِدِ وَعِنْدَهُ مَتَاعُهُ فَهُوَ مُحْرَزٌ بِهِ،"
"تمليك ووكالة ورسالة.
فإن وكله كان له عزله ما لم يقض بالطلاق، واختلف إذا قال طلق امرأتي هل هو تمليك أو وكالة، وكان ابن القاسم يقول: هو على الرسالة ولا يقع به الطلاق إلا أن يطلق يريد بالرسالة هنا الوكالة وهذا أحسن.
(وله النظر وصار كهي إن حضر) تقدم نصها والأمر إليهما ثم قال في المدونة: ","تَمْلِيكٌ وَوَكَالَةٌ وَرِسَالَةٌ.
فَإِنْ وَكَّلَهُ كَانَ لَهُ عَزْلُهُ مَا لَمْ يَقْضِ بِالطَّلَاقِ، وَاخْتُلِفَ إِذَا قَالَ طَلِّقِ امْرَأَتِي هَلْ هُوَ تَمْلِيكٌ أَوْ وَكَالَةٌ، وَكَانَ ابْنُ الْقَاسِمِ يَقُولُ: هُوَ عَلَى الرِّسَالَةِ وَلَا يَقَعُ بِهِ الطَّلَاقُ إِلَّا أَنْ يُطَلِّقَ يُرِيدُ بِالرِّسَالَةِ هُنَا الْوَكَالَةَ وَهَذَا أَحْسَنُ.
(وَلَهُ النَّظَرُ وَصَارَ كَهِيَ إِنْ حَضَرَ) تَقَدَّمَ نَصُّهَا وَالْأَمْرُ إِلَيْهِمَا ثُمَّ قَالَ فِي الْمُدَوَّنَةِ: ","تَمْلِيكٌ وَوَكَالَةٌ وَرِسَالَةٌ.
فَإِنْ وَكَّلَهُ كَانَ لَهُ عَزْلُهُ مَا لَمْ يَقْضِ بِالطَّلَاقِ، وَاخْتُلِفَ إِذَا قَالَ طَلِّقِ امْرَأَتِي هَلْ هُوَ تَمْلِيكٌ أَوْ وَكَالَةٌ، وَكَانَ ابْنُ الْقَاسِمِ يَقُولُ: هُوَ عَلَى الرِّسَالَةِ وَلَا يَقَعُ بِهِ الطَّلَاقُ إِلَّا أَنْ يُطَلِّقَ يُرِيدُ بِالرِّسَالَةِ هُنَا الْوَكَالَةَ وَهَذَا أَحْسَنُ.
(وَلَهُ النَّظَرُ وَصَارَ كَهِيَ إِنْ حَضَرَ) تَقَدَّمَ نَصُّهَا وَالْأَمْرُ إِلَيْهِمَا ثُمَّ قَالَ فِي الْمُدَوَّنَةِ:"
"ا ه. (5/132)
(سئل) فيما إذا مات المضارب وعليه دين وكان مال المضاربة معروفا فهل يكون رب المال أحق برأس ماله وحصته من الربح؟ (الجواب) : نعم كما صرح بذلك قاضي خان والذخيرة البرهانية. (5/133)
(سئل) فيما إذا هلك شيء من مال المضاربة فهل يصرف الهالك إلى الربح؟ (الجواب) : نعم وما أي كل شيء هلك من مال المضاربة فمن الربح أي فيجعل منه؛ ","ا ه. (5/132)
(سُئِلَ) فِيمَا إِذَا مَاتَ الْمُضَارِبُ وَعَلَيْهِ دَيْنٌ وَكَانَ مَالُ الْمُضَارَبَةِ مَعْرُوفًا فَهَلْ يَكُونُ رَبُّ الْمَالِ أَحَقَّ بِرَأْسِ مَالِهِ وَحِصَّتِهِ مِنَ الرِّبْحِ؟ (الْجَوَابُ) : نَعَمْ كَمَا صَرَّحَ بِذَلِكَ قَاضِي خَانْ وَالذَّخِيرَةُ الْبُرْهَانِيَّةُ. (5/133)
(سُئِلَ) فِيمَا إِذَا هَلَكَ شَيْءٌ مِنْ مَالِ الْمُضَارَبَةِ فَهَلْ يُصْرَفُ الْهَالِكُ إِلَى الرِّبْحِ؟ (الْجَوَابُ) : نَعَمْ وَمَا أَيْ كُلُّ شَيْءٍ هَلَكَ مِنْ مَالِ الْمُضَارَبَةِ فَمِنَ الرِّبْحِ أَيْ فَيُجْعَلُ مِنْهُ؛ ","ا ه. (5/132)
(سُئِلَ) فِيمَا إِذَا مَاتَ الْمُضَارِبُ وَعَلَيْهِ دَيْنٌ وَكَانَ مَالُ الْمُضَارَبَةِ مَعْرُوفًا فَهَلْ يَكُونُ رَبُّ الْمَالِ أَحَقَّ بِرَأْسِ مَالِهِ وَحِصَّتِهِ مِنَ الرِّبْحِ؟ (الْجَوَابُ) : نَعَمْ كَمَا صَرَّحَ بِذَلِكَ قَاضِي خَانْ وَالذَّخِيرَةُ الْبُرْهَانِيَّةُ. (5/133)
(سُئِلَ) فِيمَا إِذَا هَلَكَ شَيْءٌ مِنْ مَالِ الْمُضَارَبَةِ فَهَلْ يُصْرَفُ الْهَالِكُ إِلَى الرِّبْحِ؟ (الْجَوَابُ) : نَعَمْ وَمَا أَيْ كُلُّ شَيْءٍ هَلَكَ مِنْ مَالِ الْمُضَارَبَةِ فَمِنَ الرِّبْحِ أَيْ فَيُجْعَلُ مِنْهُ؛"
أما معه فيصح، ويكون ذلك إجازة منهما (ويجوز كونه) أي رأس المال (منفعة) معلومة كما يجوز جعلها ثمنا أو أجرة وصداقا (وتقبض بقبض العين) ؛ لأنه لما تعذر القبض الحقيقي اكتفى بهذا؛ لأنه الممكن في قبض المنفعة؛ لأنها تابعة لها، ,أَمَّا مَعَهُ فَيَصِحُّ، وَيَكُونُ ذَلِكَ إِجَازَةً مِنْهُمَا (وَيَجُوزُ كَوْنُهُ) أَيْ رَأْسِ الْمَالِ (مَنْفَعَةً) مَعْلُومَةً كَمَا يَجُوزُ جَعْلُهَا ثَمَنًا أَوْ أُجْرَةً وَصَدَاقًا (وَتُقْبَضُ بِقَبْضِ الْعَيْنِ) ؛ لِأَنَّهُ لَمَّا تَعَذَّرَ الْقَبْضُ الْحَقِيقِيُّ اكْتَفَى بِهَذَا؛ لِأَنَّهُ الْمُمْكِنُ فِي قَبْضِ الْمَنْفَعَةِ؛ لِأَنَّهَا تَابِعَةٌ لَهَا، ,أَمَّا مَعَهُ فَيَصِحُّ، وَيَكُونُ ذَلِكَ إِجَازَةً مِنْهُمَا (وَيَجُوزُ كَوْنُهُ) أَيْ رَأْسِ الْمَالِ (مَنْفَعَةً) مَعْلُومَةً كَمَا يَجُوزُ جَعْلُهَا ثَمَنًا أَوْ أُجْرَةً وَصَدَاقًا (وَتُقْبَضُ بِقَبْضِ الْعَيْنِ) ؛ لِأَنَّهُ لَمَّا تَعَذَّرَ الْقَبْضُ الْحَقِيقِيُّ اكْتَفَى بِهَذَا؛ لِأَنَّهُ الْمُمْكِنُ فِي قَبْضِ الْمَنْفَعَةِ؛ لِأَنَّهَا تَابِعَةٌ لَهَا،
لأنهما لما أقرا أنها للمدعي ثم صالحاه فكأنهما اشتريا الدار بالمائة وظهر بإقرارهما أن الدار لم تكن ميراثا بينهما وبمطلق الشراء يقع الملك للمشتريين في المنزل نصفين، ويكون الثمن عليهما نصفين، فإن أرادا أن يكون بينهما أثمانا فالحيلة في ذلك أن يقرا للمدعي بالدار ثم يصالحهما منها على مائة درهم على أن يكون للمرأة ثمن الدار وللابن سبعة أثمانها، ,لِأَنَّهُمَا لَمَّا أَقَرَّا أَنَّهَا لِلْمُدَّعِي ثُمَّ صَالَحَاهُ فَكَأَنَّهُمَا اشْتَرَيَا الدَّارَ بِالْمِائَةِ وَظَهَرَ بِإِقْرَارِهِمَا أَنَّ الدَّارَ لَمْ تَكُنْ مِيرَاثًا بَيْنَهُمَا وَبِمُطْلَقِ الشِّرَاءِ يَقَعُ الْمِلْكُ لِلْمُشْتَرِيَيْنِ فِي الْمَنْزِلِ نِصْفَيْنِ، وَيَكُونُ الثَّمَنُ عَلَيْهِمَا نِصْفَيْنِ، فَإِنْ أَرَادَا أَنْ يَكُونَ بَيْنَهُمَا أَثْمَانًا فَالْحِيلَةُ فِي ذَلِكَ أَنْ يُقِرَّا لِلْمُدَّعِي بِالدَّارِ ثُمَّ يُصَالِحَهُمَا مِنْهَا عَلَى مِائَةِ دِرْهَمٍ عَلَى أَنْ يَكُونَ لِلْمَرْأَةِ ثُمُنُ الدَّارِ وَلِلِابْنِ سَبْعَةُ أَثْمَانِهَا، ,لِأَنَّهُمَا لَمَّا أَقَرَّا أَنَّهَا لِلْمُدَّعِي ثُمَّ صَالَحَاهُ فَكَأَنَّهُمَا اشْتَرَيَا الدَّارَ بِالْمِائَةِ وَظَهَرَ بِإِقْرَارِهِمَا أَنَّ الدَّارَ لَمْ تَكُنْ مِيرَاثًا بَيْنَهُمَا وَبِمُطْلَقِ الشِّرَاءِ يَقَعُ الْمِلْكُ لِلْمُشْتَرِيَيْنِ فِي الْمَنْزِلِ نِصْفَيْنِ، وَيَكُونُ الثَّمَنُ عَلَيْهِمَا نِصْفَيْنِ، فَإِنْ أَرَادَا أَنْ يَكُونَ بَيْنَهُمَا أَثْمَانًا فَالْحِيلَةُ فِي ذَلِكَ أَنْ يُقِرَّا لِلْمُدَّعِي بِالدَّارِ ثُمَّ يُصَالِحَهُمَا مِنْهَا عَلَى مِائَةِ دِرْهَمٍ عَلَى أَنْ يَكُونَ لِلْمَرْأَةِ ثُمُنُ الدَّارِ وَلِلِابْنِ سَبْعَةُ أَثْمَانِهَا،
"اللهم اهدني فيمن هديت، وعافني فيمن عافيت، وتولني فيمن توليت، وبارك لي فيما أعطيت، وقني شر ما قضيت، إنك تقضي ولا يقضى عليك، إنه لا يذل من واليت.
تباركت وتعاليت} وفي هذا مع ما قدمناه من حديث الحسن ما يصرح بأن قولهم: ","اللَّهُمَّ اهْدِنِي فِيمَنْ هَدَيْتَ، وَعَافِنِي فِيمَنْ عَافَيْتَ، وَتَوَلَّنِي فِيمَنْ تَوَلَّيْتَ، وَبَارِكْ لِي فِيمَا أَعْطَيْتَ، وَقِنِي شَرَّ مَا قَضَيْتَ، إِنَّكَ تَقْضِي وَلَا يُقْضَى عَلَيْكَ، إِنَّهُ لَا يَذِلُّ مَنْ وَالَيْتَ.
تَبَارَكْتَ وَتَعَالَيْتَ} وَفِي هَذَا مَعَ مَا قَدَّمْنَاهُ مِنْ حَدِيثِ الْحَسَنِ مَا يُصَرِّحُ بِأَنَّ قَوْلَهُمْ: ","اللَّهُمَّ اهْدِنِي فِيمَنْ هَدَيْتَ، وَعَافِنِي فِيمَنْ عَافَيْتَ، وَتَوَلَّنِي فِيمَنْ تَوَلَّيْتَ، وَبَارِكْ لِي فِيمَا أَعْطَيْتَ، وَقِنِي شَرَّ مَا قَضَيْتَ، إِنَّكَ تَقْضِي وَلَا يُقْضَى عَلَيْكَ، إِنَّهُ لَا يَذِلُّ مَنْ وَالَيْتَ.
تَبَارَكْتَ وَتَعَالَيْتَ} وَفِي هَذَا مَعَ مَا قَدَّمْنَاهُ مِنْ حَدِيثِ الْحَسَنِ مَا يُصَرِّحُ بِأَنَّ قَوْلَهُمْ:"
"لأن الأحرار من الأسراء ما كانوا في ملكهم قط، ولا تملكناهم عليهم بطريق الجعل، فلا يكون في الامتناع من الرد معنى الإضرار بهم، وإنما فيه كف عن الظلم.
-.
وكذلك إن أعطوا ذلك من مدبرين، أو مكاتبين، أو أمهات أولاد كانوا للمسلمين أسرى في أيديهم.
لأنهم لم يتملكوا شيئا من ذلك فإن ثبوت حق العتق في المحل، ","لِأَنَّ الْأَحْرَارَ مِنَ الْأُسَرَاءِ مَا كَانُوا فِي مُلْكِهِمْ قَطُّ، وَلَا تَمَلَّكْنَاهُمْ عَلَيْهِمْ بِطَرِيقِ الْجُعَلِ، فَلَا يَكُونُ فِي الِامْتِنَاعِ مِنَ الرَّدِّ مَعْنَى الْإِضْرَارِ بِهِمْ، وَإِنَّمَا فِيهِ كَفٌّ عَنِ الظُّلْمِ.
-.
وَكَذَلِكَ إِنْ أَعْطَوْا ذَلِكَ مِنْ مُدْبِرِينَ، أَوْ مُكَاتِبِينَ، أَوْ أُمَّهَاتِ أَوْلَادٍ كَانُوا لِلْمُسْلِمِينَ أَسْرَى فِي أَيْدِيهِمْ.
لِأَنَّهُمْ لَمْ يَتَمَلَّكُوا شَيْئًا مِنْ ذَلِكَ فَإِنَّ ثُبُوتَ حَقِّ الْعِتْقِ فِي الْمَحَلِّ، ","لِأَنَّ الْأَحْرَارَ مِنَ الْأُسَرَاءِ مَا كَانُوا فِي مِلْكِهِمْ قَطُّ، وَلَا تَمَلَّكْنَاهُمْ عَلَيْهِمْ بِطَرِيقِ الْجَعْلِ، فَلَا يَكُونُ فِي الِامْتِنَاعِ مِنَ الرَّدِّ مَعْنَى الْإِضْرَارِ بِهِمْ، وَإِنَّمَا فِيهِ كَفٌّ عَنِ الظُّلْمِ.
-.
وَكَذَلِكَ إِنْ أُعْطُوا ذَلِكَ مِنْ مُدَبَّرِينَ، أَوْ مُكَاتَبِينَ، أَوْ أُمَّهَاتِ أَوْلَادٍ كَانُوا لِلْمُسْلِمِينَ أَسْرَى فِي أَيْدِيهِمْ.
لِأَنَّهُمْ لَمْ يَتَمَلَّكُوا شَيْئًا مِنْ ذَلِكَ فَإِنَّ ثُبُوتَ حَقِّ الْعِتْقِ فِي الْمَحَلِّ،"
"حدثنا محمد بن جعفر قال حدثنا شعبة عن سليمان وأبو أحمد قال حدثنا سفيان عن الأعمش عن ذكوان عن أبي هريرة عن النبي صلى الله عليه وسلم أنه قال لأن يمتلئ جوف أحدكم قيحا حتى يريه خير له من أن يمتلئ شعرا (16/164)
10221 - ","حَدَّثَنَا مُحَمَّدُ بْنُ جَعْفَرٍ قَالَ حَدَّثَنَا شُعْبَةُ عَنْ سُلَيْمَانَ وَأَبُو أَحْمَدَ قَالَ حَدَّثَنَا سُفْيَانُ عَنِ الْأَعْمَشِ عَنْ ذَكْوَانَ عَنِ أَبِي هُرَيْرَةَ عَنِ النَّبِيِّ صَلَّى اللَّهُ عَلَيْهِ وَسَلَّمَ أَنَّهُ قَالَ لَأَنْ يَمْتَلِئَ جَوْفُ أَحَدِكُمْ قَيْحًا حَتَّى يَرِيَهُ خَيْرٌ لَهُ مِنْ أَنْ يَمْتَلِئَ شِعْرًا (16/164)
10221 - ","حَدَّثَنَا مُحَمَّدُ بْنُ جَعْفَرٍ قَالَ حَدَّثَنَا شُعْبَةُ عَنْ سُلَيْمَانَ وَأَبُو أَحْمَدَ قَالَ حَدَّثَنَا سُفْيَانُ عَنِ الْأَعْمَشِ عَنْ ذَكْوَانَ عَنْ أَبِي هُرَيْرَةَ عَنِ النَّبِيِّ صَلَّى اللَّهُ عَلَيْهِ وَسَلَّمَ أَنَّهُ قَالَ لَأَنْ يَمْتَلِئَ جَوْفُ أَحَدِكُمْ قَيْحًا حَتَّى يُرِيَهُ خَيْرٌ لَهُ مِنْ أَنْ يَمْتَلِئَ شِعْرًا (16/164)
10221 -"
"وفي هذه الكرة بخمسة، فتبين أنك مهما زدت في النصيب سهما كاملا يذهب من سهام الخطأ ثلاثة فزد ثلثي سهم على سهمين حتى يذهب الخطأ كله، فصار النصيب ثلاثة أسهم، وثلثي سهم ووراءه أربعة أسهم فيصير الثلث سبعة أسهم، وثلثي سهم.
وانكسر بالأثلاث فاضرب سبعة أسهم، وثلثي سهم في ثلاثة ليزول الكسر فيصير ثلاثة، ","وَفِي هَذِهِ الْكَرَّةِ بِخَمْسَةٍ، فَتَبَيَّنَ أَنَّك مَهْمَا زِدْتَ فِي النَّصِيبِ سَهْمًا كَامِلًا يَذْهَبُ مِنْ سِهَامِ الْخَطَأِ ثَلَاثَةٌ فَزِدْ ثُلُثَيْ سَهْمٍ عَلَى سَهْمَيْنِ حَتَّى يَذْهَبَ الْخَطَأُ كُلُّهُ، فَصَارَ النَّصِيبُ ثَلَاثَةَ أَسْهُمٍ، وَثُلُثَيْ سَهْمٍ وَوَرَاءَهُ أَرْبَعَةُ أَسْهُمٍ فَيَصِيرُ الثُّلُثُ سَبْعَةَ أَسْهُمٍ، وَثُلُثَيْ سَهْمٍ.
وَانْكَسَرَ بِالْأَثْلَاثِ فَاضْرِبْ سَبْعَةَ أَسْهُمٍ، وَثُلُثَيْ سَهْمٍ فِي ثَلَاثَةٍ لِيَزُولَ الْكَسْرُ فَيَصِيرُ ثَلَاثَةً، ","وَفِي هَذِهِ الْكَرَّةِ بِخَمْسَةٍ، فَتَبَيَّنَ أَنَّكَ مَهْمَا زِدْتَ فِي النَّصِيبِ سَهْمًا كَامِلًا يَذْهَبُ مِنْ سِهَامِ الْخَطَأِ ثَلَاثَةٌ فَزِدْ ثُلُثَيْ سَهْمٍ عَلَى سَهْمَيْنِ حَتَّى يَذْهَبَ الْخَطَأُ كُلُّهُ، فَصَارَ النَّصِيبُ ثَلَاثَةَ أَسْهُمٍ، وَثُلُثَيْ سَهْمٍ وَوَرَاءَهُ أَرْبَعَةُ أَسْهُمٍ فَيَصِيرُ الثُّلُثُ سَبْعَةَ أَسْهُمٍ، وَثُلُثَيْ سَهْمٍ.
وَانْكَسَرَ بِالْأَثْلَاثِ فَاضْرِبْ سَبْعَةَ أَسْهُمٍ، وَثُلُثَيْ سَهْمٍ فِي ثَلَاثَةٍ لِيَزُولَ الْكَسْرُ فَيَصِيرُ ثَلَاثَةً،"
"ولما كان في التلقي إنما ينتفع المتلقي خاصة وهو واحد في مقابلة واحد لم تكن إباحة التلقي مصلحة لا سيما وينضاف إلى ذلك علة ثانية وهي لحوق الضرر بأهل السوق في انفراد المتلقي عنهم بالرخص وقطع المواد عنهم وهم أكثر من المتلقي فنظر الشرع (6/245)
لهم عليه فلا تناقض بين المسألتين بل هما متفقتان في الحكم والمصلحة.
","وَلَمَّا كَانَ فِي التَّلَقِّي إِنَّمَا يَنْتَفِعُ الْمُتَلَقِّي خَاصَّةً وَهُوَ وَاحِدٌ فِي مُقَابَلَةِ وَاحِدٍ لَمْ تَكُنْ إِبَاحَةُ التَّلَقِّي مَصْلَحَةً لَا سِيَّمَا وَيَنْضَافُ إِلَى ذَلِكَ عِلَّةٌ ثَانِيَةٌ وَهِيَ لُحُوقِ الضَّرَرِ بِأَهْلِ السُّوقِ فِي انْفِرَادِ الْمُتَلَقِّي عَنْهُمْ بِالرُّخْصِ وَقَطْعِ الْمَوَادِّ عَنْهُمْ وَهُمْ أَكْثَرُ مِنَ الْمُتَلَقِّي فَنَظَرَ الشَّرْعُ (6/245)
لَهُمْ عَلَيْهِ فَلَا تَنَاقُضَ بَيْنَ الْمَسْأَلَتَيْنِ بَلْ هُمَا مُتَّفِقَتَانِ فِي الْحُكْمِ وَالْمَصْلَحَةِ.
","وَلَمَّا كَانَ فِي التَّلَقِّي إِنَّمَا يَنْتَفِعُ الْمُتَلَقِّي خَاصَّةً وَهُوَ وَاحِدٌ فِي مُقَابَلَةِ وَاحِدٍ لَمْ تَكُنْ إِبَاحَةُ التَّلَقِّي مَصْلَحَةً لَا سِيَّمَا وَيَنْضَافُ إِلَى ذَلِكَ عِلَّةٌ ثَانِيَةٌ وَهِيَ لُحُوقُ الضَّرَرِ بِأَهْلِ السُّوقِ فِي انْفِرَادِ الْمُتَلَقِّي عَنْهُمْ بِالرُّخْصِ وَقَطْعِ الْمَوَادِّ عَنْهُمْ وَهُمْ أَكْثَرُ مِنَ الْمُتَلَقِّي فَنَظَرَ الشَّرْعُ (6/245)
لَهُمْ عَلَيْهِ فَلَا تَنَاقُضَ بَيْنَ الْمَسْأَلَتَيْنِ بَلْ هُمَا مُتَّفِقَتَانِ فِي الْحُكْمِ وَالْمَصْلَحَةِ."
"ابن الشاط: عمل قسمة التركة أن يسمى نصيب كل وارث من المسألة ومثل ذلك الاسم له من التركة.
ابن علاق: ومثال هذا من تركت زوجا وأما وأختا لأب وتركت أربعة وعشرين دينارا وأردت قسمها على الورثة، فتعمل المسألة من ثمانية: ","ابْنُ الشَّاطِّ: عَمَلُ قِسْمَةِ التَّرِكَةِ أَنْ يُسَمَّى نَصِيبُ كُلُّ وَارِثٍ مِنَ الْمَسْأَلَةِ وَمَثَلُ ذَلِكَ الِاسْمُ لَهُ مِنَ التَّرِكَةِ.
ابْنُ عَلَاقٍ: وَمِثَالُ هَذَا مَنْ تَرَكَتْ زَوْجًا وَأُمًّا وَأُخْتًا لِأَبٍ وَتَرَكَتْ أَرْبَعَةً وَعِشْرِينَ دِينَارًا وَأَرَدْت قَسْمَهَا عَلَى الْوَرَثَةِ، فَتَعْمَلُ الْمَسْأَلَةَ مِنْ ثَمَانِيَةٍ: ","ابْنُ الشَّاطِّ: عَمَلُ قِسْمَةِ التَّرِكَةِ أَنْ يُسَمَّى نَصِيبُ كُلِّ وَارِثٍ مِنَ الْمَسْأَلَةِ وَمِثْلُ ذَلِكَ الِاسْمُ لَهُ مِنَ التَّرِكَةِ.
ابْنُ عَلَاقٍ: وَمِثَالُ هَذَا مَنْ تَرَكَتْ زَوْجًا وَأُمًّا وَأُخْتًا لِأَبٍ وَتَرَكَتْ أَرْبَعَةً وَعِشْرِينَ دِينَارًا وَأَرَدَتْ قَسْمَهَا عَلَى الْوَرَثَةِ، فَتَعْمَلُ الْمَسْأَلَةُ مِنْ ثَمَانِيَةٍ:"
قال له (يا لوطي) لأنه في العرف من يأتي الذكور؛ لأنه عمل قوم لوط (فإن قال أردت) بقولي: يا زاني ونحوه (زاني العين) ونحوه، (أو) أردت بقولي يا عاهر (عاهر اليد) (أو) قال أردت بقولي يا لوطي (أنك من قوم لوط، أو إنك تعمل عملهم من غير إتيان الذكور لم يقبل منه) ,قَالَ لَهُ (يَا لُوطِيُّ) لِأَنَّهُ فِي الْعُرْفِ مَنْ يَأْتِي الذُّكُورَ؛ لِأَنَّهُ عَمَلُ قَوْمِ لُوطٍ (فَإِنْ قَالَ أَرَدْتُ) بِقَوْلِي: يَا زَانِي وَنَحْوُهُ (زَانِي الْعَيْنِ) وَنَحْوَهُ، (أَوْ) أَرَدْتُ بِقَوْلِي يَا عَاهِرُ (عَاهِرَ الْيَدِ) (أَوْ) قَالَ أَرَدْتُ بِقَوْلِي يَا لُوطِيُّ (أَنَّكَ مِنْ قَوْمِ لُوطٍ، أَوْ إِنَّكَ تَعْمَلُ عَمَلَهُمْ مِنْ غَيْرِ إِتْيَانِ الذُّكُورِ لَمْ يُقْبَلْ مِنْهُ) ,قَالَ لَهُ (يَا لُوطِيُّ) لِأَنَّهُ فِي الْعُرْفِ مَنْ يَأْتِي الذُّكُورُ؛ لِأَنَّهُ عَمَلُ قَوْمِ لُوطٍ (فَإِنْ قَالَ أَرَدْتُ) بِقَوْلِي: يَا زَانِيَ وَنَحْوَهُ (زَانِيَ الْعَيْنِ) وَنَحْوَهُ، (أَوْ) أَرَدْتُ بِقَوْلِي يَا عَاهِرُ (عَاهِرَ الْيَدِ) (أَوْ) قَالَ أَرَدْتُ بِقَوْلِي يَا لُوطِيُّ (أَنَّكَ مِنْ قَوْمِ لُوطٍ، أَوْ إِنَّكَ تَعْمَلُ عَمَلَهُمْ مِنْ غَيْرِ إِتْيَانِ الذُّكُورِ لَمْ يُقْبَلْ مِنْهُ)
والمختار ما في وصايا المحيط ابن سماعة عن محمد مات عن ابنين كبير وصغير وألف درهم فأنفق الكبير على الصغير خمسمائة منها نفقة مثله فهو متطوع في ذلك إذا لم يكن وصيا ولو كان المشترك طعاما أو ثوبا فأطعمه الكبير الصغير أو ألبسه فاستحسنت أن لا يكون على الكبير ضمان، وعن أبي يوسف مات وترك طعاما ودقيقا وسمنا، ,وَالْمُخْتَارُ مَا فِي وَصَايَا الْمُحِيطِ ابْنُ سِمَاعَةَ عَنْ مُحَمَّدٍ مَاتَ عَنِ ابْنَيْنِ كَبِيرٍ وَصَغِيرٍ وَأَلْفِ دِرْهَمٍ فَأَنْفَقَ الْكَبِيرُ عَلَى الصَّغِيرِ خَمْسَمِائَةٍ مِنْهَا نَفَقَةُ مِثْلِهِ فَهُوَ مُتَطَوِّعٌ فِي ذَلِكَ إِذَا لَمْ يَكُنْ وَصِيًّا وَلَوْ كَانَ الْمُشْتَرَكُ طَعَامًا أَوْ ثَوْبًا فَأَطْعَمَهُ الْكَبِيرُ الصَّغِيرَ أَوْ أَلْبَسهُ فَاسْتَحْسَنْتُ أَنْ لَا يَكُونَ عَلَى الْكَبِيرِ ضَمَانٌ، وَعَنْ أَبِي يُوسُفَ مَاتَ وَتَرَكَ طَعَامًا وَدَقِيقًا وَسَمْنًا، ,وَالْمُخْتَارُ مَا فِي وَصَايَا الْمُحِيطِ ابْنُ سِمَاعَةَ عَنْ مُحَمَّدٍ مَاتَ عَنِ ابْنَيْنِ كَبِيرٍ وَصَغِيرٍ وَأَلْفِ دِرْهَمٍ فَأَنْفَقَ الْكَبِيرُ عَلَى الصَّغِيرِ خَمْسَمِائَةٍ مِنْهَا نَفَقَةَ مِثْلِهِ فَهُوَ مُتَطَوِّعٌ فِي ذَلِكَ إِذَا لَمْ يَكُنْ وَصِيًّا وَلَوْ كَانَ الْمُشْتَرَكُ طَعَامًا أَوْ ثَوْبًا فَأَطْعَمَهُ الْكَبِيرُ الصَّغِيرَ أَوْ أَلْبَسَهُ فَاسْتُحْسِنَتْ أَنْ لَا يَكُونَ عَلَى الْكَبِيرِ ضَمَانٌ، وَعَنْ أَبِي يُوسُفَ مَاتَ وَتَرَكَ طَعَامًا وَدَقِيقًا وَسَمْنًا،
"وإن كان في تلك الفخذ، أو إلى التجارة اثنان كذلك لم يجز حتى ينسب إلى شيء يعرف به من الآخر؛ لأنه لا بد من تميز المشهود عليه من غيره.
(ألا ترى) أنهما لو شهدا على أحد الرجلين بحضرتهما لم يقبل ذلك بدون التعيين.
","وَإِنْ كَانَ فِي تِلْكَ الْفَخِذِ، أَوْ إِلَى التِّجَارَةِ اثْنَانِ كَذَلِكَ لَمْ يَجُزْ حَتَّى يُنْسَبَ إِلَى شَيْءٍ يُعْرَفُ بِهِ مِنَ الْآخَرِ؛ لِأَنَّهُ لَا بُدَّ مِنْ تَمَيُّزِ الْمَشْهُودِ عَلَيْهِ مِنْ غَيْرِهِ.
(أَلَا تَرَى) أَنَّهُمَا لَوْ شَهِدَا عَلَى أَحَدِ الرَّجُلَيْنِ بِحَضْرَتِهِمَا لَمْ يُقْبَلْ ذَلِكَ بِدُونِ التَّعْيِينِ.
","وَإِنْ كَانَ فِي تِلْكَ الْفَخِذِ، أَوْ إِلَى التِّجَارَةِ اثْنَانِ كَذَلِكَ لَمْ يَجُزْ حَتَّى يُنْسَبَ إِلَى شَيْءٍ يُعْرَفُ بِهِ مِنَ الْآخَرِ؛ لِأَنَّهُ لَا بُدَّ مِنْ تَمَيُّزِ الْمَشْهُودِ عَلَيْهِ مِنْ غَيْرِهِ.
(أَلَا تَرَى) أَنَّهُمَا لَوْ شَهِدَا عَلَى أَحَدِ الرَّجُلَيْنِ بِحَضْرَتِهِمَا لَمْ يُقْبَلْ ذَلِكَ بِدُونِ التَّعْيِينِ."
"وإذا أمكن أن يكون الدين معقودا عليه ابتداء فيما هو بيع من كل وجه وهو عقد السلم فلأن يمكن ذلك انتهاء فيما هو بيع من وجه دون وجه كان أولى، وإذا ثبت شبهه بالمبيع، والمبيع لا يتصرف فيه قبل القبض فكذا ما أشبهه.
فإن قيل: إذا كان كذلك وجب قبض رأس المال في المجلس اعتبارا للانتهاء بالابتداء: ","وَإِذَا أَمْكَنَ أَنْ يَكُونَ الدَّيْنُ مَعْقُودًا عَلَيْهِ ابْتِدَاءً فِيمَا هُوَ بَيْعٌ مِنْ كُلِّ وَجْهٍ وَهُوَ عَقْدُ السَّلَمِ فَلَأَنْ يُمْكِنَ ذَلِكَ انْتِهَاءً فِيمَا هُوَ بَيْعٌ مِنْ وَجْهٍ دُونَ وَجْهٍ كَانَ أَوْلَى، وَإِذَا ثَبَتَ شَبَهُهُ بِالْمَبِيعِ، وَالْمَبِيعُ لَا يُتَصَرَّفُ فِيهِ قَبْلَ الْقَبْضِ فَكَذَا مَا أَشْبَهَهُ.
فَإِنْ قِيلَ: إِذَا كَانَ كَذَلِكَ وَجَبَ قَبْضُ رَأْسِ الْمَالِ فِي الْمَجْلِسِ اعْتِبَارًا لِلِانْتِهَاءِ بِالِابْتِدَاءِ: ","وَإِذَا أَمْكَنَ أَنْ يَكُونَ الدَّيْنُ مَعْقُودًا عَلَيْهِ ابْتِدَاءً فِيمَا هُوَ بَيْعٌ مِنْ كُلِّ وَجْهٍ وَهُوَ عَقْدُ السَّلَمِ فَلَأَنْ يُمْكِنَ ذَلِكَ انْتِهَاءً فِيمَا هُوَ بَيْعٌ مِنْ وَجْهٍ دُونَ وَجْهٍ كَانَ أَوْلَى، وَإِذَا ثَبَتَ شَبَهُهُ بِالْمَبِيعِ، وَالْمَبِيعُ لَا يُتَصَرَّفُ فِيهِ قَبْلَ الْقَبْضِ فَكَذَا مَا أَشْبَهَهُ.
فَإِنْ قِيلَ: إِذَا كَانَ كَذَلِكَ وَجَبَ قَبْضُ رَأْسِ الْمَالِ فِي الْمَجْلِسِ اعْتِبَارًا لِلِانْتِهَاءِ بِالِابْتِدَاءِ:"
قد فضحته، أو نكست رأسه، أو أفسدت فراشه، أو يا قحبة يا فاجرة، أو لمن يخاصمه يا حلال ابن الحلال، ما يعرفك الناس بالزنا، يا نظيف، يا خنيث بالنون وذكر بعضهم بالباء يا عفيف، أو لعربي: يا نبطي، يا فارسي، يا رومي، أو لأحدهم يا عربي أو ما أنا بزان أو ما أمي بزانية، ,قَدْ فَضَحْتِهِ، أَوْ نَكَّسْتِ رَأْسَهُ، أَوْ أَفْسَدْتِ فِرَاشَهُ، أَوْ يَا قَحْبَةُ يَا فَاجِرَةُ، أَوْ لِمَنْ يُخَاصِمُهُ يَا حَلَالُ ابْنَ الْحَلَالِ، مَا يَعْرِفُك النَّاسُ بِالزِّنَا، يَا نَظِيفُ، يَا خَنِيثُ بِالنُّونِ وَذَكَرَ بَعْضُهُمْ بِالْبَاءِ يَا عَفِيفُ، أَوْ لِعَرَبِيٍّ: يَا نَبَطِيُّ، يَا فَارِسِيُّ، يَا رُومِيُّ، أَوْ لِأَحَدِهِمْ يَا عَرَبِيُّ أَوْ مَا أَنَا بِزَانٍ أَوْ مَا أُمِّي بِزَانِيَةٍ، ,قَدْ فَضَحْتَهُ، أَوْ نَكَسْتَ رَأْسَهُ، أَوْ أَفْسَدْتَ فِرَاشَهُ، أَوْ يَا قَحْبَةُ يَا فَاجِرَةُ، أَوْ لِمَنْ يُخَاصِمُهُ يَا حَلَالُ ابْنَ الْحَلَالِ، مَا يَعْرِفُكَ النَّاسُ بِالزِّنَا، يَا نَظِيفُ، يَا خَنِيثُ بِالنُّونِ وَذَكَرَ بَعْضُهُمْ بِالْبَاءِ يَا عَفِيفُ، أَوْ لِعَرَبِيٍّ: يَا نَبَطِيُّ، يَا فَارِسِيُّ، يَا رُومِيُّ، أَوْ لِأَحَدِهِمْ يَا عَرَبِيُّ أَوْ مَا أَنَا بِزَانٍ أَوْ مَا أُمِّي بِزَانِيَةٍ،
"عن محمد بن عبد الله أن أبا مسعود بن عبد ياليل بن عمرو بن عمير الثقفي أسلم وتحته ثمان نسوة، فتخير منهن أربعا.
قال محمد: أخبرنا الثقة عن عبد الله بن لهيعة عن أبي وهب الجيشاني أن {الضحاك بن فيروز الديلمي يروي عن أبيه قال: أسلمت وعندي أختان، فأمرني رسول الله صلى الله عليه وآله وسلم، ","عَنْ مُحَمَّدِ بْنِ عَبْدِ اللَّهِ أَنَّ أَبَا مَسْعُودِ بْنِ عَبْدِ يَالِيلَ بْنِ عَمْرِو بْنِ عُمَيْرٍ الثَّقَفِيَّ أَسْلَمَ وَتَحْتَهُ ثَمَانِ نِسْوَةٍ، فَتَخَيَّرَ مِنْهُنَّ أَرْبَعًا.
قَالَ مُحَمَّدٌ: أَخْبَرَنَا الثِّقَةُ عَنْ عَبْدِ اللَّهِ بْنِ لَهِيعَةَ عَنْ أَبِي وَهْبٍ الْجَيَشَانِيِّ أَنَّ {الضَّحَّاكَ بْنَ فَيْرُوزَ الدَّيْلَمِيَّ يَرْوِي عَنْ أَبِيهِ قَالَ: أَسْلَمْت وَعِنْدِي أُخْتَانِ، فَأَمَرَنِي رَسُولُ اللَّهِ صَلَّى اللَّهُ عَلَيْهِ وَآلِهِ وَسَلَّمَ، ","عَنْ مُحَمَّدِ بْنِ عَبْدِ اللَّهِ أَنَّ أَبَا مَسْعُودِ بْنَ عَبْدِ يَالِيلَ بْنِ عَمْرِو بْنِ عُمَيْرٍ الثَّقَفِيَّ أَسْلَمَ وَتَحْتَهُ ثَمَانِ نِسْوَةٍ، فَتَخَيَّرَ مِنْهُنَّ أَرْبَعًا.
قَالَ مُحَمَّدٌ: أَخْبَرَنَا الثِّقَةُ عَنْ عَبْدِ اللَّهِ بْنِ لَهِيعَةَ عَنْ أَبِي وَهْبٍ الْجَيْشَانِيِّ أَنَّ {الضَّحَّاكَ بْنَ فَيْرُوزَ الدَّيْلَمِيَّ يَرْوِي عَنْ أَبِيهِ قَالَ: أَسْلَمْتُ وَعِنْدِي أُخْتَانِ، فَأَمَرَنِي رَسُولُ اللَّهِ صَلَّى اللَّهُ عَلَيْهِ وَآلِهِ وَسَلَّمَ،"
"لكن يقال للغريم: ادفع الدين إلى الوكيل، ثم اتبع الطالب وحلفه إن أردت يمينه فإن حلف وإلا رجعت عليه؛ (12/454)
لأنه مقر بالدين، والدين مقضي على لسان رسول الله صلى الله عليه وسلم فلا يحكم بسقوطه بدعوى الإيفاء مع الاحتمال، بل يجبر على التسليم إلى الوكيل، ","لَكِنْ يُقَالُ لِلْغَرِيمِ: ادْفَعِ الدَّيْنَ إِلَى الْوَكِيلِ، ثُمَّ اتْبَعِ الطَّالِبَ وَحَلِّفْهُ إِنْ أَرَدْتَ يَمِينَهُ فَإِنْ حَلَفَ وَإِلَّا رَجَعْتَ عَلَيْهِ؛ (12/454)
لِأَنَّهُ مُقِرٌّ بِالدَّيْنِ، وَالدَّيْنُ مَقْضِيٌّ عَلَى لِسَانِ رَسُولِ اللَّهِ صَلَّى اللَّهُ عَلَيْهِ وَسَلَّمَ فَلَا يُحْكَمُ بِسُقُوطِهِ بِدَعْوَى الْإِيفَاءِ مَعَ الِاحْتِمَالِ، بَلْ يُجْبَرُ عَلَى التَّسْلِيمِ إِلَى الْوَكِيلِ، ","لَكِنْ يُقَالُ لِلْغَرِيمِ: ادْفَعِ الدَّيْنَ إِلَى الْوَكِيلِ، ثُمَّ اتَّبِعِ الطَّالِبَ وَحَلِّفْهُ إِنْ أَرَدْتَ يَمِينَهُ فَإِنْ حَلَفَ وَإِلَّا رَجَعْتَ عَلَيْهِ؛ (12/454)
لِأَنَّهُ مُقِرٌّ بِالدَّيْنِ، وَالدَّيْنُ مَقْضِيٌّ عَلَى لِسَانِ رَسُولِ اللَّهِ صَلَّى اللَّهُ عَلَيْهِ وَسَلَّمَ فَلَا يُحْكَمُ بِسُقُوطِهِ بِدَعْوَى الْإِيفَاءِ مَعَ الِاحْتِمَالِ، بَلْ يُجْبَرُ عَلَى التَّسْلِيمِ إِلَى الْوَكِيلِ،"
"لأنه قدر على الأصل قبل حصول المقصود بالبدل.
ا ه.
غاية فإن قيل يشكل على هذا بالمتيمم إذا أحدث في صلاته فانصرف، ثم وجد ماء له أن يتوضأ ويبني على صلاته فلم تبطل صلاته هناك برؤية الماء والمسألة في مسح الخف في فتاوى قاضي خان قلنا: ","لِأَنَّهُ قَدَرَ عَلَى الْأَصْلِ قَبْلَ حُصُولِ الْمَقْصُودِ بِالْبَدَلِ.
ا ه.
غَايَةٌ فَإِنْ قِيلَ يَشْكُلُ عَلَى هَذَا بِالْمُتَيَمِّمِ إِذَا أَحْدَثَ فِي صَلَاتِهِ فَانْصَرَفَ، ثُمَّ وَجَدَ مَاءً لَهُ أَنْ يَتَوَضَّأَ وَيَبْنِي عَلَى صَلَاتِهِ فَلَمْ تَبْطُلْ صَلَاتُهُ هُنَاكَ بِرُؤْيَةِ الْمَاءِ وَالْمَسْأَلَةُ فِي مَسْحِ الْخُفِّ فِي فَتَاوَى قَاضِي خَانْ قُلْنَا: ","لِأَنَّهُ قَدَرَ عَلَى الْأَصْلِ قَبْلَ حُصُولِ الْمَقْصُودِ بِالْبَدَلِ.
ا ه.
غَايَةٌ فَإِنْ قِيلَ يُشْكِلُ عَلَى هَذَا بِالْمُتَيَمِّمِ إِذَا أَحْدَثَ فِي صَلَاتِهِ فَانْصَرَفَ، ثُمَّ وَجَدَ مَاءً لَهُ أَنْ يَتَوَضَّأَ وَيَبْنِيَ عَلَى صَلَاتِهِ فَلَمْ تَبْطُلْ صَلَاتُهُ هُنَاكَ بِرُؤْيَةِ الْمَاءِ وَالْمَسْأَلَةُ فِي مَسْحِ الْخُفِّ فِي فَتَاوَى قَاضِي خَانْ قُلْنَا:"
"وحكى القاضي وغيره في المضاربة وجها آخر أن الضمان في هذه الأمانات يستقر على من ضمن منهما فأيهما ضمن لم يرجع على الآخر.
(الرابعة) : القابضة لمصلحتها خاصة إما باستيفاء العين كالقرض أو باستيفاء المنفعة كالعارية فهي داخلة في الضمان في العين دون المنفعة فإذا ضمنت العين والمنفعة رجعت على الغاصب بضمان المنفعة؛ لأن ضمانها كان بتغريره، ","وَحَكَى الْقَاضِي وَغَيْرُهُ فِي الْمُضَارَبَةِ وَجْهًا آخَرَ أَنَّ الضَّمَانَ فِي هَذِهِ الْأَمَانَاتِ يَسْتَقِرُّ عَلَى مَنْ ضَمِنَ مِنْهُمَا فَأَيُّهُمَا ضَمِنَ لَمْ يَرْجِعْ عَلَى الْآخَرِ.
(الرَّابِعَةُ) : الْقَابِضَةُ لِمَصْلَحَتِهَا خَاصَّةً إِمَّا بِاسْتِيفَاءِ الْعَيْنِ كَالْقَرْضِ أَوْ بِاسْتِيفَاءِ الْمَنْفَعَةِ كَالْعَارِيَّةِ فَهِيَ دَاخِلَةٌ فِي الضَّمَانِ فِي الْعَيْنِ دُونَ الْمَنْفَعَةِ فَإِذَا ضَمِنَتِ الْعَيْنَ وَالْمَنْفَعَةَ رَجَعَتْ عَلَى الْغَاصِبِ بِضَمَانِ الْمَنْفَعَةِ؛ لِأَنَّ ضَمَانَهَا كَانَ بِتَغْرِيرِهِ، ","وَحَكَى الْقَاضِي وَغَيْرُهُ فِي الْمُضَارَبَةِ وَجْهًا آخَرَ أَنَّ الضَّمَانَ فِي هَذِهِ الْأَمَانَاتِ يَسْتَقِرُّ عَلَى مَنْ ضَمِنَ مِنْهُمَا فَأَيُّهُمَا ضَمِنَ لَمْ يَرْجِعْ عَلَى الْآخَرِ.
(الرَّابِعَةُ) : الْقَابِضَةُ لِمَصْلَحَتِهَا خَاصَّةً إِمَّا بِاسْتِيفَاءِ الْعَيْنِ كَالْقَرْضِ أَوْ بِاسْتِيفَاءِ الْمَنْفَعَةِ كَالْعَارِيَّةِ فَهِيَ دَاخِلَةٌ فِي الضَّمَانِ فِي الْعَيْنِ دُونَ الْمَنْفَعَةِ فَإِذَا ضُمِنَتِ الْعَيْنُ وَالْمَنْفَعَةُ رَجَعَتْ عَلَى الْغَاصِبِ بِضَمَانِ الْمَنْفَعَةِ؛ لِأَنَّ ضَمَانَهَا كَانَ بِتَغْرِيرِهِ،"
"حكم الراكب في الجنازة أن يكون خلف الجنازة والنساء خلفه.
قال ابن شعبان: لأنه خالف السنة فلم يكن له أن يماشي من على السنة (وسترها بقبة) ابن القاسم: لا يترك أن يستر نعش المرأة بقبة في حضر أو سفر إذا وجد ذلك وقد استحسنه عمر حين فعل بزينب زوج النبي صلى الله عليه وسلم ابن حبيب: ","حُكْمُ الرَّاكِبِ فِي الْجِنَازَةِ أَنْ يَكُونَ خَلْفَ الْجِنَازَةِ وَالنِّسَاءُ خَلْفَهُ.
قَالَ ابْنُ شَعْبَانَ: لِأَنَّهُ خَالَفَ السُّنَّةَ فَلَمْ يَكُنْ لَهُ أَنْ يُمَاشِيَ مَنْ عَلَى السُّنَّةِ (وَسَتْرُهَا بِقُبَّةٍ) ابْنُ الْقَاسِمِ: لَا يُتْرَكُ أَنْ يَسْتُرَ نَعْشَ الْمَرْأَةِ بِقُبَّةٍ فِي حَضَرٍ أَوْ سَفَرٍ إِذَا وَجَدَ ذَلِكَ وَقَدِ اسْتَحْسَنَهُ عُمَرُ حِينَ فُعِلَ بِزَيْنَبِ زَوْجِ النَّبِيِّ صَلَّى اللَّهُ عَلَيْهِ وَسَلَّمَ ابْنُ حَبِيبٍ: ","حُكْمُ الرَّاكِبِ فِي الْجِنَازَةِ أَنْ يَكُونَ خَلْفَ الْجِنَازَةِ وَالنِّسَاءُ خَلْفَهُ.
قَالَ ابْنُ شَعْبَانَ: لِأَنَّهُ خَالَفَ السُّنَّةَ فَلَمْ يَكُنْ لَهُ أَنْ يُمَاشِيَ مَنْ عَلَى السُّنَّةِ (وَسَتْرُهَا بِقُبَّةٍ) ابْنُ الْقَاسِمِ: لَا يُتْرَكُ أَنْ يُسْتَرَ نَعْشُ الْمَرْأَةِ بِقُبَّةٍ فِي حَضَرٍ أَوْ سَفَرٍ إِذَا وُجِدَ ذَلِكَ وَقَدِ اسْتَحْسَنَهُ عُمَرُ حِينَ فَعَلَ بِزَيْنَبَ زَوْجِ النَّبِيِّ صَلَّى اللَّهُ عَلَيْهِ وَسَلَّمَ ابْنُ حَبِيبٍ:"
"وهو من زيادة المصنف وظاهر أن محله إذا قصر الأمي في التعلم وإلا فتصح الجمعة إن كان الإمام قارئا ومعلوم مما مر في صفة الأئمة أن الأميين إذا لم يكونوا في درجة لا يصح اقتداء بعضهم ببعض قال البغوي ولو جهلوا كلهم الخطبة لم تجز الجمعة بخلاف ما إذا جهلها بعضهم؛ لأنها (3/423)
","وَهُوَ مِنْ زِيَادَةِ الْمُصَنِّفِ وَظَاهِرٌ أَنَّ مَحَلَّهُ إِذَا قَصَّرَ الْأُمِّيُّ فِي التَّعَلُّمِ وَإِلَّا فَتَصِحُّ الْجُمُعَةُ إِنْ كَانَ الْإِمَامُ قَارِئًا وَمَعْلُومٌ مِمَّا مَرَّ فِي صِفَةِ الْأَئِمَّةِ أَنَّ الْأُمِّيِّينَ إِذَا لَمْ يَكُونُوا فِي دَرَجَةٍ لَا يَصِحُّ اقْتِدَاءُ بَعْضِهِمْ بِبَعْضٍ قَالَ الْبَغَوِيّ وَلَوْ جَهِلُوا كُلُّهُمُ الْخُطْبَةَ لَمْ تَجُزِ الْجُمُعَةُ بِخِلَافِ مَا إِذَا جَهِلَهَا بَعْضُهُمْ؛ لِأَنَّهَا (3/423)
",وَهُوَ مِنْ زِيَادَةِ الْمُصَنِّفِ وَظَاهِرٌ أَنَّ مَحَلَّهُ إِذَا قَصَّرَ الْأُمِّيُّ فِي التَّعَلُّمِ وَإِلَّا فَتَصِحُّ الْجُمُعَةُ إِنْ كَانَ الْإِمَامُ قَارِئًا وَمَعْلُومٌ مِمَّا مَرَّ فِي صِفَةِ الْأَئِمَّةِ أَنَّ الْأُمِّيِّينَ إِذَا لَمْ يَكُونُوا فِي دَرَجَةٍ لَا يَصِحُّ اقْتِدَاءُ بَعْضِهِمْ بِبَعْضٍ قَالَ الْبَغَوِيّ وَلَوْ جَهِلُوا كُلُّهُمُ الْخُطْبَةَ لَمْ تَجُزِ الْجُمُعَةُ بِخِلَافِ مَا إِذَا جَهِلَهَا بَعْضُهُمْ؛ لِأَنَّهَا (3/423)
"وإن لم يبين ذلك بطل الجمع.
و (الثاني) يجب نفيه، لأن الفرق لا يتم إلا بذلك.
و (الثالث) وبه أجاب الآمدي وابن الحاجب، إن قصد الفرق فلا بد من نفيه، وإلا فلا، لأنه يقول: إن لم يكن موجودا فيه فهو فرق، وإلا فالمستدل لم يذكر إلا بعض العلة.
وعلى التقديرين فلا بد من إشكال.
","وَإِنْ لَمْ يُبَيِّنْ ذَلِكَ بَطَلَ الْجَمْعُ.
وَ (الثَّانِي) يَجِبُ نَفْيُهُ، لِأَنَّ الْفَرْقَ لَا يَتِمُّ إِلَّا بِذَلِكَ.
وَ (الثَّالِثُ) وَبِهِ أَجَابَ الْآمِدِيُّ وَابْنُ الْحَاجِبِ، إِنْ قَصَدَ الْفَرْقَ فَلَا بُدَّ مِنْ نَفْيِهِ، وَإِلَّا فَلَا، لِأَنَّهُ يَقُولُ: إِنْ لَمْ يَكُنْ مَوْجُودًا فِيهِ فَهُوَ فَرْقٌ، وَإِلَّا فَالْمُسْتَدِلُّ لَمْ يَذْكُرْ إِلَّا بَعْضَ الْعِلَّةِ.
وَعَلَى التَّقْدِيرَيْنِ فَلَا بُدَّ مِنْ إِشْكَالٍ.
","وَإِنْ لَمْ يُبَيِّنْ ذَلِكَ بَطَلَ الْجَمْعُ.
وَ (الثَّانِي) يَجِبُ نَفْيُهُ، لِأَنَّ الْفَرْقَ لَا يَتِمُّ إِلَّا بِذَلِكَ.
وَ (الثَّالِثُ) وَبِهِ أَجَابَ الْآمِدِيُّ وَابْنُ الْحَاجِبِ، إِنْ قَصَدَ الْفَرْقَ فَلَا بُدَّ مِنْ نَفْيِهِ، وَإِلَّا فَلَا، لِأَنَّهُ يَقُولُ: إِنْ لَمْ يَكُنْ مَوْجُودًا فِيهِ فَهُوَ فَرْقٌ، وَإِلَّا فَالْمُسْتَدِلُّ لَمْ يَذْكُرْ إِلَّا بَعْضَ الْعِلَّةِ.
وَعَلَى التَّقْدِيرَيْنِ فَلَا بُدَّ مِنْ إِشْكَالٍ."
"حتى يؤذن شريكه فإن شاء أخذ وإن شاء ترك فإن باع ولم يؤذنه فهو أحق به. رواه مسلم فى الصحيح عن أبى بكر بن أبى شيبة ومحمد بن عبد الله بن نمير وإسحاق بن إبراهيم. (6/104)
11906- ورواه إسماعيل ابن علية عن ابن جريج بإسناده هذا وقال فى الحديث: ","حَتَّى يُؤْذِنَ شَرِيكَهُ فَإِنْ شَاءَ أَخَذَ وَإِنْ شَاءَ تَرَكَ فَإِنْ بَاعَ وَلَمْ يُؤْذِنْهُ فَهُوَ أَحَقُّ بِهِ. رَوَاهُ مُسْلِمٌ فِى الصَّحِيحِ عَنْ أَبِى بَكْرِ بْنِ أَبِى شَيْبَةَ وَمُحَمَّدِ بْنِ عَبْدِ اللَّهِ بْنِ نُمَيْرٍ وَإِسْحَاقَ بْنِ إِبْرَاهِيمَ. (6/104)
11906- وَرَوَاهُ إِسْمَاعِيلُ ابْنُ عُلَيَّةَ عَنِ ابْنِ جُرَيْجٍ بِإِسْنَادِهِ هَذَا وَقَالَ فِى الْحَدِيثِ: ","حَتَّى يُؤْذِنَ شَرِيكَهُ فَإِنْ شَاءَ أَخَذَ وَإِنْ شَاءَ تَرَكَ فَإِنْ بَاعَ وَلَمْ يُؤْذِنْهُ فَهُوَ أَحَقُّ بِهِ. رَوَاهُ مُسْلِمٌ فِى الصَّحِيحِ عَنْ أَبِى بَكْرِ بْنِ أَبِى شَيْبَةَ وَمُحَمَّدِ بْنِ عَبْدِ اللَّهِ بْنِ نُمَيْرٍ وَإِسْحَاقَ بْنِ إِبْرَاهِيمَ. (6/104)
11906- وَرَوَاهُ إِسْمَاعِيلُ ابْنُ عُلَيَّةَ عَنِ ابْنِ جُرَيْجٍ بِإِسْنَادِهِ هَذَا وَقَالَ فِى الْحَدِيثِ:"
لأن الألف وإن وجب للبائع بالعقد الأول لكنها على شرف السقوط لاحتمال أن يجد المشتري بها عيبا فيردها فيسقط الثمن عن المشتري وبالبيع الثاني يقع الأمن عنه فيصير البائع بالعقد الثاني مشتريا ألفا بخمسمائة من هذا الوجه، والشبهة ملحقة بالحقيقة في باب الربا، وإما لأن الفساد طارئ لوجهين: أحدهما أنه قابل الثمن بالجاريتين وهي مقابلة صحيحة، ,لِأَنَّ الْأَلْفَ وَإِنْ وَجَبَ لِلْبَائِعِ بِالْعَقْدِ الْأَوَّلِ لَكِنَّهَا عَلَى شَرَفِ السُّقُوطِ لِاحْتِمَالِ أَنْ يَجِدَ الْمُشْتَرِي بِهَا عَيْبًا فَيَرُدَّهَا فَيَسْقُطَ الثَّمَنُ عَنِ الْمُشْتَرِي وَبِالْبَيْعِ الثَّانِي يَقَعُ الْأَمْنُ عَنْهُ فَيَصِيرُ الْبَائِعُ بِالْعَقْدِ الثَّانِي مُشْتَرِيًا أَلْفًا بِخَمْسِمِائَةٍ مِنْ هَذَا الْوَجْهِ، وَالشُّبْهَةُ مُلْحَقَةٌ بِالْحَقِيقَةِ فِي بَابِ الرِّبَا، وَإِمَّا لِأَنَّ الْفَسَادَ طَارِئٌ لِوَجْهَيْنِ: أَحَدُهُمَا أَنَّهُ قَابَلَ الثَّمَنَ بِالْجَارِيَتَيْنِ وَهِيَ مُقَابَلَةٌ صَحِيحَةٌ، ,لِأَنَّ الْأَلْفَ وَإِنْ وَجَبَ لِلْبَائِعِ بِالْعَقْدِ الْأَوَّلِ لَكِنَّهَا عَلَى شَرَفِ السُّقُوطِ لِاحْتِمَالِ أَنْ يَجِدَ الْمُشْتَرِي بِهَا عَيْبًا فَيَرُدَّهَا فَيَسْقُطَ الثَّمَنُ عَنِ الْمُشْتَرِي وَبِالْبَيْعِ الثَّانِي يَقَعُ الْأَمْنُ عَنْهُ فَيَصِيرُ الْبَائِعُ بِالْعَقْدِ الثَّانِي مُشْتَرِيًا أَلْفًا بِخَمْسِمِائَةٍ مِنْ هَذَا الْوَجْهِ، وَالشُّبْهَةُ مُلْحَقَةٌ بِالْحَقِيقَةِ فِي بَابِ الرِّبَا، وَإِمَّا لِأَنَّ الْفَسَادَ طَارِئٌ لِوَجْهَيْنِ: أَحَدُهُمَا أَنَّهُ قَابَلَ الثَّمَنَ بِالْجَارِيَتَيْنِ وَهِيَ مُقَابَلَةٌ صَحِيحَةٌ،
بمعنى أنها باقية على كتابتها في نصيبه وينتقل إليه نصيب شريكه على كتابته (كما لو اشترى نصفها من شريكه وعليه) أي المستولد (له نصف قيمتها مكاتبة له) أي لشريكه (لأنه أتلفها عليه فإن كان) المستولد (موسرا) بنصف قيمتها (أداه وإن كان معسرا ف) هو (في ذمته) إلى أن يوسر كسائر الديون (وعليه) ,بِمَعْنَى أَنَّهَا بَاقِيَةٌ عَلَى كِتَابَتِهَا فِي نَصِيبِهِ وَيَنْتَقِلُ إِلَيْهِ نَصِيبُ شَرِيكِهِ عَلَى كِتَابَتِهِ (كَمَا لَوِ اشْتَرَى نِصْفَهَا مِنْ شَرِيكِهِ وَعَلَيْهِ) أَيِ الْمُسْتَوْلِدِ (لَهُ نِصْفُ قِيمَتِهَا مُكَاتَبَةً لَهُ) أَيْ لِشَرِيكِهِ (لِأَنَّهُ أَتْلَفَهَا عَلَيْهِ فَإِنْ كَانَ) الْمُسْتَوْلَد (مُوسِرًا) بِنِصْفِ قِيمَتِهَا (أَدَّاهُ وَإِنْ كَانَ مُعَسِّرًا فَ) هُوَ (فِي ذِمَّتِهِ) إِلَى أَنْ يُوسِرَ كَسَائِرِ الدُّيُونِ (وَعَلَيْهِ) ,بِمَعْنَى أَنَّهَا بَاقِيَةٌ عَلَى كِتَابَتِهَا فِي نَصِيبِهِ وَيَنْتَقِلُ إِلَيْهِ نَصِيبُ شَرِيكِهِ عَلَى كِتَابَتِهِ (كَمَا لَوِ اشْتَرَى نِصْفَهَا مِنْ شَرِيكِهِ وَعَلَيْهِ) أَيِ الْمُسْتَوْلِدِ (لَهُ نِصْفُ قِيمَتِهَا مُكَاتَبَةً لَهُ) أَيْ لِشَرِيكِهِ (لِأَنَّهُ أَتْلَفَهَا عَلَيْهِ فَإِنْ كَانَ) الْمُسْتَوْلِدُ (مُوسِرًا) بِنِصْفِ قِيمَتِهَا (أَدَّاهُ وَإِنْ كَانَ مُعْسِرًا فَ) هُوَ (فِي ذِمَّتِهِ) إِلَى أَنْ يُوسِرَ كَسَائِرِ الدُّيُونِ (وَعَلَيْهِ)
فإن ذلك كان حينئذ، ولا ترد المرأة، والظاهر أنه سقط لا قال شيخنا: رد المال الذي هو عوض عن رد المرأة الشروط ردها منسوخ أما رده نفسه فلا ناسخ له، ولو لم تبق امرأة يشترط ردها فلا يرد مهرها لعدم سببه فإن وجد سببه هو إفساد النكاح فالآية دلت عليه ولم يفسخ، ,فَإِنَّ ذَلِكَ كَانَ حِينَئِذٍ، وَلَا تُرَدُّ الْمَرْأَةُ، وَالظَّاهِرُ أَنَّهُ سَقَطَ لَا قَالَ شَيْخُنَا: رَدُّ الْمَالِ الَّذِي هُوَ عِوَضٌ عَنْ رَدِّ الْمَرْأَةِ الشُّرُوطُ رَدُّهَا مَنْسُوخٌ أَمَّا رَدُّهُ نَفْسُهُ فَلَا نَاسِخَ لَهُ، وَلَوْ لَمْ تَبْقَ امْرَأَةٌ يُشْتَرَطُ رَدُّهَا فَلَا يُرَدُّ مَهْرُهَا لِعَدَمِ سَبَبِهِ فَإِنْ وَجَدَ سَبَبَهُ هُوَ إِفْسَادُ النِّكَاحِ فَالْآيَةُ دَلَّتْ عَلَيْهِ وَلَمْ يَفْسَخْ، ,فَإِنَّ ذَلِكَ كَانَ حِينَئِذٍ، وَلَا تَرُدُّ الْمَرْأَةُ، وَالظَّاهِرُ أَنَّهُ سَقَطَ لَا قَالَ شَيْخُنَا: رَدُّ الْمَالِ الَّذِي هُوَ عِوَضٌ عَنْ رَدِّ الْمَرْأَةِ الشُّرُوطُ رَدُّهَا مَنْسُوخٌ أَمَّا رَدُّهُ نَفْسَهُ فَلَا نَاسِخَ لَهُ، وَلَوْ لَمْ تَبْقَ امْرَأَةٌ يُشْتَرَطُ رَدُّهَا فَلَا يُرَدُّ مَهْرُهَا لِعَدَمِ سَبَبِهِ فَإِنْ وُجِدَ سَبَبُهُ هُوَ إِفْسَادُ النِّكَاحِ فَالْآيَةُ دَلَّتْ عَلَيْهِ وَلَمْ يُفْسَخْ،
"يا أمير المؤمنين أخطأنا العدة كنا نرى أن هذا اليوم يوم عرفة وذلك أنهم أخطئوا العدة فظنوا أن يوم النحر يوم عرفة ففاتهم الوقوف بعرفة لفوات يومه لأنهم وردوا منى متوجهين إلى عرفة يوم النحر فلما وجدوا عمر بن الخطاب رضي الله عنه وجميع الحاج بمنى علموا أنهم أخطئوا العدة وفاتهم الوقوف ولو أخطأ أهل الموسم فكان وقوفهم بعرفة يوم النحر فقد روى يحيى بن يحيى عن ابن القاسم أنهم يمضون على عملهم وينحرون هديهم من الغد ويتأخر عمل الحج كله يوما ويجزيهم ولا خلاف أن من أتى عرفة يوم النحر بعد الفجر أنه قد فاته الحج ولا يجوز له أن يقف بعرفة وهو يعتقد أن وقوفه في غير يوم عرفة ولو أخطأ أهل الموسم فوقفوا بعرفة يوم التروية فقد روى يحيى بن يحيى عن ابن القاسم يعيدون الوقوف بعرفة يوم عرفة وقد روى أبو بكر بن اللباد أنه اختلف قول سحنون فيه وجه قول ابن القاسم أنه لم يفت الوقوف ولا زمنه فكان عليهم إعادته.
(","يَا أَمِيرَ الْمُؤْمِنِينَ أَخْطَأْنَا الْعِدَّةَ كُنَّا نَرَى أَنَّ هَذَا الْيَوْمَ يَوْمُ عَرَفَةَ وَذَلِكَ أَنَّهُمْ أَخْطَئُوا الْعِدَّةَ فَظَنُّوا أَنَّ يَوْمَ النَّحْرِ يَوْمُ عَرَفَةَ فَفَاتَهُمُ الْوُقُوفُ بِعَرَفَةَ لِفَوَاتِ يَوْمِهِ لِأَنَّهُمْ وَرَدُوا مِنًى مُتَوَجِّهِينَ إِلَى عَرَفَةَ يَوْمَ النَّحْرِ فَلَمَّا وَجَدُوا عُمَرَ بْنَ الْخَطَّابِ رَضِيَ اللَّهُ عَنْهُ وَجَمِيعَ الْحَاجِّ بِمِنًى عَلِمُوا أَنَّهُمْ أَخْطَئُوا الْعِدَّةَ وَفَاتَهُمُ الْوُقُوفُ وَلَوْ أَخْطَأَ أَهْلُ الْمَوْسِمِ فَكَانَ وُقُوفُهُمْ بِعَرَفَةَ يَوْمَ النَّحْرِ فَقَدْ رَوَى يَحْيَى بْنُ يَحْيَى عَنِ ابْنِ الْقَاسِمِ أَنَّهُمْ يَمْضُونَ عَلَى عَمَلِهِمْ وَيَنْحَرُونَ هَدْيَهُمْ مِنَ الْغَدِ وَيَتَأَخَّرُ عَمَلُ الْحَجِّ كُلُّهُ يَوْمًا وَيَجْزِيهِمْ وَلَا خِلَافَ أَنَّ مَنْ أَتَى عَرَفَةَ يَوْمَ النَّحْرِ بَعْدَ الْفَجْرِ أَنَّهُ قَدْ فَاتَهُ الْحَجُّ وَلَا يَجُوزُ لَهُ أَنْ يَقِفَ بِعَرَفَةَ وَهُوَ يَعْتَقِدُ أَنَّ وُقُوفَهُ فِي غَيْرِ يَوْمِ عَرَفَةَ وَلَوْ أَخْطَأَ أَهْلُ الْمَوْسِمِ فَوَقَفُوا بِعَرَفَةَ يَوْمَ التَّرْوِيَةِ فَقَدْ رَوَى يَحْيَى بْنُ يَحْيَى عَنِ ابْنِ الْقَاسِمِ يُعِيدُونَ الْوُقُوفَ بِعَرَفَةَ يَوْمَ عَرَفَةَ وَقَدْ رَوَى أَبُو بَكْرِ بْنُ اللَّبَّادِ أَنَّهُ اخْتَلَفَ قَوْلُ سَحْنُونٍ فِيهِ وَجْهُ قَوْلِ ابْنِ الْقَاسِمِ أَنَّهُ لَمْ يَفُتِ الْوُقُوفُ وَلَا زَمَنُهُ فَكَانَ عَلَيْهِمْ إِعَادَتُهُ.
(",يَا أَمِيرَ الْمُؤْمِنِينَ أَخْطَأْنَا الْعِدَّةَ كُنَّا نَرَى أَنَّ هَذَا الْيَوْمَ يَوْمُ عَرَفَةَ وَذَلِكَ أَنَّهُمْ أَخْطَئُوا الْعِدَّةَ فَظَنُّوا أَنَّ يَوْمَ النَّحْرِ يَوْمُ عَرَفَةَ فَفَاتَهُمُ الْوُقُوفُ بِعَرَفَةَ لِفَوَاتِ يَوْمِهِ لِأَنَّهُمْ وَرَدُوا مِنًى مُتَوَجِّهِينَ إِلَى عَرَفَةَ يَوْمَ النَّحْرِ فَلَمَّا وَجَدُوا عُمَرَ بْنَ الْخَطَّابِ رَضِيَ اللَّهُ عَنْهُ وَجَمِيعَ الْحَاجِّ بِمِنًى عَلِمُوا أَنَّهُمْ أَخْطَئُوا الْعِدَّةَ وَفَاتَهُمُ الْوُقُوفُ وَلَوْ أَخْطَأَ أَهْلُ الْمَوْسِمِ فَكَانَ وُقُوفُهُمْ بِعَرَفَةَ يَوْمَ النَّحْرِ فَقَدْ رَوَى يَحْيَى بْنُ يَحْيَى عَنِ ابْنِ الْقَاسِمِ أَنَّهُمْ يَمْضُونَ عَلَى عَمَلِهِمْ وَيَنْحَرُونَ هَدْيَهُمْ مِنَ الْغَدِ وَيَتَأَخَّرُ عَمَلُ الْحَجِّ كُلُّهُ يَوْمًا وَيُجْزِيهِمْ وَلَا خِلَافَ أَنَّ مَنْ أَتَى عَرَفَةَ يَوْمَ النَّحْرِ بَعْدَ الْفَجْرِ أَنَّهُ قَدْ فَاتَهُ الْحَجُّ وَلَا يَجُوزُ لَهُ أَنْ يَقِفَ بِعَرَفَةَ وَهُوَ يَعْتَقِدُ أَنَّ وُقُوف
"على الشيء) أي سواء كان بدنا أو غيره.
وقوله: (مطلقا) أي سواء كان بنية أم لا.
قوله: (والفتح أشهر) أي وأفصح أي لغة، وأما عند الفقهاء فالضم أشهر كما نبه عليه بقوله: ولكن إلخ.
وإنكار الضم غلط كما في المجموع، ","عَلَى الشَّيْءِ) أَيْ سَوَاءٌ كَانَ بَدَنًا أَوْ غَيْرَهُ.
وَقَوْلُهُ: (مُطْلَقًا) أَيْ سَوَاءٌ كَانَ بِنِيَّةٍ أَمْ لَا.
قَوْلُهُ: (وَالْفَتْحُ أَشْهَرُ) أَيْ وَأَفْصَحُ أَيْ لُغَةً، وَأَمَّا عِنْدَ الْفُقَهَاءِ فَالضَّمُّ أَشْهَرُ كَمَا نَبَّهَ عَلَيْهِ بِقَوْلِهِ: وَلَكِنْ إِلَخْ.
وَإِنْكَارُ الضَّمِّ غَلَطٌ كَمَا فِي الْمَجْمُوعِ، ","عَلَى الشَّيْءِ) أَيْ سَوَاءٌ كَانَ بَدَنًا أَوْ غَيْرَهُ.
وَقَوْلُهُ: (مُطْلَقًا) أَيْ سَوَاءٌ كَانَ بِنِيَّةٍ أَمْ لَا.
قَوْلُهُ: (وَالْفَتْحُ أَشْهَرُ) أَيْ وَأَفْصَحُ أَيْ لُغَةً، وَأَمَّا عِنْدَ الْفُقَهَاءِ فَالضَّمُّ أَشْهَرُ كَمَا نَبَّهَ عَلَيْهِ بِقَوْلِهِ: وَلَكِنْ إِلَخْ.
وَإِنْكَارُ الضَّمِّ غَلَطٌ كَمَا فِي الْمَجْمُوعِ،"
وطريق علمه أن ينظر إلى قيمته ذكيا غير مدبوغ وإلى قيمته مدبوغا فيضمن فضل ما بينهما، وللغاصب أن يحبسه حتى يستوفي حقه كحق الحبس في المبيع، والفرق بين المسألتين ما ذكره في الكتاب وهو نير وإن لم يكونا باقيين، فإن استهلكهما الغاصب ضمن الخل ولم يضمن الجلد عند أبي حنيفة رضي الله عنه، ,وَطَرِيقُ عِلْمِهِ أَنْ يَنْظُرَ إِلَى قِيمَتِهِ ذَكِيًّا غَيْرَ مَدْبُوغٍ وَإِلَى قِيمَتِهِ مَدْبُوغًا فَيَضْمَنُ فَضْلَ مَا بَيْنَهُمَا، وَلِلْغَاصِبِ أَنْ يَحْبِسَهُ حَتَّى يَسْتَوْفِيَ حَقَّهُ كَحَقِّ الْحَبْسِ فِي الْمَبِيعِ، وَالْفَرْقُ بَيْنَ الْمَسْأَلَتَيْنِ مَا ذَكَرَهُ فِي الْكِتَابِ وَهُوَ نَيِّرٌ وَإِنْ لَمْ يَكُونَا بَاقِيَيْنِ، فَإِنِ اسْتَهْلَكَهُمَا الْغَاصِبُ ضَمِنَ الْخَلَّ وَلَمْ يَضْمَنِ الْجِلْدَ عِنْدَ أَبِي حَنِيفَةَ رَضِيَ اللَّهُ عَنْهُ، ,وَطَرِيقُ عِلْمِهِ أَنْ يَنْظُرَ إِلَى قِيمَتِهِ ذَكِيًّا غَيْرَ مَدْبُوغٍ وَإِلَى قِيمَتِهِ مَدْبُوغًا فَيَضْمَنُ فَضْلَ مَا بَيْنَهُمَا، وَلِلْغَاصِبِ أَنْ يَحْبِسَهُ حَتَّى يَسْتَوْفِيَ حَقَّهُ كَحَقِّ الْحَبْسِ فِي الْمَبِيعِ، وَالْفَرْقُ بَيْنَ الْمَسْأَلَتَيْنِ مَا ذَكَرَهُ فِي الْكِتَابِ وَهُوَ نَيِّرٌ وَإِنْ لَمْ يَكُونَا بَاقِيَيْنِ، فَإِنِ اسْتَهْلَكَهُمَا الْغَاصِبُ ضَمِنَ الْخَلَّ وَلَمْ يَضْمَنِ الْجِلْدَ عِنْدَ أَبِي حَنِيفَةَ رَضِيَ اللَّهُ عَنْهُ،
"وحينئذ فهو طاهر على كل حال.
وعلى القول بنجاسة الدم المسفوح فيه إذا شك هل هذا السمك من الصف الأعلى أو من غيره، أكل لأن الطعام لا يطرح بالشك.
قوله: وكذا السوداء: أي التي هي أحد الأخلاط الأربعة: الصفراء والدم والسوداء والبلغم، ولا بد في كل إنسان من وجود الأخلاط، ","وَحِينَئِذٍ فَهُوَ طَاهِرٌ عَلَى كُلِّ حَالٍ.
وَعَلَى الْقَوْلِ بِنَجَاسَةِ الدَّمِ الْمَسْفُوحِ فِيهِ إِذَا شُكَّ هَلْ هَذَا السَّمَكُ مِنَ الصَّفِّ الْأَعْلَى أَوْ مِنْ غَيْرِهِ، أُكِلَ لِأَنَّ الطَّعَامَ لَا يُطْرَحُ بِالشَّكِّ.
قَوْلُهُ: وَكَذَا السَّوْدَاءُ: أَيِ الَّتِي هِيَ أَحَدُ الْأَخْلَاطِ الْأَرْبَعَةِ: الصَّفْرَاءُ وَالدَّمُ وَالسَّوْدَاءُ وَالْبَلْغَمُ، وَلَا بُدَّ فِي كُلِّ إِنْسَانٍ مِنْ وُجُودِ الْأَخْلَاطِ، ","وَحِينَئِذٍ فَهُوَ طَاهِرٌ عَلَى كُلِّ حَالٍ.
وَعَلَى الْقَوْلِ بِنَجَاسَةِ الدَّمِ الْمَسْفُوحِ فِيهِ إِذَا شَكَّ هَلْ هَذَا السَّمَكُ مِنَ الصَّفِّ الْأَعْلَى أَوْ مِنْ غَيْرِهِ، أُكِلَ لِأَنَّ الطَّعَامَ لَا يُطْرَحُ بِالشَّكِّ.
قَوْلُهُ: وَكَذَا السَّوْدَاءُ: أَيِ الَّتِي هِيَ أَحَدُ الْأَخْلَاطِ الْأَرْبَعَةِ: الصَّفْرَاءُ وَالدَّمُ وَالسَّوْدَاءُ وَالْبَلْغَمُ، وَلَا بُدَّ فِي كُلِّ إِنْسَانٍ مِنْ وُجُودِ الْأَخْلَاطِ،"
