input,reference,prediction
"والنجم والشمس والليل وغير ذلك، فهذا أقسام ببعض المخلوقات فالجواب: أن كلام المصنف والحديث بالنسبة إلى إقسامات البشر، وما في القرآن أقسام من الله على بعض خلقه ببعض ما (4/462)
يعظمونه من المخلوقات، وله - تعالى - أن يقسم بما شاء على من يشاء من مخلوقات، وإن أجاب بعض الشيوخ بأنه يمكن أن يكون المقسم به محذوفا تقديره: ","وَالنَّجْمِ وَالشَّمْسِ وَاللَّيْلِ وَغَيْرِ ذَلِكَ، فَهَذَا أَقْسَامٌ بِبَعْضِ الْمَخْلُوقَاتِ فَالْجَوَابُ: أَنَّ كَلَامَ الْمُصَنِّفِ وَالْحَدِيثَ بِالنِّسْبَةِ إِلَى إِقْسَامَاتِ الْبَشَرِ، وَمَا فِي الْقُرْآنِ أَقْسَامٌ مِنَ اللَّهِ عَلَى بَعْضِ خَلْقِهِ بِبَعْضِ مَا (4/462)
يُعَظِّمُونَهُ مِنَ الْمَخْلُوقَاتِ، وَلَهُ - تَعَالَى - أَنْ يُقْسِمَ بِمَا شَاءَ عَلَى مَنْ يَشَاءُ مِنْ مَخْلُوقَاتٍ، وَإِنْ أَجَابَ بَعْضُ الشُّيُوخِ بِأَنَّهُ يُمْكِنُ أَنْ يَكُونَ الْمُقْسَمُ بِهِ مَحْذُوفًا تَقْدِيرُهُ: ","وَالنَّجْمِ وَالشَّمْسِ وَاللَّيْلِ وَغَيْرِ ذَلِكَ، فَهَذَا أَقْسَامٌ بِبَعْضِ الْمَخْلُوقَاتِ فَالْجَوَابُ: أَنَّ كَلَامَ الْمُصَنِّفِ وَالْحَدِيثَ بِالنِّسْبَةِ إِلَى إِقْسَامَاتِ الْبَشَرِ، وَمَا فِي الْقُرْآنِ أَقْسَامٌ مِنَ اللَّهِ عَلَى بَعْضِ خَلْقِهِ بِبَعْضِ مَا (4/462)
يُعَظِّمُونَهُ مِنَ الْمَخْلُوقَاتِ، وَلَهُ - تَعَالَى - أَنْ يَقْسِمَ بِمَا شَاءَ عَلَى مَنْ يَشَاءُ مِنْ مَخْلُوقَاتٍ، وَإِنْ أَجَابَ بَعْضُ الشُّيُوخِ بِأَنَّهُ يُمْكِنُ أَنْ يَكُونَ الْمُقْسَمُ بِهِ مَحْذُوفًا تَقْدِيرُهُ:"
"واقتصار الشيخ عبد الرحمن على كلام عبد الحق يوهم الاتفاق على البطلان حيث استخلف وهذا إذا أخذوا فرضهم مع الإمام المستخلف بالكسر قبل حصول المانع فإن لم يأخذوا فرضهم معه قبل حصوله فإنه يجب عليهم العود مع (5/27)
المستخلف بالفتح فيأخذون فرضهم معه فإن تركوا ذلك عمدا بطلت صلاتهم، ","وَاقْتِصَارُ الشَّيْخِ عَبْدِ الرَّحْمَنِ عَلَى كَلَامِ عَبْدِ الْحَقِّ يُوهِمُ الِاتِّفَاقَ عَلَى الْبُطْلَانِ حَيْثُ اسْتَخْلَفَ وَهَذَا إِذَا أَخَذُوا فَرْضَهُمْ مَعَ الْإِمَامِ الْمُسْتَخْلِفِ بِالْكَسْرِ قَبْلَ حُصُولِ الْمَانِعِ فَإِنْ لَمْ يَأْخُذُوا فَرْضَهُمْ مَعَهُ قَبْلَ حُصُولِهِ فَإِنَّهُ يَجِبُ عَلَيْهِمِ الْعَوْدُ مَعَ (5/27)
الْمُسْتَخْلَفِ بِالْفَتْحِ فَيَأْخُذُونَ فَرْضَهُمْ مَعَهُ فَإِنْ تَرَكُوا ذَلِكَ عَمْدًا بَطَلَتْ صَلَاتُهُمْ، ","وَاقْتِصَارُ الشَّيْخِ عَبْدِ الرَّحْمَنِ عَلَى كَلَامِ عَبْدِ الْحَقِّ يُوهِمُ الِاتِّفَاقَ عَلَى الْبُطْلَانِ حَيْثُ اسْتَخْلَفَ وَهَذَا إِذَا أَخَذُوا فَرْضَهُمْ مَعَ الْإِمَامِ الْمُسْتَخْلَفِ بِالْكَسْرِ قَبْلَ حُصُولِ الْمَانِعِ فَإِنْ لَمْ يَأْخُذُوا فَرْضَهُمْ مَعَهُ قَبْلَ حُصُولِهِ فَإِنَّهُ يَجِبُ عَلَيْهِمِ الْعَوْدُ مَعَ (5/27)
الْمُسْتَخْلَفِ بِالْفَتْحِ فَيَأْخُذُونَ فَرْضَهُمْ مَعَهُ فَإِنْ تَرَكُوا ذَلِكَ عَمْدًا بَطَلَتْ صَلَاتُهُمْ،"
"لأن المولى جعل معتقا والولاء لا ينتقل عن المعتق (وإن أدى الثاني بعد عتق الأول فولاؤه له) لأن العاقد من أهل ثبوت الولاء وهو الأصل فيثبت له.
الشرح
(13/21)
قال (والتزوج ليس وسيلة إليه) الكتابة فك الحجر مع قيام الملك ضرورة التوسل إلى المقصود: ","لِأَنَّ الْمَوْلَى جُعِلَ مُعْتِقًا وَالْوَلَاءُ لَا يَنْتَقِلُ عَنِ الْمُعْتِقِ (وَإِنْ أَدَّى الثَّانِي بَعْدَ عِتْقِ الْأَوَّلِ فَوَلَاؤُهُ لَهُ) لِأَنَّ الْعَاقِدَ مِنْ أَهْلِ ثُبُوتِ الْوَلَاءِ وَهُوَ الْأَصْلُ فَيَثْبُتُ لَهُ.
الشَّرْحُ
(13/21)
قَالَ (وَالتَّزَوُّجُ لَيْسَ وَسِيلَةً إِلَيْهِ) الْكِتَابَةُ فَكُّ الْحَجْرِ مَعَ قِيَامِ الْمِلْكِ ضَرُورَةَ التَّوَسُّلِ إِلَى الْمَقْصُودِ: ","لِأَنَّ الْمَوْلَى جُعِلَ مُعْتَقًا وَالْوَلَاءُ لَا يَنْتَقِلُ عَنِ الْمُعْتِقِ (وَإِنْ أَدَّى الثَّانِي بَعْدَ عِتْقِ الْأَوَّلِ فَوَلَاؤُهُ لَهُ) لِأَنَّ الْعَاقِدَ مِنْ أَهْلِ ثُبُوتِ الْوَلَاءِ وَهُوَ الْأَصْلُ فَيَثْبُتُ لَهُ.
الشَّرْحُ
(13/21)
قَالَ (وَالتَّزَوُّجُ لَيْسَ وَسِيلَةً إِلَيْهِ) الْكِتَابَةُ فَكُّ الْحَجْرِ مَعَ قِيَامِ الْمِلْكِ ضَرُورَةُ التَّوَسُّلِ إِلَى الْمَقْصُودِ:"
"أحدهما) قوله: وإن قال ثلاثة أنصاف طلقة أو خمسة أرباع طلقة أو أربعة أثلاث ونحوه فثنتان، وقيل: واحدة، كنصفي ثنتين أو نصف ثنتين، انتهى.
في هذا القياس نظر واضح، لأن ظاهره القطع بوقوع طلقة واحدة في قوله أنت طالق نصفي ثنتين، ولم أر ذلك للأصحاب، ","أَحَدُهُمَا) قَوْلُهُ: وَإِنْ قَالَ ثَلَاثَةَ أَنْصَافِ طَلْقَةٍ أَوْ خَمْسَةَ أَرْبَاعِ طَلْقَةٍ أَوْ أَرْبَعَةَ أَثْلَاثٍ وَنَحْوَهُ فَثِنْتَانِ، وَقِيلَ: وَاحِدَةٌ، كَنِصْفَيْ ثِنْتَيْنِ أَوْ نِصْفِ ثِنْتَيْنِ، انْتَهَى.
فِي هَذَا الْقِيَاسِ نَظَرٌ وَاضِحٌ، لِأَنَّ ظَاهِرَهُ الْقَطْعُ بِوُقُوعِ طَلْقَةٍ وَاحِدَةٍ فِي قَوْلِهِ أَنْتِ طَالِقٌ نِصْفَيْ ثِنْتَيْنِ، وَلَمْ أَرَ ذَلِكَ لِلْأَصْحَابِ، ","أَحَدُهُمَا) قَوْلُهُ: وَإِنْ قَالَ ثَلَاثَةُ أَنْصَافِ طَلْقَةٍ أَوْ خَمْسَةُ أَرْبَاعِ طَلْقَةٍ أَوْ أَرْبَعَةُ أَثْلَاثِ وَنَحْوِهِ فَثِنْتَانِ، وَقِيلَ: وَاحِدَةٌ، كَنِصْفَيْ ثِنْتَيْنِ أَوْ نِصْفِ ثِنْتَيْنِ، انْتَهَى.
فِي هَذَا الْقِيَاسِ نَظَرٌ وَاضِحٌ، لِأَنَّ ظَاهِرَهُ الْقَطْعُ بِوُقُوعِ طَلْقَةٍ وَاحِدَةٍ فِي قَوْلِهِ أَنْتِ طَالِقٌ نِصْفَيْ ثِنْتَيْنِ، وَلَمْ أَرَ ذَلِكَ لِلْأَصْحَابِ،"
"وشرط أخذ الدائن رهنا واحدا من مدينين اثنين: نظرا لهذه المادة يشترط لجواز ذلك أن يكون العقد واحدا أيضا.
مثلا إذا قال شخصان لدائنهما: إذا رهنا عندك هذا المال مقابل الدين الذي لك علينا وقبل الدائن صح ذلك ولا يشترط أن يكون المرهون واحدا بل يجوز أن يكون اثنين أو أكثر (رد المحتار) ","وَشَرْطُ أَخْذِ الدَّائِنِ رَهْنًا وَاحِدًا مِنْ مَدِينَيْنِ اثْنَيْنِ: نَظَرًا لِهَذِهِ الْمَادَّةِ يُشْتَرَطُ لِجَوَازِ ذَلِكَ أَنْ يَكُونَ الْعَقْدُ وَاحِدًا أَيْضًا.
مَثَلًا إِذَا قَالَ شَخْصَانِ لِدَائِنِهِمَا: إِذَا رَهَنَا عِنْدَك هَذَا الْمَالَ مُقَابِلَ الدَّيْنِ الَّذِي لَكَ عَلَيْنَا وَقَبِلَ الدَّائِنُ صَحَّ ذَلِكَ وَلَا يُشْتَرَطُ أَنْ يَكُونَ الْمَرْهُونُ وَاحِدًا بَلْ يَجُوزُ أَنْ يَكُونَ اثْنَيْنِ أَوْ أَكْثَرَ (رَدُّ الْمُحْتَارِ) ","وَشَرْطُ أَخْذِ الدَّائِنِ رَهْنًا وَاحِدًا مِنْ مَدِينَيْنِ اثْنَيْنِ: نَظَرًا لِهَذِهِ الْمَادَّةِ يُشْتَرَطُ لِجَوَازِ ذَلِكَ أَنْ يَكُونَ الْعَقْدُ وَاحِدًا أَيْضًا.
مَثَلًا إِذَا قَالَ شَخْصَانِ لِدَائِنِهِمَا: إِذَا رَهَنَا عِنْدَك هَذَا الْمَالَ مُقَابِلَ الدَّيْنِ الَّذِي لَكَ عَلَيْنَا وَقَبِلَ الدَّائِنُ صَحَّ ذَلِكَ وَلَا يُشْتَرَطُ أَنْ يَكُونَ الْمَرْهُونُ وَاحِدًا بَلْ يَجُوزُ أَنْ يَكُونَ اثْنَيْنِ أَوْ أَكْثَرَ (رَدُّ الْمُحْتَارِ)"
"عديم المثل في الأمر بالمعروف والنهي عن المنكر، قانعا باليسير، راضيا عن الله، والله عنه راض.
مقتصدا إلى الغاية في ملبسه ومطعمه وأثاثه تعلوه سكينة وهيبة فالله يرحمه ويسكنه الجنة بمنه، ولي مشيخة دار الحديث بعد الشيخ شهاب الدين بن أبي شامة وكان لا يتناول من معلومها شيئا بل يتقنع بالقليل مما يبعث به إليه أبوه، ","عَدِيمَ الْمِثْلِ فِي الْأَمْرِ بِالْمَعْرُوفِ وَالنَّهْيِ عَنِ الْمُنْكَرِ، قَانِعًا بِالْيَسِيرِ، رَاضِيًا عَنِ اللَّهِ، وَاللَّهُ عَنْهُ رَاضٍ.
مُقْتَصِدًا إِلَى الْغَايَةِ فِي مَلْبَسِهِ وَمَطْعَمِهِ وَأَثَاثِهِ تَعْلُوهُ سَكِينَةٌ وَهَيْبَةٌ فَاللَّهُ يَرْحَمُهُ وَيُسْكِنُهُ الْجَنَّةَ بِمَنِّهِ، وَلِيَ مَشْيَخَةَ دَارِ الْحَدِيثِ بَعْدَ الشَّيْخِ شِهَابِ الدِّينِ بْنِ أَبِي شَامَةَ وَكَانَ لَا يَتَنَاوَلُ مِنْ مَعْلُومِهَا شَيْئًا بَلْ يَتَقَنَّعُ بِالْقَلِيلِ مِمَّا يَبْعَثُ بِهِ إِلَيْهِ أَبُوهُ، ","عَدِيمُ الْمِثْلِ فِي الْأَمْرِ بِالْمَعْرُوفِ وَالنَّهْيِ عَنِ الْمُنْكَرِ، قَانِعًا بِالْيَسِيرِ، رَاضِيًا عَنِ اللَّهِ، وَاللَّهُ عَنْهُ رَاضٍ.
مُقْتَصِدًا إِلَى الْغَايَةِ فِي مَلْبَسِهِ وَمَطْعَمِهِ وَأَثَاثِهِ تَعْلُوهُ سَكِينَةٌ وَهَيْبَةٌ فَاللَّهُ يَرْحَمُهُ وَيَسْكُنُهُ الْجَنَّةَ بِمَنِّهِ، وَلِيُّ مَشْيَخَةِ دَارِ الْحَدِيثِ بَعْدَ الشَّيْخِ شِهَابِ الدِّينِ بْنِ أَبِي شَامَةَ وَكَانَ لَا يَتَنَاوَلُ مِنْ مَعْلُومِهَا شَيْئًا بَلْ يَتَقَنَّعُ بِالْقَلِيلِ مِمَّا يَبْعَثُ بِهِ إِلَيْهِ أَبُوهُ،"
وعليه فيحمل ما هنا على مثل ذاك ويمكن استفادة التعميم من قوله وإن حرم إذ المعنى سواء حرم أو لا فالحرمة حيث شوش على أهله وعدمها حيث انتفى ذلك، وأشار إلى هذا حج بقوله لأن إثمه: أي الاعتكاف فيما وقف على طائفة ليس هو منهم إن فرض لأمر خارج (قوله: ,وَعَلَيْهِ فَيُحْمَلُ مَا هُنَا عَلَى مِثْلِ ذَاكَ وَيُمْكِنُ اسْتِفَادَةُ التَّعْمِيمِ مِنْ قَوْلِهِ وَإِنْ حَرُمَ إِذِ الْمَعْنَى سَوَاءٌ حَرُمَ أَوْ لَا فَالْحُرْمَةُ حَيْثُ شَوَّشَ عَلَى أَهْلِهِ وَعَدَمُهَا حَيْثُ انْتَفَى ذَلِكَ، وَأَشَارَ إِلَى هَذَا حَجّ بِقَوْلِهِ لِأَنَّ إِثْمَهُ: أَيِ الِاعْتِكَافِ فِيمَا وَقَفَ عَلَى طَائِفَةٍ لَيْسَ هُوَ مِنْهُمْ إِنْ فُرِضَ لِأَمْرٍ خَارِجٍ (قَوْلُهُ: ,وَعَلَيْهِ فَيُحْمَلُ مَا هُنَا عَلَى مِثْلِ ذَاكَ وَيُمْكِنُ اسْتِفَادَةُ التَّعْمِيمِ مِنْ قَوْلِهِ وَإِنْ حَرُمَ إِذِ الْمَعْنَى سَوَاءٌ حَرُمَ أَوْ لَا فَالْحُرْمَةُ حَيْثُ شَوَّشَ عَلَى أَهْلِهِ وَعَدَمُهَا حَيْثُ انْتَفَى ذَلِكَ، وَأَشَارَ إِلَى هَذَا حَجّ بِقَوْلِهِ لِأَنَّ إِثْمَهُ: أَيِ الِاعْتِكَافَ فِيمَا وَقَفَ عَلَى طَائِفَةٍ لَيْسَ هُوَ مِنْهُمْ إِنْ فُرِضَ لِأَمْرٍ خَارِجٍ (قَوْلُهُ:
"وأما عند محمد ففي الظهيرية لا تصح إمامة الأحدب للقائم ذكره محمد رحمه الله وفي مجموع النوازل يصح والأول أصح ا ه.
فعلى هذا فمعنى قوله والأول أصح أي من قولي محمد كما صرح به في النهر قال وكأنه في البحر لم يطلع على هذا فجزم بأنه ضعيف وأنه محمول على قول محمد. (3/466)
(","وَأَمَّا عِنْدَ مُحَمَّدٍ فَفِي الظَّهِيرِيَّةِ لَا تَصِحُّ إِمَامَةُ الْأَحْدَبِ لِلْقَائِمِ ذَكَرَهُ مُحَمَّدٌ رَحِمَهُ اللَّهُ وَفِي مَجْمُوعِ النَّوَازِلِ يَصِحُّ وَالْأَوَّلُ أَصَحُّ ا ه.
فَعَلَى هَذَا فَمَعْنَى قَوْلِهِ وَالْأَوَّلُ أَصَحُّ أَيْ مِنْ قَوْلَيْ مُحَمَّدٍ كَمَا صَرَّحَ بِهِ فِي النَّهْرِ قَالَ وَكَأَنَّهُ فِي الْبَحْرِ لَمْ يَطَّلِعْ عَلَى هَذَا فَجَزَمَ بِأَنَّهُ ضَعِيفٌ وَأَنَّهُ مَحْمُولٌ عَلَى قَوْلِ مُحَمَّدٍ. (3/466)
(","وَأَمَّا عِنْدَ مُحَمَّدٍ فَفِي الظَّهِيرِيَّةِ لَا تَصِحُّ إِمَامَةُ الْأَحْدَبِ لِلْقَائِمِ ذَكَرَهُ مُحَمَّدٌ رَحِمَهُ اللَّهُ وَفِي مَجْمُوعِ النَّوَازِلِ يَصِحُّ وَالْأَوَّلُ أَصَحُّ ا ه.
فَعَلَى هَذَا فَمَعْنَى قَوْلِهِ وَالْأَوَّلُ أَصَحُّ أَيْ مِنْ قَوْلَيْ مُحَمَّدٍ كَمَا صَرَّحَ بِهِ فِي النَّهْرِ قَالَ وَكَأَنَّهُ فِي الْبَحْرِ لَمْ يَطَّلِعْ عَلَى هَذَا فَجَزَمَ بِأَنَّهُ ضَعِيفٌ وَأَنَّهُ مَحْمُولٌ عَلَى قَوْلِ مُحَمَّدٍ. (3/466)
("
ما يقضى به على كل واحد منهم لا يكون أقل من نصف دينار؛ لأنها صلة واجبة شرعا فيعتبر بالزكاة وأدنى ما يجب في الزكاة نصف دينار أو خمسة دراهم، فقد كان ذلك بمعنى نصف دينار في زمن رسول الله صلى الله عليه وسلم، ولكنا نقول: ,مَا يُقْضَى بِهِ عَلَى كُلِّ وَاحِدٍ مِنْهُمْ لَا يَكُونُ أَقَلَّ مِنْ نِصْفِ دِينَارٍ؛ لِأَنَّهَا صِلَةٌ وَاجِبَةٌ شَرْعًا فَيُعْتَبَرُ بِالزَّكَاةِ وَأَدْنَى مَا يَجِبُ فِي الزَّكَاةِ نِصْفُ دِينَارٍ أَوْ خَمْسَةُ دَرَاهِمَ، فَقَدْ كَانَ ذَلِكَ بِمَعْنَى نِصْفِ دِينَارٍ فِي زَمَنِ رَسُولِ اللَّهِ صَلَّى اللَّهُ عَلَيْهِ وَسَلَّمَ، وَلَكِنَّا نَقُولُ: ,مَا يُقْضَى بِهِ عَلَى كُلِّ وَاحِدٍ مِنْهُمْ لَا يَكُونُ أَقَلَّ مِنْ نِصْفِ دِينَارٍ؛ لِأَنَّهَا صِلَةٌ وَاجِبَةٌ شَرْعًا فَيُعْتَبَرُ بِالزَّكَاةِ وَأَدْنَى مَا يَجِبُ فِي الزَّكَاةِ نِصْفُ دِينَارٍ أَوْ خَمْسَةُ دَرَاهِمَ، فَقَدْ كَانَ ذَلِكَ بِمَعْنَى نِصْفِ دِينَارٍ فِي زَمَنِ رَسُولِ اللَّهِ صَلَّى اللَّهُ عَلَيْهِ وَسَلَّمَ، وَلَكِنَّا نَقُولُ:
"حدثنا عبد الصمد حدثنا الأسود حدثنا خالد بن سمير حدثنا بشير بن نهيك قال حدثني بشير رسول الله صلى الله عليه وسلم وكان اسمه في الجاهلية زحم بن معبد فهاجر إلى رسول الله صلى الله عليه وسلم فسأله فقال ما اسمك قال زحم قال لا بل أنت بشير فكان اسمه قال بينا أنا أماشي رسول الله صلى الله عليه وسلم إذ قال يا (34/383)
","حَدَّثَنَا عَبْدُ الصَّمَدِ حَدَّثَنَا الْأَسْوَدُ حَدَّثَنَا خَالِدُ بْنُ سُمَيْرٍ حَدَّثَنَا بَشِيرُ بْنُ نَهِيكٍ قَالَ حَدَّثَنِي بَشِيرُ رَسُولِ اللَّهِ صَلَّى اللَّهُ عَلَيْهِ وَسَلَّمَ وَكَانَ اسْمُهُ فِي الْجَاهِلِيَّةِ زَحْمَ بْنَ مَعْبَدٍ فَهَاجَرَ إِلَى رَسُولِ اللَّهِ صَلَّى اللَّهُ عَلَيْهِ وَسَلَّمَ فَسَأَلَهُ فَقَالَ مَا اسْمُكَ قَالَ زَحْمٌ قَالَ لَا بَلْ أَنْتَ بَشِيرٌ فَكَانَ اسْمَهُ قَالَ بَيْنَا أَنَا أُمَاشِي رَسُولَ اللَّهِ صَلَّى اللَّهُ عَلَيْهِ وَسَلَّمَ إِذْ قَالَ يَا (34/383)
",حَدَّثَنَا عَبْدُ الصَّمَدِ حَدَّثَنَا الْأَسْوَدُ حَدَّثَنَا خَالِدُ بْنُ سَمِيرٍ حَدَّثَنَا بَشِيرُ بْنُ نُهَيْكٍ قَالَ حَدَّثَنِي بَشِيرٌ رَسُولُ اللَّهِ صَلَّى اللَّهُ عَلَيْهِ وَسَلَّمَ وَكَانَ اسْمُهُ فِي الْجَاهِلِيَّةِ زَحْمَ بْنَ مَعْبَدٍ فَهَاجَرَ إِلَى رَسُولِ اللَّهِ صَلَّى اللَّهُ عَلَيْهِ وَسَلَّمَ فَسَأَلَهُ فَقَالَ مَا اسْمُكَ قَالَ زَحْمٌ قَالَ لَا بَلْ أَنْتَ بَشِيرٌ فَكَانَ اسْمُهُ قَالَ بَيْنَا أَنَا أُمَاشِي رَسُولَ اللَّهِ صَلَّى اللَّهُ عَلَيْهِ وَسَلَّمَ إِذْ قَالَ يَا (34/383)
"عن النقص، إذ مادة التحفظ ظاهرة فيه.
[قوله: ولدفع إلخ] الأولى حذف ولدفع ويكون معطوفا على النقص، (2/140)
والتقدير وتحفظ عن النقص ووسوسته [قوله: فثبت بهذا وجوب النية إلخ] دخول على كلام المصنف.
وقوله: بهذا أي بكلام المصنف سواء فسر بما تقدم له؛ لأن النية لازمة له أو فسر بالنية وهو أظهر في وجوبها.
[قوله: ","عَنِ النَّقْصِ، إِذْ مَادَّةُ التَّحَفُّظِ ظَاهِرَةٌ فِيهِ.
[قَوْلُهُ: وَلِدَفْعِ إِلَخْ] الْأَوْلَى حَذْفُ وَلِدَفْعِ وَيَكُونُ مَعْطُوفًا عَلَى النَّقْصِ، (2/140)
وَالتَّقْدِيرُ وَتَحَفَّظَ عَنِ النَّقْصِ وَوَسْوَسَتِهِ [قَوْلُهُ: فَثَبَتَ بِهَذَا وُجُوبُ النِّيَّةِ إِلَخْ] دُخُولٌ عَلَى كَلَامِ الْمُصَنِّفِ.
وَقَوْلُهُ: بِهَذَا أَيْ بِكَلَامِ الْمُصَنِّفِ سَوَاءٌ فُسِّرَ بِمَا تَقَدَّمَ لَهُ؛ لِأَنَّ النِّيَّةَ لَازِمَةٌ لَهُ أَوْ فُسِّرَ بِالنِّيَّةِ وَهُوَ أَظْهَرُ فِي وُجُوبِهَا.
[قَوْلُهُ: ","عَنِ النَّقْصِ، إِذْ مَادَّةُ التَّحَفُّظِ ظَاهِرَةٌ فِيهِ.
[قَوْلُهُ: وَلِدَفْعِ إِلَخْ] الْأَوْلَى حَذْفُ وَلِدَفْعِ وَيَكُونُ مَعْطُوفًا عَلَى النَّقْصِ، (2/140)
وَالتَّقْدِيرُ وَتَحَفَّظَ عَنِ النَّقْصِ وَوَسْوَسَتِهِ [قَوْلُهُ: فَثَبَتَ بِهَذَا وُجُوبُ النِّيَّةِ إِلَخْ] دُخُولٌ عَلَى كَلَامِ الْمُصَنِّفِ.
وَقَوْلُهُ: بِهَذَا أَيْ بِكَلَامِ الْمُصَنِّفِ سَوَاءٌ فَسَّرَ بِمَا تَقَدَّمَ لَهُ؛ لِأَنَّ النِّيَّةَ لَازِمَةٌ لَهُ أَوْ فَسَّرَ بِالنِّيَّةِ وَهُوَ أَظْهَرُ فِي وُجُوبِهَا.
[قَوْلُهُ:"
ذكرين كانا أو أنثيين أو مختلفين (فيما تدخله النيابة) من حقوق الله تعالى وحقوق الآدميين ويأتي تفصيله وهذا التعريف باعتبار الغالب، أو المراد: جائز التصرف في ذلك الفعل الذي وكل فيه وإن لم يكن مطلق التصرف فلا يرد صحة توكيل نحو عبد فيما لا يتعلق بالمال مقصوده وهي جائزة إجماعا وقوله تعالى {,ذَكَرَيْنِ كَانَا أَوْ أُنْثَيَيْنِ أَوْ مُخْتَلِفَيْنِ (فِيمَا تَدْخُلُهُ النِّيَابَةُ) مِنْ حُقُوقِ اللَّهِ تَعَالَى وَحُقُوقِ الْآدَمِيِّينَ وَيَأْتِي تَفْصِيلُهُ وَهَذَا التَّعْرِيفُ بِاعْتِبَارِ الْغَالِبِ، أَوِ الْمُرَادُ: جَائِزُ التَّصَرُّفِ فِي ذَلِكَ الْفِعْلِ الَّذِي وُكِّلَ فِيهِ وَإِنْ لَمْ يَكُنْ مُطْلَقَ التَّصَرُّفِ فَلَا يَرِدُ صِحَّةُ تَوْكِيلِ نَحْوِ عَبْدٍ فِيمَا لَا يَتَعَلَّقُ بِالْمَالِ مَقْصُودُهُ وَهِيَ جَائِزَةٌ إِجْمَاعًا وقَوْله تَعَالَى {,ذَكَرَيْنِ كَانَا أَوْ أُنْثَيَيْنِ أَوْ مُخْتَلِفَيْنِ (فِيمَا تَدْخُلُهُ النِّيَابَةُ) مِنْ حُقُوقِ اللَّهِ تَعَالَى وَحُقُوقِ الْآدَمِيِّينَ وَيَأْتِي تَفْصِيلُهُ وَهَذَا التَّعْرِيفُ بِاعْتِبَارِ الْغَالِبِ، أَوِ الْمُرَادُ: جَائِزُ التَّصَرُّفِ فِي ذَلِكَ الْفِعْلِ الَّذِي وُكِّلَ فِيهِ وَإِنْ لَمْ يَكُنْ مُطْلَقَ التَّصَرُّفِ فَلَا يَرِدُ صِحَّةُ تَوْكِيلِ نَحْوِ عَبْدٍ فِيمَا لَا يَتَعَلَّقُ بِالْمَالِ مَقْصُودُهُ وَهِيَ جَائِزَةٌ إِجْمَاعًا وَقَوْلُهُ تَعَالَى {
"قال صاحب المحرر: وهو خلاف الظاهر، وأطلق القاضي وابن عقيل الروايتين. (4/236)
ويلزم الولي إخراج زكاة عن صبي ومجنون (وش) كنفقة وغرامة، وعنه: إن خاف أن يطالب بذلك فلا، كمن يخشى رجوع الساعي لكن يعلمه إذا بلغ. (4/237)
فصل ومن منعها جحدا لوجوبها فإن كان جاهلا ومثله يجهله كقريب العهد بالإسلام، والناشئ ببادية بعيدة يخفى عليه ذلك عرف، ","قَالَ صَاحِبُ الْمُحَرَّرِ: وَهُوَ خِلَافُ الظَّاهِرِ، وَأَطْلَقَ الْقَاضِي وَابْنُ عَقِيلٍ الرِّوَايَتَيْنِ. (4/236)
وَيَلْزَمُ الْوَلِيَّ إِخْرَاجُ زَكَاةٍ عَنْ صَبِيٍّ وَمَجْنُونٍ (وَش) كَنَفَقَةٍ وَغَرَامَةٍ، وَعَنْهُ: إِنْ خَافَ أَنْ يُطَالَبَ بِذَلِكَ فَلَا، كَمَنْ يَخْشَى رُجُوعَ السَّاعِي لَكِنْ يُعْلِمُهُ إِذَا بَلَغَ. (4/237)
فَصْلٌ وَمَنْ مَنَعَهَا جَحْدًا لِوُجُوبِهَا فَإِنْ كَانَ جَاهِلًا وَمِثْلُهُ يَجْهَلُهُ كَقَرِيبِ الْعَهْدِ بِالْإِسْلَامِ، وَالنَّاشِئِ بِبَادِيَةٍ بَعِيدَةٍ يَخْفَى عَلَيْهِ ذَلِكَ عُرِّفَ، ","قَالَ صَاحِبُ الْمُحَرَّرِ: وَهُوَ خِلَافُ الظَّاهِرِ، وَأَطْلَقَ الْقَاضِي وَابْنُ عَقِيلٍ الرِّوَايَتَيْنِ. (4/236)
وَيَلْزَمُ الْوَلِيَّ إِخْرَاجُ زَكَاةٍ عَنْ صَبِيٍّ وَمَجْنُونٍ (وَش) كَنَفَقَةٍ وَغَرَامَةٍ، وَعَنْهُ: إِنْ خَافَ أَنْ يُطَالَبَ بِذَلِكَ فَلَا، كَمَنْ يَخْشَى رُجُوعَ السَّاعِي لَكِنْ يُعْلِمُهُ إِذَا بَلَغَ. (4/237)
فَصْلٌ وَمَنْ مَنَعَهَا جَحْدًا لِوُجُوبِهَا فَإِنْ كَانَ جَاهِلًا وَمِثْلُهُ يَجْهَلُهُ كَقَرِيبِ الْعَهْدِ بِالْإِسْلَامِ، وَالنَّاشِئِ بِبَادِيَةٍ بَعِيدَةٍ يَخْفَى عَلَيْهِ ذَلِكَ عُرْفٌ،"
"قال حدثنا أبو النضر قال حدثنا عكرمة قال حدثني إياس بن سلمة قال أخبرني أبي قال بارز عمي يوم خيبر مرحب اليهودي فقال مرحب قد علمت خيبر أني مرحب شاكي السلاح بطل مجرب إذا الحروب أقبلت تلهب فقال عمي عامر قد علمت خيبر أني عامر شاكي السلاح بطل مغامر فاختلفا ضربتين فوقع سيف مرحب في ترس عامر وذهب يسفل له فرجع السيف على ساقه قطع أكحله فكانت فيها نفسه قال سلمة بن الأكوع لقيت ناسا من صحابة النبي صلى الله عليه وسلم فقالوا بطل عمل عامر قتل نفسه قال سلمة فجئت إلى نبي الله صلى الله عليه وسلم أبكي قلت يا رسول الله بطل عمل عامر قال من قال ذاك قلت ناس من أصحابك فقال رسول الله صلى الله عليه وسلم كذب من قال ذاك بل له أجره مرتين إنه حين خرج إلى (27/67)
","قَالَ حَدَّثَنَا أَبُو النَّضْرِ قَالَ حَدَّثَنَا عِكْرِمَةُ قَالَ حَدَّثَنِي إِيَاسُ بْنُ سَلَمَةَ قَالَ أَخْبَرَنِي أَبِي قَالَ بَارَزَ عَمِّي يَوْمَ خَيْبَرَ مَرْحَبٌ الْيَهُودِيُّ فَقَالَ مَرْحَبٌ قَدْ عَلِمَتْ خَيْبَرُ أَنِّي مَرْحَبُ شَاكِي السِّلَاحِ بَطَلٌ مُجَرَّبُ إِذَا الْحُرُوبُ أَقْبَلَتْ تَلَهَّبُ فَقَالَ عَمِّي عَامِرٌ قَدْ عَلِمَتْ خَيْبَرُ أَنِّي عَامِرُ شَاكِي السِّلَاحِ بَطَلٌ مُغَامِرُ فَاخْتَلَفَا ضَرْبَتَيْنِ فَوَقَعَ سَيْفُ مَرْحَبٍ فِي تُرْسِ عَامِرٍ وَذَهَبَ يَسْفُلُ لَهُ فَرَجَعَ السَّيْفُ عَلَى سَاقِهِ قَطَعَ أَكْحَلَهُ فَكَانَتْ فِيهَا نَفْسُهُ قَالَ سَلَمَةُ بْنُ الْأَكْوَعِ لَقِيتُ نَاسًا مِنْ صَحَابَةِ النَّبِيِّ صَلَّى اللَّهُ عَلَيْهِ وَسَلَّمَ فَقَالُوا بَطَلَ عَمَلُ عَامِرٍ قَتَلَ نَفْسَهُ قَالَ سَلَمَةُ فَجِئْتُ إِلَى نَبِيِّ اللَّهِ صَلَّى اللَّهُ عَلَيْهِ وَسَلَّمَ أَبْكِي قُلْتُ يَا رَسُولَ اللَّهِ بَطَلَ عَمَلُ عَامِرٍ قَالَ مَنْ قَالَ ذَاكَ قُلْتُ نَاسٌ مِنْ أَصْحَابِكَ فَقَالَ رَسُولُ اللَّهِ صَلَّى اللَّهُ عَلَيْهِ وَسَلَّمَ كَذَبَ مَنْ قَالَ ذَاكَ بَلْ لَهُ أَجْرُهُ مَرَّتَيْنِ إِنَّهُ حِينَ خَرَجَ إِلَى (27/67)
",قَالَ حَدَّثَنَا أَبُو النَّضْرِ قَالَ حَدَّثَنَا عِكْرِمَةُ قَالَ حَدَّثَنِي إِيَاسُ بْنُ سَلَمَةَ قَالَ أَخْبَرَنِي أَبِي قَالَ بَارَزَ عَمِّي يَوْمَ خَيْبَرَ مَرْحَبٌ الْيَهُودِيُّ فَقَالَ مَرْحَبٌ قَدْ عَلِمَتْ خَيْبَرُ أَنِّي مَرْحَبٌ شَاكِي السِّلاحِ بَطَلٌ مُجَرَّبٌ إِذَا الْحُرُوبُ أَقْبَلَتْ تَلَهَّبُ فَقَالَ عَمِّي عَامِرٌ قَدْ عَلِمَتْ خَيْبَرُ أَنِّي عَامِرٌ شَاكِي السِّلاحِ بَطَلٌ مُغَامِرٌ فَاخْتَلَفَا ضَرْبَتَيْنِ فَوَقَعَ سَيْفُ مَرْحَبٍ فِي تُرْسِ عَامِرٍ وَذَهَبَ يَسْفُلُ لَهُ فَرَجَعَ السَّيْفُ عَلَى سَاقِهِ قَطَعَ أَكْحَلَهُ فَكَانَتْ فِيهَا نَفْسُهُ قَالَ سَلَمَةُ بْنُ الْأَكْوَعِ لَقِيتُ نَاسًا مِنْ صَحَابَةِ النَّبِيِّ صَلَّى اللَّهُ عَلَيْهِ وَسَلَّمَ فَقَالُوا بَطَلَ عَمَلُ عَامِرٍ قَتَلَ نَفْسَهُ قَالَ سَلَمَةُ فَجِئْتُ إِلَى نَبِيِّ اللَّهِ صَلَّى اللَّهُ عَلَيْهِ وَسَلَّمَ أَبْكِي قُلْتُ يَا رَسُولَ اللَّهِ بَطَلَ عَمَلُ عَامِرٍ قَالَ مَنْ قَالَ ذَاكَ قُلْتُ نَاسٌ مِنْ أَصْحَابِكَ فَقَالَ رَسُولُ اللَّهِ صَلَّى اللَّهُ عَلَيْهِ وَسَلَّمَ كَذَبَ مَنْ قَالَ ذَاكَ بَلْ لَهُ أَجْرُ
فقام الرابع وقال: رأيت أقداما بادية ونفسا عاليا وأمرا منكرا، ولا أعلم ما وراء ذلك، فقال سي دنا عمر رضي الله عنه له: الحمد لله الذي لم يفضح رجلا من أصحاب محمد صلى الله عليه وسلم وحد الثلاثة، وكان ذلك بمحضر من الصحابة الكرام رضي الله عنهم، ولم ينقل أنه أنكر عليه منكر فيكون إجماعا؛ ,فَقَامَ الرَّابِعُ وَقَالَ: رَأَيْتُ أَقْدَامًا بَادِيَةً وَنَفَسًا عَالِيًا وَأَمْرًا مُنْكَرًا، وَلَا أَعْلَمُ مَا وَرَاءَ ذَلِكَ، فَقَالَ سَيّ دُنَا عُمَرُ رَضِيَ اللَّهُ عَنْهُ لَهُ: الْحَمْدُ لِلَّهِ الَّذِي لَمْ يَفْضَحْ رَجُلًا مِنْ أَصْحَابِ مُحَمَّدٍ صَلَّى اللَّهُ عَلَيْهِ وَسَلَّمَ وَحَدَّ الثَّلَاثَةَ، وَكَانَ ذَلِكَ بِمَحْضَرٍ مِنَ الصَّحَابَةِ الْكِرَامِ رَضِيَ اللَّهُ عَنْهُمْ، وَلَمْ يُنْقَلْ أَنَّهُ أَنْكَرَ عَلَيْهِ مُنْكِرٌ فَيَكُونُ إِجْمَاعًا؛ ,فَقَامَ الرَّابِعُ وَقَالَ: رَأَيْتُ أَقْدَامًا بَادِيَةً وَنَفْسًا عَالِيًا وَأَمْرًا مُنْكَرًا، وَلَا أَعْلَمُ مَا وَرَاءَ ذَلِكَ، فَقَالَ سي دَنَا عُمَرُ رَضِيَ اللَّهُ عَنْهُ لَهُ: الْحَمْدُ لِلَّهِ الَّذِي لَمْ يَفْضَحْ رَجُلًا مِنْ أَصْحَابِ مُحَمَّدٍ صَلَّى اللَّهُ عَلَيْهِ وَسَلَّمَ وَحَدَّ الثَّلَاثَةَ، وَكَانَ ذَلِكَ بِمَحْضَرٍ مِنَ الصَّحَابَةِ الْكِرَامِ رَضِيَ اللَّهُ عَنْهُمْ، وَلَمْ يُنْقَلْ أَنَّهُ أَنْكَرَ عَلَيْهِ مُنْكِرٌ فَيَكُونُ إِجْمَاعًا؛
أو تلف وهو في يده ثم ظهر عيبه القديم؛ فله الحق في الرجوع على بائعه وليس لذلك البائع الرجوع به على البائع الأول وإذا أراد المشتري رد المبيع على بائعه لاطلاعه على عيب قديم فأقام البائع البينة عليه بأنه كان أقر ببيعه من زيد؛ فليس له رده سواء كان زيد حاضرا، ,أَوْ تَلِفَ وَهُوَ فِي يَدِهِ ثُمَّ ظَهَرَ عَيْبُهُ الْقَدِيمُ؛ فَلَهُ الْحَقُّ فِي الرُّجُوعِ عَلَى بَائِعِهِ وَلَيْسَ لِذَلِكَ الْبَائِعِ الرُّجُوعُ بِهِ عَلَى الْبَائِعِ الْأَوَّلِ وَإِذَا أَرَادَ الْمُشْتَرِي رَدَّ الْمَبِيعِ عَلَى بَائِعِهِ لِاطِّلَاعِهِ عَلَى عَيْبٍ قَدِيمٍ فَأَقَامَ الْبَائِعُ الْبَيِّنَةَ عَلَيْهِ بِأَنَّهُ كَانَ أَقَرَّ بِبَيْعِهِ مِنْ زَيْدٍ؛ فَلَيْسَ لَهُ رَدُّهُ سَوَاءٌ كَانَ زَيْدٌ حَاضِرًا، ,أَوْ تَلِفَ وَهُوَ فِي يَدِهِ ثُمَّ ظَهَرَ عَيْبُهُ الْقَدِيمُ؛ فَلَهُ الْحَقُّ فِي الرُّجُوعِ عَلَى بَائِعِهِ وَلَيْسَ لِذَلِكَ الْبَائِعِ الرُّجُوعُ بِهِ عَلَى الْبَائِعِ الْأَوَّلِ وَإِذَا أَرَادَ الْمُشْتَرِي رَدَّ الْمَبِيعِ عَلَى بَائِعِهِ لِاطِّلَاعِهِ عَلَى عَيْبٍ قَدِيمٍ فَأَقَامَ الْبَائِعُ الْبَيِّنَةَ عَلَيْهِ بِأَنَّهُ كَانَ أَقَرَّ بِبَيْعِهِ مِنْ زَيْدٍ؛ فَلَيْسَ لَهُ رَدُّهُ سَوَاءٌ كَانَ زَيْدٌ حَاضِرًا،
"أن الأولى لم يجمع على تخصيصها والثانية أجمع على تخصيصها بما لا يقبل الوطء من المملوكات وبما يقبله لكنه محرم إجماعا كالذكور وأخوات الرضاع وموطوآت الآباء من الإماء وغير المخصوص أرجح مما أجمع على تخصيصه (وثالثها) أن الأصل في الفروج التحريم حتى يتيقن الحل فتكون الأولى على وفق الأصل ولم يتعين رجحان الثانية عليها فيعمل بمقتضاها موافقة للأصل فهاتان (5/349)
","أَنَّ الْأُولَى لَمْ يُجْمَعْ عَلَى تَخْصِيصِهَا وَالثَّانِيَةَ أُجْمِعَ عَلَى تَخْصِيصِهَا بِمَا لَا يَقْبَلُ الْوَطْءَ مِنَ الْمَمْلُوكَاتِ وَبِمَا يَقْبَلُهُ لَكِنَّهُ مُحَرَّمٌ إِجْمَاعًا كَالذُّكُورِ وَأَخَوَاتِ الرَّضَاعِ وَمَوْطُوَآتِ الْآبَاءِ مِنَ الْإِمَاءِ وَغَيْرُ الْمَخْصُوصِ أَرْجَحُ مِمَّا أُجْمِعَ عَلَى تَخْصِيصِهِ (وَثَالِثُهَا) أَنَّ الْأَصْلَ فِي الْفُرُوجِ التَّحْرِيمُ حَتَّى يُتَيَقَّنَ الْحِلُّ فَتَكُونُ الْأُولَى عَلَى وَفْقِ الْأَصْلِ وَلَمْ يَتَعَيَّنْ رُجْحَانُ الثَّانِيَةِ عَلَيْهَا فَيُعْمَلُ بِمُقْتَضَاهَا مُوَافَقَةً لِلْأَصْلِ فَهَاتَانِ (5/349)
",أَنَّ الْأُولَى لَمْ يُجْمَعْ عَلَى تَخْصِيصِهَا وَالثَّانِيَةُ أُجْمِعَ عَلَى تَخْصِيصِهَا بِمَا لَا يَقْبَلُ الْوَطْءَ مِنَ الْمَمْلُوكَاتِ وَبِمَا يَقْبَلُهُ لَكِنَّهُ مُحَرَّمٌ إِجْمَاعًا كَالذُّكُورِ وَأَخَوَاتِ الرَّضَاعِ وَمَوْطُوَآتِ الْآبَاءِ مِنَ الْإِمَاءِ وَغَيْرِ الْمَخْصُوصِ أَرْجَحُ مِمَّا أُجْمِعَ عَلَى تَخْصِيصِهِ (وَثَالِثُهَا) أَنَّ الْأَصْلَ فِي الْفُرُوجِ التَّحْرِيمُ حَتَّى يَتَيَقَّنَ الْحِلَّ فَتَكُونُ الْأُولَى عَلَى وَفْقِ الْأَصْلِ وَلَمْ يَتَعَيَّنْ رُجْحَانُ الثَّانِيَةِ عَلَيْهَا فَيُعْمَلُ بِمُقْتَضَاهَا مُوَافَقَةً لِلْأَصْلِ فَهَاتَانِ (5/349)
"قوله: أو الشراء منه.
ضمير منه راجع لواضع اليد المدلول عليه بوضع اليد التزاما، ويكون الحاصل أنه إذا ادعى الشراء من فلان، وهو واضع اليد وصادقه فلان على وضع اليد كفى تصادقهما ولا يحتاج إلى بينة. (4/347)
الشهادة إن وافقت الدعوى قبلت وإلا لا: إلا في مسائل: ادعى دينا بسبب فشهدا بالمطلق أو كان المشهود به أقل.
","قَوْلُهُ: أَوِ الشِّرَاءِ مِنْهُ.
ضَمِيرُ مِنْهُ رَاجِعٌ لِوَاضِعِ الْيَدِ الْمَدْلُولِ عَلَيْهِ بِوَضْعِ الْيَدِ الْتِزَامًا، وَيَكُونُ الْحَاصِلُ أَنَّهُ إِذَا ادَّعَى الشِّرَاءَ مِنْ فُلَانٍ، وَهُوَ وَاضِعُ الْيَدِ وَصَادَقَهُ فُلَانٌ عَلَى وَضْعِ الْيَدِ كَفَى تَصَادُقُهُمَا وَلَا يُحْتَاجُ إِلَى بَيِّنَةٍ. (4/347)
الشَّهَادَةُ إِنْ وَافَقَتِ الدَّعْوَى قُبِلَتْ وَإِلَّا لَا: إِلَّا فِي مَسَائِلَ: ادَّعَى دَيْنًا بِسَبَبٍ فَشَهِدَا بِالْمُطْلَقِ أَوْ كَانَ الْمَشْهُودُ بِهِ أَقَلَّ.
","قَوْلُهُ: أَوِ الشِّرَاءُ مِنْهُ.
ضَمِيرُ مِنْهُ رَاجِعٌ لِوَاضِعِ الْيَدِ الْمَدْلُولِ عَلَيْهِ بِوَضْعِ الْيَدِ الْتِزَامًا، وَيَكُونُ الْحَاصِلُ أَنَّهُ إِذَا ادَّعَى الشِّرَاءَ مِنْ فُلَانٍ، وَهُوَ وَاضِعُ الْيَدِ وَصَادَقَهُ فُلَانٌ عَلَى وَضْعِ الْيَدِ كَفَى تَصَادُقُهُمَا وَلَا يَحْتَاجُ إِلَى بَيِّنَةٍ. (4/347)
الشَّهَادَةُ إِنْ وَافَقَتِ الدَّعْوَى قُبِلَتْ وَإِلَّا لَا: إِلَّا فِي مَسَائِلَ: ادَّعَى دَيْنًا بِسَبَبٍ فَشَهِدَا بِالْمُطْلَقِ أَوْ كَانَ الْمَشْهُودُ بِهِ أَقَلَّ."
"إن كان تعلم السحر ليفرق بينه وبين المعجزات كان ذلك قربة وكذلك نقول إذا عمل السحر بأمر مباح ليفرق به بين المجتمعين على الزنا أو قطع الطريق بالبغضاء والشحناء أو ليقتل جيش الكفر ملكهم به أو ليوقع به المحبة بين الزوجين أو بين جيش الإسلام، وملكهم فهذا كله قربة فتأمل هذه المباحث كلها فالموضع مشكل جدا.
","إِنْ كَانَ تَعَلَّمَ السِّحْرَ لِيُفَرِّقَ بَيْنَهُ وَبَيْنَ الْمُعْجِزَاتِ كَانَ ذَلِكَ قُرْبَةً وَكَذَلِكَ نَقُولُ إِذَا عَمِلَ السَّحَرُ بِأَمْرٍ مُبَاحٍ لِيُفَرِّقَ بِهِ بَيْنَ الْمُجْتَمِعِينَ عَلَى الزِّنَا أَوْ قَطْعِ الطَّرِيقِ بِالْبَغْضَاءِ وَالشَّحْنَاءِ أَوْ لِيَقْتُلَ جَيْشُ الْكُفْرِ مَلِكَهُمْ بِهِ أَوْ لِيُوقِعَ بِهِ الْمَحَبَّةَ بَيْنَ الزَّوْجَيْنِ أَوْ بَيْنَ جَيْشِ الْإِسْلَامِ، وَمَلِكِهِمْ فَهَذَا كُلُّهُ قُرْبَةٌ فَتَأَمَّلْ هَذِهِ الْمَبَاحِثَ كُلَّهَا فَالْمَوْضِعُ مُشْكِلٌ جِدًّا.
",إِنْ كَانَ تَعَلَّمَ السِّحْرَ لِيُفَرِّقَ بَيْنَهُ وَبَيْنَ الْمُعْجِزَاتِ كَانَ ذَلِكَ قُرْبَةً وَكَذَلِكَ نَقُولُ إِذَا عَمِلَ السِّحْرَ بِأَمْرٍ مُبَاحٍ لِيُفَرِّقَ بِهِ بَيْنَ الْمُجْتَمِعَيْنِ عَلَى الزِّنَا أَوْ قَطْعِ الطَّرِيقِ بِالْبَغْضَاءِ وَالشَّحْنَاءِ أَوْ لِيَقْتُلَ جَيْشَ الْكُفْرِ مَلَكَهُمْ بِهِ أَوْ لِيُوقِعَ بِهِ الْمَحَبَّةَ بَيْنَ الزَّوْجَيْنِ أَوْ بَيْنَ جَيْشِ الْإِسْلَامِ، وَمَلَكَهُمْ فَهَذَا كُلُّهُ قُرْبَةٌ فَتَأَمَّلْ هَذِهِ الْمَبَاحِثَ كُلَّهَا فَالْمَوْضِعُ مُشْكِلٌ جِدًّا.
"الشرح
(9/348)
(قوله فلا يكفي قول الرقيق) ","الشَّرْحُ
(9/348)
(قَوْلُهُ فَلَا يَكْفِي قَوْلُ الرَّقِيقِ) ","الشَّرْحُ
(9/348)
(قَوْلُهُ فَلَا يَكْفِي قَوْلُ الرَّقِيقِ)"
"وتحريم الشيء - لا لاحترامه وكرامته - تنجيس له شرعا؛ ولأن معنى النجاسة فيه موجود وهو الاستقذار الطبيعي لاستحالته إلى فساد وهي الرائحة المنتنة، فصار كروثة وكبول ما لا يؤكل لحمه.
وأما الحديث فقد ذكر قتادة أن {النبي صلى الله عليه وسلم أمر بشرب ألبانها دون أبوالها،} فلا يصح التعلق به، ","وَتَحْرِيمُ الشَّيْءِ - لَا لِاحْتِرَامِهِ وَكَرَامَتِهِ - تَنْجِيسٌ لَهُ شَرْعًا؛ وَلِأَنَّ مَعْنَى النَّجَاسَةِ فِيهِ مَوْجُودٌ وَهُوَ الِاسْتِقْذَارُ الطَّبِيعِيُّ لِاسْتِحَالَتِهِ إِلَى فَسَادٍ وَهِيَ الرَّائِحَةُ الْمُنْتِنَةُ، فَصَارَ كَرَوْثَةِ وَكَبَوْلِ مَا لَا يُؤْكَلُ لَحْمُهُ.
وَأَمَّا الْحَدِيثُ فَقَدْ ذَكَرَ قَتَادَةَ أَنَّ {النَّبِيَّ صَلَّى اللَّهُ عَلَيْهِ وَسَلَّمَ أَمَرَ بِشُرْبِ أَلْبَانِهَا دُونَ أَبْوَالِهَا،} فَلَا يَصِحُّ التَّعَلُّقُ بِهِ، ","وَتَحْرِيمُ الشَّيْءِ - لَا لِاحْتِرَامِهِ وَكَرَامَتِهِ - تَنْجِيسٌ لَهُ شَرْعًا؛ وَلِأَنَّ مَعْنَى النَّجَاسَةِ فِيهِ مَوْجُودٌ وَهُوَ الِاسْتِقْذَارُ الطَّبِيعِيُّ لِاسْتِحَالَتِهِ إِلَى فَسَادٍ وَهِيَ الرَّائِحَةُ الْمُنْتِنَةُ، فَصَارَ كَرَوْثَةِ وَكَبُولِ مَا لَا يُؤْكَلُ لَحْمُهُ.
وَأَمَّا الْحَدِيثُ فَقَدْ ذَكَرَ قَتَادَةُ أَنَّ {النَّبِيَّ صَلَّى اللَّهُ عَلَيْهِ وَسَلَّمَ أَمَرَ بِشُرْبِ أَلْبَانِهَا دُونَ أَبْوَالِهَا،} فَلَا يَصِحُّ التَّعَلُّقُ بِهِ،"
"وإن اقتضى مساواة بيضة ببيضتين فإن عسر الوزن فيما اعتبرت فيه المماثلة عن الشارع وزنا لكونه في سفر أو بادية جاز التحري إن لم يتعذر تحريه لكثرته جدا، وأما الكيل، والعدد فلا يعسران إذ يجوز الكيل بغير المعهود كذا في شرح الخرشي. (5/453)
","وَإِنِ اقْتَضَى مُسَاوَاةَ بَيْضَةِ بِبَيْضَتَيْنِ فَإِنْ عَسِرَ الْوَزْنُ فِيمَا اعْتُبِرَتْ فِيهِ الْمُمَاثَلَةُ عَنِ الشَّارِعِ وَزْنًا لِكَوْنِهِ فِي سَفَرٍ أَوْ بَادِيَةٍ جَازَ التَّحَرِّي إِنْ لَمْ يَتَعَذَّرْ تَحَرِّيهِ لِكَثْرَتِهِ جِدًّا، وَأَمَّا الْكَيْلُ، وَالْعَدَدُ فَلَا يَعْسُرَانِ إِذْ يَجُوزُ الْكَيْلُ بِغَيْرِ الْمَعْهُودِ كَذَا فِي شَرْحِ الْخَرَشِيِّ. (5/453)
",وَإِنِ اقْتَضَى مُسَاوَاةَ بَيْضَةٍ بِبَيْضَتَيْنِ فَإِنْ عَسُرَ الْوَزْنُ فِيمَا اعْتُبِرَتْ فِيهِ الْمُمَاثَلَةُ عَنِ الشَّارِعِ وَزْنًا لِكَوْنِهِ فِي سَفَرٍ أَوْ بَادِيَةٍ جَازَ التَّحَرِّي إِنْ لَمْ يَتَعَذَّرْ تَحَرِّيهِ لِكَثْرَتِهِ جِدًّا، وَأَمَّا الْكَيْلُ، وَالْعَدَدُ فَلَا يَعْسُرَانِ إِذْ يَجُوزُ الْكَيْلُ بِغَيْرِ الْمَعْهُودِ كَذَا فِي شَرْحِ الْخَرَشِيِّ. (5/453)
"ولو لم تعدل البينة فإنه يضمن قيمة السمكة للمدعى عليه؛ لأن البيع لم يثبت وبقي آخذا مال الغير بجهة البيع فيكون مضمونا عليه بالقيمة.
وجه قول أبي حنيفة (أن شرط الخيار يخالف مقتضى العقد وهو اللزوم) ثبت نصا على خلاف القياس في المدة المذكورة للتروي فيما يدفع الغبن عنه، ","وَلَوْ لَمْ تَعْدِلِ الْبَيِّنَةُ فَإِنَّهُ يَضْمَنُ قِيمَةَ السَّمَكَةِ لِلْمُدَّعَى عَلَيْهِ؛ لِأَنَّ الْبَيْعَ لَمْ يَثْبُتْ وَبَقِيَ آخِذًا مَالَ الْغَيْرِ بِجِهَةِ الْبَيْعِ فَيَكُونُ مَضْمُونًا عَلَيْهِ بِالْقِيمَةِ.
وَجْهُ قَوْلِ أَبِي حَنِيفَةَ (أَنَّ شَرْطَ الْخِيَارِ يُخَالِفُ مُقْتَضَى الْعَقْدِ وَهُوَ اللُّزُومُ) ثَبَتَ نَصًّا عَلَى خِلَافِ الْقِيَاسِ فِي الْمُدَّةِ الْمَذْكُورَةِ لِلتَّرَوِّي فِيمَا يَدْفَعُ الْغَبْنَ عَنْهُ، ","وَلَوْ لَمْ تَعْدِلِ الْبَيِّنَةُ فَإِنَّهُ يَضْمَنُ قِيمَةَ السَّمَكَةِ لِلْمُدَّعَى عَلَيْهِ؛ لِأَنَّ الْبَيْعَ لَمْ يَثْبُتْ وَبَقِيَ آخِذًا مَالَ الْغَيْرِ بِجِهَةِ الْبَيْعِ فَيَكُونُ مَضْمُونًا عَلَيْهِ بِالْقِيمَةِ.
وَجْهُ قَوْلِ أَبِي حَنِيفَةَ (أَنَّ شَرْطَ الْخِيَارِ يُخَالِفُ مُقْتَضَى الْعَقْدِ وَهُوَ اللُّزُومُ) ثَبَتَ نَصًّا عَلَى خِلَافِ الْقِيَاسِ فِي الْمُدَّةِ الْمَذْكُورَةِ لِلتَّرَوِّي فِيمَا يَدْفَعُ الْغَبْنَ عَنْهُ،"
وعن أبي يوسف إن لم يعلم المأمور بقضاء الآمر جاز دفعه عن الآمر، وإن علم لا يجوز ومنها متفاوضان أذن كل واحد منهما صاحبه بأداء الزكاة فأدى أحدهما عن نفسه وعن صاحبه ضمن الثاني ما أدى عن صاحبه علم الثاني بأداء الأول عنه وعن صاحبه، ,وَعَنْ أَبِي يُوسُفَ إِنْ لَمْ يَعْلَمِ الْمَأْمُورُ بِقَضَاءِ الْآمِرِ جَازَ دَفْعُهُ عَنِ الْآمِرِ، وَإِنْ عَلِمَ لَا يَجُوزُ وَمِنْهَا مُتَفَاوِضَانِ أَذِنَ كُلُّ وَاحِدٍ مِنْهُمَا صَاحِبَهُ بِأَدَاءِ الزَّكَاةِ فَأَدَّى أَحَدُهُمَا عَنْ نَفْسِهِ وَعَنْ صَاحِبِهِ ضَمِنَ الثَّانِي مَا أَدَّى عَنْ صَاحِبِهِ عَلِمَ الثَّانِي بِأَدَاءِ الْأَوَّلِ عَنْهُ وَعَنْ صَاحِبِهِ، ,وَعَنْ أَبِي يُوسُفَ إِنْ لَمْ يَعْلَمِ الْمَأْمُورُ بِقَضَاءِ الْآمِرِ جَازَ دَفْعُهُ عَنِ الْآمِرِ، وَإِنْ عَلِمَ لَا يَجُوزُ وَمِنْهَا مُتَفَاوِضَانِ أَذِنَ كُلُّ وَاحِدٍ مِنْهُمَا صَاحِبَهُ بِأَدَاءِ الزَّكَاةِ فَأَدَّى أَحَدُهُمَا عَنْ نَفْسِهِ وَعَنْ صَاحِبِهِ ضَمِنَ الثَّانِي مَا أَدَّى عَنْ صَاحِبِهِ عَلِمَ الثَّانِي بِأَدَاءِ الْأَوَّلِ عَنْهُ وَعَنْ صَاحِبِهِ،
تعبيره بالوقت يقتضي أن التيمم لعدم الماء مختص بصلاة الفرض ونحوه مما له وقت كالفجر، وأما ما لا وقت له فلا يصح تيممه له، وليس كذلك بل المذهب أن المسافر كالمريض يصح لهما أن يتيمما لكل صلاة ولو نفلا مطلقا، ,تَعْبِيرُهُ بِالْوَقْتِ يَقْتَضِي أَنَّ التَّيَمُّمَ لِعَدَمِ الْمَاءِ مُخْتَصٌّ بِصَلَاةِ الْفَرْضِ وَنَحْوِهِ مِمَّا لَهُ وَقْتٌ كَالْفَجْرِ، وَأَمَّا مَا لَا وَقْتَ لَهُ فَلَا يَصِحُّ تَيَمُّمُهُ لَهُ، وَلَيْسَ كَذَلِكَ بَلِ الْمَذْهَبُ أَنَّ الْمُسَافِرَ كَالْمَرِيضِ يَصِحُّ لَهُمَا أَنْ يَتَيَمَّمَا لِكُلِّ صَلَاةٍ وَلَوْ نَفْلًا مُطْلَقًا، ,تَعْبِيرُهُ بِالْوَقْتِ يَقْتَضِي أَنَّ التَّيَمُّمَ لِعَدَمِ الْمَاءِ مُخْتَصٌّ بِصَلَاةِ الْفَرْضِ وَنَحْوِهِ مِمَّا لَهُ وَقْتٌ كَالْفَجْرِ، وَأَمَّا مَا لَا وَقْتَ لَهُ فَلَا يَصِحُّ تَيَمُّمُهُ لَهُ، وَلَيْسَ كَذَلِكَ بَلِ الْمَذْهَبُ أَنَّ الْمُسَافِرَ كَالْمَرِيضِ يَصِحُّ لَهُمَا أَنْ يَتَيَمَّمَا لِكُلِّ صَلَاةٍ وَلَوْ نَفْلًا مُطْلَقًا،
"لا يثبت.
(تنبيهان) : (الأول) قوله: وذكر جماعة إقراره له كوصية، فيأخذ المال في وجه، وثلثه في آخر، وقيل: المال لبيت المال.
انتهى.
هذا الخلاف طريقة مؤخرة؛ لأن المصنف قدم حكما في المسألة غير ذلك.
(الثاني) قوله: وفي اعتبار عدالتهما الروايتان .
انتهى.
مراده بالراويتين الروايتان اللتان ذكرهما فيما إذا أقر اثنان منهم بنسبه من غير لفظ الشهادة، قال في الفائق: ","لَا يَثْبُتُ.
(تَنْبِيهَانِ) : (الْأَوَّلُ) قَوْلُهُ: وَذَكَرَ جَمَاعَةٌ إِقْرَارَهُ لَهُ كَوَصِيَّةٍ، فَيَأْخُذُ الْمَالَ فِي وَجْهٍ، وَثُلُثَهُ فِي آخَرَ، وَقِيلَ: الْمَالُ لِبَيْتِ الْمَالِ.
انْتَهَى.
هَذَا الْخِلَافُ طَرِيقَةٌ مُؤَخِّرَةٌ؛ لِأَنَّ الْمُصَنِّفَ قَدَّمَ حُكْمًا فِي الْمَسْأَلَةِ غَيْرَ ذَلِكَ.
(الثَّانِي) قَوْلُهُ: وَفِي اعْتِبَارِ عَدَالَتِهِمَا الرِّوَايَتَانِ .
انْتَهَى.
مُرَادُهُ بِالرَّاوِيَتَيْنِ الرِّوَايَتَانِ اللَّتَانِ ذَكَرَهُمَا فِيمَا إِذَا أَقَرَّ اثْنَانِ مِنْهُمْ بِنَسَبِهِ مِنْ غَيْرِ لَفْظِ الشَّهَادَةِ، قَالَ فِي الْفَائِقِ: ","لَا يَثْبُتُ.
(تَنْبِيهَانِ) : (الْأَوَّلُ) قَوْلُهُ: وَذَكَرَ جَمَاعَةٌ إِقْرَارَهُ لَهُ كَوَصِيَّةٍ، فَيَأْخُذُ الْمَالَ فِي وَجْهٍ، وَثُلُثَهُ فِي آخَرَ، وَقِيلَ: الْمَالُ لِبَيْتِ الْمَالِ.
انْتَهَى.
هَذَا الْخِلَافُ طَرِيقَةٌ مُؤَخَّرَةٌ؛ لِأَنَّ الْمُصَنِّفَ قَدَّمَ حُكْمًا فِي الْمَسْأَلَةِ غَيْرَ ذَلِكَ.
(الثَّانِي) قَوْلُهُ: وَفِي اعْتِبَارِ عَدَالَتِهِمَا الرِّوَايَتَانِ .
انْتَهَى.
مُرَادُهُ بِالرَّاوِيَتَيْنِ الرِّوَايَتَانِ اللَّتَانِ ذَكَرَهُمَا فِيمَا إِذَا أَقَرَّ اثْنَانِ مِنْهُمْ بِنَسَبِهِ مِنْ غَيْرِ لَفْظِ الشَّهَادَةِ، قَالَ فِي الْفَائِقِ:"
أي الداخل وصفه وهو ذمته في مطلق الذمة من دخول الجزئي في الكلي (قوله وإن تعدد حملاء) أي أو غرماء ففي الكلام حذف أو وما عطفت وليس من خصائص الواو والفاء كذا قرر بعض الشراح إلا أن حل الشارح ظاهر في خلافه لكن لا مانع منه قوله بدليل ما بعده إلخ) ,أَيِ الدَّاخِلُ وَصْفُهُ وَهُوَ ذِمَّتُهُ فِي مُطْلَقِ الذِّمَّةِ مِنْ دُخُولِ الْجُزْئِيِّ فِي الْكُلِّيِّ (قَوْلُهُ وَإِنْ تَعَدَّدَ حُمَلَاءُ) أَيْ أَوْ غُرَمَاءُ فَفِي الْكَلَامِ حَذْفُ أَوْ وَمَا عَطَفَتْ وَلَيْسَ مِنْ خَصَائِصِ الْوَاوِ وَالْفَاءِ كَذَا قَرَّرَ بَعْضُ الشُّرَّاحِ إِلَّا أَنَّ حَلَّ الشَّارِحِ ظَاهِرٌ فِي خِلَافِهِ لَكِنْ لَا مَانِعَ مِنْهُ قَوْلُهُ بِدَلِيلِ مَا بَعْدَهُ إِلَخْ) ,أَيِ الدَّاخِلِ وَصَفْهُ وَهُوَ ذِمَّتُهُ فِي مُطْلَقِ الذِّمَّةِ مِنْ دُخُولِ الْجُزْئِيِّ فِي الْكُلِّيِّ (قَوْلُهُ وَإِنْ تَعَدَّدَ حُمَلَاءُ) أَيْ أَوْ غُرَمَاءُ فَفِي الْكَلَامِ حَذْفُ أَوْ وَمَا عُطِفَتْ وَلَيْسَ مِنْ خَصَائِصِ الْوَاوِ وَالْفَاءِ كَذَا قَرَّرَ بَعْضُ الشُّرَّاحِ إِلَّا أَنَّ حَلَّ الشَّارِحِ ظَاهِرٌ فِي خِلَافِهِ لَكِنْ لَا مَانِعَ مِنْهُ قَوْلُهُ بِدَلِيلِ مَا بَعْدَهُ إِلَخْ)
ما أدركت الصفقة، إنما أراد البيع التام بلا شك. ومن قوله المشهور عنه: إنه لا بيع يتم ألبتة إلا بالتفرق بالأبدان، أو بالتخيير بعد العقد. قال علي: فظهر عظيم فحشهم في هذه المسألة، وعظيم تناقضهم فيها، وهم يقولون: إن المرسل كالمسند، وبعضهم يقول: ,مَا أَدْرَكْت الصَّفْقَةَ، إِنَّمَا أَرَادَ الْبَيْعَ التَّامَّ بِلَا شَكٍّ. وَمِنْ قَوْلِهِ الْمَشْهُورِ عَنْهُ: إِنَّهُ لَا بَيْعَ يَتِمُّ أَلْبَتَّةَ إِلَا بِالتَّفَرُّقِ بِالْأَبْدَانِ، أَوْ بِالتَّخْيِيرِ بَعْدَ الْعَقْدِ. قَالَ عَلِيٌّ: فَظَهَرَ عَظِيمُ فُحْشِهِمْ فِي هَذِهِ الْمَسْأَلَةِ، وَعَظِيمُ تَنَاقُضِهِمْ فِيهَا، وَهُمْ يَقُولُونَ: إِنَّ الْمُرْسَلَ كَالْمُسْنَدِ، وَبَعْضُهُمْ يَقُولُ: ,مَا أَدْرَكْت الصَّفْقَةَ، إِنَّمَا أَرَادَ الْبَيْعَ التَّامَّ بِلَا شَكٍّ. وَمِنْ قَوْلِهِ الْمَشْهُورِ عَنْهُ: إِنَّهُ لَا بَيْعَ يَتِمُّ أَلْبَتَّةَ إِلَّا بِالتَّفَرُّقِ بِالْأَبْدَانِ، أَوْ بِالتَّخْيِيرِ بَعْدَ الْعَقْدِ. قَالَ عَلِيٌّ: فَظَهَرَ عَظِيمُ فُحْشِهِمْ فِي هَذِهِ الْمَسْأَلَةِ، وَعَظِيمُ تَنَاقُضِهِمْ فِيهَا، وَهُمْ يَقُولُونَ: إِنَّ الْمُرْسَلَ كَالْمُسْنَدِ، وَبَعْضُهُمْ يَقُولُ:
"قال في الفروع: وذكر يوسف بن الجوزي النية، ثم السبب، ثم مقتضى لفظه عرفا، (16/325)
ثم لغة.
انتهى.
وقال في المذهب الأحمد: النية، ثم السبب، ثم التعيين، ثم إلى ما يتناوله الاسم.
وإن كان للفظ عرف غالب، حمل كلام الحالف عليه (16/326)
قوله (فإذا حلف لا يدخل دار فلان هذه فدخلها.
وقد صارت فضاء، ","قَالَ فِي الْفُرُوعِ: وَذَكَرَ يُوسُفُ بْنُ الْجَوْزِيِّ النِّيَّةَ، ثُمَّ السَّبَبَ، ثُمَّ مُقْتَضَى لَفْظِهِ عُرْفًا، (16/325)
ثُمَّ لُغَةً.
انْتَهَى.
وَقَالَ فِي الْمَذْهَبِ الْأَحْمَدِ: النِّيَّةُ، ثُمَّ السَّبَبُ، ثُمَّ التَّعْيِينُ، ثُمَّ إِلَى مَا يَتَنَاوَلُهُ الِاسْمُ.
وَإِنْ كَانَ لِلَّفْظِ عُرْفٌ غَالِبٌ، حُمِلَ كَلَامُ الْحَالِفِ عَلَيْهِ (16/326)
قَوْلُهُ (فَإِذَا حَلَفَ لَا يَدْخُلُ دَارَ فُلَانٍ هَذِهِ فَدَخَلَهَا.
وَقَدْ صَارَتْ فَضَاءً، ","قَالَ فِي الْفُرُوعِ: وَذَكَرَ يُوسُفُ بْنُ الْجَوْزِيِّ النِّيَّةَ، ثُمَّ السَّبَبَ، ثُمَّ مُقْتَضَى لَفْظِهِ عُرْفًا، (16/325)
ثُمَّ لُغَةً.
انْتَهَى.
وَقَالَ فِي الْمَذْهَبِ الْأَحْمَدِ: النِّيَّةَ، ثُمَّ السَّبَبَ، ثُمَّ التَّعْيِينَ، ثُمَّ إِلَى مَا يَتَنَاوَلُهُ الِاسْمُ.
وَإِنْ كَانَ لِلَفْظٍ عُرْفٌ غَالِبٌ، حُمِلَ كَلَامُ الْحَالِفِ عَلَيْهِ (16/326)
قَوْلُهُ (فَإِذَا حَلَفَ لَا يَدْخُلُ دَارَ فُلَانٍ هَذِهِ فَدَخَلَهَا.
وَقَدْ صَارَتْ فَضَاءً،"
"وإذا أزيلت يده بغير رضاه بأن قبض المشتري المبيع بغير إذن البائع فهنا أولى أن لا ينقطع حقه.
(والرواية الأخرى) أن ملكه لا يزول بل له الخيار، وإن شاء ترك الدقيق، وضمنه حنطة مثل حنطته، وإن شاء أخذ الدقيق، ولم يضمنه شيئا.
قال: أستحسن ذلك وأخالف فيه أبا حنيفة؛ ","وَإِذَا أُزِيلَتْ يَدُهُ بِغَيْرِ رِضَاهُ بِأَنْ قَبَضَ الْمُشْتَرِي الْمَبِيعَ بِغَيْرِ إِذْنِ الْبَائِعِ فَهُنَا أَوْلَى أَنْ لَا يَنْقَطِعَ حَقُّهُ.
(وَالرِّوَايَةُ الْأُخْرَى) أَنَّ مِلْكَهُ لَا يَزُولُ بَلْ لَهُ الْخِيَارُ، وَإِنْ شَاءَ تَرَكَ الدَّقِيقَ، وَضَمَّنَهُ حِنْطَةً مِثْلَ حِنْطَتِهِ، وَإِنْ شَاءَ أَخَذَ الدَّقِيقَ، وَلَمْ يُضَمِّنْهُ شَيْئًا.
قَالَ: أَسْتَحْسِنُ ذَلِكَ وَأُخَالِفُ فِيهِ أَبَا حَنِيفَةَ؛ ","وَإِذَا أُزِيلَتْ يَدُهُ بِغَيْرِ رِضَاهُ بِأَنْ قَبَضَ الْمُشْتَرِي الْمَبِيعَ بِغَيْرِ إِذْنِ الْبَائِعِ فَهُنَا أَوْلَى أَنْ لَا يَنْقَطِعَ حَقُّهُ.
(وَالرِّوَايَةُ الْأُخْرَى) أَنَّ مِلْكَهُ لَا يَزُولُ بَلْ لَهُ الْخِيَارُ، وَإِنْ شَاءَ تَرَكَ الدَّقِيقَ، وَضَمَّنَهُ حِنْطَةً مِثْلَ حِنْطَتِهِ، وَإِنْ شَاءَ أَخَذَ الدَّقِيقَ، وَلَمْ يُضَمِّنْهُ شَيْئًا.
قَالَ: أَسْتَحْسِنُ ذَلِكَ وَأُخَالِفُ فِيهِ أَبَا حَنِيفَةَ؛"
في موضع) قال في الروضة كأصلها صلب ظاهر (لا يكثر شعره) والأولى في الغنم الآذان، وفي الإبل والبقر الأفخاذ (يكره في الوجه) قال في الروضة قاله صاحب العدة وغيره، (قلت الأصح يحرم وبه جزم البغوي) في التهذيب، (وفي صحيح مسلم لعن فاعله والله أعلم) روى مسلم عن جابر {نهى رسول الله صلى الله عليه وسلم عن الضرب في الوجه، ,فِي مَوْضِعٍ) قَالَ فِي الرَّوْضَةِ كَأَصْلِهَا صُلْبٌ ظَاهِرٌ (لَا يَكْثُرُ شَعْرُهُ) وَالْأَوْلَى فِي الْغَنَمِ الْآذَانُ، وَفِي الْإِبِلِ وَالْبَقَرِ الْأَفْخَاذُ (يُكْرَهُ فِي الْوَجْهِ) قَالَ فِي الرَّوْضَةِ قَالَهُ صَاحِبُ الْعُدَّةِ وَغَيْرُهُ، (قُلْت الْأَصَحُّ يَحْرُمُ وَبِهِ جَزَمَ الْبَغَوِيّ) فِي التَّهْذِيبِ، (وَفِي صَحِيحِ مُسْلِمٍ لَعَنَ فَاعِلَهُ وَاللَّهُ أَعْلَمُ) رَوَى مُسْلِمٌ عَنْ جَابِرٍ {نَهَى رَسُولُ اللَّهِ صَلَّى اللَّهُ عَلَيْهِ وَسَلَّمَ عَنِ الضَّرْبِ فِي الْوَجْهِ، ,فِي مَوْضِعٍ) قَالَ فِي الرَّوْضَةِ كَأَصْلِهَا صُلْبٌ ظَاهِرٌ (لَا يَكْثُرُ شَعْرُهُ) وَالْأَوْلَى فِي الْغَنَمِ الْآذَانُ، وَفِي الْإِبِلِ وَالْبَقَرِ الْأَفْخَاذُ (يُكْرَهُ فِي الْوَجْهِ) قَالَ فِي الرَّوْضَةِ قَالَهُ صَاحِبُ الْعُدَّةِ وَغَيْرُهُ، (قُلْت الْأَصَحُّ يَحْرُمُ وَبِهِ جَزَمَ الْبَغَوِيّ) فِي التَّهْذِيبِ، (وَفِي صَحِيحِ مُسْلِمٍ لَعَنَ فَاعِلَهُ وَاللَّهُ أَعْلَمُ) رَوَى مُسْلِمٌ عَنْ جَابِرٍ {نَهَى رَسُولُ اللَّهِ صَلَّى اللَّهُ عَلَيْهِ وَسَلَّمَ عَنِ الضَّرْبِ فِي الْوَجْهِ،
"قال: إنما خرج رسول الله صلى الله عليه وسلم بمن خرج من أصحابه يريدون عير قريش التي قدم بها أبو سفيان من الشام، حتى جمع الله بين الفئتين من غير ميعاد.
قال الله تعالى: {إذ أنتم بالعدوة الدنيا وهم بالعدوة القصوى والركب أسفل منكم ولو تواعدتم لاختلفتم في الميعاد} (1/43)
رؤيا عاتكة
قال يونس بن بكير: عن ابن إسحاق، ","قَالَ: إِنَّمَا خَرَجَ رَسُولُ اللَّهِ صَلَّى اللَّهُ عَلَيْهِ وَسَلَّمَ بِمَنْ خَرَجَ مِنْ أَصْحَابِهِ يُرِيدُونَ عِيرَ قُرَيشٍ الَّتِي قَدِمَ بِهَا أَبُو سُفْيَانَ مِنَ الشَّامِ، حَتَّى جَمَعَ اللَّهُ بَيْنَ الْفِئَتَيْنِ مِنْ غَيْرِ مِيعَادٍ.
قَالَ اللَّهُ تَعَالَى: {إِذْ أَنْتُمْ بِالْعُدْوَةِ الدُّنْيَا وَهُمْ بِالْعُدْوَةِ الْقُصْوَى وَالرَّكْبُ أَسْفَلَ مِنْكُمْ وَلَوْ تَوَاعَدْتُمْ لَاخْتَلَفْتُمْ فِي الْمِيعَادِ} (1/43)
رُؤْيَا عَاتِكَةَ
قَالَ يُونُسُ بْنُ بُكَيْرٍ: عَنِ ابْنِ إِسْحَاقَ، ","قَالَ: إِنَّمَا خَرَجَ رَسُولُ اللَّهِ صَلَّى اللَّهُ عَلَيْهِ وَسَلَّمَ بِمَنْ خَرَجَ مِنْ أَصْحَابِهِ يُرِيدُونَ عِيرَ قُرَيْشٍ الَّتِي قَدِمَ بِهَا أَبُو سُفْيَانَ مِنَ الشَّامِ، حَتَّى جَمَعَ اللَّهُ بَيْنَ الْفِئَتَيْنِ مِنْ غَيْرِ مِيعَادٍ.
قَالَ اللَّهُ تَعَالَى: {إِذْ أَنْتُمْ بِالْعَدْوَةِ الدُّنْيَا وَهُمْ بِالْعَدْوَةِ الْقُصْوَى وَالرَّكْبُ أَسْفَلُ مِنْكُمْ وَلَوْ تَوَاعَدْتُمْ لَاخْتَلَفْتُمْ فِي الْمِيعَادِ} (1/43)
رُؤْيَا عَاتِكَةَ
قَالَ يُونُسُ بْنُ بُكَيْرٍ: عَنِ ابْنِ إِسْحَاقَ،"
"نص عليه أحمد، مع أن مدة الإحرام لا تنضبط لا سيما بالعمرة قد يقع الإبطاء في السير لعائق أو غيره، لكن قد يقال: إن المسافة معلومة وأفعال النسك معلومة فصار كاستثناء ظهر الدابة إلى بلد معين. (1/169)
(القاعدة الرابعة والثلاثون) : استحقاق منافع العبد بعقد لازم يمنع من سريان العتق إليها كالاستثناء في العقد وأولى؛ ","نَصَّ عَلَيْهِ أَحْمَدُ، مَعَ أَنَّ مُدَّةَ الْإِحْرَامِ لَا تَنْضَبِطُ لَا سِيَّمَا بِالْعُمْرَةِ قَدْ يَقَعُ الْإِبْطَاءُ فِي السَّيْرِ لِعَائِقٍ أَوْ غَيْرِهِ، لَكِنْ قَدْ يُقَالُ: إِنَّ الْمَسَافَةَ مَعْلُومَةٌ وَأَفْعَالَ النُّسُكِ مَعْلُومَةٌ فَصَارَ كَاسْتِثْنَاءِ ظَهْرِ الدَّابَّةِ إِلَى بَلَدٍ مُعَيَّنٍ. (1/169)
(الْقَاعِدَةُ الرَّابِعَة وَالثَّلَاثُونَ) : اسْتِحْقَاقُ مَنَافِعِ الْعَبْدِ بِعَقْدٍ لَازِمٍ يَمْنَعُ مِنْ سَرَيَانِ الْعِتْقِ إِلَيْهَا كَالِاسْتِثْنَاءِ فِي الْعَقْدِ وَأَوْلَى؛ ","نَصَّ عَلَيْهِ أَحْمَدُ، مَعَ أَنَّ مُدَّةَ الْإِحْرَامِ لَا تَنْضَبِطُ لَا سِيَّمَا بِالْعُمْرَةِ قَدْ يَقَعُ الْإِبْطَاءُ فِي السَّيْرِ لِعَائِقٍ أَوْ غَيْرِهِ، لَكِنْ قَدْ يُقَالُ: إِنَّ الْمَسَافَةَ مَعْلُومَةٌ وَأَفْعَالَ النُّسُكِ مَعْلُومَةٌ فَصَارَ كَاسْتِثْنَاءِ ظَهْرِ الدَّابَّةِ إِلَى بَلَدٍ مُعَيَّنٍ. (1/169)
(الْقَاعِدَةُ الرَّابِعَةُ وَالثَّلَاثُونَ) : اسْتِحْقَاقُ مَنَافِعِ الْعَبْدِ بِعَقْدٍ لَازِمٍ يَمْنَعُ مِنْ سَرَيَانِ الْعِتْقِ إِلَيْهَا كَالِاسْتِثْنَاءِ فِي الْعَقْدِ وَأَوْلَى؛"
"من جاء ببقرة، فهي له فجاء بجاموس، فلا شيء له. (16/353)
ولو قال: من جاء بكبش، فهو له فجاء رجل بنعجة أو معز لا شيء له كذا في محيط السرخسي. (16/354)
ولو قال: من أصاب بزا فهذا على ثياب القطن والكتان هكذا ذكر محمد رحمه الله تعالى في السير الكبير قالوا: هذا بناء على عرف الكوفة، ","مَنْ جَاءَ بِبَقَرَةٍ، فَهِيَ لَهُ فَجَاءَ بِجَامُوسٍ، فَلَا شَيْءَ لَهُ. (16/353)
وَلَوْ قَالَ: مَنْ جَاءَ بِكَبْشٍ، فَهُوَ لَهُ فَجَاءَ رَجُلٌ بِنَعْجَةٍ أَوْ مَعْزٍ لَا شَيْءَ لَهُ كَذَا فِي مُحِيطِ السَّرَخْسِيِّ. (16/354)
وَلَوْ قَالَ: مَنْ أَصَابَ بَزَّا فَهَذَا عَلَى ثِيَابِ الْقُطْنِ وَالْكَتَّانِ هَكَذَا ذَكَرَ مُحَمَّدٌ رَحِمَهُ اللَّهُ تَعَالَى فِي السِّيَرِ الْكَبِيرِ قَالُوا: هَذَا بِنَاءً عَلَى عُرْفِ الْكُوفَةِ، ","مَنْ جَاءَ بِبَقَرَةٍ، فَهِيَ لَهُ فَجَاءَ بِجَامُوسٍ، فَلَا شَيْءَ لَهُ. (16/353)
وَلَوْ قَالَ: مَنْ جَاءَ بِكَبْشٍ، فَهُوَ لَهُ فَجَاءَ رَجُلٌ بِنَعْجَةٍ أَوْ مَعْزٍ لَا شَيْءَ لَهُ كَذَا فِي مُحِيطِ السَّرَخْسِيِّ. (16/354)
وَلَوْ قَالَ: مَنْ أَصَابَ بَزًّا فَهَذَا عَلَى ثِيَابِ الْقُطْنِ وَالْكَتَّانِ هَكَذَا ذَكَرَ مُحَمَّدٌ رَحِمَهُ اللَّهُ تَعَالَى فِي السِّيَرِ الْكَبِيرِ قَالُوا: هَذَا بِنَاءً عَلَى عُرْفِ الْكُوفَةِ،"
أشار إلى تصحيحه وكتب عليه قال ابن عجيل وبه الفتوى قال الأذرعي وهذا صحيح في حق من يأكل كأكل غالب الناس أما لو كان يأكل بقدر عشرة أنفس أو عشرين مثلا فالأقرب أنه لا يجب له إلا ما يستقل به ويتمكن معه من التردد والتصرف فقط، ,أَشَارَ إِلَى تَصْحِيحِهِ وَكَتَبَ عَلَيْهِ قَالَ ابْنُ عُجَيْلٍ وَبِهِ الْفَتْوَى قَالَ الْأَذْرَعِيُّ وَهَذَا صَحِيحٌ فِي حَقِّ مَنْ يَأْكُلُ كَأَكْلِ غَالِبِ النَّاسِ أَمَّا لَوْ كَانَ يَأْكُلُ بِقَدْرِ عَشَرَةِ أَنْفُسٍ أَوْ عِشْرِينَ مَثَلًا فَالْأَقْرَبُ أَنَّهُ لَا يَجِبُ لَهُ إِلَّا مَا يَسْتَقِلُّ بِهِ وَيَتَمَكَّنُ مَعَهُ مِنَ التَّرَدُّدِ وَالتَّصَرُّفِ فَقَطْ، ,أَشَارَ إِلَى تَصْحِيحِهِ وَكَتَبَ عَلَيْهِ قَالَ ابْنُ عُجَيْلٍ وَبِهِ الْفَتْوَى قَالَ الْأَذْرَعِيُّ وَهَذَا صَحِيحٌ فِي حَقِّ مَنْ يَأْكُلُ كَأَكْلِ غَالِبِ النَّاسِ أَمَّا لَوْ كَانَ يَأْكُلُ بِقَدْرِ عَشَرَةِ أَنْفُسٍ أَوْ عِشْرِينَ مَثَلًا فَالْأَقْرَبُ أَنَّهُ لَا يَجِبُ لَهُ إِلَّا مَا يَسْتَقِلُّ بِهِ وَيَتَمَكَّنُ مَعَهُ مِنَ التَّرَدُّدِ وَالتَّصَرُّفِ فَقَطْ،
أو سلاح لقتال غير جائز ويدخل فيه وقف الذمي على الكنيسة سواء كان لعبادها، أو لمرمتها؛ لأن المذهب خطابهم بفروع الشريعة (و) بطل على (حربي و) بطل من (كافر) ولو ذميا (لكمسجد) ورباط من كل منفعة عامة دينية (أو على بنيه دون بناته) لصلبه وأما على بني بنيه فيصح كبناته دون بنيه وما مشى عليه المصنف أحد أقوال، ,أَوْ سِلَاحٍ لِقِتَالٍ غَيْرِ جَائِزٍ وَيَدْخُلُ فِيهِ وَقْفُ الذِّمِّيِّ عَلَى الْكَنِيسَةِ سَوَاءٌ كَانَ لِعُبَّادِهَا، أَوْ لِمَرَمَّتِهَا؛ لِأَنَّ الْمَذْهَبَ خِطَابُهُمْ بِفُرُوعِ الشَّرِيعَةِ (وَ) بَطَلَ عَلَى (حَرْبِيٍّ وَ) بَطَلَ مِنْ (كَافِرٍ) وَلَوْ ذِمِّيًّا (لِكَمَسْجِدٍ) وَرِبَاطٍ مِنْ كُلِّ مَنْفَعَةٍ عَامَّةٍ دِينِيَّةٍ (أَوْ عَلَى بَنِيهِ دُونَ بَنَاتِهِ) لِصُلْبِهِ وَأَمَّا عَلَى بَنِي بَنِيهِ فَيَصِحُّ كَبَنَاتِهِ دُونَ بَنِيهِ وَمَا مَشَى عَلَيْهِ الْمُصَنِّفُ أَحَدُ أَقْوَالٍ، ,أَوْ سِلَاحٍ لِقِتَالٍ غَيْرِ جَائِزٍ وَيَدْخُلُ فِيهِ وَقْفُ الذِّمِّيِّ عَلَى الْكَنِيسَةِ سَوَاءٌ كَانَ لِعِبَادِهَا، أَوْ لِمَرَمَّتِهَا؛ لِأَنَّ الْمَذْهَبَ خِطَابُهُمْ بِفُرُوعِ الشَّرِيعَةِ (وَ) بَطَلَ عَلَى (حَرْبِيٍّ وَ) بَطَلَ مِنْ (كَافِرٍ) وَلَوْ ذِمِّيًّا (لِكَمَسْجِدٍ) وَرِبَاطٍ مِنْ كُلِّ مَنْفَعَةٍ عَامَّةٍ دِينِيَّةٍ (أَوْ عَلَى بَنِيهِ دُونَ بَنَاتِهِ) لِصُلْبِهِ وَأَمَّا عَلَى بَنِي بَنِيهِ فَيَصِحُّ كَبَنَاتِهِ دُونَ بَنِيهِ وَمَا مَشَى عَلَيْهِ الْمُصَنِّفُ أَحَدُ أَقْوَالٍ،
"وتنتقل من المسكن لخوف من هدم أو غرق أو على نفسها، أو تأذت بالجيران، أو هم بها أذى شديدا، والله أعلم
الشرح
(14/334)
(وتنتقل) المعتدة (من المسكن) الذي كانت فيه عند الفرقة لعذر، وذلك (لخوف من هدم أو غرق) على مالها أو ولدها (أو) لخوف (على نفسها) تلفا أو فاحشة للضرورة الداعية إلى ذلك، ولما روى أبو داود {","وَتَنْتَقِلُ مِنَ الْمَسْكَنِ لِخَوْفٍ مِنْ هَدْمٍ أَوْ غَرَقٍ أَوْ عَلَى نَفْسِهَا، أَوْ تَأَذَّتْ بِالْجِيرَانِ، أَوْ هَمَّ بِهَا أَذًى شَدِيدًا، وَاللَّهُ أَعْلَمُ
الشَّرْحُ
(14/334)
(وَتَنْتَقِلُ) الْمُعْتَدَّةُ (مِنَ الْمَسْكَنِ) الَّذِي كَانَتْ فِيهِ عِنْدَ الْفُرْقَةِ لِعُذْرٍ، وَذَلِكَ (لِخَوْفٍ مِنْ هَدْمٍ أَوْ غَرَقٍ) عَلَى مَالِهَا أَوْ وَلَدِهَا (أَوْ) لِخَوْفٍ (عَلَى نَفْسِهَا) تَلَفًا أَوْ فَاحِشَةً لِلضَّرُورَةِ الدَّاعِيَةِ إِلَى ذَلِكَ، وَلِمَا رَوَى أَبُو دَاوُدَ {","وَتَنْتَقِلُ مِنَ الْمَسْكَنِ لِخَوْفٍ مِنْ هَدْمٍ أَوْ غَرَقٍ أَوْ عَلَى نَفْسِهَا، أَوْ تَأَذَّتْ بِالْجِيرَانِ، أَوْ هَمَّ بِهَا أَذًى شَدِيدًا، وَاللَّهُ أَعْلَمُ
الشَّرْحُ
(14/334)
(وَتَنْتَقِلُ) الْمُعْتَدَّةُ (مِنَ الْمَسْكَنِ) الَّذِي كَانَتْ فِيهِ عِنْدَ الْفُرْقَةِ لِعُذْرٍ، وَذَلِكَ (لِخَوْفٍ مِنْ هَدْمٍ أَوْ غَرَقٍ) عَلَى مَالِهَا أَوْ وَلَدِهَا (أَوْ) لِخَوْفٍ (عَلَى نَفْسِهَا) تَلَفًا أَوْ فَاحِشَةً لِلضَّرُورَةِ الدَّاعِيَةِ إِلَى ذَلِكَ، وَلِمَا رَوَى أَبُو دَاوُدَ {"
"فغير المضمونة كالوديعة ومال المضاربة والشركة والعارية عندنا والمستأجر في يد المستأجر، والمضمونة إما مضمونة بغيرها كالمبيع قبل القبض فإنه مضمون بالثمن والرهن فإنه مضمون بالدين فالثلاثة الأول لا تصح الكفالة بها أصلا بناء على أنها غير واجبة التسليم فلا يجب على الكفيل شيء.
وقالوا: ","فَغَيْرُ الْمَضْمُونَةِ كَالْوَدِيعَةِ وَمَالِ الْمُضَارَبَةِ وَالشَّرِكَةِ وَالْعَارِيَّةِ عِنْدَنَا وَالْمُسْتَأْجَرِ فِي يَدِ الْمُسْتَأْجِرِ، وَالْمَضْمُونَةُ إِمَّا مَضْمُونَةٌ بِغَيْرِهَا كَالْمَبِيعِ قَبْلَ الْقَبْضِ فَإِنَّهُ مَضْمُونٌ بِالثَّمَنِ وَالرَّهْنِ فَإِنَّهُ مَضْمُونٌ بِالدَّيْنِ فَالثَّلَاثَةُ الْأُوَلُ لَا تَصِحُّ الْكَفَالَةُ بِهَا أَصْلًا بِنَاءً عَلَى أَنَّهَا غَيْرُ وَاجِبَةِ التَّسْلِيمِ فَلَا يَجِبُ عَلَى الْكَفِيلِ شَيْءٌ.
وَقَالُوا: ","فَغَيْرُ الْمَضْمُونَةِ كَالْوَدِيعَةِ وَمَالِ الْمُضَارَبَةِ وَالشَّرِكَةِ وَالْعَارِيَّةِ عِنْدَنَا وَالْمُسْتَأْجَرِ فِي يَدِ الْمُسْتَأْجِرِ، وَالْمَضْمُونَةُ إِمَّا مَضْمُونَةٌ بِغَيْرِهَا كَالْمَبِيعِ قَبْلَ الْقَبْضِ فَإِنَّهُ مَضْمُونٌ بِالثَّمَنِ وَالرَّهْنِ فَإِنَّهُ مَضْمُونٌ بِالدَّيْنِ فَالثَّلَاثَةُ الْأُوَلُ لَا تَصِحُّ الْكَفَالَةُ بِهَا أَصْلًا بِنَاءً عَلَى أَنَّهَا غَيْرُ وَاجِبَةِ التَّسْلِيمِ فَلَا يَجِبُ عَلَى الْكَفِيلِ شَيْءٌ.
وَقَالُوا:"
"لأنه لا ضمان على قاتله تعديا لقول بعض العلماء يندب قتله، ولما كان لا تلازم بين حرمة البيع وعدم الضمان قال: (وأما من (6/17)
قتله) أي الكلب المأذون فيه (فعليه) غرم (قيمته) يوم قتله على تقدير جواز بيعه من غير تحديد على المعتمد، ","لِأَنَّهُ لَا ضَمَانَ عَلَى قَاتِلِهِ تَعَدِّيًا لِقَوْلِ بَعْضِ الْعُلَمَاءِ يُنْدَبُ قَتْلُهُ، وَلَمَّا كَانَ لَا تَلَازُمَ بَيْنَ حُرْمَةِ الْبَيْعِ وَعَدَمِ الضَّمَانِ قَالَ: (وَأَمَّا مَنْ (6/17)
قَتَلَهُ) أَيِ الْكَلْبَ الْمَأْذُونَ فِيهِ (فَعَلَيْهِ) غُرْمُ (قِيمَتِهِ) يَوْمَ قَتْلِهِ عَلَى تَقْدِيرِ جَوَازِ بَيْعِهِ مِنْ غَيْرِ تَحْدِيدٍ عَلَى الْمُعْتَمَدِ، ","لِأَنَّهُ لَا ضَمَانَ عَلَى قَاتِلِهِ تَعَدِّيًا لِقَوْلِ بَعْضِ الْعُلَمَاءِ يُنْدَبُ قَتْلُهُ، وَلَمَّا كَانَ لَا تَلَازُمَ بَيْنَ حُرْمَةِ الْبَيْعِ وَعَدَمِ الضَّمَانِ قَالَ: (وَأَمَّا مَنْ (6/17)
قَتَلَهُ) أَيِ الْكَلْبَ الْمَأْذُونَ فِيهِ (فَعَلَيْهِ) غُرْمُ (قِيمَتِهِ) يَوْمَ قَتْلِهِ عَلَى تَقْدِيرِ جَوَازِ بَيْعِهِ مِنْ غَيْرِ تَحْدِيدٍ عَلَى الْمُعْتَمَدِ،"
"هو تصريح بما علم بالأولى من المستعمل، والمراد بالنجس المتنجس.
قوله: (مائع) ومنه صديد الموتى في مقبرة نبشت، وهذا لا يطهر بالغسل، ومثله تراب وقع فيه ذرة من نجاسة جامدة واشتبهت فيه وإن كثر، أما المائع غير ما ذكر فيطهر التراب منه بالغسل، ويصح التيمم به إذا جف. (1/447)
(","هُوَ تَصْرِيحٌ بِمَا عُلِمَ بِالْأَوْلَى مِنَ الْمُسْتَعْمَلِ، وَالْمُرَادُ بِالنَّجَسِ الْمُتَنَجِّسُ.
قَوْلُهُ: (مَائِعٌ) وَمِنْهُ صَدِيدُ الْمَوْتَى فِي مَقْبَرَةٍ نُبِشَتْ، وَهَذَا لَا يَطْهُرُ بِالْغَسْلِ، وَمِثْلُهُ تُرَابٌ وَقَعَ فِيهِ ذَرَّةٌ مِنْ نَجَاسَةٍ جَامِدَةٍ وَاشْتَبَهَتْ فِيهِ وَإِنْ كَثُرَ، أَمَّا الْمَائِعُ غَيْرُ مَا ذُكِرَ فَيَطْهُرُ التُّرَابُ مِنْهُ بِالْغَسْلِ، وَيَصِحُّ التَّيَمُّمُ بِهِ إِذَا جَفَّ. (1/447)
(","هُوَ تَصْرِيحٌ بِمَا عُلِمَ بِالْأَوْلَى مِنَ الْمُسْتَعْمَلِ، وَالْمُرَادُ بِالنَّجِسِ الْمُتَنَجِّسُ.
قَوْلُهُ: (مَائِعٌ) وَمِنْهُ صَدِيدُ الْمَوْتَى فِي مَقْبَرَةٍ نُبِشَتْ، وَهَذَا لَا يَطْهُرُ بِالْغَسْلِ، وَمِثْلُهُ تُرَابٌ وَقَعَ فِيهِ ذَرَّةٌ مِنْ نَجَاسَةٍ جَامِدَةٍ وَاشْتَبَهَتْ فِيهِ وَإِنْ كَثُرَ، أَمَّا الْمَائِعُ غَيْرُ مَا ذُكِرَ فَيَطْهُرُ التُّرَابُ مِنْهُ بِالْغَسْلِ، وَيَصِحُّ التَّيَمُّمُ بِهِ إِذَا جَفَّ. (1/447)
("
قال رسول الله صلى الله عليه وسلم {صلاة في مسجدي هذا أفضل من ألف صلاة فيما سواه من المساجد إلا المسجد الحرام وصلاة في المسجد الحرام أفضل من مائة صلاة في هذا} ,قَالَ رَسُولُ اللَّهِ صَلَّى اللَّهُ عَلَيْهِ وَسَلَّمَ {صَلَاةٌ فِي مَسْجِدِي هَذَا أَفْضَلُ مِنْ أَلْفِ صَلَاةٍ فِيمَا سِوَاهُ مِنَ الْمَسَاجِدِ إِلَّا الْمَسْجِدَ الْحَرَامَ وَصَلَاةٌ فِي الْمَسْجِدِ الْحَرَامِ أَفْضَلُ مِنْ مِائَةِ صَلَاةٍ فِي هَذَا} ,قَالَ رَسُولُ اللَّهِ صَلَّى اللَّهُ عَلَيْهِ وَسَلَّمَ {صَلَاةٌ فِي مَسْجِدِي هَذَا أَفْضَلُ مِنْ أَلْفِ صَلَاةٍ فِيمَا سِوَاهُ مِنَ الْمَسَاجِدِ إِلَّا الْمَسْجِدَ الْحَرَامَ وَصَلَاةٌ فِي الْمَسْجِدِ الْحَرَامِ أَفْضَلُ مِنْ مِائَةِ صَلَاةٍ فِي هَذَا}
أشار إلى أن المانع من وجوبه كون الأرض خراجية؛ لأنه لا يجتمع العشر والخراج فشمل العشرية، وما ليست بعشرية ولا خراجية كالجبل، والمفازة لكن قدمنا عن الخانية، ,أَشَارَ إِلَى أَنَّ الْمَانِعَ مِنْ وُجُوبِهِ كَوْنُ الْأَرْضِ خَرَاجِيَّةً؛ لِأَنَّهُ لَا يَجْتَمِعُ الْعُشْرُ وَالْخَرَاجُ فَشَمِلَ الْعُشْرِيَّةُ، وَمَا لَيْسَتْ بِعُشْرِيَّةٍ وَلَا خَرَاجِيَّةٍ كَالْجَبَلِ، وَالْمَفَازَةِ لَكِنْ قَدَّمْنَا عَنِ الْخَانِيَّةِ، ,أَشَارَ إِلَى أَنَّ الْمَانِعَ مِنْ وُجُوبِهِ كَوْنُ الْأَرْضِ خَرَاجِيَّةً؛ لِأَنَّهُ لَا يَجْتَمِعُ الْعُشْرُ وَالْخَرَاجُ فَشَمِلَ الْعُشْرِيَّةَ، وَمَا لَيْسَتْ بِعُشْرِيَّةٍ وَلَا خَرَاجِيَّةٍ كَالْجَبَلِ، وَالْمَفَازَةِ لَكِنْ قَدَّمْنَا عَنِ الْخَانِيَّةِ،
وقد أشكل ذلك ثم إني رأيت لتلميذه الشيخ الوانوغي إن قال انظر حد شيخنا للتفليس الأعم والأخص، فإن القاعدة إن حد الأعم لا بد أن ينطبق على حد الأخص وفي تعريف الشيخ ليس الأمر كذلك وبيان ما أشار إليه ظاهر وهو معنى ما وقع الأشكال به؛ ,وَقَدْ أَشْكَلَ ذَلِكَ ثُمَّ إِنِّي رَأَيْت لِتِلْمِيذِهِ الشَّيْخِ الْوَانُّوغِيِّ إِنْ قَالَ انْظُرْ حَدَّ شَيْخِنَا لِلتَّفْلِيسِ الْأَعَمِّ وَالْأَخَصِّ، فَإِنَّ الْقَاعِدَةَ إِنَّ حَدَّ الْأَعَمِّ لَا بُدَّ أَنْ يَنْطَبِقَ عَلَى حَدِّ الْأَخَصِّ وَفِي تَعْرِيفِ الشَّيْخِ لَيْسَ الْأَمْرُ كَذَلِكَ وَبَيَانُ مَا أَشَارَ إِلَيْهِ ظَاهِرٌ وَهُوَ مَعْنَى مَا وَقَعَ الْأَشْكَالُ بِهِ؛ ,وَقَدْ أَشْكَلَ ذَلِكَ ثُمَّ إِنِّي رَأَيْت لِتِلْمِيذِهِ الشَّيْخِ الْوَانُوغِيِّ إِنْ قَالَ انْظُرْ حَدَّ شَيْخِنَا لِلتَّفْلِيسِ الْأَعَمِّ وَالْأَخَصِّ، فَإِنَّ الْقَاعِدَةَ إِنَّ حَدَّ الْأَعَمِّ لَا بُدَّ أَنْ يَنْطَبِقَ عَلَى حَدِّ الْأَخَصِّ وَفِي تَعْرِيفِ الشَّيْخِ لَيْسَ الْأَمْرُ كَذَلِكَ وَبَيَانُ مَا أَشَارَ إِلَيْهِ ظَاهِرٌ وَهُوَ مَعْنَى مَا وَقَعَ الْأَشْكَالُ بِهِ؛
"وقال ابن أبي ليلى: إذا قال سمعت فلانا يقول لفلان علي كذا وكذا أخذته له منه، وإذا قال سمعت فلانا يقول لفلان على فلان كذا وكذا لم أقبله، وبه يأخذ سفيان، وكان رأي سفيان أن السماع شهادة. (12/93)
في شهادة السماع في الولاء قلت: ","وَقَالَ ابْنُ أَبِي لَيْلَى: إِذَا قَالَ سَمِعْتُ فُلَانًا يَقُولُ لِفُلَانٍ عَلَيَّ كَذَا وَكَذَا أَخَذْتُهُ لَهُ مِنْهُ، وَإِذَا قَالَ سَمِعْتُ فُلَانًا يَقُولُ لِفُلَانٍ عَلَى فُلَانٍ كَذَا وَكَذَا لَمْ أَقْبَلْهُ، وَبِهِ يَأْخُذُ سُفْيَانُ، وَكَانَ رَأْيُ سُفْيَانَ أَنَّ السَّمَاعَ شَهَادَةٌ. (12/93)
فِي شَهَادَةِ السَّمَاعِ فِي الْوَلَاءِ قُلْتُ: ","وَقَالَ ابْنُ أَبِي لَيْلَى: إِذَا قَالَ سَمِعْتُ فُلَانًا يَقُولُ لِفُلَانٍ عَلَيَّ كَذَا وَكَذَا أَخَذْتُهُ لَهُ مِنْهُ، وَإِذَا قَالَ سَمِعْتُ فُلَانًا يَقُولُ لِفُلَانٍ عَلَى فُلَانٍ كَذَا وَكَذَا لَمْ أَقْبَلْهُ، وَبِهِ يَأْخُذُ سُفْيَانُ، وَكَانَ رَأْيُ سُفْيَانَ أَنَّ السَّمَاعَ شَهَادَةٌ. (12/93)
فِي شَهَادَةِ السَّمَاعِ فِي الْوَلَاءِ قُلْتُ:"
"حدثنا إبراهيم بن أبي العباس حدثنا عبد الرحمن بن أبي الزناد عن أبيه قال أخبرني رجل يقال له ربيعة بن عباد من بني الديل وكان جاهليا قال رأيت النبي صلى الله عليه وسلم في الجاهلية في سوق ذي المجاز وهو يقول يا أيها الناس قولوا لا إله إلا الله تفلحوا والناس مجتمعون عليه ووراءه رجل وضيء الوجه أحول ذو غديرتين يقول إنه صابئ كاذب يتبعه حيث ذهب فسألت عنه فذكروا لي نسب رسول الله صلى الله عليه وسلم وقالوا لي هذا عمه أبو لهب (31/342)
19005-","حَدَّثَنَا إِبْرَاهِيمُ بْنُ أَبِي الْعَبَّاسِ حَدَّثَنَا عَبْدُ الرَّحْمَنِ بْنُ أَبِي الزِّنَادِ عَنْ أَبِيهِ قَالَ أَخْبَرَنِي رَجُلٌ يُقَالُ لَهُ رَبِيعَةُ بْنُ عَبَّادٍ مِنْ بَنِي الدِّيلِ وَكَانَ جَاهِلِيًّا قَالَ رَأَيْتُ النَّبِيَّ صَلَّى اللَّهُ عَلَيْهِ وَسَلَّمَ فِي الْجَاهِلِيَّةِ فِي سُوقِ ذِي الْمَجَازِ وَهُوَ يَقُولُ يَا أَيُّهَا النَّاسُ قُولُوا لَا إِلَهَ إِلَّا اللَّهُ تُفْلِحُوا وَالنَّاسُ مُجْتَمِعُونَ عَلَيْهِ وَوَرَاءَهُ رَجُلٌ وَضِيءُ الْوَجْهِ أَحْوَلُ ذُو غَدِيرَتَيْنِ يَقُولُ إِنَّهُ صَابِئٌ كَاذِبٌ يَتْبَعُهُ حَيْثُ ذَهَبَ فَسَأَلْتُ عَنْهُ فَذَكَرُوا لِي نَسَبَ رَسُولِ اللَّهِ صَلَّى اللَّهُ عَلَيْهِ وَسَلَّمَ وَقَالُوا لِي هَذَا عَمُّهُ أَبُو لَهَبٍ (31/342)
19005-","حَدَّثَنَا إِبْرَاهِيمُ بْنُ أَبِي الْعَبَّاسِ حَدَّثَنَا عَبْدُ الرَّحْمَنِ بْنُ أَبِي الزِّنَادِ عَنْ أَبِيهِ قَالَ أَخْبَرَنِي رَجُلٌ يُقَالُ لَهُ رَبِيعَةُ بْنُ عَبَّادٍ مِنْ بَنِي الدَّيْلِ وَكَانَ جَاهِلِيًّا قَالَ رَأَيْتُ النَّبِيَّ صَلَّى اللَّهُ عَلَيْهِ وَسَلَّمَ فِي الْجَاهِلِيَّةِ فِي سُوقِ ذِي الْمَجَازِ وَهُوَ يَقُولُ يَا أَيُّهَا النَّاسُ قُولُوا لَا إِلَهَ إِلَّا اللَّهُ تُفْلِحُوا وَالنَّاسُ مُجْتَمِعُونَ عَلَيْهِ وَوَرَاءَهُ رَجُلٌ وَضِيءُ الْوَجْهِ أَحْوَلُ ذُو غَدِيرَتَيْنِ يَقُولُ إِنَّهُ صَابِئٌ كَاذِبٌ يَتْبَعُهُ حَيْثُ ذَهَبَ فَسَأَلْتُ عَنْهُ فَذَكَرُوا لِي نَسَبَ رَسُولِ اللَّهِ صَلَّى اللَّهُ عَلَيْهِ وَسَلَّمَ وَقَالُوا لِي هَذَا عَمُّهُ أَبُو لَهَبٍ (31/342)
19005-"
"هكذا ذكر رشيد الدين في باب دعوى الدين بسبب وبغير سبب من فتاواه.
وذكر في باب ما يكون إقرارا من المدعى عليه من فتاواه المدعي لو أقام بينة على دعواه ثم أقر المدعى عليه بالملك له فالقاضي يقضي بالإقرار لا بالبينة، لأن البينة إنما تقبل على المنكر لا المقر.
وذكر في آخر كتاب الدعوى: ","هَكَذَا ذَكَرَ رَشِيدُ الدِّينِ فِي بَابِ دَعْوَى الدَّيْنِ بِسَبَبٍ وَبِغَيْرِ سَبَبٍ مِنْ فَتَاوَاهُ.
وَذَكَرَ فِي بَابِ مَا يَكُونُ إِقْرَارًا مِنَ الْمُدَّعَى عَلَيْهِ مِنْ فَتَاوَاهُ الْمُدَّعِي لَوْ أَقَامَ بَيِّنَةً عَلَى دَعْوَاهُ ثُمَّ أَقَرَّ الْمُدَّعَى عَلَيْهِ بِالْمِلْكِ لَهُ فَالْقَاضِي يَقْضِي بِالْإِقْرَارِ لَا بِالْبَيِّنَةِ، لِأَنَّ الْبَيِّنَةَ إِنَّمَا تُقْبَلُ عَلَى الْمُنْكِرِ لَا الْمُقِرِّ.
وَذَكَرَ فِي آخِرِ كِتَابِ الدَّعْوَى: ","هَكَذَا ذَكَرَ رَشِيدُ الدِّينِ فِي بَابِ دَعْوَى الدَّيْنِ بِسَبَبٍ وَبِغَيْرِ سَبَبٍ مِنْ فَتَاوَاهُ.
وَذَكَرَ فِي بَابِ مَا يَكُونُ إِقْرَارًا مِنَ الْمُدَّعَى عَلَيْهِ مِنْ فَتَاوَاهُ الْمُدَّعِي لَوْ أَقَامَ بَيِّنَةً عَلَى دَعْوَاهُ ثُمَّ أَقَرَّ الْمُدَّعَى عَلَيْهِ بِالْمِلْكِ لَهُ فَالْقَاضِي يَقْضِي بِالْإِقْرَارِ لَا بِالْبَيِّنَةِ، لِأَنَّ الْبَيِّنَةَ إِنَّمَا تُقْبَلُ عَلَى الْمُنْكِرِ لَا الْمُقِرِّ.
وَذَكَرَ فِي آخِرِ كِتَابِ الدَّعْوَى:"
"بعد أن تأخذ نصفها (تسلم ما بقي) من التركة (إليهم) أي إلى من ذكر من جد وأخ لأب أو أخت لأب أو هما لأب إن بقي شيء، وإنما قيدنا بهذا؛ لأنه في بعضها باق وفي بعضها لم يبق شيء، يظهر ذلك بالمثال، مثال الأولى جد وأخت شقيقة وأخ لأب فهذه من خمسة (7/363)
","بَعْدَ أَنْ تَأْخُذَ نِصْفَهَا (تُسَلِّمُ مَا بَقِيَ) مِنَ التَّرِكَةِ (إِلَيْهِمْ) أَيْ إِلَى مَنْ ذُكِرَ مِنْ جَدٍّ وَأَخٍ لِأَبٍ أَوْ أُخْتٍ لِأَبٍ أَوْ هُمَا لِأَبٍ إِنْ بَقِيَ شَيْءٌ، وَإِنَّمَا قَيَّدْنَا بِهَذَا؛ لِأَنَّهُ فِي بَعْضِهَا بَاقٍ وَفِي بَعْضِهَا لَمْ يَبْقَ شَيْءٌ، يَظْهَرُ ذَلِكَ بِالْمِثَالِ، مِثَالُ الْأُولَى جَدٌّ وَأُخْتٌ شَقِيقَةٌ وَأَخٌ لِأَبٍ فَهَذِهِ مِنْ خَمْسَةٍ (7/363)
",بَعْدَ أَنْ تَأْخُذَ نِصْفَهَا (تُسَلِّمُ مَا بَقِيَ) مِنَ التَّرِكَةِ (إِلَيْهِمْ) أَيْ إِلَى مَنْ ذُكِرَ مِنْ جَدٍّ وَأَخٍ لِأَبٍ أَوْ أُخْتٍ لِأَبٍ أَوْ هُمَا لِأَبٍ إِنْ بَقِيَ شَيْءٌ، وَإِنَّمَا قَيَّدْنَا بِهَذَا؛ لِأَنَّهُ فِي بَعْضِهَا بَاقٍ وَفِي بَعْضِهَا لَمْ يَبْقَ شَيْءٌ، يَظْهَرُ ذَلِكَ بِالْمِثَالِ، مِثَالُ الْأُولَى جَدٌّ وَأُخْتٌ شَقِيقَةٌ وَأَخٌ لِأَبٍ فَهَذِهِ مِنْ خَمْسَةٍ (7/363)
الواو بمعنى أو لكن اعتمدوا أنها لا تجب بالنذر وإنما تجب بالذبح فقط (فلا تجزئ إن تعيبت) عيبا يمنع الإجزاء (قبله) أي قبل شيء مما ذكر (وصنع بها ما شاء) ؛ لأن عليه بدلها فما مر من قوله أو تعيبت حال الذبح أو قبله فيما إذا ذبحها، وهذا فيما إذا لم يذبحها فما هنا مفهوم ما مر (كحبسها حتى فات الوقت) ,الْوَاوُ بِمَعْنَى أَوْ لَكِنِ اعْتَمَدُوا أَنَّهَا لَا تَجِبُ بِالنَّذْرِ وَإِنَّمَا تَجِبُ بِالذَّبْحِ فَقَطْ (فَلَا تُجْزِئُ إِنْ تَعَيَّبَتْ) عَيْبًا يَمْنَعُ الْإِجْزَاءَ (قَبْلَهُ) أَيْ قَبْلَ شَيْءٍ مِمَّا ذُكِرَ (وَصَنَعَ بِهَا مَا شَاءَ) ؛ لِأَنَّ عَلَيْهِ بَدَلَهَا فَمَا مَرَّ مِنْ قَوْلِهِ أَوْ تَعَيَّبَتْ حَالَ الذَّبْحِ أَوْ قَبْلَهُ فِيمَا إِذَا ذَبَحَهَا، وَهَذَا فِيمَا إِذَا لَمْ يَذْبَحْهَا فَمَا هُنَا مَفْهُومُ مَا مَرَّ (كَحَبْسِهَا حَتَّى فَاتَ الْوَقْتُ) ,الْوَاوُ بِمَعْنَى أَوْ لَكِنِ اعْتَمَدُوا أَنَّهَا لَا تَجِبُ بِالنَّذْرِ وَإِنَّمَا تَجِبُ بِالذَّبْحِ فَقَطْ (فَلَا تُجْزِئُ إِنْ تَعَيَّبَتْ) عَيْبًا يَمْنَعُ الْإِجْزَاءَ (قَبْلَهُ) أَيْ قَبْلَ شَيْءٍ مِمَّا ذُكِرَ (وَصَنَعَ بِهَا مَا شَاءَ) ؛ لِأَنَّ عَلَيْهِ بَدَلَهَا فَمَا مَرَّ مِنْ قَوْلِهِ أَوْ تَعَيَّبَتْ حَالَ الذَّبْحِ أَوْ قَبْلَهُ فِيمَا إِذَا ذَبَحَهَا، وَهَذَا فِيمَا إِذَا لَمْ يَذْبَحْهَا فَمَا هُنَا مَفْهُومُ مَا مَرَّ (كَحَبْسِهَا حَتَّى فَاتَ الْوَقْتُ)
"الثاني: قوله وإقامة الجمعة وتبعه على ذلك ابن منجا في شرحه، وصاحب المذهب الأحمد، ومنتخب الأدمي، والمنور.
وقال القاضي: وإمامة الجمعة بالميم بدل القاف.
وتبعه صاحب الهداية، والمذهب، ومسبوك الذهب، والمستوعب، والخلاصة والمغني، والمحرر، والرعايتين، والحاوي الصغير، والوجيز، والفروع، وغيرهم وتقدم عبارة الناظم.
قال الحارثي: قال الشيخ: وإقامة الجمعة بالقاف.
","الثَّانِي: قَوْلُهُ وَإِقَامَةُ الْجُمُعَةِ وَتَبِعَهُ عَلَى ذَلِكَ ابْنُ مُنَجَّا فِي شَرْحِهِ، وَصَاحِبُ الْمَذْهَبِ الْأَحْمَدِ، وَمُنْتَخَبُ الْأَدَمِيِّ، وَالْمُنَوِّرُ.
وَقَالَ الْقَاضِي: وَإِمَامَةُ الْجُمُعَةِ بِالْمِيمِ بَدَلُ الْقَافِ.
وَتَبِعَهُ صَاحِبُ الْهِدَايَةِ، وَالْمُذْهَبِ، وَمَسْبُوكِ الذَّهَبِ، وَالْمُسْتَوْعِبِ، وَالْخُلَاصَةِ وَالْمُغْنِي، وَالْمُحَرَّرِ، وَالرِّعَايَتَيْنِ، وَالْحَاوِي الصَّغِيرِ، وَالْوَجِيزِ، وَالْفُرُوعِ، وَغَيْرِهِمْ وَتَقَدَّمَ عِبَارَةُ النَّاظِمِ.
قَالَ الْحَارِثِيُّ: قَالَ الشَّيْخُ: وَإِقَامَةُ الْجُمُعَةِ بِالْقَافِ.
","الثَّانِي: قَوْلُهُ وَإِقَامَةُ الْجُمُعَةِ وَتَبِعَهُ عَلَى ذَلِكَ ابْنُ مُنَجَّا فِي شَرْحِهِ، وَصَاحِبُ الْمَذْهَبِ الْأَحْمَدُ، وَمُنْتَخَبُ الْأَدَمِيِّ، وَالْمُنَوِّرُ.
وَقَالَ الْقَاضِي: وَإِمَامَةُ الْجُمُعَةِ بِالْمِيمِ بَدَلَ الْقَافِ.
وَتَبِعَهُ صَاحِبُ الْهِدَايَةِ، وَالْمُذْهَبِ، وَمَسْبُوكِ الذَّهَبِ، وَالْمُسْتَوْعِبِ، وَالْخُلَاصَةِ وَالْمُغْنِي، وَالْمُحَرَّرِ، وَالرِّعَايَتَيْنِ، وَالْحَاوِي الصَّغِيرِ، وَالْوَجِيزِ، وَالْفُرُوعِ، وَغَيْرِهِمْ وَتَقَدَّمَ عِبَارَةُ النَّاظِمِ.
قَالَ الْحَارِثِيُّ: قَالَ الشَّيْخُ: وَإِقَامَةُ الْجُمُعَةِ بِالْقَافِ."
"قد ذكر المصنف أمثلة ستة للتأويل القريب وزيد عليها من أكل يوم الشك بعد ثبوت الصوم ظانا الإباحة كما قدم المصنف ومن أفطر متأولا عدم تكذيب العدلين بعد ثلاثين صحوا لقول الشافعي بذلك ومن أفطر ظانا الإباحة لأجل حجامة فعلها بغيره أو فعلت به على الراجح خلافا لما يأتي للمصنف من أن هذا من التأويل البعيد وبالجملة فالظاهر أن النظر في قرب التأويل للشأن والمثال لا يخصص (5/157)
(","قَدْ ذَكَرَ الْمُصَنِّفُ أَمْثِلَةً سِتَّةً لِلتَّأْوِيلِ الْقَرِيبِ وَزِيدَ عَلَيْهَا مَنْ أَكَلَ يَوْمَ الشَّكِّ بَعْدَ ثُبُوتِ الصَّوْمِ ظَانًّا الْإِبَاحَةَ كَمَا قَدَّمَ الْمُصَنِّفُ وَمَنْ أَفْطَرَ مُتَأَوِّلًا عَدَمَ تَكْذِيبِ الْعَدْلَيْنِ بَعْدَ ثَلَاثِينَ صَحْوًا لِقَوْلِ الشَّافِعِيِّ بِذَلِكَ وَمَنْ أَفْطَرَ ظَانًّا الْإِبَاحَةَ لِأَجْلِ حِجَامَةٍ فَعَلَهَا بِغَيْرِهِ أَوْ فُعِلَتْ بِهِ عَلَى الرَّاجِحِ خِلَافًا لِمَا يَأْتِي لِلْمُصَنِّفِ مِنْ أَنَّ هَذَا مِنَ التَّأْوِيلِ الْبَعِيدِ وَبِالْجُمْلَةِ فَالظَّاهِرُ أَنَّ النَّظَرَ فِي قُرْبِ التَّأْوِيلِ لِلشَّأْنِ وَالْمِثَالُ لَا يُخَصِّصُ (5/157)
(","قَدْ ذَكَرَ الْمُصَنِّفُ أَمْثِلَةً سِتَّةً لِلتَّأْوِيلِ الْقَرِيبِ وَزِيدَ عَلَيْهَا مَنْ أَكَلَ يَوْمَ الشَّكِّ بَعْدَ ثُبُوتِ الصَّوْمِ ظَانًّا الْإِبَاحَةَ كَمَا قَدَّمَ الْمُصَنِّفُ وَمَنْ أَفْطَرَ مُتَأَوِّلًا عَدَمَ تَكْذِيبِ الْعَدْلَيْنِ بَعْدَ ثَلَاثِينَ صَحْوًا لِقَوْلِ الشَّافِعِيِّ بِذَلِكَ وَمَنْ أَفْطَرَ ظَانًّا الْإِبَاحَةَ لِأَجْلِ حِجَامَةٍ فَعَلَهَا بِغَيْرِهِ أَوْ فُعِلَتْ بِهِ عَلَى الرَّاجِحِ خِلَافًا لِمَا يَأْتِي لِلْمُصَنِّفِ مِنْ أَنَّ هَذَا مِنَ التَّأْوِيلِ الْبَعِيدِ وَبِالْجُمْلَةِ فَالظَّاهِرُ أَنَّ النَّظَرَ فِي قُرْبِ التَّأْوِيلِ لِلشَّأْنِ وَالْمِثَالِ لَا يُخَصِّصُ (5/157)
("
"عن النبي صلى الله عليه وسلم دخلت الجنة فسمعت فيها قراءة قلت من هذا قالوا حارثة بن النعمان كذاكم البر كذاكم البر
وقال مرة عن عائشة إن شاء الله (40/96)
24081 - حدثنا سفيان عن الزهري عن القاسم بن محمد عن عائشة
","عَنِ النَّبِيِّ صَلَّى اللَّهُ عَلَيْهِ وَسَلَّمَ دَخَلْتُ الْجَنَّةَ فَسَمِعْتُ فِيهَا قِرَاءَةً قُلْتُ مَنْ هَذَا قَالُوا حَارِثَةُ بْنُ النُّعْمَانِ كَذَاكُمُ الْبِرُّ كَذَاكُمُ الْبِرُّ
وَقَالَ مَرَّةً عَنْ عَائِشَةَ إِنْ شَاءَ اللَّهُ (40/96)
24081 - حَدَّثَنَا سُفْيَانُ عَنِ الزُّهْرِيِّ عَنِ الْقَاسِمِ بْنِ مُحَمَّدٍ عَنْ عَائِشَةَ
","عَنِ النَّبِيِّ صَلَّى اللَّهُ عَلَيْهِ وَسَلَّمَ دَخَلْتُ الْجَنَّةَ فَسَمِعْتُ فِيهَا قِرَاءَةً قُلْتُ مَنْ هَذَا قَالُوا حَارِثَةُ بْنُ النُّعْمَانِ كَذَاكُمْ الْبِرُّ كَذَاكُمْ الْبِرُّ
وَقَالَ مَرَّةً عَنْ عَائِشَةَ إِنْ شَاءَ اللَّهُ (40/96)
24081 - حَدَّثَنَا سُفْيَانُ عَنِ الزُّهْرِيِّ عَنِ الْقَاسِمِ بْنِ مُحَمَّدٍ عَنْ عَائِشَةَ"
إذا ضاع من يد الرسول الذي يحمله للأعدم) فيه أنه فعل واجب فمقتضاه أنه لا يخرج عن الباقي فهذا التقرير غير مرضي كما أفاده عج، وقوله: أو الساعي معطوف على قوله للأعدم لا أنه معطوف على الرسول؛ لأنها إذا ضاعت من يد الساعي لا يلزم ربها شيء، وقوله: أو الوكيل معطوف على قوله من يد الرسول أي: ,إِذَا ضَاعَ مِنْ يَدِ الرَّسُولِ الَّذِي يَحْمِلُهُ لِلْأَعْدَمِ) فِيهِ أَنَّهُ فِعْلٌ وَاجِبٌ فَمُقْتَضَاهُ أَنَّهُ لَا يَخْرُجُ عَنِ الْبَاقِي فَهَذَا التَّقْرِيرُ غَيْرُ مَرْضِيٍّ كَمَا أَفَادَهُ عج، وَقَوْلُهُ: أَوِ السَّاعِي مَعْطُوفٌ عَلَى قَوْلِهِ لِلْأَعْدَمِ لَا أَنَّهُ مَعْطُوفٌ عَلَى الرَّسُولِ؛ لِأَنَّهَا إِذَا ضَاعَتْ مِنْ يَدِ السَّاعِي لَا يَلْزَمُ رَبَّهَا شَيْءٌ، وَقَوْلُهُ: أَوِ الْوَكِيلِ مَعْطُوفٌ عَلَى قَوْلِهِ مِنْ يَدِ الرَّسُولِ أَيْ: ,إِذَا ضَاعَ مِنْ يَدِ الرَّسُولِ الَّذِي يَحْمِلُهُ لِلْأَعْدَمِ) فِيهِ أَنَّهُ فِعْلٌ وَاجِبٌ فَمُقْتَضَاهُ أَنَّهُ لَا يَخْرُجُ عَنِ الْبَاقِي فَهَذَا التَّقْرِيرُ غَيْرُ مَرْضِيٍّ كَمَا أَفَادَهُ عج، وَقَوْلُهُ: أَوِ السَّاعِي مَعْطُوفٌ عَلَى قَوْلِهِ لِلْأَعْدَمِ لَا أَنَّهُ مَعْطُوفٌ عَلَى الرَّسُولِ؛ لِأَنَّهَا إِذَا ضَاعَتْ مِنْ يَدِ السَّاعِي لَا يَلْزَمُ رَبَّهَا شَيْءٌ، وَقَوْلُهُ: أَوِ الْوَكِيلِ مَعْطُوفٌ عَلَى قَوْلِهِ مِنْ يَدِ الرَّسُولِ أَيْ:
"وكذا الماء لا يدخل الخياشيم إلا بالجذب بالنفس وذا غير متصور من الميت، ولو كلف الغاسل بذلك لوقع في الحرج.
ا ه.
(قوله؛ لأنه لم يكن بحيث يصلي) قال الحلواني ما ذكر من الوضوء في حق البالغ والصبي الذي يعقل الصلاة فأما الذي لا يعقلها فيغسل، ","وَكَذَا الْمَاءُ لَا يَدْخُلُ الْخَيَاشِيمَ إِلَّا بِالْجَذْبِ بِالنَّفَسِ وَذَا غَيْرُ مُتَصَوَّرٍ مِنَ الْمَيِّتِ، وَلَوْ كُلِّفَ الْغَاسِلُ بِذَلِكَ لَوَقَعَ فِي الْحَرَجِ.
ا ه.
(قَوْلُهُ؛ لِأَنَّهُ لَمْ يَكُنْ بِحَيْثُ يُصَلِّي) قَالَ الْحَلْوَانِيُّ مَا ذُكِرَ مِنَ الْوُضُوءِ فِي حَقِّ الْبَالِغِ وَالصَّبِيِّ الَّذِي يَعْقِلُ الصَّلَاةَ فَأَمَّا الَّذِي لَا يَعْقِلُهَا فَيُغَسَّلُ، ","وَكَذَا الْمَاءُ لَا يَدْخُلُ الْخَيَاشِيمَ إِلَّا بِالْجَذْبِ بِالنَّفَسِ وَذَا غَيْرُ مُتَصَوَّرٍ مِنَ الْمَيِّتِ، وَلَوْ كُلِّفَ الْغَاسِلُ بِذَلِكَ لَوَقَعَ فِي الْحَرَجِ.
ا ه.
(قَوْلُهُ؛ لِأَنَّهُ لَمْ يَكُنْ بِحَيْثُ يُصَلِّي) قَالَ الْحَلْوَانِيُّ مَا ذُكِرَ مِنَ الْوُضُوءِ فِي حَقِّ الْبَالِغِ وَالصَّبِيِّ الَّذِي يَعْقِلُ الصَّلَاةَ فَأَمَّا الَّذِي لَا يَعْقِلُهَا فَيُغَسَّلُ،"
"ويصح جعل صداق من بعضها حر عتق البعض الآخر) إن أذنت هي ومعتق البقية (8/371)
(ومن طلقت قبل الدخول) وقد جعل عتقها أو عتق بعضها صداقها (رجع) معتقها (عليها بنصف قيمة ما أعتق) منها نصا، وإن سقط لرضاع ونحوه رجع بكلها وقت عتق وتجبر على الإعطاء إن كانت مليئة به (وتجبر على الاستسعاء) ","وَيَصِحُّ جَعْلُ صَدَاقِ مَنْ بَعْضُهَا حُرٌّ عِتْقَ الْبَعْضِ الْآخَرِ) إِنْ أَذِنَتْ هِيَ وَمُعْتِقُ الْبَقِيَّةِ (8/371)
(وَمَنْ طَلَقَتْ قَبْلَ الدُّخُولِ) وَقَدْ جُعِلَ عِتْقُهَا أَوْ عِتْقُ بَعْضِهَا صَدَاقُهَا (رَجَعَ) مُعْتِقُهَا (عَلَيْهَا بِنِصْفِ قِيمَةِ مَا أَعْتَقَ) مِنْهَا نَصًّا، وَإِنْ سَقَطَ لِرَضَاعٍ وَنَحْوِهِ رَجَعَ بِكُلِّهَا وَقْتَ عِتْقٍ وَتُجْبَرُ عَلَى الْإِعْطَاءِ إِنْ كَانَتْ مَلِيئَةً بِهِ (وَتُجْبَرُ عَلَى الِاسْتِسْعَاءِ) ","وَيَصِحُّ جَعْلُ صَدَاقٍ مِنْ بَعْضِهَا حُرٌّ عَتَقَ الْبَعْضُ الْآخَرُ) إِنْ أَذِنَتْ هِيَ وَمُعْتِقُ الْبَقِيَّةِ (8/371)
(وَمَنْ طَلُقَتْ قَبْلَ الدُّخُولِ) وَقَدْ جَعَلَ عِتْقَهَا أَوْ عِتْقَ بَعْضِهَا صَدَاقَهَا (رَجَعَ) مُعْتِقُهَا (عَلَيْهَا بِنِصْفِ قِيمَةِ مَا أَعْتَقَ) مِنْهَا نَصًّا، وَإِنْ سَقَطَ لِرَضَاعٍ وَنَحْوِهِ رَجَعَ بِكُلِّهَا وَقْتَ عِتْقٍ وَتُجْبَرُ عَلَى الْإِعْطَاءِ إِنْ كَانَتْ مَلِيئَةً بِهِ (وَتُجْبَرُ عَلَى الِاسْتِسْعَاءِ)"
"ولو استوفاه حقيقة قبل الإقالة ثم تقايلا أو بعد الإقالة لزمه رد المستوفى واسترداد رأس المال فكذلك هاهنا، وهذا لأن الإقالة في باب السلم لا تحتمل الفسخ بعد ثبوتها، فهلاك الرهن لا يبطل الإقالة.
فإن قيل: ","وَلَوِ اسْتَوْفَاهُ حَقِيقَةً قَبْلَ الْإِقَالَةِ ثُمَّ تَقَايَلَا أَوْ بَعْدَ الْإِقَالَةِ لَزِمَهُ رَدُّ الْمُسْتَوْفَى وَاسْتِرْدَادُ رَأْسِ الْمَالِ فَكَذَلِكَ هَاهُنَا، وَهَذَا لِأَنَّ الْإِقَالَةَ فِي بَابِ السَّلَمِ لَا تَحْتَمِلُ الْفَسْخَ بَعْدَ ثُبُوتِهَا، فَهَلَاكُ الرَّهْنِ لَا يُبْطِلُ الْإِقَالَةَ.
فَإِنْ قِيلَ: ","وَلَوِ اسْتَوْفَاهُ حَقِيقَةً قَبْلَ الْإِقَالَةِ ثُمَّ تَقَايَلَا أَوْ بَعْدَ الْإِقَالَةِ لَزِمَهُ رَدُّ الْمُسْتَوْفَى وَاسْتِرْدَادُ رَأْسِ الْمَالِ فَكَذَلِكَ هَاهُنَا، وَهَذَا لِأَنَّ الْإِقَالَةَ فِي بَابِ السَّلَمِ لَا تَحْتَمِلُ الْفَسْخَ بَعْدَ ثُبُوتِهَا، فَهَلَاكُ الرَّهْنِ لَا يُبْطِلُ الْإِقَالَةَ.
فَإِنْ قِيلَ:"
"نقله بكر بن محمد وأبو داود، ويأتي كلام الحلواني أول العتق. (4/399)
وهل حج التطوع أفضل من صدقة التطوع؟ سأل حرب لأحمد أيحج نفلا أم يصل قرابته؟ قال: إن كانوا محتاجين يصلهم أحب إلي، قيل: فإن لم يكونوا قرابة؟ قال: الحج.
وذكر أبو بكر بعد هذه الرواية رواية أخرى عن أحمد أنه سئل عن هذه المسألة فقال: ","نَقَلَهُ بَكْرُ بْنُ مُحَمَّدٍ وَأَبُو دَاوُد، وَيَأْتِي كَلَامُ الْحَلْوَانِيِّ أَوَّلَ الْعِتْقِ. (4/399)
وَهَلْ حَجُّ التَّطَوُّعِ أَفْضَلُ مِنْ صَدَقَةِ التَّطَوُّعِ؟ سَأَلَ حَرْبٌ لِأَحْمَدَ أَيَحُجُّ نَفْلًا أَمْ يَصِلُ قَرَابَتَهُ؟ قَالَ: إِنْ كَانُوا مُحْتَاجِينَ يَصِلُهُمْ أَحَبُّ إِلَيَّ، قِيلَ: فَإِنْ لَمْ يَكُونُوا قَرَابَةً؟ قَالَ: الْحَجُّ.
وَذَكَرَ أَبُو بَكْرٍ بَعْدَ هَذِهِ الرِّوَايَةِ رِوَايَةً أُخْرَى عَنْ أَحْمَدَ أَنَّهُ سُئِلَ عَنْ هَذِهِ الْمَسْأَلَةِ فَقَالَ: ","نَقَلَهُ بَكْرُ بْنُ مُحَمَّدٍ وَأَبُو دَاوُدَ، وَيَأْتِي كَلَامُ الْحَلْوَانِيِّ أَوَّلَ الْعِتْقِ. (4/399)
وَهَلْ حَجُّ التَّطَوُّعِ أَفْضَلُ مِنْ صَدَقَةِ التَّطَوُّعِ؟ سَأَلَ حَرْبٌ لِأَحْمَدَ أَيَحُجُّ نَفْلًا أَمْ يَصِلُ قَرَابَتَهُ؟ قَالَ: إِنْ كَانُوا مُحْتَاجِينَ يَصِلُهُمْ أَحَبُّ إِلَيَّ، قِيلَ: فَإِنْ لَمْ يَكُونُوا قَرَابَةً؟ قَالَ: الْحَجُّ.
وَذَكَرَ أَبُو بَكْرٍ بَعْدَ هَذِهِ الرِّوَايَةِ رِوَايَةً أُخْرَى عَنْ أَحْمَدَ أَنَّهُ سُئِلَ عَنْ هَذِهِ الْمَسْأَلَةِ فَقَالَ:"
"نعم يشكل عليه ما يأتي في الأيمان له لو حلف ليأكلن ذا الطعام غدا فأتلفه من قدر على انتزاعه منه وهو ساكت حنث إلا أن يجاب بأن الملحظ ثم تفويت البر باختياره وسكوته مع قدرته (9/357)
يطلق عليه عرفا أنه فوته وهنا تعاطي مفطر وهو لا يصدق عليه عرفا ولا شرعا أنه تعاطاه، ","نَعَمْ يُشْكَلُ عَلَيْهِ مَا يَأْتِي فِي الْأَيْمَانِ لَهُ لَوْ حَلَفَ لَيَأْكُلَن ذَا الطَّعَامَ غَدًا فَأَتْلَفَهُ مَنْ قَدَرَ عَلَى انْتِزَاعِهِ مِنْهُ وَهُوَ سَاكِتٌ حَنِثَ إِلَّا أَنْ يُجَابَ بِأَنَّ الْمَلْحَظَ ثُمَّ تَفْوِيتَ الْبِرِّ بِاخْتِيَارِهِ وَسُكُوتِهِ مَعَ قُدْرَتِهِ (9/357)
يُطْلَقُ عَلَيْهِ عُرْفًا أَنَّهُ فَوَّتَهُ وَهُنَا تَعَاطِي مُفْطِرٍ وَهُوَ لَا يَصْدُقُ عَلَيْهِ عُرْفًا وَلَا شَرْعًا أَنَّهُ تَعَاطَاهُ، ","نَعَمْ يُشْكِلُ عَلَيْهِ مَا يَأْتِي فِي الْأَيْمَانِ لَهُ لَوْ حَلَفَ لَيَأْكُلَنَّ ذَا الطَّعَامَ غَدًا فَأَتْلَفَهُ مَنْ قَدَرَ عَلَى انْتِزَاعِهِ مِنْهُ وَهُوَ سَاكِتٌ حَنِثَ إِلَّا أَنْ يُجَابَ بِأَنَّ الْمَلْحَظَ ثُمَّ تَفْوِيتُ الْبِرِّ بِاخْتِيَارِهِ وَسُكُوتِهِ مَعَ قُدْرَتِهِ (9/357)
يُطْلَقُ عَلَيْهِ عُرْفًا أَنَّهُ فَوَّتَهُ وَهُنَا تَعَاطِي مُفْطِرٍ وَهُوَ لَا يُصَدَّقُ عَلَيْهِ عُرْفًا وَلَا شَرْعًا أَنَّهُ تَعَاطَاهُ،"
"حدثنا روح قال حدثنا ابن جريج قال قال سليمان حدثنا وقاص بن ربيعة أن المستورد حدثهم أن النبي صلى الله عليه وسلم قال من أكل برجل مسلم أكلة وقال مرة أكلة فإن الله عز وجل يطعمه مثلها من جهنم ومن اكتسى برجل مسلم ثوبا فإن الله عز وجل يكسوه مثله من جهنم ومن قام برجل مسلم مقام سمعة فإن الله عز وجل يقوم به مقام سمعة يوم القيامة (29/539)
18012 - ","حَدَّثَنَا رَوْحٌ قَالَ حَدَّثَنَا ابْنُ جُرَيْجٍ قَالَ قَالَ سُلَيْمَانُ حَدَّثَنَا وَقَّاصُ بْنُ رَبِيعَةَ أَنَّ الْمُسْتَوْرِدَ حَدَّثَهُمْ أَنَّ النَّبِيَّ صَلَّى اللَّهُ عَلَيْهِ وَسَلَّمَ قَالَ مَنْ أَكَلَ بِرَجُلٍ مُسْلِمٍ أَكْلَةً وَقَالَ مَرَّةً أُكْلَةً فَإِنَّ اللَّهَ عَزَّ وَجَلَّ يُطْعِمُهُ مِثْلَهَا مِنْ جَهَنَّمَ وَمَنِ اكْتَسَى بِرَجُلٍ مُسْلِمٍ ثَوْبًا فَإِنَّ اللَّهَ عَزَّ وَجَلَّ يَكْسُوهُ مِثْلَهُ مِنْ جَهَنَّمَ وَمَنْ قَامَ بِرَجُلٍ مُسْلِمٍ مَقَامَ سُمْعَةٍ فَإِنَّ اللَّهَ عَزَّ وَجَلَّ يَقُومُ بِهِ مَقَامَ سُمْعَةٍ يَوْمَ الْقِيَامَةِ (29/539)
18012 - ","حَدَّثَنَا رَوْحٌ قَالَ حَدَّثَنَا ابْنُ جُرَيْجٍ قَالَ قَالَ سُلَيْمَانُ حَدَّثَنَا وَقَّاصُ بْنُ رَبِيعَةَ أَنَّ الْمُسْتَوْرِدَ حَدَّثَهُمْ أَنَّ النَّبِيَّ صَلَّى اللَّهُ عَلَيْهِ وَسَلَّمَ قَالَ مَنْ أَكَلَ بِرِجْلِ مُسْلِمٍ أُكْلَةً وَقَالَ مَرَّةً أُكْلَةً فَإِنَّ اللَّهَ عَزَّ وَجَلَّ يُطْعِمُهُ مِثْلَهَا مِنْ جَهَنَّمَ وَمَنِ اكْتَسَى بِرِجْلِ مُسْلِمٍ ثَوْبًا فَإِنَّ اللَّهَ عَزَّ وَجَلَّ يَكْسُوهُ مِثْلَهُ مِنْ جَهَنَّمَ وَمَنْ قَامَ بِرِجْلِ مُسْلِمٍ مَقَامَ سُمْعَةٍ فَإِنَّ اللَّهَ عَزَّ وَجَلَّ يَقُومُ بِهِ مَقَامَ سُمْعَةٍ يَوْمَ الْقِيَامَةِ (29/539)
18012 -"
وقد وجد ما يصلح سببا لاستحقاق النسب في حق الثاني وهو الفراش الفاسد صحت واحتيج إلى الترجيح (فرجح) أبو حنيفة (الملك والصحة) الكائنين للأول لأن فراشه صحيح وملكه قائم (على الحضور والماء) أي كون الثاني حاضرا والماء له (كالزنا) قال المصنف (والوجه) أن يقال (ترجح) الأول (بالصحة على) الثاني بمجرد (الحضور) ,وَقَدْ وَجَدَ مَا يَصْلُحُ سَبَبًا لِاسْتِحْقَاقِ النَّسَبِ فِي حَقِّ الثَّانِي وَهُوَ الْفِرَاشُ الْفَاسِدُ صَحَّتْ وَاحْتِيجَ إِلَى التَّرْجِيحِ (فَرَجَّحَ) أَبُو حَنِيفَةَ (الْمِلْكَ وَالصِّحَّةَ) الْكَائِنَيْنِ لِلْأَوَّلِ لِأَنَّ فِرَاشَهُ صَحِيحٌ وَمِلْكَهُ قَائِمٌ (عَلَى الْحُضُورِ وَالْمَاءِ) أَيْ كَوْنِ الثَّانِي حَاضِرًا وَالْمَاءِ لَهُ (كَالزِّنَا) قَالَ الْمُصَنِّفُ (وَالْوَجْهُ) أَنْ يُقَالَ (تَرَجَّحَ) الْأَوَّلُ (بِالصِّحَّةِ عَلَى) الثَّانِي بِمُجَرَّدِ (الْحُضُورِ) ,وَقَدْ وُجِدَ مَا يَصْلُحُ سَبَبًا لِاسْتِحْقَاقِ النَّسَبِ فِي حَقِّ الثَّانِي وَهُوَ الْفِرَاشُ الْفَاسِدُ صَحَّتْ وَاحْتِيجَ إِلَى التَّرْجِيحِ (فَرُجِّحَ) أَبُو حَنِيفَةَ (الْمِلْكُ وَالصِّحَّةُ) الْكَائِنَيْنِ لِلْأَوَّلِ لِأَنَّ فِرَاشَهُ صَحِيحٌ وَمِلْكَهُ قَائِمٌ (عَلَى الْحُضُورِ وَالْمَاءِ) أَيْ كَوْنِ الثَّانِي حَاضِرًا وَالْمَاءِ لَهُ (كَالزِّنَا) قَالَ الْمُصَنِّفُ (وَالْوَجْهُ) أَنْ يُقَالَ (تَرَجَّحَ) الْأَوَّلُ (بِالصِّحَّةِ عَلَى) الثَّانِي بِمُجَرَّدِ (الْحُضُورِ)
"وهذا لأن الشركة في الربح تبتنى على الشركة في المال على أصلهما على ما قررناه.
ولنا أن المقصود منه التحصيل وهو ممكن بالتوكيل، لأنه لما كان وكيلا في النصف أصيلا في النصف تحققت الشركة في المال المستفاد
الشرح
(14/23)
(قوله وأما شركة الصنائع وتسمى شركة التقبل) وشركة الأبدان وشركة الأعمال (فنحو الخياطين والصباغين يشتركان في أن يتقبل كل الأعمال) ","وَهَذَا لِأَنَّ الشَّرِكَةَ فِي الرِّبْحِ تُبْتَنَى عَلَى الشَّرِكَةِ فِي الْمَالِ عَلَى أَصْلِهِمَا عَلَى مَا قَرَّرْنَاهُ.
وَلَنَا أَنَّ الْمَقْصُودَ مِنْهُ التَّحْصِيلُ وَهُوَ مُمْكِنٌ بِالتَّوْكِيلِ، لِأَنَّهُ لَمَّا كَانَ وَكِيلًا فِي النِّصْفِ أَصِيلًا فِي النِّصْفِ تَحَقَّقَتِ الشَّرِكَةُ فِي الْمَالِ الْمُسْتَفَادِ
الشَّرْحُ
(14/23)
(قَوْلُهُ وَأَمَّا شَرِكَةُ الصَّنَائِعِ وَتُسَمَّى شَرِكَةَ التَّقَبُّلِ) وَشَرِكَةَ الْأَبْدَانِ وَشَرِكَةَ الْأَعْمَالِ (فَنَحْوَ الْخَيَّاطِينَ وَالصَّبَّاغِينَ يَشْتَرِكَانِ فِي أَنْ يَتَقَبَّلَ كُلٌّ الْأَعْمَالَ) ","وَهَذَا لِأَنَّ الشَّرِكَةَ فِي الرِّبْحِ تُبْتَنَى عَلَى الشَّرِكَةِ فِي الْمَالِ عَلَى أَصْلِهِمَا عَلَى مَا قَرَّرْنَاهُ.
وَلَنَا أَنَّ الْمَقْصُودَ مِنْهُ التَّحْصِيلُ وَهُوَ مُمْكِنٌ بِالتَّوْكِيلِ، لِأَنَّهُ لَمَّا كَانَ وَكِيلًا فِي النِّصْفِ أَصِيلًا فِي النِّصْفِ تَحَقَّقَتِ الشَّرِكَةُ فِي الْمَالِ الْمُسْتَفَادِ
الشَّرْحُ
(14/23)
(قَوْلُهُ وَأَمَّا شَرِكَةُ الصَّنَائِعِ وَتُسَمَّى شَرِكَةَ التَّقَبُّلِ) وَشَرِكَةُ الْأَبْدَانِ وَشَرِكَةُ الْأَعْمَالِ (فَنَحْوُ الْخَيَّاطِينَ وَالصَّبَّاغِينَ يَشْتَرِكَانِ فِي أَنْ يَتَقَبَّلَ كُلٌّ الْأَعْمَالَ)"
ويصرح به كلام القوت الآتي، ثم إن قول الشارح كما في التتمة صريح في أنه في التين والعنب وليس كذلك فإن كلامه في خصوص التين، وعبارة القوت سكت المصنف عما إذا ظهر بعض دون بعض: أي في التين والعنب، وفي التهذيب والكافي والبيان وغيرها أن ما ظهر للبائع وما لم يظهر للمشتري، ,وَيُصَرِّحُ بِهِ كَلَامُ الْقُوتِ الْآتِي، ثُمَّ إِنَّ قَوْلَ الشَّارِحِ كَمَا فِي التَّتِمَّةِ صَرِيحٌ فِي أَنَّهُ فِي التِّينِ وَالْعِنَبِ وَلَيْسَ كَذَلِكَ فَإِنَّ كَلَامَهُ فِي خُصُوصِ التِّينِ، وَعِبَارَةُ الْقُوتِ سَكَتَ الْمُصَنِّفُ عَمَّا إِذَا ظَهَرَ بَعْضٌ دُونَ بَعْضٍ: أَيْ فِي التِّينِ وَالْعِنَبِ، وَفِي التَّهْذِيبِ وَالْكَافِي وَالْبَيَانِ وَغَيْرِهَا أَنَّ مَا ظَهَرَ لِلْبَائِعِ وَمَا لَمْ يَظْهَرْ لِلْمُشْتَرِي، ,وَيُصَرِّحُ بِهِ كَلَامُ الْقُوتِ الْآتِي، ثُمَّ إِنَّ قَوْلَ الشَّارِحِ كَمَا فِي التَّتِمَّةِ صَرِيحٌ فِي أَنَّهُ فِي التِّينِ وَالْعِنَبِ وَلَيْسَ كَذَلِكَ فَإِنَّ كَلَامَهُ فِي خُصُوصِ التِّينِ، وَعِبَارَةُ الْقُوتِ سَكَتَ الْمُصَنِّفُ عَمَّا إِذَا ظَهَرَ بَعْضٌ دُونَ بَعْضٍ: أَيْ فِي التِّينِ وَالْعِنَبِ، وَفِي التَّهْذِيبِ وَالْكَافِي وَالْبَيَانِ وَغَيْرِهَا أَنَّ مَا ظَهَرَ لِلْبَائِعِ وَمَا لَمْ يَظْهَرْ لِلْمُشْتَرِي،
"يمكن الجواب عن ذلك بوجهين على اختيار الشق الثاني من الترديد الأول أن الفاضل الرضي صرح بأن كل جمع تكسير للرباعي الأصل حروفه مشترك بين القلة والكثرة، ولا شك أن الدراهم من هذا القبيل، فلما اشترك بين القلة والكثرة كان أقله المتيقن هو الثلاثة فتم المطلوب.
","يُمْكِنُ الْجَوَابُ عَنْ ذَلِكَ بِوَجْهَيْنِ عَلَى اخْتِيَارِ الشِّقِّ الثَّانِي مِنَ التَّرْدِيدِ الْأَوَّلِ أَنَّ الْفَاضِلَ الرَّضِيَّ صَرَّحَ بِأَنَّ كُلَّ جَمْعِ تَكْسِيرٍ لِلرُّبَاعِيِّ الْأَصْلِ حُرُوفُهُ مُشْتَرَكٌ بَيْنَ الْقِلَّةِ وَالْكَثْرَةِ، وَلَا شَكَّ أَنَّ الدَّرَاهِمَ مِنْ هَذَا الْقَبِيلِ، فَلَمَّا اشْتَرَكَ بَيْنَ الْقِلَّةِ وَالْكَثْرَةِ كَانَ أَقَلُّهُ الْمُتَيَقَّنُ هُوَ الثَّلَاثَةَ فَتَمَّ الْمَطْلُوبُ.
",يُمْكِنُ الْجَوَابُ عَنْ ذَلِكَ بِوَجْهَيْنِ عَلَى اخْتِيَارِ الشِّقِّ الثَّانِي مِنَ التَّرْدِيدِ الْأَوَّلِ أَنَّ الْفَاضِلَ الرَّضِيَّ صَرَّحَ بِأَنَّ كُلَّ جَمْعِ تَكْسِيرٍ لِلرُّبَاعِيِّ الْأَصْلِ حُرُوفُهُ مُشْتَرَكٌ بَيْنَ الْقِلَّةِ وَالْكَثْرَةِ، وَلَا شَكَّ أَنَّ الدَّرَاهِمَ مِنْ هَذَا الْقَبِيلِ، فَلَمَّا اشْتَرَكَ بَيْنَ الْقِلَّةِ وَالْكَثْرَةِ كَانَ أَقَلُّهُ الْمُتَيَقَّنُ هُوَ الثَّلَاثَةُ فَتَمَّ الْمَطْلُوبُ.
"وقد روي عن أبي يوسف أنه لا تعود نفقته في مال الميت لأنه في الرجوع عامل لنفسه لا للميت، لكنا قلنا: إن أصل سفره كان للميت فما بقي ذلك (6/142)
السفر بقيت النفقة كذا في المبسوط.
وذكر غير واحد من غير ذكر خلاف أنه إن نوى الإقامة خمسة عشر يوما سقطت، ","وَقَدْ رُوِيَ عَنْ أَبِي يُوسُفَ أَنَّهُ لَا تَعُودُ نَفَقَتُهُ فِي مَالِ الْمَيِّتِ لِأَنَّهُ فِي الرُّجُوعِ عَامِلٌ لِنَفْسِهِ لَا لِلْمَيِّتِ، لَكِنَّا قُلْنَا: إِنَّ أَصْلَ سَفَرِهِ كَانَ لِلْمَيِّتِ فَمَا بَقِيَ ذَلِكَ (6/142)
السَّفَرُ بَقِيَتِ النَّفَقَةُ كَذَا فِي الْمَبْسُوطِ.
وَذَكَرَ غَيْرُ وَاحِدٍ مِنْ غَيْرِ ذِكْرِ خِلَافٍ أَنَّهُ إِنْ نَوَى الْإِقَامَةَ خَمْسَةَ عَشَرَ يَوْمًا سَقَطَتْ، ","وَقَدْ رُوِيَ عَنْ أَبِي يُوسُفَ أَنَّهُ لَا تَعُودُ نَفَقَتُهُ فِي مَالِ الْمَيِّتِ لِأَنَّهُ فِي الرُّجُوعِ عَامِلٌ لِنَفْسِهِ لَا لِلْمَيِّتِ، لَكِنَّا قُلْنَا: إِنْ أَصْلُ سَفَرِهِ كَانَ لِلْمَيِّتِ فَمَا بَقِيَ ذَلِكَ (6/142)
السَّفَرُ بَقِيَتِ النَّفَقَةُ كَذَا فِي الْمَبْسُوطِ.
وَذَكَرَ غَيْرُ وَاحِدٍ مِنْ غَيْرِ ذِكْرِ خِلَافٍ أَنَّهُ إِنْ نَوَى الْإِقَامَةَ خَمْسَةَ عَشَرَ يَوْمًا سَقَطَتْ،"
"لا ينبغي لعبد أن يقول أنا خير من يونس بن متى} إنما كان ذلك قبل إعطاء (2/100)
الله عز وجل إياه ما ذكرنا من إعطائه إياه في هذا الباب العطايا التي فضله بها على جميع خلقه حتى صار بذلك فاضلا لأولهم ولآخرهم صلى الله عليه وسلم والله نسأله التوفيق.
وقد حدثنا يوسف بن يزيد قال: ","لَا يَنْبَغِي لِعَبْدٍ أَنْ يَقُولَ أَنَا خَيْرٌ مِنْ يُونُسَ بْنِ مَتَّى} إِنَّمَا كَانَ ذَلِكَ قَبْلَ إِعْطَاءِ (2/100)
اللَّهِ عَزَّ وَجَلَّ إِيَّاهُ مَا ذَكَرْنَا مِنْ إِعْطَائِهِ إِيَّاهُ فِي هَذَا الْبَابِ الْعَطَايَا الَّتِي فَضَّلَهُ بِهَا عَلَى جَمِيعِ خَلْقِهِ حَتَّى صَارَ بِذَلِكَ فَاضِلًا لِأَوَّلِهِمْ وَلِآخِرِهِمْ صَلَّى اللَّهُ عَلَيْهِ وَسَلَّمَ وَاللَّهَ نَسْأَلُهُ التَّوْفِيقَ.
وَقَدْ حَدَّثَنَا يُوسُفُ بْنُ يَزِيدَ قَالَ: ","لَا يَنْبَغِي لِعَبْدٍ أَنْ يَقُولَ أَنَا خَيْرُ مِنْ يُونُسَ بْنِ مَتَّى} إِنَّمَا كَانَ ذَلِكَ قَبْلَ إِعْطَاءِ (2/100)
اللَّهِ عَزَّ وَجَلَّ إِيَّاهُ مَا ذَكَرْنَا مِنْ إِعْطَائِهِ إِيَّاهُ فِي هَذَا الْبَابِ الْعَطَايَا الَّتِي فَضَّلَهُ بِهَا عَلَى جَمِيعِ خَلْقِهِ حَتَّى صَارَ بِذَلِكَ فَاضِلًا لِأَوَّلِهِمْ وَلِآخِرِهِمْ صَلَّى اللَّهُ عَلَيْهِ وَسَلَّمَ وَاللَّهَ نَسْأَلُهُ التَّوْفِيقَ.
وَقَدْ حَدَّثَنَا يُوسُفُ بْنُ يَزِيدَ قَالَ:"
"إلى آخر الآية فقال شيخ عنده سمعت أبا هريرة يقول ذكر عند النبي صلى الله عليه وسلم فقال خبيث من الخبائث فقال ابن عمر إن كان قاله رسول الله صلى الله عليه وسلم فهو كما قاله (14/515)
8955 - ","إِلَى آخِرِ الْآيَةِ فَقَالَ شَيْخٌ عِنْدَهُ سَمِعْتُ أَبَا هُرَيْرَةَ يَقُولُ ذُكِرَ عِنْدَ النَّبِيِّ صَلَّى اللَّهُ عَلَيْهِ وَسَلَّمَ فَقَالَ خَبِيثٌ مِنَ الْخَبَائِثِ فَقَالَ ابْنُ عُمَرَ إِنْ كَانَ قَالَهُ رَسُولُ اللَّهِ صَلَّى اللَّهُ عَلَيْهِ وَسَلَّمَ فَهُوَ كَمَا قَالَهُ (14/515)
8955 - ","إِلَى آخِرِ الْآيَةِ فَقَالَ شَيْخٌ عِنْدَهُ سَمِعْتُ أَبَا هُرَيْرَةَ يَقُولُ ذَكَرَ عِنْدَ النَّبِيِّ صَلَّى اللَّهُ عَلَيْهِ وَسَلَّمَ فَقَالَ خَبِيثٌ مِنَ الْخَبَائِثِ فَقَالَ ابْنُ عُمَرَ إِنْ كَانَ قَالَهُ رَسُولُ اللَّهِ صَلَّى اللَّهُ عَلَيْهِ وَسَلَّمَ فَهُوَ كَمَا قَالَهُ (14/515)
8955 -"
"قال: فترك علي الخطبة. وحديث أبي زرعة مختصر. (5/105)
3434 حدثنا عمران بن بكار الحمصي، حدثنا أبو الثقفي، حدثنا ابن سالم، عن الزبيدي، قال: أخبرني الزهري، أن علي بن حسين أخبره، أنهم لما رجعوا من الطف وكان أتى به يزيد بن معاوية أسيرا في رهط هو رابعهم. قال علي: فلما قدمنا المدينة جاءني المسور بن مخرمة الزهري، ","قَالَ: فَتَرَكَ عَلِيٌّ الْخِطْبَةَ. وَحَدِيثُ أَبِي زُرْعَةَ مُخْتَصَرٌ. (5/105)
3434 حَدَّثَنَا عِمْرَانُ بْنُ بَكَّارٍ الْحِمْصِيُّ، حَدَّثَنَا أَبُو الثَّقَفِيِّ، حَدَّثَنَا ابْنُ سَالِمٍ، عَنِ الزُّبَيْدِيِّ، قَالَ: أَخْبَرَنِي الزُّهْرِيُّ، أَنَّ عَلِيَّ بْنَ حُسَيْنٍ أَخْبَرَهُ، أَنَّهُمْ لَمَّا رَجَعُوا مِنَ الطَّفِّ وَكَانَ أَتَى بِهِ يَزِيدُ بْنُ مُعَاوِيَةَ أَسِيرًا فِي رَهْطٍ هُوَ رَابِعُهُمْ. قَالَ عَلِيٌّ: فَلَمَّا قَدِمْنَا الْمَدِينَةَ جَاءَنِي الْمِسْوَرُ بْنُ مَخْرَمَةَ الزُّهْرِيُّ، ","قَالَ: فَتَرَكَ عَلِيٌّ الْخُطْبَةَ. وَحَدِيثُ أَبِي زُرْعَةَ مُخْتَصَرٌ. (5/105)
3434 حَدَّثَنَا عِمْرَانُ بْنُ بَكَّارٍ الْحِمْصِيُّ، حَدَّثَنَا أَبُو الثَّقَفِيِّ، حَدَّثَنَا ابْنُ سَالِمٍ، عَنِ الزُّبَيْدِيِّ، قَالَ: أَخْبَرَنِي الزُّهْرِيُّ، أَنَّ عَلِيَّ بْنَ حُسَيْنٍ أَخْبَرَهُ، أَنَّهُمْ لَمَّا رَجَعُوا مِنَ الطَّفِّ وَكَانَ أَتَى بِهِ يَزِيدُ بْنُ مُعَاوِيَةَ أَسِيرًا فِي رَهْطٍ هُوَ رَابِعُهُمْ. قَالَ عَلِيٌّ: فَلَمَّا قَدِمْنَا الْمَدِينَةَ جَاءَنِي الْمِسْوَرُ بْنُ مَخْرَمَةَ الزُّهْرِيُّ،"
"فقال عليه الصلاة والسلام: آمن كل شيء من معاذ حتى خاتمه، ثم استوهبه النبي صلى الله عليه وسلم من معاذ فوهبه منه، فكان في يده صلى الله عليه وسلم إلى أن توفي.
ثم كان في يد أبي بكر رضي الله عنه إلى أن توفي، ثم كان في يد عمر رضي الله عنه إلى أن توفي، ","فَقَالَ عَلَيْهِ الصَّلَاةُ وَالسَّلَامُ: آمَنَ كُلُّ شَيْءٍ مِنْ مُعَاذٍ حَتَّى خَاتَمُهُ، ثُمَّ اسْتَوْهَبَهُ النَّبِيُّ صَلَّى اللَّهُ عَلَيْهِ وَسَلَّمَ مِنْ مُعَاذٍ فَوَهَبَهُ مِنْهُ، فَكَانَ فِي يَدِهِ صَلَّى اللَّهُ عَلَيْهِ وَسَلَّمَ إِلَى أَنْ تُوُفِّيَ.
ثُمَّ كَانَ فِي يَدِ أَبِي بَكْرٍ رَضِيَ اللَّهُ عَنْهُ إِلَى أَنْ تُوُفِّيَ، ثُمَّ كَانَ فِي يَدِ عُمَرَ رَضِيَ اللَّهُ عَنْهُ إِلَى أَنْ تُوُفِّيَ، ","فَقَالَ عَلَيْهِ الصَّلَاةُ وَالسَّلَامُ: آمَنَ كُلُّ شَيْءٍ مِنْ مُعَاذٍ حَتَّى خَاتَمُهُ، ثُمَّ اسْتَوْهَبَهُ النَّبِيُّ صَلَّى اللَّهُ عَلَيْهِ وَسَلَّمَ مِنْ مُعَاذٍ فَوَهَبَهُ مِنْهُ، فَكَانَ فِي يَدِهِ صَلَّى اللَّهُ عَلَيْهِ وَسَلَّمَ إِلَى أَنْ تُوُفِّيَ.
ثُمَّ كَانَ فِي يَدِ أَبِي بَكْرٍ رَضِيَ اللَّهُ عَنْهُ إِلَى أَنْ تُوُفِّيَ، ثُمَّ كَانَ فِي يَدِ عُمَرَ رَضِيَ اللَّهُ عَنْهُ إِلَى أَنْ تُوُفِّيَ،"
صرف مد لكل يوم من تركة من أمكنه الصوم ومات قبل فعله لإطلاق خبر الترمذي السابق وخرج بكفارة القتل كفارة غيره إذ يخلف صومه فيها الإطعام نعم يرد عليه صوم الكفارة المخيرة إذا عجز عن الخصال التي قبله مع أن الأصحاب لم يقيدوا الكفارة بالقتل (كمفطر لكبر) لا يطيق معه الصوم، ,صَرْفُ مُدٍّ لِكُلِّ يَوْمٍ مِنْ تَرِكَةِ مَنْ أَمْكَنَهُ الصَّوْمُ وَمَاتَ قَبْلَ فِعْلِهِ لِإِطْلَاقِ خَبَرِ التِّرْمِذِيِّ السَّابِقِ وَخَرَجَ بِكَفَّارَةِ الْقَتْلِ كَفَّارَةُ غَيْرِهِ إِذْ يَخْلُفُ صَوْمَهُ فِيهَا الْإِطْعَامُ نَعَمْ يَرِدُ عَلَيْهِ صَوْمُ الْكَفَّارَةِ الْمُخَيَّرَةِ إِذَا عَجَزَ عَنِ الْخِصَالِ الَّتِي قَبْلَهُ مَعَ أَنَّ الْأَصْحَابَ لَمْ يُقَيِّدُوا الْكَفَّارَةَ بِالْقَتْلِ (كَمُفْطِرٍ لِكِبَرٍ) لَا يُطِيقُ مَعَهُ الصَّوْمَ، ,صَرْفُ مُدٍّ لِكُلِّ يَوْمٍ مِنْ تَرِكَةِ مَنْ أَمْكَنَهُ الصَّوْمُ وَمَاتَ قَبْلَ فِعْلِهِ لِإِطْلَاقِ خَبَرِ التِّرْمِذِيِّ السَّابِقِ وَخَرَجَ بِكَفَّارَةِ الْقَتْلِ كَفَّارَةُ غَيْرِهِ إِذْ يَخْلُفُ صَوْمُهُ فِيهَا الْإِطْعَامَ نَعَمْ يَرِدُ عَلَيْهِ صَوْمُ الْكَفَّارَةِ الْمُخَيَّرَةِ إِذَا عَجَزَ عَنِ الْخِصَالِ الَّتِي قَبِلَهُ مَعَ أَنَّ الْأَصْحَابَ لَمْ يُقَيِّدُوا الْكَفَّارَةَ بِالْقَتْلِ (كَمُفْطِرٍ لِكِبَرٍ) لَا يُطِيقُ مَعَهُ الصَّوْمَ،
أي تعيين أنه الصوم الفرض في أدائه (فأصيب) صومه (بنية مباينه) أي مباين صومه (كالنذر والكفارة بناء على لغو الجهة) أي الوصف في نية المباين (فيبقى المطلق) الذي هو أصل نية الصوم (وبه) أي المطلق (يصاب) الصوم الفرض الرمضاني أداء (كالأخص) مثل (زيد يصاب بالأعم) مثل (إنسان والجمهور على نفيه) ,أَيْ تَعْيِينِ أَنَّهُ الصَّوْمُ الْفَرْضُ فِي أَدَائِهِ (فَأُصِيبَ) صَوْمُهُ (بِنِيَّةِ مُبَايِنِهِ) أَيْ مُبَايِنِ صَوْمِهِ (كَالنَّذْرِ وَالْكَفَّارَةِ بِنَاءً عَلَى لَغْوِ الْجِهَةِ) أَيِ الْوَصْفِ فِي نِيَّةِ الْمُبَايِنِ (فَيَبْقَى الْمُطْلَقُ) الَّذِي هُوَ أَصْلُ نِيَّةِ الصَّوْمِ (وَبِهِ) أَيِ الْمُطْلَقِ (يُصَابُ) الصَّوْمُ الْفَرْضُ الرَّمَضَانِيُّ أَدَاءً (كَالْأَخَصِّ) مِثْلُ (زَيْدٍ يُصَابُ بِالْأَعَمِّ) مِثْلُ (إِنْسَانٍ وَالْجُمْهُورُ عَلَى نَفْيِهِ) ,أَيْ تَعْيِينِ أَنَّهُ الصَّوْمُ الْفَرْضُ فِي أَدَائِهِ (فَأُصِيبَ) صَوْمُهُ (بِنِيَّةٍ مُبَايِنِهِ) أَيْ مُبَايِنِ صَوْمِهِ (كَالنَّذْرِ وَالْكَفَّارَةِ بِنَاءً عَلَى لَغْوِ الْجِهَةِ) أَيِ الْوَصْفِ فِي نِيَّةِ الْمُبَايِنِ (فَيَبْقَى الْمُطْلَقُ) الَّذِي هُوَ أَصْلُ نِيَّةِ الصَّوْمِ (وَبِهِ) أَيِ الْمُطْلَقِ (يُصَابُ) الصَّوْمُ الْفَرْضُ الرَّمَضَانِيُّ أَدَاءً (كَالْأَخَصِّ) مِثْلِ (زَيْدٍ يُصَابُ بِالْأَعَمِّ) مِثْلِ (إِنْسَانٍ وَالْجُمْهُورُ عَلَى نَفْيِهِ)
"من زيادته من عالم، أو جاهل على هذه الصور
الشرح
(11/379)
قوله: كركوب إلخ) فلا يرجع بما غرم من الأجرة والمهر (قوله: الحر هنا) قال الشارح لكونه جهل الأمر ا ه (قوله: بأن انفصل حيا أو ميتا بجناية) خرج المنفصل ميتا بلا جناية فلا تضمن قيمته؛ لأنا لم نتيقن حياته، وأن المحبل أتلفه، وعبارة الروض وشرحه، ","مِنْ زِيَادَتِهِ مِنْ عَالَمٍ، أَوْ جَاهِلٍ عَلَى هَذِهِ الصُّوَرِ
الشَّرْحُ
(11/379)
قَوْلُهُ: كَرُكُوبٍ إِلَخْ) فَلَا يَرْجِعُ بِمَا غَرِمَ مِنَ الْأُجْرَةِ وَالْمَهْرِ (قَوْلُهُ: الْحُرِّ هُنَا) قَالَ الشَّارِحُ لِكَوْنِهِ جَهِلَ الْأَمْرَ ا ه (قَوْلُهُ: بِأَنِ انْفَصَلَ حَيًّا أَوْ مَيِّتًا بِجِنَايَةٍ) خَرَجَ الْمُنْفَصِلُ مَيِّتًا بِلَا جِنَايَةٍ فَلَا تُضْمَنُ قِيمَتُهُ؛ لِأَنَّا لَمْ نَتَيَقَّنْ حَيَاتَهُ، وَأَنَّ الْمُحْبِلَ أَتْلَفَهُ، وَعِبَارَةُ الرَّوْضِ وَشَرْحِهِ، ","مِنْ زِيَادَتِهِ مِنْ عَالِمٍ، أَوْ جَاهِلٍ عَلَى هَذِهِ الصُّوَرِ
الشَّرْحُ
(11/379)
قَوْلُهُ: كَرُكُوبٍ إِلَخْ) فَلَا يَرْجِعُ بِمَا غَرِمَ مِنَ الْأُجْرَةِ وَالْمَهْرِ (قَوْلُهُ: الْحُرُّ هُنَا) قَالَ الشَّارِحُ لِكَوْنِهِ جَهِلَ الْأَمْرَ ا ه (قَوْلُهُ: بِأَنِ انْفَصَلَ حَيًّا أَوْ مَيِّتًا بِجِنَايَةٍ) خَرَجَ الْمُنْفَصِلُ مَيِّتًا بِلَا جِنَايَةٍ فَلَا تُضْمَنُ قِيمَتُهُ؛ لِأَنَّا لَمْ نَتَيَقَّنْ حَيَاتَهُ، وَأَنَّ الْمُحْبِلَ أَتْلَفَهُ، وَعِبَارَةُ الرَّوْضِ وَشَرْحِهِ،"
وقد أتى بمعنى الكتابة هنا مفسرا فينعقد به كما إذا أطلق الكتابة بل أولى؛ لأن المفسر أقوى وقوله إذا أديته فأنت حر لا بد منه؛ لأن ما قبله محتمل يحتمل الكتابة ويحتمل الضريبة وبه تترجح جهة الكتابة، وقوله وإلا فقن أي إن لم تؤده فأنت رقيق فضلة من الكلام غير محتاج إليه كما لا يحتاج إليه في الكتابة، ,وَقَدْ أَتَى بِمَعْنَى الْكِتَابَةِ هُنَا مُفَسَّرًا فَيَنْعَقِدُ بِهِ كَمَا إِذَا أَطْلَقَ الْكِتَابَةَ بَلْ أَوْلَى؛ لِأَنَّ الْمُفَسَّرَ أَقْوَى وَقَوْلُهُ إِذَا أَدَّيْته فَأَنْتَ حُرٌّ لَا بُدَّ مِنْهُ؛ لِأَنَّ مَا قَبْلَهُ مُحْتَمَلٌ يَحْتَمِلُ الْكِتَابَةَ وَيَحْتَمِلُ الضَّرِيبَةَ وَبِهِ تَتَرَجَّحُ جِهَةُ الْكِتَابَةِ، وَقَوْلُهُ وَإِلَّا فَقِنٌّ أَيْ إِنْ لَمْ تُؤَدِّهِ فَأَنْتَ رَقِيقٌ فَضْلَةٌ مِنَ الْكَلَامِ غَيْرُ مُحْتَاجٍ إِلَيْهِ كَمَا لَا يُحْتَاجُ إِلَيْهِ فِي الْكِتَابَةِ، ,وَقَدْ أَتَى بِمَعْنَى الْكِتَابَةِ هُنَا مُفَسِّرًا فَيَنْعَقِدُ بِهِ كَمَا إِذَا أَطْلَقَ الْكِتَابَةَ بَلْ أَوْلَى؛ لِأَنَّ الْمُفَسَّرَ أَقْوَى وَقَوْلُهُ إِذَا أَدَّيْتَهُ فَأَنْتَ حُرٌّ لَا بُدَّ مِنْهُ؛ لِأَنَّ مَا قَبْلَهُ مُحْتَمِلٌ يَحْتَمِلُ الْكِتَابَةَ وَيَحْتَمِلُ الضَّرِيبَةَ وَبِهِ تَتَرَجَّحُ جِهَةُ الْكِتَابَةِ، وَقَوْلُهُ وَإِلَّا فَقِنٌّ أَيْ إِنْ لَمْ تُؤَدِّهِ فَأَنْتَ رَقِيقٌ فَضْلَةٌ مِنَ الْكَلَامِ غَيْرُ مُحْتَاجٍ إِلَيْهِ كَمَا لَا يُحْتَاجُ إِلَيْهِ فِي الْكِتَابَةِ،
"كان داود عليه السلام إذا جلس لفصل القضاء نزلت سلسلة من السماء بعنق الظالم، ثم قضى به رسولنا عليه الصلاة والسلام بينهما نصفين} والجواب عن حديث (11/361)
القرعة أنه كان في الابتداء وقت إباحة القمار ثم انتسخ بحرمة القمار، لأن تعيين المستحق بمنزلة الاستحقاق في إيجاب الحق لمن خرجت له، فكما أن تعليق الاستحقاق بخروج القرعة قمار فكذلك تعيين المستحق، ","كَانَ دَاوُد عَلَيْهِ السَّلَامُ إِذَا جَلَسَ لِفَصْلِ الْقَضَاءِ نَزَلَتْ سِلْسِلَةٌ مِنَ السَّمَاءِ بِعُنُقِ الظَّالِمِ، ثُمَّ قَضَى بِهِ رَسُولُنَا عَلَيْهِ الصَّلَاةُ وَالسَّلَامُ بَيْنَهُمَا نِصْفَيْنِ} وَالْجَوَابُ عَنْ حَدِيثِ (11/361)
الْقُرْعَةِ أَنَّهُ كَانَ فِي الِابْتِدَاءِ وَقْتَ إِبَاحَةِ الْقِمَارِ ثُمَّ انْتَسَخَ بِحُرْمَةِ الْقِمَارِ، لِأَنَّ تَعْيِينَ الْمُسْتَحَقِّ بِمَنْزِلَةِ الِاسْتِحْقَاقِ فِي إِيجَابِ الْحَقِّ لِمَنْ خَرَجَتْ لَهُ، فَكَمَا أَنَّ تَعْلِيقَ الِاسْتِحْقَاقِ بِخُرُوجِ الْقُرْعَةِ قِمَارٌ فَكَذَلِكَ تَعْيِينُ الْمُسْتَحَقِّ، ","كَانَ دَاوُد عَلَيْهِ السَّلَامُ إِذَا جَلَسَ لِفَصْلِ الْقَضَاءِ نَزَلَتْ سِلْسِلَةٌ مِنَ السَّمَاءِ بِعُنُقِ الظَّالِمِ، ثُمَّ قَضَى بِهِ رَسُولُنَا عَلَيْهِ الصَّلَاةُ وَالسَّلَامُ بَيْنَهُمَا نِصْفَيْنِ} وَالْجَوَابُ عَنْ حَدِيثِ (11/361)
الْقُرْعَةِ أَنَّهُ كَانَ فِي الِابْتِدَاءِ وَقْتَ إِبَاحَةِ الْقِمَارِ ثُمَّ انْتَسَخَ بِحُرْمَةِ الْقِمَارِ، لِأَنَّ تَعْيِينَ الْمُسْتَحِقِّ بِمَنْزِلَةِ الِاسْتِحْقَاقِ فِي إِيجَابِ الْحَقِّ لِمَنْ خَرَجَتْ لَهُ، فَكَمَا أَنَّ تَعْلِيقَ الِاسْتِحْقَاقِ بِخُرُوجِ الْقُرْعَةِ قِمَارٌ فَكَذَلِكَ تَعْيِينُ الْمُسْتَحِقِّ،"
"ولو وجب ذلك لزم في كل تقدم نسك على نسك دمان؛ لأنه لا ينفك عن الأمرين ولا قائل به، ولو وجب في حلق القارن قبل الذبح لوجب ثلاثة دماء في تفريع من يقول إن إحرام عمرته انتهى بالوقوف، وفي تفريع من لا يراه كما قدمنا خمسة دماء؛ لأن جنايته على إحرامين والتقديم والتأخير جنايتان فيهما أربعة دماء ودم القران. (5/469)
(","وَلَوْ وَجَبَ ذَلِكَ لَزِمَ فِي كُلِّ تَقَدُّمِ نُسُكٍ عَلَى نُسُكٍ دَمَانِ؛ لِأَنَّهُ لَا يَنْفَكُّ عَنِ الْأَمْرَيْنِ وَلَا قَائِلَ بِهِ، وَلَوْ وَجَبَ فِي حَلْقِ الْقَارِنِ قَبْلَ الذَّبْحِ لَوَجَبَ ثَلَاثَةُ دِمَاءٍ فِي تَفْرِيعِ مَنْ يَقُولُ إِنَّ إِحْرَامَ عُمْرَتِهِ انْتَهَى بِالْوُقُوفِ، وَفِي تَفْرِيعِ مَنْ لَا يَرَاهُ كَمَا قَدَّمْنَا خَمْسَةَ دِمَاءٍ؛ لِأَنَّ جِنَايَتَهُ عَلَى إِحْرَامَيْنِ وَالتَّقْدِيمُ وَالتَّأْخِيرُ جِنَايَتَانِ فِيهِمَا أَرْبَعَةُ دِمَاءٍ وَدَمُ الْقِرَانِ. (5/469)
(","وَلَوْ وَجَبَ ذَلِكَ لَزِمَ فِي كُلِّ تَقَدُّمِ نُسُكٍ عَلَى نُسُكٍ دَمَانِ؛ لِأَنَّهُ لَا يَنْفَكُّ عَنِ الْأَمْرَيْنِ وَلَا قَائِلَ بِهِ، وَلَوْ وَجَبَ فِي حَلْقِ الْقَارِنِ قَبْلَ الذَّبْحِ لَوَجَبَ ثَلَاثَةُ دِمَاءٍ فِي تَفْرِيعِ مَنْ يَقُولُ إِنَّ إِحْرَامَ عُمْرَتِهِ انْتَهَى بِالْوُقُوفِ، وَفِي تَفْرِيعِ مَنْ لَا يَرَاهُ كَمَا قَدَّمْنَا خَمْسَةُ دِمَاءٍ؛ لِأَنَّ جِنَايَتَهُ عَلَى إِحْرَامَيْنِ وَالتَّقْدِيمُ وَالتَّأْخِيرُ جِنَايَتَانِ فِيهِمَا أَرْبَعَةُ دِمَاءٍ وَدَمُ الْقِرَانِ. (5/469)
("
"فقال قائل أفيكون هذا الذي ذكرته مانعا للحكام من الحكم فيما يدخل عليهم فيه ما وصفته.
فكان جوابنا له في ذلك أن المفترض على الحكام في ذلك بعد اجتهاد رأيهم فيه إمضاء ما يؤديهم فيه آراؤهم إليه كما أمرهم رسول (1/439)
الله عليه السلام.
","فَقَالَ قَائِلٌ أَفَيَكُونُ هَذَا الَّذِي ذَكَرْتَهُ مَانِعًا لِلْحُكَّامِ مِنَ الْحُكْمِ فِيمَا يَدْخُلُ عَلَيْهِمْ فِيهِ مَا وَصَفْتَهُ.
فَكَانَ جَوَابُنَا لَهُ فِي ذَلِكَ أَنَّ الْمُفْتَرَضَ عَلَى الْحُكَّامِ فِي ذَلِكَ بَعْدَ اجْتِهَادِ رَأْيِهِمْ فِيهِ إِمْضَاءُ مَا يُؤَدِّيهِمْ فِيهِ آرَاؤُهُمْ إِلَيْهِ كَمَا أَمَرَهُمْ رَسُولُ (1/439)
اللَّهِ عَلَيْهِ السَّلَامُ.
","فَقَالَ قَائِلٌ أَفَيَكُونُ هَذَا الَّذِي ذَكَرْتهُ مَانِعًا لِلْحُكَّامِ مِنَ الْحُكْمِ فِيمَا يَدْخُلُ عَلَيْهِمْ فِيهِ مَا وَصَفْتَهُ.
فَكَانَ جَوَابُنَا لَهُ فِي ذَلِكَ أَنَّ الْمُفْتَرَضَ عَلَى الْحُكَّامِ فِي ذَلِكَ بَعْدَ اجْتِهَادِ رَأْيِهِمْ فِيهِ إِمْضَاءُ مَا يُؤَدِّيهِمْ فِيهِ آرَاؤُهُمْ إِلَيْهِ كَمَا أَمَرَهُمْ رَسُولُ (1/439)
اللَّهِ عَلَيْهِ السَّلَامُ."
وإن كان قد عرف فى الجملة أن كل واحد منهم قد سمع من صاحبه سماعا كثيرا فجائز لكل واحد منهم أن ينزل فى بعض الرواية فيسمع من غيره عنه بعض أحاديثه ثم يرسله عنه أحيانا ولا يسمي من سمع منه وينشط أحيانا فيسمي الرجل الذى حمل عنه الحديث ويترك الإرسال وما قلنا من هذا موجود فى الحديث مستفيض من فعل ثقات المحدثين وأئمة أهل العلم. ,وَإِنْ كَانَ قَدْ عُرِفَ فِى الْجُمْلَةِ أَنَّ كُلَّ وَاحِدٍ مِنْهُمْ قَدْ سَمِعَ مِنْ صَاحِبِهِ سَمَاعًا كَثِيرًا فَجَائِزٌ لِكُلِّ وَاحِدٍ مِنْهُمْ أَنْ يَنْزِلَ فِى بَعْضِ الرِّوَايَةِ فَيَسْمَعَ مِنْ غَيْرِهِ عَنْهُ بَعْضَ أَحَادِيثِهِ ثُمَّ يُرْسِلَهُ عَنْهُ أَحْيَانًا وَلَا يُسَمِّيَ مَنْ سَمِعَ مِنْهُ وَيَنْشَطَ أَحْيَانًا فَيُسَمِّيَ الرَّجُلَ الَّذِى حَمَلَ عَنْهُ الْحَدِيثَ وَيَتْرُكَ الْإِرْسَالَ وَمَا قُلْنَا مِنْ هَذَا مَوْجُودٌ فِى الْحَدِيثِ مُسْتَفِيضٌ مِنْ فِعْلِ ثِقَاتِ الْمُحَدِّثِينَ وَأَئِمَّةِ أَهْلِ الْعِلْمِ. ,وَإِنْ كَانَ قَدْ عُرِفَ فِى الْجُمْلَةِ أَنَّ كُلَّ وَاحِدٍ مِنْهُمْ قَدْ سَمِعَ مِنْ صَاحِبِهِ سَمَاعًا كَثِيرًا فَجَائِزٌ لِكُلِّ وَاحِدٍ مِنْهُمْ أَنْ يُنْزِلَ فِى بَعْضِ الرِّوَايَةِ فَيَسْمَعَ مِنْ غَيْرِهِ عَنْهُ بَعْضَ أَحَادِيثِهِ ثُمَّ يُرْسِلَهُ عَنْهُ أَحْيَانًا وَلَا يُسَمِّي مَنْ سَمِعَ مِنْهُ وَيَنْشَطُ أَحْيَانًا فَيُسَمِّي الرَّجُلَ الَّذِى حَمَلَ عَنْهُ الْحَدِيثَ وَيَتْرُكُ الْإِرْسَالَ وَمَا قُلْنَا مِنْ هَذَا مَوْجُودٌ فِى الْحَدِيثِ مُسْتَفِيضٌ مِنْ فِعْلِ ثِقَاتِ الْمُحَدِّثِينَ وَأَئِمَّةِ أَهْلِ الْعِلْمِ.
"فإن سمى أيضا ما اشتراها به وما أنفق عليها فيما له عين قائمة وفيما ليس له عين قائمة مما يحسب أو لا يحسب، جاز البيع وطرح عن المبتاع ما لا يحسب رأسا كنفقته وكراء بيته وما أشبه ذلك إلا لمن يشترط أن يحسب ذلك فيجوز.
وكذلك إذا قال قامت علي هذه السلعة بكذا وكذا على ما في كتاب ابن المواز، ","فَإِنْ سَمَّى أَيْضًا مَا اشْتَرَاهَا بِهِ وَمَا أَنْفَقَ عَلَيْهَا فِيمَا لَهُ عَيْنٌ قَائِمَةٌ وَفِيمَا لَيْسَ لَهُ عَيْنٌ قَائِمَةٌ مِمَّا يُحْسَبُ أَوْ لَا يُحْسَبُ، جَازَ الْبَيْعُ وَطُرِحَ عَنِ الْمُبْتَاعِ مَا لَا يُحْسَبُ رَأْسًا كَنَفَقَتِهِ وَكِرَاءِ بَيْتِهِ وَمَا أَشْبَهَ ذَلِكَ إِلَّا لِمَنْ يَشْتَرِطُ أَنْ يَحْسِبَ ذَلِكَ فَيَجُوزُ.
وَكَذَلِكَ إِذَا قَالَ قَامَتْ عَلَيَّ هَذِهِ السِّلْعَةُ بِكَذَا وَكَذَا عَلَى مَا فِي كِتَابِ ابْنِ الْمَوَّازِ، ","فَإِنْ سَمَّى أَيْضًا مَا اشْتَرَاهَا بِهِ وَمَا أَنْفَقَ عَلَيْهَا فِيمَا لَهُ عَيْنٌ قَائِمَةٌ وَفِيمَا لَيْسَ لَهُ عَيْنٌ قَائِمَةٌ مِمَّا يُحْسَبُ أَوْ لَا يُحْسَبُ، جَازَ الْبَيْعُ وَطُرِحَ عَنِ الْمُبْتَاعِ مَا لَا يُحْسَبُ رَأْسًا كَنَفَقَتِهِ وَكِرَاءِ بَيْتِهِ وَمَا أَشْبَهَ ذَلِكَ إِلَّا لِمَنْ يَشْتَرِطُ أَنْ يُحْسَبَ ذَلِكَ فَيَجُوزُ.
وَكَذَلِكَ إِذَا قَالَ قَامَتْ عَلَيَّ هَذِهِ السِّلْعَةُ بِكَذَا وَكَذَا عَلَى مَا فِي كِتَابِ ابْنِ الْمَوَّازِ،"
"فلهذا قالت: ولم يجعل لي نفقة ولا سكنى . (22/52)
وذكر عن عبد الله بن جعفر رضي الله عنه قال: كان علي - كرم الله - وجهه لا يحضر خصومة أبدا وكان يقول: إن الشيطان ليحضرها وإن لها قحما الحديث.
وفيه دليل على أن التحرز عن الخصومة واجب ما أمكن لما أشار إليه رضي الله عنه أنه موضع لحضرة الشيطان، ","فَلِهَذَا قَالَتْ: وَلَمْ يَجْعَلْ لِي نَفَقَةً وَلَا سُكْنَى . (22/52)
وَذُكِرَ عَنْ عَبْدِ اللَّهِ بْنِ جَعْفَرٍ رَضِيَ اللَّهُ عَنْهُ قَالَ: كَانَ عَلِيٌّ - كَرَّمَ اللَّهُ - وَجْهَهُ لَا يَحْضُرُ خُصُومَةً أَبَدًا وَكَانَ يَقُولُ: إِنَّ الشَّيْطَانَ لَيَحْضُرُهَا وَإِنَّ لَهَا قُحَمًا الْحَدِيثُ.
وَفِيهِ دَلِيلٌ عَلَى أَنَّ التَّحَرُّزَ عَنِ الْخُصُومَةِ وَاجِبٌ مَا أَمْكَنَ لِمَا أَشَارَ إِلَيْهِ رَضِيَ اللَّهُ عَنْهُ أَنَّهُ مَوْضِعٌ لِحَضْرَةِ الشَّيْطَانِ، ","فَلِهَذَا قَالَتْ: وَلَمْ يَجْعَلْ لِي نَفَقَةً وَلَا سُكْنَى . (22/52)
وَذُكِرَ عَنْ عَبْدِ اللَّهِ بْنِ جَعْفَرٍ رَضِيَ اللَّهُ عَنْهُ قَالَ: كَانَ عَلِيٌّ - كَرَّمَ اللَّهُ - وَجْهَهُ لَا يَحْضُرُ خُصُومَةً أَبَدًا وَكَانَ يَقُولُ: إِنَّ الشَّيْطَانَ لَيَحْضُرُهَا وَإِنَّ لَهَا قَحْمًا الْحَدِيثُ.
وَفِيهِ دَلِيلٌ عَلَى أَنَّ التَّحَرُّزَ عَنِ الْخُصُومَةِ وَاجِبٌ مَا أَمْكَنَ لِمَا أَشَارَ إِلَيْهِ رَضِيَ اللَّهُ عَنْهُ أَنَّهُ مَوْضِعٌ لِحَضْرَةِ الشَّيْطَانِ،"
"وذكر الرافعي والنووي هذا النص وقالا: إن جماعة من الأصحاب قالوا بظاهره وإن الأكثرين قالوا بالتأويل المذكور.
","وَذَكَرَ الرَّافِعِيُّ وَالنَّوَوِيُّ هَذَا النَّصَّ وَقَالَا: إِنَّ جَمَاعَةً مِنَ الْأَصْحَابِ قَالُوا بِظَاهِرِهِ وَإِنَّ الْأَكْثَرِينَ قَالُوا بِالتَّأْوِيلِ الْمَذْكُورِ.
",وَذَكَرَ الرَّافِعِيُّ وَالنَّوَوِيُّ هَذَا النَّصَّ وَقَالَا: إِنَّ جَمَاعَةً مِنَ الْأَصْحَابِ قَالُوا بِظَاهِرِهِ وَإِنَّ الْأَكْثَرِينَ قَالُوا بِالتَّأْوِيلِ الْمَذْكُورِ.
"مع ما في الحديث حين فرض الصلوات الخمس من قوله تعالى: هن خمس لا يبدل القول لدي إلخ فالجواب أن المراد خشية فرضها في خصوص رمضان، وأما الصلوات الخمس فمفروضة في اليوم والليلة على الدوام، أو أن المراد خشية فرضها عليكم في جماعة، وقيل غير ذلك، فإن قيل: قوله صلى الله (3/460)
","مَعَ مَا فِي الْحَدِيثِ حِينَ فَرَضَ الصَّلَوَاتِ الْخَمْسِ مِنْ قَوْله تَعَالَى: هُنَّ خَمْسٌ لَا يُبَدَّلُ الْقَوْلُ لَدَيَّ إِلَخْ فَالْجَوَابُ أَنَّ الْمُرَادَ خَشْيَةُ فَرْضِهَا فِي خُصُوصِ رَمَضَانَ، وَأَمَّا الصَّلَوَاتُ الْخَمْسُ فَمَفْرُوضَةٌ فِي الْيَوْمِ وَاللَّيْلَةِ عَلَى الدَّوَامِ، أَوْ أَنَّ الْمُرَادَ خَشْيَةُ فَرْضِهَا عَلَيْكُمْ فِي جَمَاعَةٍ، وَقِيلَ غَيْرُ ذَلِكَ، فَإِنْ قِيلَ: قَوْلُهُ صَلَّى اللَّهُ (3/460)
",مَعَ مَا فِي الْحَدِيثِ حِينَ فُرِضَ الصَّلَوَاتُ الْخَمْسُ مِنْ قَوْله تَعَالَى: هُنَّ خَمْسٌ لَا يُبَدَّلُ الْقَوْلُ لَدَيَّ إِلَخْ فَالْجَوَابُ أَنَّ الْمُرَادَ خَشْيَةُ فَرْضِهَا فِي خُصُوصِ رَمَضَانَ، وَأَمَّا الصَّلَوَاتُ الْخَمْسُ فَمَفْرُوضَةٌ فِي الْيَوْمِ وَاللَّيْلَةِ عَلَى الدَّوَامِ، أَوْ أَنَّ الْمُرَادَ خَشْيَةُ فَرْضِهَا عَلَيْكُمْ فِي جَمَاعَةٍ، وَقِيلَ غَيْرُ ذَلِكَ، فَإِنْ قِيلَ: قَوْلُهُ صَلَّى اللَّهُ (3/460)
"ما زرعت منها بماء السماء فلك كذا وما زرعت منها بغرب أو دالية فلك كذا فالمزارعة فاسدة وكان الشيخ الإمام الجليل أبو بكر محمد بن الفضل رحمه الله تعالى يقول: ما ذكر من الجواب في مسألة الكراب قولهما وما ذكر في هذه المسائل فهو قول أبي حنيفة رحمه الله تعالى ولو كان يرى جواز المزارعة لأن كلمة من عند أبي (41/423)
","مَا زَرَعْتَ مِنْهَا بِمَاءِ السَّمَاءِ فَلَكَ كَذَا وَمَا زَرَعْتَ مِنْهَا بِغَرْبٍ أَوْ دَالِيَةٍ فَلَكَ كَذَا فَالْمُزَارَعَةُ فَاسِدَةٌ وَكَانَ الشَّيْخُ الْإِمَامُ الْجَلِيلُ أَبُو بَكْرٍ مُحَمَّدُ بْنُ الْفَضْلِ رَحِمَهُ اللَّهُ تَعَالَى يَقُولُ: مَا ذُكِرَ مِنَ الْجَوَابِ فِي مَسْأَلَةِ الْكِرَابِ قَوْلُهُمَا وَمَا ذُكِرَ فِي هَذِهِ الْمَسَائِلِ فَهُوَ قَوْلُ أَبِي حَنِيفَةَ رَحِمَهُ اللَّهُ تَعَالَى وَلَوْ كَانَ يَرَى جَوَازَ الْمُزَارَعَةِ لِأَنَّ كَلِمَةَ مِنْ عِنْدَ أَبِي (41/423)
",مَا زَرَعْتَ مِنْهَا بِمَاءِ السَّمَاءِ فَلَكَ كَذَا وَمَا زَرَعْتَ مِنْهَا بِغَرْبٍ أَوْ دَالِيَةٍ فَلَكَ كَذَا فَالْمُزَارَعَةُ فَاسِدَةٌ وَكَانَ الشَّيْخُ الْإِمَامُ الْجَلِيلُ أَبُو بَكْرٍ مُحَمَّدُ بْنُ الْفَضْلِ رَحِمَهُ اللَّهُ تَعَالَى يَقُولُ: مَا ذُكِرَ مِنَ الْجَوَابِ فِي مَسْأَلَةِ الْكِرَابِ قَوْلُهُمَا وَمَا ذُكِرَ فِي هَذِهِ الْمَسَائِلِ فَهُوَ قَوْلُ أَبِي حَنِيفَةَ رَحِمَهُ اللَّهُ تَعَالَى وَلَوْ كَانَ يَرَى جَوَازَ الْمُزَارَعَةِ لِأَنَّ كَلِمَةَ مِنْ عِنْدَ أَبِي (41/423)
"لها نصيب أحد الشريكين في ممر ثبتت الشفعة، وإن لم يمكن المشتري تحصيل ممر كما هو ظاهر كلام أصل الروضة؛ لأن الممر ليس من حقوق الدار قبل البيع، وبهذا فارقت مسألة الكتاب، والشركة في صحن الخان دون بيوته، وفي مجرى الماء دون الأرض، وفي بئر المزرعة دون المزرعة كالشركة في الممر فيما مر. (9/207)
","لَهَا نَصِيبَ أَحَدِ الشَّرِيكَيْنِ فِي مَمَرٍّ ثَبَتَتِ الشُّفْعَةُ، وَإِنْ لَمْ يُمْكِنِ الْمُشْتَرِي تَحْصِيلَ مَمَرٍّ كَمَا هُوَ ظَاهِرُ كَلَامِ أَصْلِ الرَّوْضَةِ؛ لِأَنَّ الْمَمَرَّ لَيْسَ مِنْ حُقُوقِ الدَّارِ قَبْلَ الْبَيْعِ، وَبِهَذَا فَارَقَتْ مَسْأَلَةَ الْكِتَابِ، وَالشَّرِكَةُ فِي صَحْنِ الْخَانِ دُونَ بُيُوتِهِ، وَفِي مَجْرَى الْمَاءِ دُونَ الْأَرْضِ، وَفِي بِئْرِ الْمَزْرَعَةِ دُونَ الْمَزْرَعَةِ كَالشَّرِكَةِ فِي الْمَمَرِّ فِيمَا مَرَّ. (9/207)
",لَهَا نَصِيبُ أَحَدِ الشَّرِيكَيْنِ فِي مَمَرٍّ ثَبَتَتِ الشُّفْعَةُ، وَإِنْ لَمْ يُمْكِنِ الْمُشْتَرِي تَحْصِيلُ مَمَرٍّ كَمَا هُوَ ظَاهِرُ كَلَامِ أَصْلِ الرَّوْضَةِ؛ لِأَنَّ الْمَمَرَّ لَيْسَ مِنْ حُقُوقِ الدَّارِ قَبْلَ الْبَيْعِ، وَبِهَذَا فَارَقَتْ مَسْأَلَةُ الْكِتَابِ، وَالشَّرِكَةُ فِي صَحْنِ الْخَانِ دُونَ بُيُوتِهِ، وَفِي مَجْرَى الْمَاءِ دُونَ الْأَرْضِ، وَفِي بِئْرِ الْمَزْرَعَةِ دُونَ الْمَزْرَعَةِ كَالشَّرِكَةِ فِي الْمَمَرِّ فِيمَا مَرَّ. (9/207)
"ولأبي حنيفة أن الولاية نظرية والنظر يتحقق بالتفويض إلى من هو المختص بالقرابة الباعثة على الشفقة (ومن لا ولي لها) يعني العصبة من جهة القرابة (إذا زوجها مولاها الذي أعتقها) (جاز) لأنه آخر العصبات، وإذا عدم الأولياء فالولاية إلى الإمام والحاكم لقوله صلى الله عليه وسلم {السلطان ولي من لا ولي له}
الشرح
(4/434)
","وَلِأَبِي حَنِيفَةَ أَنَّ الْوِلَايَةَ نَظَرِيَّةٌ وَالنَّظَرُ يَتَحَقَّقُ بِالتَّفْوِيضِ إِلَى مَنْ هُوَ الْمُخْتَصُّ بِالْقَرَابَةِ الْبَاعِثَةِ عَلَى الشَّفَقَةِ (وَمَنْ لَا وَلِيَّ لَهَا) يَعْنِي الْعَصَبَةَ مِنْ جِهَةِ الْقَرَابَةِ (إِذَا زَوَّجَهَا مَوْلَاهَا الَّذِي أَعْتَقَهَا) (جَازَ) لِأَنَّهُ آخِرُ الْعَصَبَاتِ، وَإِذَا عُدِمَ الْأَوْلِيَاءُ فَالْوِلَايَةُ إِلَى الْإِمَامِ وَالْحَاكِمِ لِقَوْلِهِ صَلَّى اللَّهُ عَلَيْهِ وَسَلَّمَ {السُّلْطَانُ وَلِيُّ مَنْ لَا وَلِيَّ لَهُ}
الشَّرْحُ
(4/434)
","وَلِأَبِي حَنِيفَةَ أَنَّ الْوِلَايَةَ نَظَرِيَّةٌ وَالنَّظَرُ يَتَحَقَّقُ بِالتَّفْوِيضِ إِلَى مَنْ هُوَ الْمُخْتَصُّ بِالْقَرَابَةِ الْبَاعِثَةِ عَلَى الشَّفَقَةِ (وَمَنْ لَا وَلِيَّ لَهَا) يَعْنِي الْعَصَبَةَ مِنْ جِهَةِ الْقَرَابَةِ (إِذَا زَوَّجَهَا مَوْلَاهَا الَّذِي أَعْتَقَهَا) (جَازَ) لِأَنَّهُ آخِرُ الْعَصَبَاتِ، وَإِذَا عُدِمَ الْأَوْلِيَاءُ فَالْوِلَايَةُ إِلَى الْإِمَامِ وَالْحَاكِمِ لِقَوْلِهِ صَلَّى اللَّهُ عَلَيْهِ وَسَلَّمَ {السُّلْطَانُ وَلِيُّ مَنْ لَا وَلِيَّ لَهُ}
الشَّرْحُ
(4/434)"
"قال ابن القاسم: وسمعت الليث بن سعد يقوله وأخبرني بعض أهل المدينة عن نافع القارئ مثله.
قال: وقد قال ابن عباس والنخعي ليس في الحج إلا سجدة واحدة.
قال: وقال مالك: ","قَالَ ابْنُ الْقَاسِمِ: وَسَمِعْتُ اللَّيْثَ بْنَ سَعْدٍ يَقُولُهُ وَأَخْبَرَنِي بَعْضُ أَهْلِ الْمَدِينَةِ عَنْ نَافِعٍ الْقَارِئِ مِثْلَهُ.
قَالَ: وَقَدْ قَالَ ابْنُ عَبَّاسٍ وَالنَّخَعِيُّ لَيْسَ فِي الْحَجِّ إِلَّا سَجْدَةٌ وَاحِدَةٌ.
قَالَ: وَقَالَ مَالِكٌ: ","قَالَ ابْنُ الْقَاسِمِ: وَسَمِعْتُ اللَّيْثَ بْنَ سَعْدٍ يَقُولُهُ وَأَخْبَرَنِي بَعْضُ أَهْلِ الْمَدِينَةِ عَنْ نَافِعٍ الْقَارِئِ مِثْلَهُ.
قَالَ: وَقَدْ قَالَ ابْنُ عَبَّاسٍ وَالنَّخَعِيُّ لَيْسَ فِي الْحَجِّ إِلَّا سَجْدَةٌ وَاحِدَةٌ.
قَالَ: وَقَالَ مَالِكٌ:"
"وفائدتها دينية وأخروية؛ لأن في وقاية العرض منع المغتاب ودفع آفة الانتقام ورابعها الاستخدام إذ الإنسان لو تولى جميع مصالحه لضاعت أوقاته كشراء الطعام وطبخه وكنس البيت حتى نسخ الكتاب الذي يحتاج إليه فلا بد له من مال يدفع أمثال هذه الحوائج.
النوع الثالث الخير للعامة كبناء نحو المساجد، ","وَفَائِدَتُهَا دِينِيَّةٌ وَأُخْرَوِيَّةٌ؛ لِأَنَّ فِي وِقَايَةِ الْعِرْضِ مَنْعَ الْمُغْتَابِ وَدَفْعَ آفَةِ الِانْتِقَامِ وَرَابِعُهَا الِاسْتِخْدَامُ إِذِ الْإِنْسَانُ لَوْ تَوَلَّى جَمِيعَ مَصَالِحِهِ لَضَاعَتْ أَوْقَاتُهُ كَشِرَاءِ الطَّعَامِ وَطَبْخِهِ وَكَنْسِ الْبَيْتِ حَتَّى نَسْخِ الْكِتَابِ الَّذِي يَحْتَاجُ إِلَيْهِ فَلَا بُدَّ لَهُ مِنْ مَالٍ يَدْفَعُ أَمْثَالَ هَذِهِ الْحَوَائِجِ.
النَّوْعُ الثَّالِثُ الْخَيْرُ لِلْعَامَّةِ كَبِنَاءِ نَحْوِ الْمَسَاجِدِ، ","وَفَائِدَتُهَا دِينِيَّةٌ وَأُخْرَوِيَّةٌ؛ لِأَنَّ فِي وِقَايَةِ الْعِرْضِ مَنْعَ الْمُغْتَابِ وَدَفْعَ آفَةِ الِانْتِقَامِ وَرَابِعُهَا الِاسْتِخْدَامُ إِذِ الْإِنْسَانُ لَوْ تَوَلَّى جَمِيعَ مَصَالِحِهِ لَضَاعَتْ أَوْقَاتُهُ كَشِرَاءِ الطَّعَامِ وَطَبْخِهِ وَكَنْسِ الْبَيْتِ حَتَّى نُسِخَ الْكِتَابُ الَّذِي يَحْتَاجُ إِلَيْهِ فَلَا بُدَّ لَهُ مِنْ مَالٍ يَدْفَعُ أَمْثَالَ هَذِهِ الْحَوَائِجِ.
النَّوْعُ الثَّالِثُ الْخَيْرُ لِلْعَامَّةِ كَبِنَاءِ نَحْوِ الْمَسَاجِدِ،"
وإن اقتضت المصلحة العامة الصوم كما هو ظاهر فليتأمل (قوله: وبأمره بالثلاثة أو الأربعة يلزمهم الصوم) عللوه بالامتثال لأمره وقضيته أنه لو أمر من هو خارج عن ولايته لم يلزمه فلو أمر من في ولايته وشرع في الصوم ثم خرج من ولايته فهل يستمر الوجوب اعتبارا بالابتداء لا يبعد الاستمرار (قوله: ,وَإِنِ اقْتَضَتِ الْمَصْلَحَةُ الْعَامَّةُ الصَّوْمَ كَمَا هُوَ ظَاهِرٌ فَلْيُتَأَمَّلْ (قَوْلُهُ: وَبِأَمْرِهِ بِالثَّلَاثَةِ أَوِ الْأَرْبَعَةِ يَلْزَمُهُمُ الصَّوْمُ) عَلَّلُوهُ بِالِامْتِثَالِ لِأَمْرِهِ وَقَضِيَّتُهُ أَنَّهُ لَوْ أَمَرَ مَنْ هُوَ خَارِجٌ عَنْ وِلَايَتِهِ لَمْ يَلْزَمْهُ فَلَوْ أَمَرَ مَنْ فِي وِلَايَتِهِ وَشَرَعَ فِي الصَّوْمِ ثُمَّ خَرَجَ مِنْ وِلَايَتِهِ فَهَلْ يَسْتَمِرُّ الْوُجُوبُ اعْتِبَارًا بِالِابْتِدَاءِ لَا يَبْعُدُ الِاسْتِمْرَارُ (قَوْلُهُ: ,وَإِنِ اقْتَضَتِ الْمَصْلَحَةُ الْعَامَّةُ الصَّوْمَ كَمَا هُوَ ظَاهِرٌ فَلْيُتَأَمَّلْ (قَوْلُهُ: وَبِأَمْرِهِ بِالثَّلَاثَةِ أَوِ الْأَرْبَعَةِ يَلْزَمُهُمُ الصَّوْمُ) عَلَّلُوهُ بِالِامْتِثَالِ لِأَمْرِهِ وَقَضِيَّتُهُ أَنَّهُ لَوْ أَمَرَ مَنْ هُوَ خَارِجٌ عَنْ وِلَايَتِهِ لَمْ يَلْزَمْهُ فَلَوْ أَمَرَ مَنْ فِي وِلَايَتِهِ وَشَرَعَ فِي الصَّوْمِ ثُمَّ خَرَجَ مِنْ وِلَايَتِهِ فَهَلْ يَسْتَمِرُّ الْوُجُوبُ اعْتِبَارًا بِالِابْتِدَاءِ لَا يَبْعُدُ الِاسْتِمْرَارُ (قَوْلُهُ:
وفي الأشباه الوضوء الغير المنوي ليس بمأمور به لكنه مفتاح الصلاة فقد أساء وأخطأ وخالف السنة ولا يثاب لعدم إقامة المأمور به وأقول: المراد من العبادة ما هو مقصود بالذات وأما الوسائل كالوضوء فلا يشترط فيها النية لصحة العبادة في نفس الأمر وإن كان لأجل الثواب شرطا (لقوله صلى الله تعالى عليه وسلم {: ,وَفِي الْأَشْبَاهِ الْوُضُوءُ الْغَيْرُ الْمَنْوِيِّ لَيْسَ بِمَأْمُورٍ بِهِ لَكِنَّهُ مِفْتَاحُ الصَّلَاةِ فَقَدْ أَسَاءَ وَأَخْطَأَ وَخَالَفَ السُّنَّةَ وَلَا يُثَابُ لِعَدَمِ إِقَامَةِ الْمَأْمُورِ بِهِ وَأَقُولُ: الْمُرَادُ مِنَ الْعِبَادَةِ مَا هُوَ مَقْصُودٌ بِالذَّاتِ وَأَمَّا الْوَسَائِلُ كَالْوُضُوءِ فَلَا يُشْتَرَطُ فِيهَا النِّيَّةُ لِصِحَّةِ الْعِبَادَةِ فِي نَفْسِ الْأَمْرِ وَإِنْ كَانَ لِأَجْلِ الثَّوَابِ شَرْطًا (لِقَوْلِهِ صَلَّى اللَّهُ تَعَالَى عَلَيْهِ وَسَلَّمَ {: ,وَفِي الْأَشْبَاهِ الْوُضُوءُ الْغَيْرُ الْمَنْوِيِّ لَيْسَ بِمَأْمُورٍ بِهِ لَكِنَّهُ مِفْتَاحُ الصَّلَاةِ فَقَدْ أَسَاءَ وَأَخْطَأَ وَخَالَفَ السُّنَّةَ وَلَا يُثَابُ لِعَدَمِ إِقَامَةِ الْمَأْمُورِ بِهِ وَأَقُولُ: الْمُرَادُ مِنَ الْعِبَادَةِ مَا هُوَ مَقْصُودٌ بِالذَّاتِ وَأَمَّا الْوَسَائِلُ كَالْوُضُوءِ فَلَا يُشْتَرَطُ فِيهَا النِّيَّةُ لِصِحَّةِ الْعِبَادَةِ فِي نَفْسِ الْأَمْرِ وَإِنْ كَانَ لِأَجْلِ الثَّوَابِ شَرْطًا (لِقَوْلِهِ صَلَّى اللَّهُ تَعَالَى عَلَيْهِ وَسَلَّمَ {:
"لأنها حينئذ تتميز ويمكن الإشهاد عليها ويكون كالعبد والثوب وما يتميز عينه، وهذا على قول المدنيين في حيازة الدنانير والدراهم ظاهر، وأما على قول المصريين فيحتمل أن يقول مثل ذلك في كل مكيل، أو موزون، أو معدود ويحتمل أن يفرق بينهما بأن الدنانير لا تتعين بالعقد وهذا متفق على أنها تتعين بالعقد والله أعلم وأحكم.
(","لِأَنَّهَا حِينَئِذٍ تَتَمَيَّزُ وَيُمْكِنُ الْإِشْهَادُ عَلَيْهَا وَيَكُونُ كَالْعَبْدِ وَالثَّوْبِ وَمَا يَتَمَيَّزُ عَيْنُهُ، وَهَذَا عَلَى قَوْلِ الْمَدَنِيِّينَ فِي حِيَازَةِ الدَّنَانِيرِ وَالدَّرَاهِمِ ظَاهِرٌ، وَأَمَّا عَلَى قَوْلِ الْمِصْرِيِّينَ فَيُحْتَمَلُ أَنْ يَقُولَ مِثْلَ ذَلِكَ فِي كُلِّ مَكِيلٍ، أَوْ مَوْزُونٍ، أَوْ مَعْدُودٍ وَيُحْتَمَلُ أَنْ يُفَرَّقَ بَيْنَهُمَا بِأَنَّ الدَّنَانِيرَ لَا تَتَعَيَّنُ بِالْعَقْدِ وَهَذَا مُتَّفَقٌ عَلَى أَنَّهَا تَتَعَيَّنُ بِالْعَقْدِ وَاللَّهُ أَعْلَمُ وَأَحْكَمُ.
(","لِأَنَّهَا حِينَئِذٍ تَتَمَيَّزُ وَيُمْكِنُ الْإِشْهَادُ عَلَيْهَا وَيَكُونُ كَالْعَبْدِ وَالثَّوْبِ وَمَا يَتَمَيَّزُ عَيْنُهُ، وَهَذَا عَلَى قَوْلِ الْمَدَنِيِّينَ فِي حِيَازَةِ الدَّنَانِيرِ وَالدَّرَاهِمِ ظَاهِرٌ، وَأَمَّا عَلَى قَوْلِ الْمِصْرِيِّينَ فَيُحْتَمَلُ أَنْ يَقُولَ مِثْلُ ذَلِكَ فِي كُلِّ مَكِيلٍ، أَوْ مَوْزُونٍ، أَوْ مَعْدُودٍ وَيُحْتَمَلُ أَنْ يُفَرَّقَ بَيْنَهُمَا بِأَنَّ الدَّنَانِيرَ لَا تَتَعَيَّنُ بِالْعَقْدِ وَهَذَا مُتَّفَقٌ عَلَى أَنَّهَا تَتَعَيَّنُ بِالْعَقْدِ وَاللَّهُ أَعْلَمُ وَأَحْكَمُ.
("
"فى دية المجوسي ثمانمائة درهم. وقد روي ذلك عن ابن لهيعة بإسناد آخر له مرفوعا. (8/101)
16780- أخبرنا أبو سعد: ","فِى دِيَةِ الْمَجُوسِيِّ ثَمَانُمِائَةِ دِرْهَمٍ. وَقَدْ رُوِيَ ذَلِكَ عَنِ ابْنِ لَهِيعَةَ بِإِسْنَادٍ آخَرَ لَهُ مَرْفُوعًا. (8/101)
16780- أَخْبَرَنَا أَبُو سَعْدٍ: ","فِى دِيَةِ الْمَجُوسِيِّ ثَمَانُمِائَةِ دِرْهَمٍ. وَقَدْ رُوِيَ ذَلِكَ عَنِ ابْنِ لَهِيعَةَ بِإِسْنَادٍ آخَرَ لَهُ مَرْفُوعًا. (8/101)
16780- أَخْبَرَنَا أَبُو سَعْدٍ:"
أي أن في إقراره لأم ولده العاق قولين وكأنه مستثنى من قوله إنه يصح إقراره للزوجة التي جهل بغضه لها إذا كان له ابن أو بنون كما قال إلا أن يكون الولد عاقا ففي صحة إقراره للزوجة قولان صرح بهما ابن رشد كما في التوضيح إلا أن المؤلف قيد ذلك بقوله لأمه وابن رشد فرضه في الزوجة كانت أمه أم لا فلو قال لزوجة معه لكان أحسن لأنه يفيد أن الخلاف لا يختص بالإقرار لأم العاق بل يكون فيها وفي زوجة غيرها فمن نظر لعقوقه منع إذ هو بمنزلة العدم، ,أَيْ أَنَّ فِي إِقْرَارِهِ لِأُمِّ وَلَدِهِ الْعَاقِّ قَوْلَيْنِ وَكَأَنَّهُ مُسْتَثْنًى مِنْ قَوْلِهِ إِنَّهُ يَصِحُّ إِقْرَارُهُ لِلزَّوْجَةِ الَّتِي جُهِلَ بُغْضُهُ لَهَا إِذَا كَانَ لَهُ ابْنٌ أَوْ بَنُونَ كَمَا قَالَ إِلَّا أَنْ يَكُونَ الْوَلَدُ عَاقًّا فَفِي صِحَّةِ إِقْرَارِهِ لِلزَّوْجَةِ قَوْلَانِ صَرَّحَ بِهِمَا ابْنُ رُشْدٍ كَمَا فِي التَّوْضِيحِ إِلَّا أَنَّ الْمُؤَلِّفَ قَيَّدَ ذَلِكَ بِقَوْلِهِ لِأُمِهْ وَابْنُ رُشْدٍ فَرَضَهُ فِي الزَّوْجَةِ كَانَتْ أُمَّهُ أَمْ لَا فَلَوْ قَالَ لِزَوْجَةٍ مَعَهُ لَكَانَ أَحْسَنَ لِأَنَّهُ يُفِيدُ أَنَّ الْخِلَافَ لَا يَخْتَصُّ بِالْإِقْرَارِ لِأُمِّ الْعَاقِّ بَلْ يَكُونُ فِيهَا وَفِي زَوْجَةِ غَيْرِهَا فَمَنْ نَظَرَ لِعُقُوقِهِ مَنَعَ إِذْ هُوَ بِمَنْزِلَةِ الْعَدَمِ، ,أَيْ أَنَّ فِي إِقْرَارِهِ لِأُمِّ وَلَدِهِ الْعَاقِّ قَوْلَيْنِ وَكَأَنَّهُ مُسْتَثْنًى مِنْ قَوْلِهِ إِنَّهُ يَصِحُّ إِقْرَارُهُ لِلزَّوْجَةِ الَّتِي جُهِلَ بُغْضُهُ لَهَا إِذَا كَانَ لَهُ ابْنٌ أَوْ بَنُونَ كَمَا قَالَ إِلَّا أَنْ يَكُونَ الْوَلَدُ عَاقًّا فَفِي صِحَّةِ إِقْرَارِهِ لِلزَّوْجَةِ قَوْلَانِ صَرَّحَ بِهِمَا ابْنُ رُشْدٍ كَمَا فِي التَّوْضِيحِ إِلَّا أَنَّ الْمُؤَلِّفَ قَيَّدَ ذَلِكَ بِقَوْلِهِ لِأُمِّهِ وَابْنُ رُشْدٍ فَرَضَهُ فِي الزَّوْجَةِ كَانَتْ أُمَّهُ أُمٌّ لَا فَلَوْ قَالَ لِزَوْجَةٍ مَعَهُ لَكَانَ أَحْسَنَ لِأَنَّهُ يُفِيدُ أَنَّ الْخِلَافَ لَا يَخْتَصُّ بِالْإِقْرَارِ لِأُمِّ الْعَاقِّ بَلْ يَكُونُ فِيهَا وَفِي زَوْجَةٍ غَيْرِهَا فَمَنْ نَظَرَ لِعُقُوقِهِ مُنِعَ إِذْ هُوَ بِمَنْزِلَةِ الْعَدَمِ،
في عرفنا لا يحنث بالصعود إلى السطح كذا في الهداية قوله (فإن وقف على طاق الباب بحيث إذا غلق الباب كان خارجا لم يحنث) ,فِي عُرْفِنَا لَا يَحْنَثُ بِالصُّعُودِ إِلَى السَّطْحِ كَذَا فِي الْهِدَايَةِ قَوْلُهُ (فَإِنْ وَقَفَ عَلَى طَاقِ الْبَابِ بِحَيْثُ إِذَا غُلِقَ الْبَابُ كَانَ خَارِجًا لَمْ يَحْنَثْ) ,فِي عُرْفِنَا لَا يَحْنَثُ بِالصُّعُودِ إِلَى السَّطْحِ كَذَا فِي الْهِدَايَةِ قَوْلُهُ (فَإِنْ وَقَفَ عَلَى طَاقِ الْبَابِ بِحَيْثُ إِذَا غُلِّقَ الْبَابُ كَانَ خَارِجًا لَمْ يَحْنَثْ)
"وذكر في غيره عدم الكراهة، ووفق في الحلية بحمل الأول على المواظبة والثاني على الفعل أحيانا، وسيأتي تمامه إن شاء الله تعالى (قوله على سبيل التداعي) بأن يقتدي أربعة فأكثر بواحد (قوله وسنحققه) أي قبيل إدراك الفريضة.
[","وَذَكَرَ فِي غَيْرِهِ عَدَمَ الْكَرَاهَةِ، وَوَفَّقَ فِي الْحِلْيَةِ بِحَمْلِ الْأَوَّلِ عَلَى الْمُوَاظَبَةِ وَالثَّانِي عَلَى الْفِعْلِ أَحْيَانًا، وَسَيَأْتِي تَمَامُهُ إِنْ شَاءَ اللَّهُ تَعَالَى (قَوْلُهُ عَلَى سَبِيلِ التَّدَاعِي) بِأَنْ يَقْتَدِيَ أَرْبَعَةٌ فَأَكْثَرُ بِوَاحِدٍ (قَوْلُهُ وَسَنُحَقِّقُهُ) أَيْ قَبِيلَ إِدْرَاكِ الْفَرِيضَةِ.
[","وَذَكَرَ فِي غَيْرِهِ عَدَمَ الْكَرَاهَةِ، وَوَفَّقَ فِي الْحِلْيَةِ بِحَمْلِ الْأَوَّلِ عَلَى الْمُوَاظَبَةِ وَالثَّانِي عَلَى الْفِعْلِ أَحْيَانًا، وَسَيَأْتِي تَمَامُهُ إِنْ شَاءَ اللَّهُ تَعَالَى (قَوْلُهُ عَلَى سَبِيلِ التَّدَاعِي) بِأَنْ يَقْتَدِيَ أَرْبَعَةٌ فَأَكْثَرُ بِوَاحِدٍ (قَوْلُهُ وَسَنُحَقِّقُهُ) أَيْ قُبَيْلَ إِدْرَاكِ الْفَرِيضَةِ.
["
"وأما الثاني: فمثل أن يمتنع أرباب السلع من بيعها, مع ضرورة الناس إليها إلا بزيادة على القيمة المعروفة, فهنا يجب عليهم بيعها بقيمة المثل, ولا معنى للتسعير إلا إلزامهم بقيمة المثل, فالتسعير هاهنا إلزام بالعدل الذي ألزمهم الله به. 101 - (فصل) ومن أقبح الظلم: إيجار الحانوت على الطريق, أو في القرية, ","وَأَمَّا الثَّانِي: فَمِثْلُ أَنْ يَمْتَنِعَ أَرْبَابُ السِّلَعِ مِنْ بَيْعِهَا, مَعَ ضَرُورَةِ النَّاسِ إِلَيْهَا إِلَّا بِزِيَادَةٍ عَلَى الْقِيمَةِ الْمَعْرُوفَةِ, فَهُنَا يَجِبُ عَلَيْهِمْ بَيْعُهَا بِقِيمَةِ الْمِثْلِ, وَلَا مَعْنَى لِلتَّسْعِيرِ إِلَّا إِلْزَامُهُمْ بِقِيمَةِ الْمِثْلِ, فَالتَّسْعِيرُ هَاهُنَا إِلْزَامٌ بِالْعَدْلِ الَّذِي أَلْزَمَهُمُ اللَّهُ بِهِ. 101 - (فَصْلٌ) وَمِنْ أَقْبَحِ الظُّلْمِ: إِيجَارُ الْحَانُوتِ عَلَى الطَّرِيقِ, أَوْ فِي الْقَرْيَةِ, ","وَأَمَّا الثَّانِي: فَمِثْلُ أَنْ يَمْتَنِعَ أَرْبَابُ السِّلَعِ مِنْ بَيْعِهَا, مَعَ ضَرُورَةِ النَّاسِ إِلَيْهَا إِلَّا بِزِيَادَةٍ عَلَى الْقِيمَةِ الْمَعْرُوفَةِ, فَهُنَا يَجِبُ عَلَيْهِمْ بَيْعُهَا بِقِيمَةِ الْمِثْلِ, وَلَا مَعْنَى لِلتَّسْعِيرِ إِلَّا إِلْزَامُهُمْ بِقِيمَةِ الْمِثْلِ, فَالتَّسْعِيرُ هَاهُنَا إِلْزَامٌ بِالْعَدْلِ الَّذِي أَلْزَمَهُمُ اللَّهُ بِهِ. 101 - (فَصْلٌ) وَمِنْ أَقْبَحِ الظُّلْمِ: إِيجَارُ الْحَانُوتِ عَلَى الطَّرِيقِ, أَوْ فِي الْقَرْيَةِ,"
قال المحلي بأن جرح المقطوع بعد القطع فمات منها قال شيخنا الرملي أفهم عدم القصاص في المعية والسبق وليس مرادا فيما يظهر انتهى (قول المتن وشريك النفس) قال في الروض ومن أي ويقتص من شريك السبع أو الحية القاتلين غالبا وشريك قاتل نفسه انتهى (قوله وجارح دافع الصائل) ,قَالَ الْمَحَلِّيُّ بِأَنْ جَرَحَ الْمَقْطُوعَ بَعْدَ الْقَطْعِ فَمَاتَ مِنْهَا قَالَ شَيْخُنَا الرَّمْلِيُّ أَفْهَمَ عَدَمَ الْقِصَاصِ فِي الْمَعِيَّةِ وَالسَّبْقِ وَلَيْسَ مُرَادًا فِيمَا يَظْهَرُ انْتَهَى (قَوْلُ الْمَتْنِ وَشَرِيكُ النَّفْسِ) قَالَ فِي الرَّوْضِ وَمِنْ أَيْ وَيُقْتَصُّ مِنْ شَرِيكِ السَّبُعِ أَوِ الْحَيَّةِ الْقَاتِلَيْنِ غَالِبًا وَشَرِيكِ قَاتِلِ نَفْسِهِ انْتَهَى (قَوْلُهُ وَجَارِحٌ دَافَعَ الصَّائِلَ) ,قَالَ الْمَحَلِّيُّ بِأَنْ جُرِحَ الْمَقْطُوعُ بَعْدَ الْقَطْعِ فَمَاتَ مِنْهَا قَالَ شَيْخُنَا الرَّمْلِيُّ أَفْهَمَ عَدَمَ الْقِصَاصِ فِي الْمَعِيَّةِ وَالسَّبْقِ وَلَيْسَ مُرَادًا فِيمَا يَظْهَرُ انْتَهَى (قَوْلُ الْمَتْنِ وَشَرِيكُ النَّفْسِ) قَالَ فِي الرَّوْضِ وَمِنْ أَيْ وَيُقْتَصُّ مِنْ شَرِيكِ السَّبُعِ أَوِ الْحَيَّةِ الْقَاتِلَيْنِ غَالِبًا وَشَرِيكِ قَاتِلِ نَفْسِهِ انْتَهَى (قَوْلُهُ وَجَارِحُ دَافِعِ الصَّائِلِ)
ولو أمسكه) شخص (فقتله آخر أو حفر بئرا) ولو عدوانا (فرداه فيها آخر) والتردية تقتل غالبا (أو ألقاه من شاهق) أي مكان عال (فتلقاه آخر فقده) أي قطعه نصفين مثلا قبل وصوله الأرض، والقد لغة: هو القطع طولا، والقط عرضا كقط القلم، وليس مرادا هنا (فالقصاص على القاتل) في الأولى لحديث {,وَلَوْ أَمْسَكَهُ) شَخْصٌ (فَقَتَلَهُ آخَرُ أَوْ حَفَرَ بِئْرًا) وَلَوْ عُدْوَانًا (فَرَدَاهُ فِيهَا آخَرُ) وَالتَّرْدِيَةُ تَقْتُلُ غَالِبًا (أَوْ أَلْقَاهُ مِنْ شَاهِقٍ) أَيْ مَكَانٍ عَالٍ (فَتَلَقَّاهُ آخَرُ فَقَدَّهُ) أَيْ قَطَعَهُ نِصْفَيْنِ مَثَلًا قَبْلَ وُصُولِهِ الْأَرْضَ، وَالْقَدُّ لُغَةً: هُوَ الْقَطْعُ طُولًا، وَالْقَطُّ عَرْضًا كَقَطِّ الْقَلَمِ، وَلَيْسَ مُرَادًا هُنَا (فَالْقِصَاصُ عَلَى الْقَاتِلِ) فِي الْأُولَى لِحَدِيثِ {,وَلَوْ أَمْسَكَهُ) شَخْصٌ (فَقَتَلَهُ آخَرُ أَوْ حَفَرَ بِئْرًا) وَلَوْ عُدْوَانًا (فَرَدَّاهُ فِيهَا آخَرُ) وَالتَّرْدِيَةُ تَقْتُلُ غَالِبًا (أَوْ أَلْقَاهُ مِنْ شَاهِقٍ) أَيْ مَكَانٍ عَالٍ (فَتَلَقَّاهُ آخَرُ فَقَدَّهُ) أَيْ قَطَعَهُ نِصْفَيْنِ مَثَلًا قَبْلَ وُصُولِهِ الْأَرْضَ، وَالْقَدُّ لُغَةً: هُوَ الْقَطْعُ طُولًا، وَالْقَطُّ عَرْضًا كَقَطِّ الْقَلَمِ، وَلَيْسَ مُرَادًا هُنَا (فَالْقِصَاصُ عَلَى الْقَاتِلِ) فِي الْأُولَى لِحَدِيثِ {
"فإن فسخ طالبه البائع ببدل ما أتلفه وإن أجاز فقابض أو دابة البائع فكإتلافه، وإنما لم يفرق فيها بين الليل والنهار كدابة المشتري؛ لأن إتلافها إن لم يكن بتفريط من البائع فآفة، وإن كان بتفريط منه فقد مر أن إتلافه كالآفة بخلاف إتلاف دابة المشتري، فنزل إتلافها بالنهار منزلة إتلاف البائع لتفريطه بخلافه ليلا.
فإن قيل: ","فَإِنْ فُسِخَ طَالَبَهُ الْبَائِعُ بِبَدَلِ مَا أَتْلَفَهُ وَإِنْ أَجَازَ فَقَابِضٌ أَوْ دَابَّةُ الْبَائِعِ فَكَإِتْلَافِهِ، وَإِنَّمَا لَمْ يُفَرِّقْ فِيهَا بَيْنَ اللَّيْلِ وَالنَّهَارِ كَدَابَّةِ الْمُشْتَرِي؛ لِأَنَّ إِتْلَافَهَا إِنْ لَمْ يَكُنْ بِتَفْرِيطٍ مِنَ الْبَائِعِ فَآفَةٌ، وَإِنْ كَانَ بِتَفْرِيطٍ مِنْهُ فَقَدْ مَرَّ أَنَّ إِتْلَافَهُ كَالْآفَةِ بِخِلَافِ إِتْلَافِ دَابَّةِ الْمُشْتَرِي، فَنَزَلَ إِتْلَافُهَا بِالنَّهَارِ مَنْزِلَةَ إِتْلَافِ الْبَائِعِ لِتَفْرِيطِهِ بِخِلَافِهِ لَيْلًا.
فَإِنْ قِيلَ: ","فَإِنْ فَسَخَ طَالَبَهُ الْبَائِعُ بِبَدَلِ مَا أَتْلَفَهُ وَإِنْ أَجَازَ فَقَابِضٌ أَوْ دَابَّةُ الْبَائِعِ فَكَإِتْلَافِهِ، وَإِنَّمَا لَمْ يُفَرِّقْ فِيهَا بَيْنَ اللَّيْلِ وَالنَّهَارِ كَدَابَّةِ الْمُشْتَرِي؛ لِأَنَّ إِتْلَافَهَا إِنْ لَمْ يَكُنْ بِتَفْرِيطٍ مِنَ الْبَائِعِ فَآفَةٌ، وَإِنْ كَانَ بِتَفْرِيطٍ مِنْهُ فَقَدْ مَرَّ أَنَّ إِتْلَافَهُ كَالْآفَةِ بِخِلَافِ إِتْلَافِ دَابَّةِ الْمُشْتَرِي، فَنَزَّلَ إِتْلَافَهَا بِالنَّهَارِ مَنْزِلَةَ إِتْلَافِ الْبَائِعِ لِتَفْرِيطِهِ بِخِلَافِهِ لَيْلًا.
فَإِنْ قِيلَ:"
"وفي شرح المهذب عنهم بزمن يسعها أو أكثر وهو مبين أن المراد بالأداء في الروضة الأداء الحقيقي، بأن يؤتى بجميع الصلاة قبل خروج وقتها ا ه ورد في شرح الروض هذا الحمل بأنه ينافيه.
قوله أنها صارت قضاء أي؛ لأنه إذا أريد الأداء الحقيقي لم يلزم من تركه النية في زمن يسع الأداء الحقيقي أن تكون قضاء؛ ","وَفِي شَرْحِ الْمُهَذَّبِ عَنْهُمْ بِزَمَنٍ يَسَعُهَا أَوْ أَكْثَرَ وَهُوَ مُبَيِّنٌ أَنَّ الْمُرَادَ بِالْأَدَاءِ فِي الرَّوْضَةِ الْأَدَاءُ الْحَقِيقِيُّ، بِأَنْ يُؤْتَى بِجَمِيعِ الصَّلَاةِ قَبْلَ خُرُوجِ وَقْتِهَا ا ه وَرُدَّ فِي شَرْحِ الرَّوْضِ هَذَا الْحَمْلُ بِأَنَّهُ يُنَافِيهِ.
قَوْلُهُ أَنَّهَا صَارَتْ قَضَاءً أَيْ؛ لِأَنَّهُ إِذَا أُرِيدَ الْأَدَاءُ الْحَقِيقِيُّ لَمْ يَلْزَمْ مِنْ تَرْكِهِ النِّيَّةُ فِي زَمَنٍ يَسَعُ الْأَدَاءَ الْحَقِيقِيَّ أَنْ تَكُونَ قَضَاءً؛ ","وَفِي شَرْحِ الْمُهَذَّبِ عَنْهُمْ بِزَمَنٍ يَسَعُهَا أَوْ أَكْثَرَ وَهُوَ مُبَيِّنٌ أَنَّ الْمُرَادَ بِالْأَدَاءِ فِي الرَّوْضَةِ الْأَدَاءُ الْحَقِيقِيُّ، بِأَنْ يُؤْتَى بِجَمِيعِ الصَّلَاةِ قَبْلَ خُرُوجِ وَقْتِهَا ا ه وَرَدَ فِي شَرْحِ الرَّوْضِ هَذَا الْحَمْلُ بِأَنَّهُ يُنَافِيهِ.
قَوْلُهُ أَنَّهَا صَارَتْ قَضَاءً أَيْ؛ لِأَنَّهُ إِذَا أُرِيدَ الْأَدَاءُ الْحَقِيقِيُّ لَمْ يَلْزَمْ مِنْ تَرْكِهِ النِّيَّةُ فِي زَمَنٍ يَسَعُ الْأَدَاءَ الْحَقِيقِيَّ أَنْ تَكُونَ قَضَاءً؛"
"إن ذلك في الإسلام لأنه لا يتنفل به فلا يقع إلا فرضا.
لأنا نقول: المراد إثبات إنه من أهل أداء الفرض، وقد ثبت بذلك فيقال مثله في صلاة الجنازة لأنه لا يتنفل بها أيضا، والاكتفاء بأذانه وخطبته وتسميته ورده السلام دليل على الاكتفاء بصلاته على الجنازة، ","إِنَّ ذَلِكَ فِي الْإِسْلَامِ لِأَنَّهُ لَا يَتَنَفَّلُ بِهِ فَلَا يَقَعُ إِلَّا فَرْضًا.
لِأَنَّا نَقُولُ: الْمُرَادُ إِثْبَاتُ إِنَّهُ مِنْ أَهْلِ أَدَاءِ الْفَرْضِ، وَقَدْ ثَبَتَ بِذَلِكَ فَيُقَالُ مِثْلُهُ فِي صَلَاةِ الْجِنَازَةِ لِأَنَّهُ لَا يَتَنَفَّلُ بِهَا أَيْضًا، وَالِاكْتِفَاءُ بِأَذَانِهِ وَخُطْبَتِهِ وَتَسْمِيَتِهِ وَرَدِّهِ السَّلَامَ دَلِيلٌ عَلَى الِاكْتِفَاءِ بِصَلَاتِهِ عَلَى الْجِنَازَةِ، ","إِنَّ ذَلِكَ فِي الْإِسْلَامِ لِأَنَّهُ لَا يَتَنَفَّلُ بِهِ فَلَا يَقَعُ إِلَّا فَرْضًا.
لِأَنَّا نَقُولُ: الْمُرَادُ إِثْبَاتُ إِنَّهُ مِنْ أَهْلِ أَدَاءِ الْفَرْضِ، وَقَدْ ثَبَتَ بِذَلِكَ فَيُقَالُ مِثْلُهُ فِي صَلَاةِ الْجِنَازَةِ لِأَنَّهُ لَا يَتَنَفَّلُ بِهَا أَيْضًا، وَالِاكْتِفَاءُ بِأَذَانِهِ وَخُطْبَتِهِ وَتَسْمِيَتِهِ وَرَدِّهِ السَّلَامَ دَلِيلٌ عَلَى الِاكْتِفَاءِ بِصَلَاتِهِ عَلَى الْجِنَازَةِ،"
"وفي ثبوت نسبه من المدعي بالإقرار ما مر) أي: في استلحاق عبد غيره قال في شرح الروض وقضيته أنه لا يثبت في حق الصغير والمجنون محافظة على الولاء للسيد ويثبت في حق البالغ العاقل إذا صدق ا ه (44/156) .
(قوله: يعني ما فيها من المالية إلخ) ","وَفِي ثُبُوتِ نَسَبِهِ مِنَ الْمُدَّعِي بِالْإِقْرَارِ مَا مَرَّ) أَيْ: فِي اسْتِلْحَاقِ عَبْدِ غَيْرِهِ قَالَ فِي شَرْحِ الرَّوْضِ وَقَضِيَّتُهُ أَنَّهُ لَا يَثْبُتُ فِي حَقِّ الصَّغِيرِ وَالْمَجْنُونِ مُحَافَظَةً عَلَى الْوَلَاءِ لِلسَّيِّدِ وَيَثْبُتُ فِي حَقِّ الْبَالِغِ الْعَاقِلِ إِذَا صُدِّقَ ا ه (44/156) .
(قَوْلُهُ: يَعْنِي مَا فِيهَا مِنَ الْمَالِيَّةِ إِلَخْ) ","وَفِي ثُبُوتِ نَسَبِهِ مِنَ الْمُدَّعِي بِالْإِقْرَارِ مَا مَرَّ) أَيْ: فِي اسْتِلْحَاقِ عَبْدِ غَيْرِهِ قَالَ فِي شَرْحِ الرَّوْضِ وَقَضِيَّتُهُ أَنَّهُ لَا يَثْبُتُ فِي حَقِّ الصَّغِيرِ وَالْمَجْنُونِ مُحَافَظَةً عَلَى الْوَلَاءِ لِلسَّيِّدِ وَيَثْبُتُ فِي حَقِّ الْبَالِغِ الْعَاقِلِ إِذَا صَدَقَ ا ه (44/156) .
(قَوْلُهُ: يَعْنِي مَا فِيهَا مِنَ الْمَالِيَّةِ إِلَخْ)"
"وهذا كله على ظاهر الرواية (وكذا إذا صالح على إنكار ورهن بما صالح عليه رهنا ثم تصادقا أن لا دين فالرهن مضمون) وعن أبي يوسف خلافه، وكذا قياسه فيما تقدم من جنسه.
الشرح
(14/499)
وقوله (فالرهن مضمون) يعني بالأقل ومن قيمته من قيمة الرهن (لأنه رهنه بدين واجب ظاهرا) ","وَهَذَا كُلُّهُ عَلَى ظَاهِرِ الرِّوَايَةِ (وَكَذَا إِذَا صَالَحَ عَلَى إِنْكَارٍ وَرَهَنَ بِمَا صَالَحَ عَلَيْهِ رَهْنًا ثُمَّ تَصَادَقَا أَنْ لَا دَيْنَ فَالرَّهْنُ مَضْمُونٌ) وَعَنْ أَبِي يُوسُفَ خِلَافُهُ، وَكَذَا قِيَاسُهُ فِيمَا تَقَدَّمَ مِنْ جِنْسِهِ.
الشَّرْحُ
(14/499)
وَقَوْلُهُ (فَالرَّهْنُ مَضْمُونٌ) يَعْنِي بِالْأَقَلِّ وَمِنْ قِيمَتِهِ مِنْ قِيمَةِ الرَّهْنِ (لِأَنَّهُ رَهَنَهُ بِدَيْنٍ وَاجِبٍ ظَاهِرًا) ","وَهَذَا كُلُّهُ عَلَى ظَاهِرِ الرِّوَايَةِ (وَكَذَا إِذَا صَالَحَ عَلَى إِنْكَارٍ وَرَهَنَ بِمَا صَالَحَ عَلَيْهِ رَهْنًا ثُمَّ تَصَادَقَا أَنْ لَا دَيْنَ فَالرَّهْنُ مَضْمُونٌ) وَعَنْ أَبِي يُوسُفَ خِلَافُهُ، وَكَذَا قِيَاسُهُ فِيمَا تَقَدَّمَ مِنْ جِنْسِهِ.
الشَّرْحُ
(14/499)
وَقَوْلُهُ (فَالرَّهْنُ مَضْمُونٌ) يَعْنِي بِالْأَقَلِّ وَمِنْ قِيمَتِهِ مِنْ قِيمَةِ الرَّهْنِ (لِأَنَّهُ رَهَنَهُ بِدَيْنٍ وَاجِبٍ ظَاهِرًا)"
إنما مثل الجليس الصالح وجليس السوء كحامل المسك ونافخ الكير فحامل المسك إما أن يحذيك، وإما أن تبتاع منه، وإما أن تجد منه ريحا طيبة ونافخ الكير إما أن يحرق ثيابك، وإما أن تجد ريحا منتنة} ,إِنَّمَا مَثَلُ الْجَلِيسِ الصَّالِحِ وَجَلِيسِ السُّوءِ كَحَامِلِ الْمِسْكِ وَنَافِخِ الْكِيرِ فَحَامِلُ الْمِسْكِ إِمَّا أَنْ يُحْذِيَكَ، وَإِمَّا أَنْ تَبْتَاعَ مِنْهُ، وَإِمَّا أَنْ تَجِدَ مِنْهُ رِيحًا طَيِّبَةً وَنَافِخُ الْكِيرِ إِمَّا أَنْ يُحْرِقَ ثِيَابَك، وَإِمَّا أَنْ تَجِدَ رِيحًا مُنْتِنَةً} ,إِنَّمَا مَثَلُ الْجَلِيسِ الصَّالِحِ وَجَلِيسِ السُّوءِ كَحَامِلِ الْمِسْكِ وَنَافِخِ الْكِيرِ فَحَامِلُ الْمِسْكِ إِمَّا أَنْ يُحْذِيَكَ، وَإِمَّا أَنْ تَبْتَاعَ مِنْهُ، وَإِمَّا أَنْ تَجِدَ مِنْهُ رِيحًا طَيِّبَةً وَنَافِخُ الْكِيرِ إِمَّا أَنْ يُحْرِقَ ثِيَابَكَ، وَإِمَّا أَنْ تَجِدَ رِيحًا مُنْتِنَةً}
"ابن رشد قوله في هذه الرواية أنه يقضي له بالشاهد الذي أتى به مع الشاهد الأول بعد أن كان قد عجزه وقضى بقسمة الميراث فقسم وفوت خلاف ما في سماع أصبغ (17/420)
من كتاب النكاح، ومثل ما في المدونة، إذ لم يفرق فيها بين تعجيز الطالب والمطلوب، ","ابْنُ رُشْدٍ قَوْلُهُ فِي هَذِهِ الرِّوَايَةِ أَنَّهُ يَقْضِي لَهُ بِالشَّاهِدِ الَّذِي أَتَى بِهِ مَعَ الشَّاهِدِ الْأَوَّلِ بَعْدَ أَنْ كَانَ قَدْ عَجَّزَهُ وَقَضَى بِقِسْمَةِ الْمِيرَاثِ فَقَسَمَ وَفَوَّتَ خِلَافُ مَا فِي سَمَاعِ أَصْبَغَ (17/420)
مِنْ كِتَابِ النِّكَاحِ، وَمِثْلُ مَا فِي الْمُدَوَّنَةِ، إِذْ لَمْ يُفَرِّقْ فِيهَا بَيْنَ تَعْجِيزِ الطَّالِبِ وَالْمَطْلُوبِ، ","ابْنُ رُشْدٍ قَوْلُهُ فِي هَذِهِ الرِّوَايَةِ أَنَّهُ يَقْضِي لَهُ بِالشَّاهِدِ الَّذِي أَتَى بِهِ مَعَ الشَّاهِدِ الْأَوَّلِ بَعْدَ أَنْ كَانَ قَدْ عَجَّزَهُ وَقَضَى بِقِسْمَةِ الْمِيرَاثِ فَقَسَمَ وَفَوَّتَ خِلَافَ مَا فِي سَمَاعِ أَصْبَغَ (17/420)
مِنْ كِتَابِ النِّكَاحِ، وَمِثْلُ مَا فِي الْمُدَوَّنَةِ، إِذْ لَمْ يُفَرِّقْ فِيهَا بَيْنَ تَعْجِيزِ الطَّالِبِ وَالْمَطْلُوبِ،"
"أي الإحصان قبل ثبوت الزنا (بشهادة النساء مع الرجال) أي بشهادة رجل وامرأتين خلافا للأئمة الثلاثة وزفر ولو (5/436)
","أَيِ الْإِحْصَانِ قَبْلَ ثُبُوتِ الزِّنَا (بِشَهَادَةِ النِّسَاءِ مَعَ الرِّجَالِ) أَيْ بِشَهَادَةِ رَجُلٍ وَامْرَأَتَيْنِ خِلَافًا لِلْأَئِمَّةِ الثَّلَاثَةِ وَزُفَرَ وَلَوْ (5/436)
",أَيِ الْإِحْصَانِ قَبْلَ ثُبُوتِ الزِّنَا (بِشَهَادَةِ النِّسَاءِ مَعَ الرِّجَالِ) أَيْ بِشَهَادَةِ رَجُلٍ وَامْرَأَتَيْنِ خِلَافًا لِلْأَئِمَّةِ الثَّلَاثَةِ وَزُفَرَ وَلَوْ (5/436)
"أي حذر الهلاك منه أي خوفه على نفس، أو عضو، أو منفعة منه، أو من غيره كأن رأى غريقا لا يتمكن من إنقاذه إلا بفطره ولا ينافي التعبير بالإباحة ما صرح به الغزالي وغيره من وجوب الفطر بذلك؛ لأنها تجامعه
الشرح
قوله: أي حذر الهلاك منه) ","أَيْ حَذَرَ الْهَلَاكِ مِنْهُ أَيْ خَوْفَهُ عَلَى نَفْسٍ، أَوْ عُضْوٍ، أَوْ مَنْفَعَةٍ مِنْهُ، أَوْ مِنْ غَيْرِهِ كَأَنْ رَأَى غَرِيقًا لَا يَتَمَكَّنُ مِنْ إِنْقَاذِهِ إِلَّا بِفِطْرِهِ وَلَا يُنَافِي التَّعْبِيرَ بِالْإِبَاحَةِ مَا صَرَّحَ بِهِ الْغَزَالِيُّ وَغَيْرُهُ مِنْ وُجُوبِ الْفِطْرِ بِذَلِكَ؛ لِأَنَّهَا تُجَامِعُهُ
الشَّرْحُ
قَوْلُهُ: أَيْ حَذَرَ الْهَلَاكِ مِنْهُ) ","أَيْ حَذَرَ الْهَلَاكِ مِنْهُ أَيْ خَوْفَهُ عَلَى نَفْسٍ، أَوْ عُضْوٍ، أَوْ مَنْفَعَةٍ مِنْهُ، أَوْ مِنْ غَيْرِهِ كَأَنْ رَأَى غَرِيقًا لَا يَتَمَكَّنُ مِنْ إِنْقَاذِهِ إِلَّا بِفِطْرِهِ وَلَا يُنَافِي التَّعْبِيرُ بِالْإِبَاحَةِ مَا صَرَّحَ بِهِ الْغَزَالِيُّ وَغَيْرُهُ مِنْ وُجُوبِ الْفِطْرِ بِذَلِكَ؛ لِأَنَّهَا تُجَامِعُهُ
الشَّرْحُ
قَوْلُهُ: أَيْ حَذَرَ الْهَلَاكِ مِنْهُ)"
"ولو كان عمرة لوجب عليه قضاؤه كالعمرة المبتدأة فيثبت بما ذكرنا من الدلائل أن إحرامه بالحج لم ينقلب إحرام عمرة، وبه تبين أن المؤدى ليس أفعال العمرة بل مثل أفعال العمرة تؤدى بإحرام الحجة، والحديث محمول على عمل العمرة توفيقا بين الدليلين. (5/274)
ومنها أن عليه الحج من قابل لما روينا من الحديث وقول الصحابة رضي الله عنهم، ","وَلَوْ كَانَ عُمْرَةً لَوَجَبَ عَلَيْهِ قَضَاؤُهُ كَالْعُمْرَةِ الْمُبْتَدَأَةِ فَيَثْبُتُ بِمَا ذَكَرْنَا مِنَ الدَّلَائِلِ أَنَّ إِحْرَامَهُ بِالْحَجِّ لَمْ يَنْقَلِبْ إِحْرَامَ عُمْرَةٍ، وَبِهِ تُبُيِّنَ أَنَّ الْمُؤَدَّى لَيْسَ أَفْعَالَ الْعُمْرَةِ بَلْ مِثْلَ أَفْعَالِ الْعُمْرَةِ تُؤَدَّى بِإِحْرَامِ الْحَجَّةِ، وَالْحَدِيثُ مَحْمُولٌ عَلَى عَمَلِ الْعُمْرَةِ تَوْفِيقًا بَيْنَ الدَّلِيلَيْنِ. (5/274)
وَمِنْهَا أَنَّ عَلَيْهِ الْحَجَّ مِنْ قَابِلٍ لِمَا رَوَيْنَا مِنَ الْحَدِيثِ وَقَوْلِ الصَّحَابَةِ رَضِيَ اللَّهُ عَنْهُمْ، ","وَلَوْ كَانَ عُمْرَةً لَوَجَبَ عَلَيْهِ قَضَاؤُهُ كَالْعُمْرَةِ الْمُبْتَدَأَةِ فَيَثْبُتُ بِمَا ذَكَرْنَا مِنَ الدَّلَائِلِ أَنَّ إِحْرَامَهُ بِالْحَجِّ لَمْ يَنْقَلِبْ إِحْرَامَ عُمْرَةٍ، وَبِهِ تَبَيَّنَ أَنَّ الْمُؤَدَّى لَيْسَ أَفْعَالَ الْعُمْرَةِ بَلْ مِثْلُ أَفْعَالِ الْعُمْرَةِ تُؤَدَّى بِإِحْرَامِ الْحَجَّةِ، وَالْحَدِيثُ مَحْمُولٌ عَلَى عَمَلِ الْعُمْرَةِ تَوْفِيقًا بَيْنَ الدَّلِيلَيْنِ. (5/274)
وَمِنْهَا أَنَّ عَلَيْهِ الْحَجَّ مِنْ قَابِلٍ لِمَا رَوَيْنَا مِنَ الْحَدِيثِ وَقَوْلِ الصَّحَابَةِ رَضِيَ اللَّهُ عَنْهُمْ،"
"وإنما ينزل من صدرها إلى فرجها كما ذكره الولوالجي في فتاويه ويرد على عبارة المختصر خاصة التناقض في التركيب؛ لأن اشتراط الدفق يفيد اشتراط خروج المني بشهوة من رأس الذكر وقوله عند انفصاله ينفيه فلو حذف الدفق لكان أولى وقد يقال إن الدفق بمعنى الدفوق مصدر اللازم وقال الشافعي: إن (1/205)
","وَإِنَّمَا يَنْزِلُ مِنْ صَدْرِهَا إِلَى فَرْجِهَا كَمَا ذَكَرَهُ الْوَلْوَالِجِيُّ فِي فَتَاوِيهِ وَيَرِدُ عَلَى عِبَارَةِ الْمُخْتَصَرِ خَاصَّةً التَّنَاقُضُ فِي التَّرْكِيبِ؛ لِأَنَّ اشْتِرَاطَ الدَّفْقِ يُفِيدُ اشْتِرَاطَ خُرُوجِ الْمَنِيِّ بِشَهْوَةٍ مِنْ رَأْسِ الذَّكَرِ وَقَوْلُهُ عِنْدَ انْفِصَالِهِ يَنْفِيه فَلَوْ حَذَفَ الدَّفْقَ لَكَانَ أَوْلَى وَقَدْ يُقَالُ إِنَّ الدَّفْقَ بِمَعْنَى الدُّفُوقِ مَصْدَرُ اللَّازِمِ وَقَالَ الشَّافِعِيُّ: إِنَّ (1/205)
",وَإِنَّمَا يَنْزِلُ مِنْ صَدْرِهَا إِلَى فَرْجِهَا كَمَا ذَكَرَهُ الْوَلْوَالِجِيُّ فِي فَتَاوِيهِ وَيَرُدُّ عَلَى عِبَارَةِ الْمُخْتَصَرِ خَاصَّةً التَّنَاقُضَ فِي التَّرْكِيبِ؛ لِأَنَّ اشْتِرَاطَ الدَّفْقِ يُفِيدُ اشْتِرَاطَ خُرُوجِ الْمَنِيِّ بِشَهْوَةٍ مِنْ رَأْسِ الذَّكَرِ وَقَوْلُهُ عِنْدَ انْفِصَالِهِ يَنْفِيهِ فَلَوْ حَذَفَ الدَّفْقَ لَكَانَ أَوْلَى وَقَدْ يُقَالُ إِنَّ الدَّفْقَ بِمَعْنَى الدُّفُوقِ مَصْدَرُ اللَّازِمِ وَقَالَ الشَّافِعِيُّ: إِنَّ (1/205)
فكلف القائم الإثبات وأجله في ذلك أجلا بعد أجل على ما جرت به عادة الحكام في الآجال، ثم تلوم عليه أجل التلوم المعلوم ولم يأت في خلال ذلك بشيء يوجب له حكما، فسأله المدعى عليه تعجيزه وقطع دعواه عنه، فأجابه القاضي إلى ذلك، وسأل الحاكم المدعي أبقيت لك حجة تحقق دعواك فقال: لا، ,فَكَلَّفَ الْقَائِمَ الْإِثْبَاتَ وَأَجَّلَهُ فِي ذَلِكَ أَجَلًا بَعْدَ أَجَلٍ عَلَى مَا جَرَتْ بِهِ عَادَةُ الْحُكَّامِ فِي الْآجَالِ، ثُمَّ تَلَوَّمَ عَلَيْهِ أَجَلَ التَّلَوُّمِ الْمَعْلُومِ وَلَمْ يَأْتِ فِي خِلَالِ ذَلِكَ بِشَيْءٍ يُوجِبُ لَهُ حُكْمًا، فَسَأَلَهُ الْمُدَّعَى عَلَيْهِ تَعْجِيزَهُ وَقَطْعَ دَعْوَاهُ عَنْهُ، فَأَجَابَهُ الْقَاضِي إِلَى ذَلِكَ، وَسَأَلَ الْحَاكِمُ الْمُدَّعِيَ أَبَقِيَتْ لَكَ حُجَّةٌ تُحَقِّقُ دَعْوَاكَ فَقَالَ: لَا، ,فَكُلِّفَ الْقَائِمُ الْإِثْبَاتَ وَأَجَّلَهُ فِي ذَلِكَ أَجَلًا بَعْدَ أَجَلٍ عَلَى مَا جَرَتْ بِهِ عَادَةُ الْحُكَّامِ فِي الْآجَالِ، ثُمَّ تَلَوَّمَ عَلَيْهِ أَجَلَ التَّلَوُّمِ الْمَعْلُومِ وَلَمْ يَأْتِ فِي خِلَالِ ذَلِكَ بِشَيْءٍ يُوجِبُ لَهُ حُكْمًا، فَسَأَلَهُ الْمُدَّعَى عَلَيْهِ تَعْجِيزَهُ وَقَطْعَ دَعْوَاهُ عَنْهُ، فَأَجَابَهُ الْقَاضِي إِلَى ذَلِكَ، وَسَأَلَ الْحَاكِمُ الْمُدَّعِي أَبَقِيَتْ لَكَ حُجَّةٌ تُحَقِّقُ دَعْوَاك فَقَالَ: لَا،
أو لم يعلم وإن قتل غالبا (فشبه عمد) فعله فلا قود على جارحه في النفس أيضا بل عليه نصف الدية المغلظة مع ما أوجبه الجرح (وإن قتل) السم (غالبا وعلم ف) الجارح (شريك جارح نفسه) فعليه القود في الأظهر (وقيل هو شريك مخطئ) ؛ ,أَوْ لَمْ يَعْلَمْ وَإِنْ قَتَلَ غَالِبًا (فَشِبْهُ عَمْدٍ) فِعْلُهُ فَلَا قَوَدَ عَلَى جَارِحِهِ فِي النَّفْسِ أَيْضًا بَلْ عَلَيْهِ نِصْفُ الدِّيَةِ الْمُغَلَّظَةِ مَعَ مَا أَوْجَبَهُ الْجُرْحُ (وَإِنْ قَتَلَ) السُّمُّ (غَالِبًا وَعَلِمَ فَ) الْجَارِحُ (شَرِيكُ جَارِحِ نَفْسِهِ) فَعَلَيْهِ الْقَوَدُ فِي الْأَظْهَرِ (وَقِيلَ هُوَ شَرِيكٌ مُخْطِئٌ) ؛ ,أَوْ لَمْ يَعْلَمْ وَإِنْ قَتَلَ غَالِبًا (فَشِبْهُ عَمْدٍ) فِعْلُهُ فَلَا قَوَدَ عَلَى جَارِحِهِ فِي النَّفْسِ أَيْضًا بَلْ عَلَيْهِ نِصْفُ الدِّيَةِ الْمُغَلَّظَةِ مَعَ مَا أَوْجَبَهُ الْجُرْحُ (وَإِنْ قَتَلَ) السُّمُّ (غَالِبًا وَعَلِمَ فَ) الْجَارِحُ (شَرِيكَ جَارِحِ نَفْسِهِ) فَعَلَيْهِ الْقَوَدُ فِي الْأَظْهَرِ (وَقِيلَ هُوَ شَرِيكٌ مُخْطِئٌ) ؛
"قال) : وليس على النساء خروج في العيدين وقد كان يرخص لهن في ذلك فأما اليوم فإني أكره ذلك يعني للشواب منهن فقد أمرن بالقرار في البيوت ونهين عن الخروج لما فيه من الفتنة فأما العجائز فيرخص لهن في الخروج إلى الجماعة لصلاة المغرب والعشاء والفجر والعيدين ولا يرخص لهن في الخروج لصلاة الظهر والعصر والجمع في قول أبي حنيفة.
","قَالَ) : وَلَيْسَ عَلَى النِّسَاءِ خُرُوجٌ فِي الْعِيدَيْنِ وَقَدْ كَانَ يُرَخَّصُ لَهُنَّ فِي ذَلِكَ فَأَمَّا الْيَوْمَ فَإِنِّي أَكْرَهُ ذَلِكَ يَعْنِي لِلشَّوَابِّ مِنْهُنَّ فَقَدْ أُمِرْنَ بِالْقَرَارِ فِي الْبُيُوتِ وَنُهِينَ عَنِ الْخُرُوجِ لِمَا فِيهِ مِنَ الْفِتْنَةِ فَأَمَّا الْعَجَائِزُ فَيُرَخَّصُ لَهُنَّ فِي الْخُرُوجِ إِلَى الْجَمَاعَةِ لِصَلَاةِ الْمَغْرِبِ وَالْعِشَاءِ وَالْفَجْرِ وَالْعِيدَيْنِ وَلَا يُرَخَّصُ لَهُنَّ فِي الْخُرُوجِ لِصَلَاةِ الظُّهْرِ وَالْعَصْرِ وَالْجُمَعِ فِي قَوْلِ أَبِي حَنِيفَةَ.
",قَالَ) : وَلَيْسَ عَلَى النِّسَاءِ خُرُوجٌ فِي الْعِيدَيْنِ وَقَدْ كَانَ يُرَخِّصُ لَهُنَّ فِي ذَلِكَ فَأَمَّا الْيَوْمَ فَإِنِّي أَكْرَهُ ذَلِكَ يَعْنِي لِلشَّوَابِّ مِنْهُنَّ فَقَدْ أُمِرْنَ بِالْقَرَارِ فِي الْبُيُوتِ وَنُهَيَّنَ عَنِ الْخُرُوجِ لِمَا فِيهِ مِنَ الْفِتْنَةِ فَأَمَّا الْعَجَائِزُ فَيُرَخَّصُ لَهُنَّ فِي الْخُرُوجِ إِلَى الْجَمَاعَةِ لِصَلَاةِ الْمَغْرِبِ وَالْعِشَاءِ وَالْفَجْرِ وَالْعِيدَيْنِ وَلَا يُرَخَّصُ لَهُنَّ فِي الْخُرُوجِ لِصَلَاةِ الظُّهْرِ وَالْعَصْرِ وَالْجُمُعَةِ فِي قَوْلِ أَبِي حَنِيفَةَ.
"قد بينا أن السبب لا يتم إلا بموت المضروب.
ثم لا يتأخر قسمة الغنيمة لحق أقوى من هذا، وهو حق المالك القديم في المأسور، فإنه حق ثابت لو جاء قبل القسمة أخذه بغير شيء.
ثم لا تؤخر القسمة والبيع لحقه؛ فلأن لا يؤخرها ههنا لحق الضارب، وهو غير ثابت في الحال، كان أولى.
فإن قيل: ","قَدْ بَيَّنَّا أَنَّ السَّبَبَ لَا يَتِمُّ إِلَّا بِمَوْتِ الْمَضْرُوبِ.
ثُمَّ لَا يَتَأَخَّرُ قِسْمَةُ الْغَنِيمَةِ لِحَقٍّ أَقْوَى مِنْ هَذَا، وَهُوَ حَقُّ الْمَالِكِ الْقَدِيمِ فِي الْمَأْسُورِ، فَإِنَّهُ حَقٌّ ثَابِتٌ لَوْ جَاءَ قَبْلَ الْقِسْمَةِ أَخَذَهُ بِغَيْرِ شَيْءٍ.
ثُمَّ لَا تُؤَخَّرُ الْقِسْمَةُ وَالْبَيْعُ لِحَقِّهِ؛ فَلَأَنْ لَا يُؤَخِّرَهَا هَهُنَا لِحَقِّ الضَّارِبِ، وَهُوَ غَيْرُ ثَابِتٍ فِي الْحَالِ، كَانَ أَوْلَى.
فَإِنْ قِيلَ: ","قَدْ بَيَّنَّا أَنَّ السَّبَبَ لَا يَتِمُّ إِلَّا بِمَوْتِ الْمَضْرُوبِ.
ثُمَّ لَا يَتَأَخَّرُ قِسْمَةُ الْغَنِيمَةِ لِحَقٍّ أَقْوَى مِنْ هَذَا، وَهُوَ حَقُّ الْمَالِكِ الْقَدِيمِ فِي الْمَأْسُورِ، فَإِنَّهُ حَقٌّ ثَابِتٌ لَوْ جَاءَ قَبْلَ الْقِسْمَةِ أَخَذَهُ بِغَيْرِ شَيْءٍ.
ثُمَّ لَا تُؤَخَّرُ الْقِسْمَةُ وَالْبَيْعُ لِحَقِّهِ؛ فَلَأَنْ لَا يُؤَخِّرَهَا هَهُنَا لِحَقِّ الضَّارِبِ، وَهُوَ غَيْرُ ثَابِتٍ فِي الْحَالِ، كَانَ أَوْلَى.
فَإِنْ قِيلَ:"
"احتراز عن قول أبي بكر الأعمش إنه لا ينعقد بلفظ البيع لأنه خاص لتمليك مال والمملوك بالنكاح ليس بمال، ووجه الصحيح وجود طريق المجاز. (4/319)
(ولا ينعقد بلفظ الإجارة) في الصحيح لأنه ليس بسبب لملك المتعة (و) لا بلفظ (الإباحة والإحلال والإعارة) لما قلنا (و) لا بلفظ (الوصية) لأنها توجب الملك مضافا إلى ما بعد الموت.
","احْتِرَازٌ عَنْ قَوْلِ أَبِي بَكْرٍ الْأَعْمَشِ إِنَّهُ لَا يَنْعَقِدُ بِلَفْظِ الْبَيْعِ لِأَنَّهُ خَاصٌّ لِتَمْلِيكِ مَالٍ وَالْمَمْلُوكُ بِالنِّكَاحِ لَيْسَ بِمَالٍ، وَوَجْهُ الصَّحِيحِ وُجُودُ طَرِيقِ الْمَجَازِ. (4/319)
(وَلَا يَنْعَقِدُ بِلَفْظِ الْإِجَارَةِ) فِي الصَّحِيحِ لِأَنَّهُ لَيْسَ بِسَبَبٍ لِمِلْكِ الْمُتْعَةِ (وَ) لَا بِلَفْظِ (الْإِبَاحَةِ وَالْإِحْلَالِ وَالْإِعَارَةِ) لِمَا قُلْنَا (وَ) لَا بِلَفْظِ (الْوَصِيَّةِ) لِأَنَّهَا تُوجِبُ الْمِلْكَ مُضَافًا إِلَى مَا بَعْدَ الْمَوْتِ.
","احْتِرَازٌ عَنْ قَوْلِ أَبِي بَكْرٍ الْأَعْمَشِ إِنَّهُ لَا يَنْعَقِدُ بِلَفْظِ الْبَيْعِ لِأَنَّهُ خَاصٌّ لِتَمْلِيكِ مَالٍ وَالْمَمْلُوكُ بِالنِّكَاحِ لَيْسَ بِمَالٍ، وَوَجْهُ الصَّحِيحِ وُجُودُ طَرِيقِ الْمَجَازِ. (4/319)
(وَلَا يَنْعَقِدُ بِلَفْظِ الْإِجَارَةِ) فِي الصَّحِيحِ لِأَنَّهُ لَيْسَ بِسَبَبٍ لِمِلْكِ الْمُتْعَةِ (وَ) لَا بِلَفْظِ (الْإِبَاحَةِ وَالْإِحْلَالِ وَالْإِعَارَةِ) لِمَا قُلْنَا (وَ) لَا بِلَفْظِ (الْوَصِيَّةِ) لِأَنَّهَا تُوجِبُ الْمِلْكَ مُضَافًا إِلَى مَا بَعْدَ الْمَوْتِ."
"وجه الصحة إلغاء نية القصر بفعل الإتمام، لأصالته، ووجه البطلان كون الثالثة والرابعة زيادة فعل عمدا، ومقتضى ذلك البطلان، انتهى.
والأول أقوى، والله أعلم. (3/15)
ومن عزم في صلاته على قطع الطريق أو تاب منه في صلاة أتم، ولو ذكر من قام إلى ثالثة سهوا قطع، فلو نوى الإتمام أتم، وأنى له بركعتين سوى ما سها به فإنه يلغو (ه) ","وَجْهُ الصِّحَّةِ إِلْغَاءُ نِيَّةِ الْقَصْرِ بِفِعْلِ الْإِتْمَامِ، لِأَصَالَتِهِ، وَوَجْهُ الْبُطْلَانِ كَوْنُ الثَّالِثَةِ وَالرَّابِعَةِ زِيَادَةَ فِعْلٍ عَمْدًا، وَمُقْتَضَى ذَلِكَ الْبُطْلَانُ، انْتَهَى.
وَالْأَوَّلُ أَقْوَى، وَاللَّهُ أَعْلَمُ. (3/15)
وَمَنْ عَزَمَ فِي صَلَاتِهِ عَلَى قَطْعِ الطَّرِيقِ أَوْ تَابَ مِنْهُ فِي صَلَاةٍ أَتَمَّ، وَلَوْ ذَكَرَ مَنْ قَامَ إِلَى ثَالِثَةٍ سَهْوًا قَطَعَ، فَلَوْ نَوَى الْإِتْمَامَ أَتَمَّ، وَأَنَّى لَهُ بِرَكْعَتَيْنِ سِوَى مَا سَهَا بِهِ فَإِنَّهُ يَلْغُو (ه) ","وَجْهُ الصِّحَّةِ إِلْغَاءُ نِيَّةِ الْقَصْرِ بِفِعْلِ الْإِتْمَامِ، لِأَصَالَتِهِ، وَوَجْهُ الْبُطْلَانِ كَوْنُ الثَّالِثَةِ وَالرَّابِعَةِ زِيَادَةَ فِعْلٍ عَمْدًا، وَمُقْتَضَى ذَلِكَ الْبُطْلَانُ، انْتَهَى.
وَالْأَوَّلُ أَقْوَى، وَاللَّهُ أَعْلَمُ. (3/15)
وَمَنْ عَزَمَ فِي صَلَاتِهِ عَلَى قَطْعِ الطَّرِيقِ أَوْ تَابَ مِنْهُ فِي صَلَاةٍ أَتَمَّ، وَلَوْ ذَكَرَ مَنْ قَامَ إِلَى ثَالِثَةٍ سَهْوًا قَطَعَ، فَلَوْ نَوَى الْإِتْمَامَ أَتَمَّ، وَأَنَّى لَهُ بِرَكْعَتَيْنِ سِوَى مَا سَهَا بِهِ فَإِنَّهُ يَلْغُو (ه)"
ورق أم الولد والمدبر ناقص حتى لا يجوز عتقها عن الكفارة والملك فيها كامل حتى جاز وطء أم الولد والمدبرة، ,وَرِقُّ أُمِّ الْوَلَدِ وَالْمُدَبَّرِ نَاقِصٌ حَتَّى لَا يَجُوزُ عِتْقُهَا عَنِ الْكَفَّارَةِ وَالْمِلْكُ فِيهَا كَامِلٌ حَتَّى جَازَ وَطْءُ أُمِّ الْوَلَدِ وَالْمُدَبَّرَةِ، ,وَرِقُّ أُمِّ الْوَلَدِ وَالْمُدَبَّرِ نَاقِصٌ حَتَّى لَا يَجُوزَ عِتْقُهَا عَنِ الْكَفَّارَةِ وَالْمِلْكُ فِيهَا كَامِلٌ حَتَّى جَازَ وَطْءُ أُمِّ الْوَلَدِ وَالْمُدَبَّرَةِ،
"كذا في خزانة المفتين. (49/116)
مديون أوصى بوصايا تخرج من ثلثه بعد قضاء دينه وخلف دارا ولا يقدر الوصي على إنفاذ وصاياه وقضاء ديونه التي عليه إلا من ثمن الدار، ","كَذَا فِي خِزَانَةِ الْمُفْتِينَ. (49/116)
مَدْيُونٌ أَوْصَى بِوَصَايَا تَخْرُجُ مِنْ ثُلُثِهِ بَعْدَ قَضَاءِ دَيْنِهِ وَخَلَّفَ دَارًا وَلَا يَقْدِرُ الْوَصِيُّ عَلَى إِنْفَاذِ وَصَايَاهُ وَقَضَاءِ دُيُونِهِ الَّتِي عَلَيْهِ إِلَّا مِنْ ثَمَنِ الدَّارِ، ","كَذَا فِي خِزَانَةِ الْمُفْتِينَ. (49/116)
مَدْيُونٌ أَوْصَى بِوَصَايَا تَخْرُجُ مِنْ ثُلُثِهِ بَعْدَ قَضَاءِ دَيْنِهِ وَخَلَّفَ دَارًا وَلَا يَقْدِرُ الْوَصِيُّ عَلَى إِنْفَاذِ وَصَايَاهُ وَقَضَاءِ دُيُونِهِ الَّتِي عَلَيْهِ إِلَّا مِنْ ثَمَنِ الدَّارِ،"
"وترمى الجمرات - (أفضل) من فعلها قبلهما لما يأتي في الجمعة والحج. (2/267)
(ثم يليه) - أي: وقت الظهر - (الوقت المختار للعصر) من غير فصل بينهما، ولا اشتراك والعصر: العشي.
قال الجوهري: والعصران الغداة والعشي، ومنه سميت العصر وذكر الأزهري مثله، تقول: فلان يأتي فلانا العصرين والبردين: إذا كان يأتيه طرفي النهار، فكأنها سميت باسم وقتها.
(وهي) - ","وَتُرْمَى الْجَمَرَاتُ - (أَفْضَلُ) مِنْ فِعْلِهَا قَبْلَهُمَا لِمَا يَأْتِي فِي الْجُمُعَةِ وَالْحَجِّ. (2/267)
(ثُمَّ يَلِيهِ) - أَيْ: وَقْتَ الظُّهْرِ - (الْوَقْتُ الْمُخْتَارُ لِلْعَصْرِ) مِنْ غَيْرِ فَصْلٍ بَيْنَهُمَا، وَلَا اشْتِرَاكٍ وَالْعَصْرُ: الْعَشِيُّ.
قَالَ الْجَوْهَرِيُّ: وَالْعَصْرَانِ الْغَدَاةُ وَالْعَشِيُّ، وَمِنْهُ سُمِّيَتِ الْعَصْرُ وَذَكَرَ الْأَزْهَرِيُّ مِثْلَهُ، تَقُولُ: فُلَانٌ يَأْتِي فُلَانًا الْعَصْرَيْنِ وَالْبَرْدَيْنِ: إِذَا كَانَ يَأْتِيهِ طَرَفَيِ النَّهَارِ، فَكَأَنَّهَا سُمِّيَتْ بِاسْمِ وَقْتِهَا.
(وَهِيَ) - ","وَتُرْمَى الْجَمَرَاتُ - (أَفْضَلُ) مِنْ فِعْلِهَا قَبْلَهُمَا لِمَا يَأْتِي فِي الْجُمُعَةِ وَالْحَجِّ. (2/267)
(ثُمَّ يَلِيهِ) - أَيْ: وَقْتُ الظُّهْرِ - (الْوَقْتُ الْمُخْتَارُ لِلْعَصْرِ) مِنْ غَيْرِ فَصْلٍ بَيْنَهُمَا، وَلَا اشْتِرَاكٍ وَالْعَصْرُ: الْعَشِيُّ.
قَالَ الْجَوْهَرِيُّ: وَالْعَصْرَانِ الْغَدَاةُ وَالْعَشِيُّ، وَمِنْهُ سُمِّيَتِ الْعَصْرُ وَذَكَرَ الْأَزْهَرِيُّ مِثْلَهُ، تَقُولُ: فُلَانٌ يَأْتِي فُلَانًا الْعَصْرَيْنِ وَالْبَرْدَيْنِ: إِذَا كَانَ يَأْتِيهِ طَرَفَيِ النَّهَارِ، فَكَأَنَّهَا سُمِّيَتْ بِاسْمِ وَقْتِهَا.
(وَهِيَ) -"
"وأما المفوض فلا يمنع أن يوكل على المشهور.
ومحل جواز التوكيل فيما إذا كان الوكيل ذو وجاهة لا يليق به البيع أو الشراء لما وكل فيه إن علم الموكل بذلك وكان الوكيل مشهورا بذلك.
ويحمل الموكل على علمه بذلك فلا يصدق إن ادعى عدم العلم.
","وَأَمَّا الْمُفَوَّضُ فَلَا يُمْنَعُ أَنْ يُوَكِّلَ عَلَى الْمَشْهُورِ.
وَمَحَلُّ جَوَازِ التَّوْكِيلِ فِيمَا إِذَا كَانَ الْوَكِيلُ ذُو وَجَاهَةٍ لَا يَلِيقُ بِهِ الْبَيْعُ أَوِ الشِّرَاءُ لِمَا وُكِّلَ فِيهِ إِنْ عَلِمَ الْمُوَكِّلُ بِذَلِكَ وَكَانَ الْوَكِيلُ مَشْهُورًا بِذَلِكَ.
وَيُحْمَلُ الْمُوَكِّلُ عَلَى عِلْمِهِ بِذَلِكَ فَلَا يُصَدَّقُ إِنِ ادَّعَى عَدَمَ الْعِلْمِ.
","وَأَمَّا الْمُفَوِّضُ فَلَا يُمْنَعُ أَنْ يُوَكِّلَ عَلَى الْمَشْهُورِ.
وَمَحَلُّ جَوَازِ التَّوْكِيلِ فِيمَا إِذَا كَانَ الْوَكِيلُ ذُو وَجَاهَةٍ لَا يَلِيقُ بِهِ الْبَيْعُ أَوِ الشِّرَاءُ لِمَا وُكِّلَ فِيهِ إِنْ عَلِمَ الْمُوَكِّلُ بِذَلِكَ وَكَانَ الْوَكِيلُ مَشْهُورًا بِذَلِكَ.
وَيُحْمَلُ الْمُوَكِّلُ عَلَى عِلْمِهِ بِذَلِكَ فَلَا يُصَدَّقُ إِنِ ادَّعَى عَدَمَ الْعِلْمِ."
كدخول دار وأكل طعام كلا تأكله أنت وكلا آكله أنا، وقول البغوي يسن الأكل في الثانية ضعيف، وذكر لا تأكله أنت هو ما وقع لشارح، وهو غفلة عما مر أنه يندب إبرار الحالف بشرطه، (فالأفضل ترك الحنث) إبقاء لتعظيم الاسم، ,كَدُخُولِ دَارٍ وَأَكْلِ طَعَامٍ كَلَا تَأْكُلْهُ أَنْتَ وَكَلَا آكُلُهُ أَنَا، وَقَوْلُ الْبَغَوِيّ يُسَنُّ الْأَكْلُ فِي الثَّانِيَةِ ضَعِيفٌ، وَذِكْرُ لَا تَأْكُلْهُ أَنْتَ هُوَ مَا وَقَعَ لِشَارِحٍ، وَهُوَ غَفْلَةٌ عَمَّا مَرَّ أَنَّهُ يُنْدَبُ إِبْرَارُ الْحَالِفِ بِشَرْطِهِ، (فَالْأَفْضَلُ تَرْكُ الْحِنْثِ) إِبْقَاءً لِتَعْظِيمِ الِاسْمِ، ,كَدُخُولِ دَارٍ وَأَكْلِ طَعَامٍ كَلَا تَأْكُلُهُ أَنْتَ وَكَلَا آكُلُهُ أَنَا، وَقَوْلُ الْبَغَوِيّ يَسُنُّ الْأَكْلَ فِي الثَّانِيَةِ ضَعِيفٌ، وَذِكْرُ لَا تَأْكُلُهُ أَنْتَ هُوَ مَا وَقَعَ لِشَارِحٍ، وَهُوَ غَفْلَةٌ عَمَّا مَرَّ أَنَّهُ يُنْدَبُ إِبْرَارُ الْحَالِفِ بِشَرْطِهِ، (فَالْأَفْضَلُ تَرْكُ الْحِنْثِ) إِبْقَاءً لِتَعْظِيمِ الِاسْمِ،
"ويتغير فيه الثمن غالبا بحسب البلدان، والأزمان، والسلع.
قال في الكافي: كالشهر ونصفه ونحوه.
قال الزركشي، وكثير من الأصحاب: يمثل بالشهر والشهرين.
فمن ثم قال بعضهم: أقله شهر.
انتهى.
قلت، قال في الخلاصة: ويفتقر إلى ذكر الأجل.
فيكون شهرا فصاعدا.
قال في الرعاية الكبرى، وقيل: أقله شهر.
قال في الفروع: ","وَيَتَغَيَّرُ فِيهِ الثَّمَنُ غَالِبًا بِحَسَبِ الْبُلْدَانِ، وَالْأَزْمَانِ، وَالسِّلَعِ.
قَالَ فِي الْكَافِي: كَالشَّهْرِ وَنِصْفِهِ وَنَحْوِهِ.
قَالَ الزَّرْكَشِيُّ، وَكَثِيرٌ مِنَ الْأَصْحَابِ: يُمَثِّلُ بِالشَّهْرِ وَالشَّهْرَيْنِ.
فَمِنْ ثَمَّ قَالَ بَعْضُهُمْ: أَقَلُّهُ شَهْرٌ.
انْتَهَى.
قُلْت، قَالَ فِي الْخُلَاصَةِ: وَيَفْتَقِرُ إِلَى ذِكْرِ الْأَجَلِ.
فَيَكُونُ شَهْرًا فَصَاعِدًا.
قَالَ فِي الرِّعَايَةِ الْكُبْرَى، وَقِيلَ: أَقَلُّهُ شَهْرٌ.
قَالَ فِي الْفُرُوعِ: ","وَيَتَغَيَّرُ فِيهِ الثَّمَنُ غَالِبًا بِحَسَبِ الْبُلْدَانِ، وَالْأَزْمَانِ، وَالسِّلَعِ.
قَالَ فِي الْكَافِي: كَالشَّهْرِ وَنِصْفِهِ وَنَحْوِهِ.
قَالَ الزَّرْكَشِيُّ، وَكَثِيرٌ مِنَ الْأَصْحَابِ: يُمَثَّلُ بِالشَّهْرِ وَالشَّهْرَيْنِ.
فَمِنْ ثَمَّ قَالَ بَعْضُهُمْ: أَقَلُّهُ شَهْرٌ.
انْتَهَى.
قُلْت، قَالَ فِي الْخُلَاصَةِ: وَيَفْتَقِرُ إِلَى ذِكْرِ الْأَجَلِ.
فَيَكُونُ شَهْرًا فَصَاعِدًا.
قَالَ فِي الرِّعَايَةِ الْكُبْرَى، وَقِيلَ: أَقَلُّهُ شَهْرٌ.
قَالَ فِي الْفُرُوعِ:"
وعلى هذا فقد يتفق وجه الخلطة ووجه الضم على هذا التقدير حيث لم تكن زكاة الخلطة مفضية إلى زيادة الفرض أو نقصه، وقد يختلفان حيث أدى الاتفاق إلى أحد الأمرين وسبب ذلك أن هذا النوع على ضربين: أحدهما: أن لا يكون في واحد منهما أعني النصاب، ,وَعَلَى هَذَا فَقَدْ يَتَّفِقُ وَجْهُ الْخُلْطَةِ وَوَجْهُ الضَّمِّ عَلَى هَذَا التَّقْدِيرِ حَيْثُ لَمْ تَكُنْ زَكَاةُ الْخُلْطَةِ مُفْضِيَةً إِلَى زِيَادَةِ الْفَرْضِ أَوْ نَقْصِهِ، وَقَدْ يَخْتَلِفَانِ حَيْثُ أَدَّى الِاتِّفَاقُ إِلَى أَحَدِ الْأَمْرَيْنِ وَسَبَبُ ذَلِكَ أَنَّ هَذَا النَّوْعَ عَلَى ضَرْبَيْنِ: أَحَدُهُمَا: أَنْ لَا يَكُونَ فِي وَاحِدٍ مِنْهُمَا أَعْنِي النِّصَابَ، ,وَعَلَى هَذَا فَقَدْ يَتَّفِقُ وَجْهُ الْخُلْطَةِ وَوَجْهُ الضَّمِّ عَلَى هَذَا التَّقْدِيرِ حَيْثُ لَمْ تَكُنْ زَكَاةُ الْخُلْطَةِ مُفْضِيَةً إِلَى زِيَادَةِ الْفَرْضِ أَوْ نَقْصِهِ، وَقَدْ يَخْتَلِفَانِ حَيْثُ أَدَّى الِاتِّفَاقُ إِلَى أَحَدِ الْأَمْرَيْنِ وَسَبَبُ ذَلِكَ أَنَّ هَذَا النَّوْعَ عَلَى ضَرْبَيْنِ: أَحَدُهُمَا: أَنْ لَا يَكُونَ فِي وَاحِدٍ مِنْهُمَا أَعْنِي النِّصَابَ،
"أولى ما إذا زادت قيمتها لتغير السوق، وهي عند الغاصب.
والحاصل أن كلا من نقصان القيمة وزيادتها لتغير السوق لا يفيت (14/441)
المغصوب على ربه فيتعين أخذه له ولا رجوع له على الغاصب بشيء لأجل نقص القيمة، وإذا أراد الغاصب أخذه ودفع القيمة، وأبى ربه أجبر الغاصب على دفعه له (قوله، ","أَوْلَى مَا إِذَا زَادَتْ قِيمَتُهَا لِتَغَيُّرِ السُّوقِ، وَهِيَ عِنْدَ الْغَاصِبِ.
وَالْحَاصِلُ أَنَّ كُلًّا مِنْ نُقْصَانِ الْقِيمَةِ وَزِيَادَتِهَا لِتَغَيُّرِ السُّوقِ لَا يُفِيتُ (14/441)
الْمَغْصُوبَ عَلَى رَبِّهِ فَيَتَعَيَّنُ أَخْذُهُ لَهُ وَلَا رُجُوعَ لَهُ عَلَى الْغَاصِبِ بِشَيْءٍ لِأَجْلِ نَقْصِ الْقِيمَةِ، وَإِذَا أَرَادَ الْغَاصِبُ أَخْذَهُ وَدَفْعَ الْقِيمَةِ، وَأَبَى رَبُّهُ أُجْبِرَ الْغَاصِبُ عَلَى دَفْعِهِ لَهُ (قَوْلُهُ، ","أَوْلَى مَا إِذَا زَادَتْ قِيمَتُهَا لِتَغَيُّرِ السُّوقِ، وَهِيَ عِنْدَ الْغَاصِبِ.
وَالْحَاصِلُ أَنَّ كُلًّا مِنْ نُقْصَانِ الْقِيمَةِ وَزِيَادَتِهَا لِتَغَيُّرِ السُّوقِ لَا يُفِيتُ (14/441)
الْمَغْصُوبَ عَلَى رَبِّهِ فَيَتَعَيَّنُ أَخْذُهُ لَهُ وَلَا رُجُوعَ لَهُ عَلَى الْغَاصِبِ بِشَيْءٍ لِأَجْلِ نَقْصِ الْقِيمَةِ، وَإِذَا أَرَادَ الْغَاصِبُ أَخْذَهُ وَدَفَعَ الْقِيمَةَ، وَأَبَى رَبُّهُ أُجْبِرَ الْغَاصِبُ عَلَى دَفْعِهِ لَهُ (قَوْلُهُ،"
وأنها كلام من الكلام الذي يتكلم به الناس على وزن الشعر هو الذي يتصرع وليس بشعر وفيما ذكرنا ما قد وضح به جهل هذا الجاهل ونفيه عن رسول الله صلى الله عليه وسلم ما ليس منتفيا عنه؛ ,وَأَنَّهَا كَلَامٌ مِنَ الْكَلَامِ الَّذِي يَتَكَلَّمُ بِهِ النَّاسُ عَلَى وَزْنِ الشِّعْرِ هُوَ الَّذِي يَتَصَرَّعُ وَلَيْسَ بِشِعْرٍ وَفِيمَا ذَكَرْنَا مَا قَدْ وَضَحَ بِهِ جَهْلُ هَذَا الْجَاهِلِ وَنَفْيُهُ عَنْ رَسُولِ اللَّهِ صَلَّى اللَّهُ عَلَيْهِ وَسَلَّمَ مَا لَيْسَ مُنْتَفِيًا عَنْهُ؛ ,وَأَنَّهَا كَلَامٌ مِنَ الْكَلَامِ الَّذِي يَتَكَلَّمُ بِهِ النَّاسُ عَلَى وَزْنِ الشِّعْرِ هُوَ الَّذِي يَتَصَرَّعُ وَلَيْسَ بِشِعْرٍ وَفِيمَا ذَكَرْنَا مَا قَدْ وَضَحَ بِهِ جَهْلُ هَذَا الْجَاهِلِ وَنَفْيُهُ عَنْ رَسُولِ اللَّهِ صَلَّى اللَّهُ عَلَيْهِ وَسَلَّمَ مَا لَيْسَ مُنْتَفِيًا عَنْهُ؛
"مفتقر) أي فرد من أفراد ما يفتقر إلى وضوء في نفسه وأن يفتقر إليه الناوي فيصح بنية صبي استباحة مس المصحف ما لم يقصد لحاجة تعلمه لعدم افتقاره بهذا القيد، ويصح الوضوء بهذه الصيغة أيضا.
قوله: (أي الوضوء) فسره بذلك أخذا من عدم صحته بنية ما يندب له الوضوء الآتي، ","مُفْتَقِرٍ) أَيْ فَرْدٌ مِنْ أَفْرَادِ مَا يُفْتَقَرُ إِلَى وُضُوءٍ فِي نَفْسِهِ وَأَنْ يَفْتَقِرَ إِلَيْهِ النَّاوِي فَيَصِحُّ بِنِيَّةِ صَبِيٍّ اسْتِبَاحَةُ مَسِّ الْمُصْحَفِ مَا لَمْ يَقْصِدْ لِحَاجَةِ تَعَلُّمِهِ لِعَدَمِ افْتِقَارِهِ بِهَذَا الْقَيْدِ، وَيَصِحُّ الْوُضُوءُ بِهَذِهِ الصِّيغَةِ أَيْضًا.
قَوْلُهُ: (أَيِ الْوُضُوءُ) فَسَّرَهُ بِذَلِكَ أَخْذًا مِنْ عَدَمِ صِحَّتِهِ بِنِيَّةِ مَا يُنْدَبُ لَهُ الْوُضُوءُ الْآتِي، ","مُفْتَقِرٌ) أَيْ فَرْدٌ مِنْ أَفْرَادِ مَا يَفْتَقِرُ إِلَى وُضُوءٍ فِي نَفْسِهِ وَأَنْ يَفْتَقِرَ إِلَيْهِ النَّاوِي فَيَصِحُّ بِنِيَّةِ صَبِيٍّ اسْتِبَاحَةُ مَسِّ الْمُصْحَفِ مَا لَمْ يَقْصِدْ لِحَاجَةٍ تَعْلَمُهُ لِعَدَمِ افْتِقَارِهِ بِهَذَا الْقَيْدِ، وَيَصِحُّ الْوُضُوءُ بِهَذِهِ الصِّيغَةِ أَيْضًا.
قَوْلُهُ: (أَيِ الْوُضُوءُ) فَسَّرَهُ بِذَلِكَ أَخْذًا مِنْ عَدَمِ صِحَّتِهِ بِنِيَّةِ مَا يُنْدَبُ لَهُ الْوُضُوءُ الْآتِي،"
"وقال يحيى بن سعيد: من حبس داره على ولده وولد ولده فهي على ما وضعها عليه إلا أنه يبدأ بولده قبل ولد ولده وليس لولد البنات فيها حق.
وقال مالك: من قال: داري حبس على ولدي فإن ولد الولد يدخلون مع الآباء ويؤثر الآباء، وإن قال: ولدي وولد ولدي.
دخلوا أيضا ويبدأ بالولد وكان لهم الفضل إن كان فضل.
","وَقَالَ يَحْيَى بْنُ سَعِيدٍ: مَنْ حَبَسَ دَارِهِ عَلَى وَلَدِهِ وَوَلَدِ وَلَدِهِ فَهِيَ عَلَى مَا وَضَعَهَا عَلَيْهِ إِلَّا أَنَّهُ يَبْدَأُ بِوَلَدِهِ قَبْلَ وَلَدِ وَلَدِهِ وَلَيْسَ لِوَلَدِ الْبَنَاتِ فِيهَا حَقٌّ.
وَقَالَ مَالِكٌ: مَنْ قَالَ: دَارِي حَبْسٌ عَلَى وَلَدِي فَإِنَّ وَلَدَ الْوَلَدِ يَدْخُلُونَ مَعَ الْآبَاءِ وَيُؤْثَرُ الْآبَاءُ، وَإِنْ قَالَ: وَلَدِي وَوَلَدُ وَلَدِي.
دَخَلُوا أَيْضًا وَيَبْدَأُ بِالْوَلَدِ وَكَانَ لَهُمُ الْفَضْلُ إِنْ كَانَ فَضْلٌ.
","وَقَالَ يَحْيَى بْنُ سَعِيدٍ: مَنْ حَبَسَ دَارِهِ عَلَى وَلَدِهِ وَوَلَدِ وَلَدِهِ فَهِيَ عَلَى مَا وَضَعَهَا عَلَيْهِ إِلَّا أَنَّهُ يَبْدَأُ بِوَلَدِهِ قَبْلَ وَلَدِ وَلَدِهِ وَلَيْسَ لِوَلَدِ الْبَنَاتِ فِيهَا حَقٌّ.
وَقَالَ مَالِكٌ: مَنْ قَالَ: دَارِي حَبْسٌ عَلَى وَلَدِي فَإِنَّ وَلَدَ الْوَلَدِ يَدْخُلُونَ مَعَ الْآبَاءِ وَيُؤْثَرُ الْآبَاءُ، وَإِنْ قَالَ: وَلَدِي وَوَلَدُ وَلَدِي.
دَخَلُوا أَيْضًا وَيَبْدَأُ بِالْوَلَدِ وَكَانَ لَهُمُ الْفَضْلُ إِنْ كَانَ فَضْلٌ."
"ففي هذه الصور له نصف الثلث. (48/158)
ولو قال: ثلث مالي بين بني زيد وبني بكر وليس لأحدهما بنون فكل الثلث لبني الآخر، كذا في الكافي. (48/159)
ولو أوصى بثلث ماله لزيد ولعمرو أو قال: بين زيد وعمرو، ثم مات الموصي ثم مات أحدهما فنصف الثلث للباقي ونصفه لورثة الموصى له الميت، ","فَفِي هَذِهِ الصُّوَرِ لَهُ نِصْفُ الثُّلُثِ. (48/158)
وَلَوْ قَالَ: ثُلُثُ مَالِي بَيْنَ بَنِي زَيْدٍ وَبَنِي بَكْرٍ وَلَيْسَ لِأَحَدِهِمَا بَنُونَ فَكُلُّ الثُّلُثُ لِبَنِي الْآخَرِ، كَذَا فِي الْكَافِي. (48/159)
وَلَوْ أَوْصَى بِثُلُثِ مَالِهِ لِزَيْدٍ وَلِعَمْرٍو أَوْ قَالَ: بَيْنَ زَيْدٍ وَعَمْرٍو، ثُمَّ مَاتَ الْمُوصِي ثُمَّ مَاتَ أَحَدُهُمَا فَنِصْفُ الثُّلُثِ لِلْبَاقِي وَنِصْفُهُ لِوَرَثَةِ الْمُوصَى لَهُ الْمَيِّتِ، ","فَفِي هَذِهِ الصُّوَرِ لَهُ نِصْفُ الثُّلُثِ. (48/158)
وَلَوْ قَالَ: ثُلُثُ مَالِي بَيْنَ بَنِي زَيْدٍ وَبَنِي بَكْرٍ وَلَيْسَ لِأَحَدِهِمَا بَنُونَ فَكُلُّ الثُّلُثِ لِبَنِي الْآخَرِ، كَذَا فِي الْكَافِي. (48/159)
وَلَوْ أَوْصَى بِثُلُثِ مَالِهِ لِزَيْدٍ وَلِعَمْرٍو أَوْ قَالَ: بَيْنَ زَيْدٍ وَعَمْرٍو، ثُمَّ مَاتَ الْمُوصِي ثُمَّ مَاتَ أَحَدُهُمَا فَنِصْفُ الثُّلُثِ لِلْبَاقِي وَنِصْفُهُ لِوَرَثَةِ الْمُوصَى لَهُ الْمَيِّتِ،"
"قوله أو انتقل) إلى قوله وهو ما رجحه الرافعي في المغني إلا قوله فذكر نقله إلى المتن وقوله، وإن قرب محل المغصوب وإلى قوله وقضيته في النهاية إلا قوله كما علم إلى فذكر نقله وقوله فلا اعتراض إلى المتن (قوله أو انتقل بنفسه) أي كما لو نقله سيل أو ريح.
","قَوْلُهُ أَوِ انْتَقَلَ) إِلَى قَوْلِهِ وَهُوَ مَا رَجَّحَهُ الرَّافِعِيُّ فِي الْمُغْنِي إِلَّا قَوْلَهُ فَذِكْرُ نَقْلِهِ إِلَى الْمَتْنِ وَقَوْلُهُ، وَإِنْ قَرُبَ مَحَلُّ الْمَغْصُوبِ وَإِلَى قَوْلِهِ وَقَضِيَّتُهُ فِي النِّهَايَةِ إِلَّا قَوْلَهُ كَمَا عُلِمَ إِلَى فَذِكْرُ نَقْلِهِ وَقَوْلُهُ فَلَا اعْتِرَاضَ إِلَى الْمَتْنِ (قَوْلُهُ أَوِ انْتَقَلَ بِنَفْسِهِ) أَيْ كَمَا لَوْ نَقَلَهُ سَيْلٌ أَوْ رِيحٌ.
",قَوْلُهُ أَوِ انْتَقَلَ) إِلَى قَوْلِهِ وَهُوَ مَا رَجَّحَهُ الرَّافِعِيُّ فِي الْمُغْنِي إِلَّا قَوْلَهُ فَذَكَرَ نَقْلَهُ إِلَى الْمَتْنِ وَقَوْلَهُ، وَإِنْ قَرُبَ مَحَلُّ الْمَغْصُوبِ وَإِلَى قَوْلِهِ وَقَضِيَّتُهُ فِي النِّهَايَةِ إِلَّا قَوْلَهُ كَمَا عُلِمَ إِلَى فَذَكَرَ نَقْلَهُ وَقَوْلَهُ فَلَا اعْتِرَاضَ إِلَى الْمَتْنِ (قَوْلُهُ أَوِ انْتَقَلَ بِنَفْسِهِ) أَيْ كَمَا لَوْ نَقَلَهُ سَيْلٌ أَوْ رِيحٌ.
"ادعاء الأب لما في يد ابنته من الأمور الضعيفة التي إنما فيها الاتباع لسلفنا رحمهم الله، ولولا ذلك لكان الوجه أن لا يخرج عنها ما بيدها إلا بما توجبه السنة في سائر الحقوق لا سيما إخراج ما في يد البكر فإنه أمر عسير لا يخرجه غيره إلا ببينة قاطعة.
/97 انظر نوازل البرزلي /97 (ولم يشهد) .
ابن عرفة: ","ادِّعَاءُ الْأَبِ لِمَا فِي يَدِ ابْنَتِهِ مِنَ الْأُمُورِ الضَّعِيفَةِ الَّتِي إِنَّمَا فِيهَا الِاتِّبَاعُ لِسَلَفِنَا رَحِمَهُمُ اللَّهُ، وَلَوْلَا ذَلِكَ لَكَانَ الْوَجْهُ أَنْ لَا يُخْرِجَ عَنْهَا مَا بِيَدِهَا إِلَّا بِمَا تُوجِبُهُ السُّنَّةُ فِي سَائِرِ الْحُقُوقِ لَا سِيَّمَا إِخْرَاجُ مَا فِي يَدِ الْبِكْرِ فَإِنَّهُ أَمْرٌ عَسِيرٌ لَا يُخْرِجُهُ غَيْرُهُ إِلَّا بِبَيِّنَةٍ قَاطِعَةٍ.
/97 انْظُرْ نَوَازِلَ الْبُرْزُلِيِّ /97 (وَلَمْ يُشْهِدْ) .
ابْنُ عَرَفَةَ: ","ادِّعَاءُ الْأَبِ لِمَا فِي يَدِ ابْنَتِهِ مِنَ الْأُمُورِ الضَّعِيفَةِ الَّتِي إِنَّمَا فِيهَا الِاتِّبَاعُ لِسَلَفِنَا رَحِمَهُمُ اللَّهُ، وَلَوْلَا ذَلِكَ لَكَانَ الْوَجْهُ أَنْ لَا يُخْرِجَ عَنْهَا مَا بِيَدِهَا إِلَّا بِمَا تُوجِبُهُ السُّنَّةُ فِي سَائِرِ الْحُقُوقِ لَا سِيَّمَا إِخْرَاجُ مَا فِي يَدِ الْبِكْرِ فَإِنَّهُ أَمْرٌ عَسِيرٌ لَا يُخْرِجُهُ غَيْرُهُ إِلَّا بِبَيِّنَةٍ قَاطِعَةٍ.
/97 انْظُرْ نَوَازِلَ الْبُرْزُلِيِّ /97 (وَلَمْ يَشْهَدْ) .
ابْنُ عَرَفَةَ:"
إذنه لخوف أو نحوه زوج الحاكم على ما اعتمده ابن الرفعة وغيره وأشار الأذرعي إلى التوقف فيه بقوله فإن صح وجب تقييد إطلاق الرافعي وغيره به لكنه قال عقب ذلك والظاهر أنه لو كان في البلد في سجن السلطان وتعذر الوصول إليه أن القاضي يزوج ا ه والذي يتجه أنه حيث تعذر إذنه زوج، أو تعسر فلا، ,إِذْنُهُ لِخَوْفٍ أَوْ نَحْوِهِ زَوَّجَ الْحَاكِمُ عَلَى مَا اعْتَمَدَهُ ابْنُ الرِّفْعَةِ وَغَيْرُهُ وَأَشَارَ الْأَذْرَعِيُّ إِلَى التَّوَقُّفِ فِيهِ بِقَوْلِهِ فَإِنْ صَحَّ وَجَبَ تَقْيِيدُ إِطْلَاقِ الرَّافِعِيِّ وَغَيْرِهِ بِهِ لَكِنَّهُ قَالَ عَقِبَ ذَلِكَ وَالظَّاهِرُ أَنَّهُ لَوْ كَانَ فِي الْبَلَدِ فِي سِجْنِ السُّلْطَانِ وَتَعَذَّرَ الْوُصُولُ إِلَيْهِ أَنَّ الْقَاضِيَ يُزَوِّجُ ا ه وَالَّذِي يُتَّجَهُ أَنَّهُ حَيْثُ تَعَذَّرَ إِذْنُهُ زَوَّجَ، أَوْ تَعَسَّرَ فَلَا، ,إِذْنُهُ لِخَوْفٍ أَوْ نَحْوِهِ زَوَّجَ الْحَاكِمُ عَلَى مَا اعْتَمَدَهُ ابْنُ الرِّفْعَةِ وَغَيْرُهُ وَأَشَارَ الْأَذْرَعِيُّ إِلَى التَّوَقُّفِ فِيهِ بِقَوْلِهِ فَإِنْ صَحَّ وَجَبَ تَقْيِيدُ إِطْلَاقِ الرَّافِعِيِّ وَغَيْرِهِ بِهِ لَكِنَّهُ قَالَ عَقِبَ ذَلِكَ وَالظَّاهِرُ أَنَّهُ لَوْ كَانَ فِي الْبَلَدِ فِي سِجْنِ السُّلْطَانِ وَتَعَذَّرَ الْوُصُولُ إِلَيْهِ أَنَّ الْقَاضِيَ يُزَوِّجُ ا ه وَالَّذِي يُتَّجَهُ أَنَّهُ حَيْثُ تَعَذَّرَ إِذْنُهُ زَوَّجَ، أَوْ تَعَسَّرَ فَلَا،
"ألا ترى إلى قوله لا تحرقن وهو رضي الله عنه قد علم قوله عليه الصلاة والسلام {أغر على أبنى صباحا ثم حرق} بقي مجرد ذبح الحيوان وأنه لغرض (12/471)
الأكل جائز؛ لأنه غرض صحيح (ولا غرض أصح من كسر شوكتهم) وتعريضهم على الهلكة والموت وإنما يحرق (لينقطع منفعته عن الكفار وصار كتخريب البنيان) ","أَلَا تَرَى إِلَى قَوْلِهِ لَا تُحَرِّقَنَّ وَهُوَ رَضِيَ اللَّهُ عَنْهُ قَدْ عَلِمَ قَوْلَهُ عَلَيْهِ الصَّلَاةُ وَالسَّلَامُ {أَغِرْ عَلَى أُبْنَى صَبَاحًا ثُمَّ حَرِّقْ} بَقِيَ مُجَرَّدُ ذَبْحِ الْحَيَوَانِ وَأَنَّهُ لِغَرَضِ (12/471)
الْأَكْلِ جَائِزٌ؛ لِأَنَّهُ غَرَضٌ صَحِيحٌ (وَلَا غَرَضَ أَصَحُّ مِنْ كَسْرِ شَوْكَتِهِمْ) وَتَعْرِيضِهِمْ عَلَى الْهَلَكَةِ وَالْمَوْتِ وَإِنَّمَا يَحْرِقُ (لِيَنْقَطِعَ مَنْفَعَتُهُ عَنِ الْكُفَّارِ وَصَارَ كَتَخْرِيبِ الْبُنْيَانِ) ","أَلَا تَرَى إِلَى قَوْلِهِ لَا تَحْرِقَنَّ وَهُوَ رَضِيَ اللَّهُ عَنْهُ قَدْ عَلِمَ قَوْلَهُ عَلَيْهِ الصَّلَاةُ وَالسَّلَامُ {أَغِرْ عَلَى أَبْنَى صَبَاحًا ثُمَّ حَرِّقْ} بَقِيَ مُجَرَّدُ ذَبْحِ الْحَيَوَانِ وَأَنَّهُ لِغَرَضِ (12/471)
الْأَكْلِ جَائِزٌ؛ لِأَنَّهُ غَرَضٌ صَحِيحٌ (وَلَا غَرَضَ أَصَحَّ مِنْ كَسْرِ شَوْكَتِهِمْ) وَتَعْرِيضِهِمْ عَلَى الْهَلَكَةِ وَالْمَوْتِ وَإِنَّمَا يُحْرَقُ (لِيَنْقَطِعَ مَنْفَعَتُهُ عَنِ الْكُفَّارِ وَصَارَ كَتَخْرِيبِ الْبُنْيَانِ)"
"فرخها وعندهما المجاز المتعارف أولى وهذا يرجع إلى أصل وهو أن المجاز خلف عن الحقيقة في الحكم عندهما وعنده في التكلم وقد بيناه في أول العتاق ولو زرع الحنطة فأكل ما خرج منها لم يحنث
الشرح
قوله في المتن بالخبز في هذا البر) ","فَرْخِهَا وَعِنْدَهُمَا الْمَجَازُ الْمُتَعَارَفُ أَوْلَى وَهَذَا يَرْجِعُ إِلَى أَصْلٍ وَهُوَ أَنَّ الْمَجَازَ خَلَفٌ عَنِ الْحَقِيقَةِ فِي الْحُكْمِ عِنْدَهُمَا وَعِنْدَهُ فِي التَّكَلُّمِ وَقَدْ بَيَّنَّاهُ فِي أَوَّلِ الْعَتَاقِ وَلَوْ زَرَعَ الْحِنْطَةَ فَأَكَلَ مَا خَرَجَ مِنْهَا لَمْ يَحْنَثْ
الشَّرْحُ
قَوْلُهُ فِي الْمَتْنِ بِالْخُبْزِ فِي هَذَا الْبِرِّ) ","فَرْخِهَا وَعِنْدَهُمَا الْمَجَازُ الْمُتَعَارَفُ أَوْلَى وَهَذَا يَرْجِعُ إِلَى أَصْلٍ وَهُوَ أَنَّ الْمَجَازَ خَلَفٌ عَنِ الْحَقِيقَةِ فِي الْحُكْمِ عِنْدَهُمَا وَعِنْدَهُ فِي التَّكَلُّمِ وَقَدْ بَيَّنَّاهُ فِي أَوَّلِ الْعَتَاقِ وَلَوْ زَرَعَ الْحِنْطَةَ فَأَكَلَ مَا خَرَجَ مِنْهَا لَمْ يَحْنَثْ
الشَّرْحُ
قَوْلُهُ فِي الْمَتْنِ بِالْخُبْزِ فِي هَذَا الْبُرِّ)"
"فإنها تطلع على (2/282)
","فَإِنَّهَا تَطْلُعُ عَلَى (2/282)
",فَإِنَّهَا تَطْلُعُ عَلَى (2/282)
"سمع الله لمن حمده» . ثم رفع يديه حتى يحاذي بهما منكبيه، ثم اعتدل حتى جاء كل عضو إلى موضعه معتدلا، ثم يفعل فى الركعة الأخرى مثل ذلك، حتى إذا قام من الركعتين كبر ورفع يديه كما صنع فى ابتداء الصلاة حتى إذا كانت السجدة التى تكون حلة الصلاة رفع رأسه فيها، وقعد متوركا. (2/137)
2930- ","سَمِعَ اللَّهُ لِمَنْ حَمِدَهُ» . ثُمَّ رَفَعَ يَدَيْهِ حَتَّى يُحَاذِيَ بِهِمَا مَنْكِبَيْهِ، ثُمَّ اعْتَدَلَ حَتَّى جَاءَ كُلُّ عُضْوٍ إِلَى مَوْضِعِهِ مُعْتَدِلًا، ثُمَّ يَفْعَلُ فِى الرَّكْعَةِ الْأُخْرَى مِثْلَ ذَلِكَ، حَتَّى إِذَا قَامَ مِنَ الرَّكْعَتَيْنِ كَبَّرَ وَرَفَعَ يَدَيْهِ كَمَا صَنَعَ فِى ابْتِدَاءِ الصَّلَاةِ حَتَّى إِذَا كَانَتِ السَّجْدَةُ الَّتِى تَكُونُ حِلَّةَ الصَّلَاةِ رَفَعَ رَأْسَهُ فِيهَا، وَقَعَدَ مُتَوَرِّكًا. (2/137)
2930- ","سَمِعَ اللَّهُ لِمَنْ حَمِدَهُ» . ثُمَّ رَفَعَ يَدَيْهِ حَتَّى يُحَاذِيَ بِهِمَا مَنْكِبَيْهِ، ثُمَّ اعْتَدَلَ حَتَّى جَاءَ كُلُّ عُضْوٍ إِلَى مَوْضِعِهِ مُعْتَدِلًا، ثُمَّ يَفْعَلُ فِى الرَّكْعَةِ الْأُخْرَى مِثْلَ ذَلِكَ، حَتَّى إِذَا قَامَ مِنَ الرَّكْعَتَيْنِ كَبَّرَ وَرَفَعَ يَدَيْهِ كَمَا صَنَعَ فِى ابْتِدَاءِ الصَّلَاةِ حَتَّى إِذَا كَانَتِ السَّجْدَةُ الَّتِى تَكُونُ حِلَّةَ الصَّلَاةِ رَفَعَ رَأْسَهُ فِيهَا، وَقَعَدَ مُتَوَرِّكًا. (2/137)
2930-"
"تصرف الغاصب في المغصوب بوجه كبيعه من آخر ورهنه، وإيجاره وإيداعه، وهبته وإعارته، والتصدق وتسليمه.
وحكم هذا عبارة عن إجازة المغصوب منه إن وجدت شرائط الإجازة من طرف المغصوب منه وإلا فعبارة عن استرداده عينا.
وإذا تلف فهو عبارة عن تضمين بدله.
وستفصل أحكامه في شرح المادة (0 91) .
الحكم الثاني: ","تَصَرُّفُ الْغَاصِبِ فِي الْمَغْصُوبِ بِوَجْهٍ كَبَيْعِهِ مِنْ آخَرَ وَرَهْنِهِ، وَإِيجَارِهِ وَإِيدَاعِهِ، وَهِبَتِهِ وَإِعَارَتِهِ، وَالتَّصَدُّقِ وَتَسْلِيمِهِ.
وَحُكْمُ هَذَا عِبَارَةٌ عَنْ إِجَازَةِ الْمَغْصُوبِ مِنْهُ إِنْ وُجِدَتْ شَرَائِطُ الْإِجَازَةِ مِنْ طَرَفِ الْمَغْصُوبِ مِنْهُ وَإِلَّا فَعِبَارَةٌ عَنِ اسْتِرْدَادِهِ عَيْنًا.
وَإِذَا تَلِفَ فَهُوَ عِبَارَةٌ عَنْ تَضْمِينِ بَدَلِهِ.
وَسَتُفَصَّلُ أَحْكَامُهُ فِي شَرْحِ الْمَادَّةِ (0 91) .
الْحُكْمُ الثَّانِي: ","تَصَرُّفُ الْغَاصِبِ فِي الْمَغْصُوبِ بِوَجْهٍ كَبَيْعِهِ مِنْ آخَرَ وَرَهْنِهِ، وَإِيجَارِهِ وَإِيدَاعِهِ، وَهِبَتِهِ وَإِعَارَتِهِ، وَالتَّصَدُّقِ وَتَسْلِيمِهِ.
وَحُكْمُ هَذَا عِبَارَةٌ عَنْ إِجَازَةِ الْمَغْصُوبِ مِنْهُ إِنْ وُجِدَتْ شَرَائِطُ الْإِجَازَةِ مِنْ طَرَفِ الْمَغْصُوبِ مِنْهُ وَإِلَّا فَعِبَارَةٌ عَنِ اسْتِرْدَادِهِ عَيْنًا.
وَإِذَا تَلِفَ فَهُوَ عِبَارَةٌ عَنْ تَضْمِينِ بَدَلِهِ.
وَسَتُفَصَّلُ أَحْكَامُهُ فِي شَرْحِ الْمَادَّةِ (0 91) .
الْحُكْمُ الثَّانِي:"
"إن الفتنة تجىء من ها هنا» . وأومأ بيده نحو المشرق «من حيث يطلع قرنا الشيطان» . وأنتم يضرب بعضكم رقاب بعض وإنما قتل موسى الذى قتل من آل فرعون خطأ فقال الله عز وجل له (وقتلت نفسا فنجيناك من الغم وفتناك فتونا) قال أحمد بن عمر فى روايته عن سالم لم يقل سمعت. (8/181)
17 - ","إِنَّ الْفِتْنَةَ تَجِىءُ مِنْ هَا هُنَا» . وَأَوْمَأَ بِيَدِهِ نَحْوَ الْمَشْرِقِ «مِنْ حَيْثُ يَطْلُعُ قَرْنَا الشَّيْطَانِ» . وَأَنْتُمْ يَضْرِبُ بَعْضُكُمْ رِقَابَ بَعْضٍ وَإِنَّمَا قَتَلَ مُوسَى الَّذِى قَتَلَ مِنْ آلِ فِرْعَوْنَ خَطَأً فَقَالَ اللَّهُ عَزَّ وَجَلَّ لَهُ (وَقَتَلْتَ نَفْسًا فَنَجَّيْنَاكَ مِنَ الْغَمِّ وَفَتَنَّاكَ فُتُونًا) قَالَ أَحْمَدُ بْنُ عُمَرَ فِى رِوَايَتِهِ عَنْ سَالِمٍ لَمْ يَقُلْ سَمِعْتُ. (8/181)
17 - ","إِنَّ الْفِتْنَةَ تَجِىءُ مِنْ هَا هُنَا» . وَأَوْمَأَ بِيَدِهِ نَحْوَ الْمَشْرِقِ «مِنْ حَيْثُ يَطْلُعُ قَرْنَا الشَّيْطَانِ» . وَأَنْتُمْ يَضْرِبُ بَعْضُكُمْ رِقَابَ بَعْضٍ وَإِنَّمَا قَتَلَ مُوسَى الَّذِى قَتَلَ مِنْ آلِ فِرْعَوْنَ خَطَأً فَقَالَ اللَّهُ عَزَّ وَجَلَّ لَهُ (وَقَتَلْتَ نَفْسًا فَنَجَّيْنَاكَ مِنَ الْغَمِّ وَفَتَنَّاكَ فِتْنَةً) قَالَ أَحْمَدُ بْنُ عُمَرَ فِى رِوَايَتِهِ عَنْ سَالِمٍ لَمْ يَقُلْ سَمِعْتُ. (8/181)
17 -"
"والعدة إن دخل بها وخلا بها، والمهر المسمى إن دخل بها كالصحيح، ويسقط أيضا به الحد، و (لا) يصح (خلع) فيه (لخلوه عن العوض) لأنه إذا كان الطلاق بائنا بلا عوض: فلا يستحق عوضا ببذله، لأنه لا مقابل للعوض. (16/13)
و (لا) يقع طلاق (في) نكاح (باطل إجماعا) كنكاح معتدة وخامسة (ولا في نكاح فضولي قبل إجازته) ","وَالْعِدَّةُ إِنْ دَخَلَ بِهَا وَخَلَا بِهَا، وَالْمَهْرُ الْمُسَمَّى إِنْ دَخَلَ بِهَا كَالصَّحِيحِ، وَيَسْقُطُ أَيْضًا بِهِ الْحَدُّ، وَ (لَا) يَصِحُّ (خُلْعٌ) فِيهِ (لِخُلُوِّهِ عَنِ الْعِوَضِ) لِأَنَّهُ إِذَا كَانَ الطَّلَاقُ بَائِنًا بِلَا عِوَضٍ: فَلَا يَسْتَحِقُّ عِوَضًا بِبَذْلِهِ، لِأَنَّهُ لَا مُقَابِلَ لِلْعِوَضِ. (16/13)
وَ (لَا) يَقَعُ طَلَاقٌ (فِي) نِكَاحٍ (بَاطِلٍ إِجْمَاعًا) كَنِكَاحِ مُعْتَدَّةٍ وَخَامِسَةٍ (وَلَا فِي نِكَاحِ فُضُولِيٍّ قَبْلَ إِجَازَتِهِ) ","وَالْعِدَّةُ إِنْ دَخَلَ بِهَا وَخَلَا بِهَا، وَالْمَهْرُ الْمُسَمَّى إِنْ دَخَلَ بِهَا كَالصَّحِيحِ، وَيَسْقُطُ أَيْضًا بِهِ الْحَدُّ، وَ (لَا) يَصِحُّ (خُلْعٌ) فِيهِ (لِخُلُوِّهِ عَنِ الْعِوَضِ) لِأَنَّهُ إِذَا كَانَ الطَّلَاقُ بَائِنًا بِلَا عِوَضٍ: فَلَا يَسْتَحِقُّ عِوَضًا بِبَذْلِهِ، لِأَنَّهُ لَا مُقَابِلَ لِلْعِوَضِ. (16/13)
وَ (لَا) يَقَعُ طَلَاقٌ (فِي) نِكَاحٍ (بَاطِلٍ إِجْمَاعًا) كَنِكَاحِ مُعْتَدَّةٍ وَخَامِسَةٍ (وَلَا فِي نِكَاحٍ فُضُولِيٍّ قَبْلَ إِجَازَتِهِ)"
"لا تستحق النفقة ولو ارتدت في العدة ثم أسلمت وهي في العدة تعود النفقة، ووجه الفرق أن النفقة في الفصل الثاني بقيت واجبة بعد الفرقة (8/147)
قبل الردة لبقاء سبب الوجوب وهو حبس النكاح وقت وجوب العدة ثم امتنع وجوبها من بعد تعارض الردة فإذا عادت إلى الإسلام فقد زال العارض فتعود النفقة.
","لَا تَسْتَحِقُّ النَّفَقَةَ وَلَوِ ارْتَدَّتْ فِي الْعِدَّةِ ثُمَّ أَسْلَمَتْ وَهِيَ فِي الْعِدَّةِ تَعُودُ النَّفَقَةُ، وَوَجْهُ الْفَرْقِ أَنَّ النَّفَقَةَ فِي الْفَصْلِ الثَّانِي بَقِيَتْ وَاجِبَةً بَعْدَ الْفُرْقَةِ (8/147)
قَبْلَ الرِّدَّةِ لِبَقَاءِ سَبَبِ الْوُجُوبِ وَهُوَ حَبْسُ النِّكَاحِ وَقْتَ وُجُوبِ الْعِدَّةِ ثُمَّ امْتَنَعَ وُجُوبُهَا مِنْ بَعْدِ تَعَارُضِ الرِّدَّةِ فَإِذَا عَادَتْ إِلَى الْإِسْلَامِ فَقَدْ زَالَ الْعَارِضُ فَتَعُودُ النَّفَقَةُ.
","لَا تَسْتَحِقُّ النَّفَقَةَ وَلَوِ ارْتَدَّتْ فِي الْعِدَّةِ ثُمَّ أَسْلَمَتْ وَهِيَ فِي الْعِدَّةِ تَعُودُ النَّفَقَةُ، وَوَجْهُ الْفَرْقِ أَنَّ النَّفَقَةَ فِي الْفَصْلِ الثَّانِي بَقِيَتْ وَاجِبَةً بَعْدَ الْفُرْقَةِ (8/147)
قَبْلَ الرِّدَّةِ لِبَقَاءِ سَبَبِ الْوُجُوبِ وَهُوَ حَبْسُ النِّكَاحِ وَقْتَ وُجُوبِ الْعِدَّةِ ثُمَّ امْتَنَعَ وُجُوبُهَا مِنْ بَعْدِ تَعَارُضِ الرِّدَّةِ فَإِذَا عَادَتْ إِلَى الْإِسْلَامِ فَقَدْ زَالَ الْعَارِضُ فَتَعُودُ النَّفَقَةُ."
كلا كان أو بعضا، لاستحقاق المشتري بالفسخ استرجاع جميع الثمن، كزوج طلق قبل الدخول - وقد أبرئ من الصداق - أو وهب له، فإنه يرجع عليها بنصفه، (وبين إمساك مع أرش) عيب، لرضا المتبايعين على أن العوض في مقابلة المعوض، فكل جزء من المعوض يقابله جزء من العوض، ومع العيب فاته جزء فيرجع ببدله وهو الأرش، ,كُلًّا كَانَ أَوْ بَعْضًا، لِاسْتِحْقَاقِ الْمُشْتَرِي بِالْفَسْخِ اسْتِرْجَاعَ جَمِيعِ الثَّمَنِ، كَزَوْجٍ طَلَّقَ قَبْلَ الدُّخُولِ - وَقَدْ أُبْرِئَ مِنَ الصَّدَاقِ - أَوْ وُهِبَ لَهُ، فَإِنَّهُ يَرْجِعُ عَلَيْهَا بِنِصْفِهِ، (وَبَيْنَ إِمْسَاكٍ مَعَ أَرْشِ) عَيْبٍ، لِرِضَا الْمُتَبَايِعِينَ عَلَى أَنَّ الْعِوَضَ فِي مُقَابَلَةِ الْمُعَوَّضِ، فَكُلُّ جُزْءٍ مِنَ الْمُعَوَّضِ يُقَابِلُهُ جُزْءٌ مِنَ الْعِوَضِ، وَمَعَ الْعَيْبِ فَاتَهُ جُزْءٌ فَيَرْجِعُ بِبَدَلِهِ وَهُوَ الْأَرْشُ، ,كُلًّا كَانَ أَوْ بَعْضًا، لِاسْتِحْقَاقِ الْمُشْتَرِي بِالْفَسْخِ اسْتِرْجَاعَ جَمِيعِ الثَّمَنِ، كَزَوْجٍ طَلَّقَ قَبْلَ الدُّخُولِ - وَقَدْ أُبْرِئَ مِنَ الصَّدَاقِ - أَوْ وَهَبَ لَهُ، فَإِنَّهُ يَرْجِعُ عَلَيْهَا بِنِصْفِهِ، (وَبَيْنَ إِمْسَاكٍ مَعَ أَرْشِ) عَيْبٍ، لِرِضَا الْمُتَبَايِعَيْنِ عَلَى أَنَّ الْعِوَضَ فِي مُقَابَلَةِ الْمُعَوَّضِ، فَكُلُّ جُزْءٍ مِنَ الْمُعَوَّضِ يُقَابِلُهُ جُزْءٌ مِنَ الْعِوَضِ، وَمَعَ الْعَيْبِ فَاتَهُ جُزْءٌ فَيَرْجِعُ بِبَدَلِهِ وَهُوَ الْأَرْشُ،
"والأجل يعدم القبض فيفسد العقد، فإن أبطل صاحب الأجل أجله قبل الافتراق فنقد ما عليه ثم افترقا عن تقابض ينقلب جائزا عندنا خلافا لزفر وهاتان الشريطتان على الحقيقة فرعيتان لشريطة القبض إلا أن إحداهما تؤثر في نفس القبض والأخرى في صحته على ما بينا.
وأما خيار العيب وخيار الرؤية فيثبتان في هذا العقد؛ ","وَالْأَجَلُ يُعْدِمُ الْقَبْضَ فَيَفْسُدُ الْعَقْدُ، فَإِنْ أَبْطَلَ صَاحِبُ الْأَجَلِ أَجَلَهُ قَبْلَ الِافْتِرَاقِ فَنَقَدَ مَا عَلَيْهِ ثُمَّ افْتَرَقَا عَنْ تَقَابُضٍ يَنْقَلِبُ جَائِزًا عِنْدَنَا خِلَافًا لِزُفَرَ وَهَاتَانِ الشَّرِيطَتَانِ عَلَى الْحَقِيقَةِ فَرْعِيَّتَانِ لِشَرِيطَةِ الْقَبْضِ إِلَّا أَنَّ إِحْدَاهُمَا تُؤَثِّرُ فِي نَفْسِ الْقَبْضِ وَالْأُخْرَى فِي صِحَّتِهِ عَلَى مَا بَيَّنَّا.
وَأَمَّا خِيَارُ الْعَيْبِ وَخِيَارُ الرُّؤْيَةِ فَيَثْبُتَانِ فِي هَذَا الْعَقْدِ؛ ","وَالْأَجَلُ يُعْدِمُ الْقَبْضَ فَيَفْسُدُ الْعَقْدُ، فَإِنْ أَبْطَلَ صَاحِبُ الْأَجَلِ أَجَلَهُ قَبْلَ الِافْتِرَاقِ فَنَقَدَ مَا عَلَيْهِ ثُمَّ افْتَرَقَا عَنْ تَقَابُضٍ يَنْقَلِبُ جَائِزًا عِنْدَنَا خِلَافًا لِزُفَرَ وَهَاتَانِ الشَّرِيطَتَانِ عَلَى الْحَقِيقَةِ فَرْعِيَّتَانِ لِشَرِيطَةِ الْقَبْضِ إِلَّا أَنَّ إِحْدَاهُمَا تُؤَثِّرُ فِي نَفْسِ الْقَبْضِ وَالْأُخْرَى فِي صِحَّتِهِ عَلَى مَا بَيَّنَّا.
وَأَمَّا خِيَارُ الْعَيْبِ وَخِيَارُ الرُّؤْيَةِ فَيَثْبُتَانِ فِي هَذَا الْعَقْدِ؛"
"والصعود من المختلف فيه مع أن السيوري يقول الركوع للداخل وقت خطبة الجمعة أولى.
(قوله: لعدم (3/83)
اختصاص النفل به) أي بالحرمة، والباء داخلة على المقصور أي أن الحرمة ليست مقصورة على النفل بل الفرض كذلك وذكر لكونها بمعنى المنع أي كما يحرم النفل يحرم غيره (قوله ولعدم اختصاصه بوقت) ","وَالصُّعُودِ مِنَ الْمُخْتَلَفِ فِيهِ مَعَ أَنَّ السُّيُورِيَّ يَقُولُ الرُّكُوعُ لِلدَّاخِلِ وَقْتَ خُطْبَةِ الْجُمُعَةِ أَوْلَى.
(قَوْلُهُ: لِعَدَمِ (3/83)
اخْتِصَاصِ النَّفْلِ بِهِ) أَيْ بِالْحُرْمَةِ، وَالْبَاءُ دَاخِلَةٌ عَلَى الْمَقْصُورِ أَيْ أَنَّ الْحُرْمَةَ لَيْسَتْ مَقْصُورَةً عَلَى النَّفْلِ بَلِ الْفَرْضُ كَذَلِكَ وَذُكِرَ لِكَوْنِهَا بِمَعْنَى الْمَنْعِ أَيْ كَمَا يَحْرُمُ النَّفَلُ يَحْرُمُ غَيْرُهُ (قَوْلُهُ وَلِعَدَمِ اخْتِصَاصِهِ بِوَقْتٍ) ","وَالصُّعُودُ مِنَ الْمُخْتَلَفِ فِيهِ مَعَ أَنَّ السُّيُورِيَّ يَقُولُ الرُّكُوعُ لِلدَّاخِلِ وَقْتَ خُطْبَةِ الْجُمُعَةِ أَوْلَى.
(قَوْلُهُ: لِعَدَمِ (3/83)
اخْتِصَاصِ النَّفْلِ بِهِ) أَيْ بِالْحُرْمَةِ، وَالْبَاءُ دَاخِلَةٌ عَلَى الْمَقْصُورِ أَيْ أَنَّ الْحُرْمَةَ لَيْسَتْ مَقْصُورَةً عَلَى النَّفْلِ بَلِ الْفَرْضُ كَذَلِكَ وَذَكَرَ لِكَوْنِهَا بِمَعْنَى الْمَنْعِ أَيْ كَمَا يَحْرُمُ النَّفْلُ يَحْرُمُ غَيْرُهُ (قَوْلُهُ وَلِعَدَمِ اخْتِصَاصِهِ بِوَقْتٍ)"
ففي هذه الآية العظيمة يقرر ربنا أن يعطي الحكمة من يشاء من عباده، والحكمة هي المعارف والعلوم والأحكام والأخلاق، ومن أوتي هذه الأحكام والمعارف والأخلاق فإنه يؤتى خيرا كثيرا، والخير هنا مطلق يشمل الخير المادي والخير المعنوي، إن ذلك لا يتذكره أصحاب النفوس، إنما الذي يتذكره أصحاب الألباب أصحاب العقول الذين يعرفون معنى أن يؤتى الإنسان الحكمة، ,فَفِي هَذِهِ الْآيَةِ الْعَظِيمَةِ يُقَرِّرُ رَبُّنَا أَنْ يُعْطِيَ الْحِكْمَةَ مَنْ يَشَاءُ مِنْ عِبَادِهِ، وَالْحِكْمَةُ هِيَ الْمَعَارِفُ وَالْعُلُومُ وَالْأَحْكَامُ وَالْأَخْلَاقُ، وَمَنْ أُوتِيَ هَذِهِ الْأَحْكَامَ وَالْمَعَارِفَ وَالْأَخْلَاقَ فَإِنَّهُ يُؤْتَى خَيْرًا كَثِيرًا، وَالْخَيْرُ هُنَا مُطْلَقٌ يَشْمَلُ الْخَيْرَ الْمَادِّيَّ وَالْخَيْرَ الْمَعْنَوِيَّ، إِنَّ ذَلِكَ لَا يَتَذَكَّرُهُ أَصْحَابُ النُّفُوسِ، إِنَّمَا الَّذِي يَتَذَكَّرُهُ أَصْحَابُ الْأَلْبَابِ أَصْحَابُ الْعُقُولِ الَّذِينَ يَعْرِفُونَ مَعْنَى أَنْ يُؤْتَى الْإِنْسَانُ الْحِكْمَةَ، ,فَفِي هَذِهِ الْآيَةِ الْعَظِيمَةِ يُقَرِّرُ رَبُّنَا أَنْ يُعْطِيَ الْحِكْمَةَ مَنْ يَشَاءُ مِنْ عِبَادِهِ، وَالْحِكْمَةُ هِيَ الْمَعَارِفُ وَالْعُلُومُ وَالْأَحْكَامُ وَالْأَخْلَاقُ، وَمَنْ أُوتِيَ هَذِهِ الْأَحْكَامَ وَالْمَعَارِفَ وَالْأَخْلَاقَ فَإِنَّهُ يُؤْتَى خَيْرًا كَثِيرًا، وَالْخَيْرُ هُنَا مُطْلَقٌ يَشْمَلُ الْخَيْرَ الْمَادِّيَّ وَالْخَيْرَ الْمَعْنَوِيَّ، إِنَّ ذَلِكَ لَا يَتَذَكَّرُهُ أَصْحَابُ النُّفُوسِ، إِنَّمَا الَّذِي يَتَذَكَّرُهُ أَصْحَابُ الْأَلْبَابِ أَصْحَابُ الْعُقُولِ الَّذِينَ يَعْرِفُونَ مَعْنَى أَنْ يُؤْتَى الْإِنْسَانُ الْحِكْمَةَ،
"وإذا صلى وحده ففرغ عند نفسه من الأربع فقال له رجل إلى جنبه: إنك لم تصل إلا ثلاثا، والتفت الرجل إلى آخر فقال له: أحق ما يقول هذا؟ فقال: نعم، قال: يعيد الصلاة ولم يكن ينبغي له أن يكلمهما ولا يلتفت إليهما.
قال: وقال مالك: ","وَإِذَا صَلَّى وَحْدَهُ فَفَرَغَ عِنْدَ نَفْسِهِ مِنَ الْأَرْبَعِ فَقَالَ لَهُ رَجُلٌ إِلَى جَنْبِهِ: إِنَّكَ لَمْ تُصَلِّ إِلَّا ثَلَاثًا، وَالْتَفَتَ الرَّجُلُ إِلَى آخَرِ فَقَالَ لَهُ: أَحَقٌّ مَا يَقُولُ هَذَا؟ فَقَالَ: نَعَمْ، قَالَ: يُعِيدُ الصَّلَاةَ وَلَمْ يَكُنْ يَنْبَغِي لَهُ أَنْ يُكَلِّمَهُمَا وَلَا يَلْتَفِتَ إِلَيْهِمَا.
قَالَ: وَقَالَ مَالِكٌ: ","وَإِذَا صَلَّى وَحْدَهُ فَفَرَغَ عِنْدَ نَفْسِهِ مِنَ الْأَرْبَعِ فَقَالَ لَهُ رَجُلٌ إِلَى جَنْبِهِ: إِنَّكَ لَمْ تُصَلِّ إِلَّا ثَلَاثًا، وَالْتَفَتَ الرَّجُلُ إِلَى آخَرَ فَقَالَ لَهُ: أَحَقَّ مَا يَقُولُ هَذَا؟ فَقَالَ: نَعَمْ، قَالَ: يُعِيدُ الصَّلَاةَ وَلَمْ يَكُنْ يَنْبَغِي لَهُ أَنْ يُكَلِّمَهُمَا وَلَا يَلْتَفِتَ إِلَيْهِمَا.
قَالَ: وَقَالَ مَالِكٌ:"
"لأن قول القائف إنما جعل حجة لأحد المتداعيين لا أنه يثبت نسبا لازما على منكر.
ا ه.
ويجاب بأن إلحاق القائف أقوى من الانتساب.
أما لعانه لنفي التعزير فجائز وحيث لاعن المكلف إنما يلاعن (إن كان) الوطء المقذوف به (في النكاح) فلو قذف فيه بزنا أضافه إلى ما قبله ولا ولد لم يلاعن لأنه لا ضرورة إلى القذف حينئذ، ","لِأَنَّ قَوْلَ الْقَائِفِ إِنَّمَا جُعِلَ حُجَّةً لِأَحَدِ الْمُتَدَاعِيَيْنِ لَا أَنَّهُ يُثْبِتُ نَسَبًا لَازِمًا عَلَى مُنْكِرٍ.
ا ه.
وَيُجَابُ بِأَنَّ إِلْحَاقَ الْقَائِفِ أَقْوَى مِنَ الِانْتِسَابِ.
أَمَّا لِعَانُهُ لِنَفْيِ التَّعْزِيرِ فَجَائِزٌ وَحَيْثُ لَاعَنَ الْمُكَلَّفُ إِنَّمَا يُلَاعِنُ (إِنْ كَانَ) الْوَطْءُ الْمَقْذُوفُ بِهِ (فِي النِّكَاحِ) فَلَوْ قَذَفَ فِيهِ بِزِنًا أَضَافَهُ إِلَى مَا قَبْلَهُ وَلَا وَلَدَ لَمْ يُلَاعِنْ لِأَنَّهُ لَا ضَرُورَةَ إِلَى الْقَذْفِ حِينَئِذٍ، ","لِأَنَّ قَوْلَ الْقَائِفِ إِنَّمَا جُعِلَ حُجَّةً لِأَحَدِ الْمُتَدَاعِيَيْنِ لَا أَنَّهُ يُثْبِتُ نَسَبًا لَازِمًا عَلَى مُنْكِرٍ.
ا ه.
وَيُجَابُ بِأَنَّ إِلْحَاقَ الْقَائِفِ أَقْوَى مِنَ الِانْتِسَابِ.
أَمَّا لِعَانُهُ لِنَفْيِ التَّعْزِيرِ فَجَائِزٌ وَحَيْثُ لَاعَنَ الْمُكَلَّفُ إِنَّمَا يُلَاعِنُ (إِنْ كَانَ) الْوَطْءُ الْمَقْذُوفُ بِهِ (فِي النِّكَاحِ) فَلَوْ قَذَفَ فِيهِ بِزِنًا أَضَافَهُ إِلَى مَا قَبْلَهُ وَلَا وَلَدَ لَمْ يُلَاعِنْ لِأَنَّهُ لَا ضَرُورَةَ إِلَى الْقَذْفِ حِينَئِذٍ،"
"ففصله فلم يكفه لم يضمن نقصه ولا أرشه، وإن قال له إن كان يكفيني فاقطعه فقطعه، فلم يكفه ضمن أرش نقصه. (9/384)
قوله: (والقول الثاني) اعلم أن هذه طريقة حاكية للقولين المذكورين، والطريق الثاني أقوال ثالثها التحالف.
والطريق الثالث: ","فَفَصَّلَهُ فَلَمْ يَكْفِهِ لَمْ يَضْمَنْ نَقْصَهُ وَلَا أَرْشَهُ، وَإِنْ قَالَ لَهُ إِنْ كَانَ يَكْفِينِي فَاقْطَعْهُ فَقَطَعَهُ، فَلَمْ يَكْفِهِ ضَمِنَ أَرْشَ نَقْصِهِ. (9/384)
قَوْلُهُ: (وَالْقَوْلُ الثَّانِي) اعْلَمْ أَنَّ هَذِهِ طَرِيقَةٌ حَاكِيَةٌ لِلْقَوْلَيْنِ الْمَذْكُورَيْنِ، وَالطَّرِيقُ الثَّانِي أَقْوَالٌ ثَالِثُهَا التَّحَالُفُ.
وَالطَّرِيقُ الثَّالِثُ: ","فَفَصَلَهُ فَلَمْ يَكْفِهِ لَمْ يَضْمَنْ نَقْصَهُ وَلَا أَرْشَهُ، وَإِنْ قَالَ لَهُ إِنْ كَانَ يَكْفِينِي فَاقْطَعْهُ فَقَطَعَهُ، فَلَمْ يَكْفِهِ ضَمِنَ أَرْشَ نَقْصِهِ. (9/384)
قَوْلُهُ: (وَالْقَوْلُ الثَّانِي) اعْلَمْ أَنَّ هَذِهِ طَرِيقَةٌ حَاكِيَةٌ لِلْقَوْلَيْنِ الْمَذْكُورَيْنِ، وَالطَّرِيقُ الثَّانِي أَقْوَالٌ ثَالِثُهَا التَّحَالُفُ.
وَالطَّرِيقُ الثَّالِثُ:"
"فهو إلخ) أي مجيئه من الجعرانة ومنى.
(قوله: وما قيس به) لعل الأنسب إسقاط لفظة ما (قوله: وحكمته إلخ) ","فَهُوَ إِلَخْ) أَيْ مَجِيئُهُ مِنَ الْجِعْرَانَةِ وَمِنَى.
(قَوْلُهُ: وَمَا قِيسَ بِهِ) لَعَلَّ الْأَنْسَبَ إِسْقَاطُ لَفْظَةِ مَا (قَوْلُهُ: وَحِكْمَتُهُ إِلَخْ) ","فَهُوَ إِلَخْ) أَيْ مَجِيئُهُ مِنَ الْجُعْرَانَةِ وَمِنًى.
(قَوْلُهُ: وَمَا قِيسَ بِهِ) لَعَلَّ الْأَنْسَبَ إِسْقَاطُ لَفْظَةِ مَا (قَوْلُهُ: وَحِكْمَتُهُ إِلَخْ)"
"وقيد المسكين اتفاقي لجواز الصرف إلى غيره من مصارف الزكاة ا ه.
ويحتمل أن يكون مبالغة في قوله ستين ، ليشمل ما لو أطعم واحدا ستين يوما، لكن يغني عنه ما يأتي من تصريح المصنف به (قوله: ولا يجزئ غير المراهق) أي لو كان فيهم صبي لم يراهق لا يجزئ واختلف المشايخ فيه، ","وَقَيْدُ الْمِسْكِينِ اتِّفَاقِيٌّ لِجَوَازِ الصَّرْفِ إِلَى غَيْرِهِ مِنْ مَصَارِفِ الزَّكَاةِ ا ه.
وَيَحْتَمِلُ أَنْ يَكُونَ مُبَالَغَةً فِي قَوْلِهِ سِتِّينَ ، لِيَشْمَلَ مَا لَوْ أَطْعَمَ وَاحِدًا سِتِّينَ يَوْمًا، لَكِنْ يُغْنِي عَنْهُ مَا يَأْتِي مِنْ تَصْرِيحِ الْمُصَنِّفِ بِهِ (قَوْلُهُ: وَلَا يُجْزِئُ غَيْرُ الْمُرَاهِقِ) أَيْ لَوْ كَانَ فِيهِمْ صَبِيٌّ لَمْ يُرَاهِقْ لَا يُجْزِئُ وَاخْتَلَفَ الْمَشَايِخُ فِيهِ، ","وَقَيْدُ الْمِسْكِينِ اتِّفَاقِيٌّ لِجَوَازِ الصَّرْفِ إِلَى غَيْرِهِ مِنْ مَصَارِفِ الزَّكَاةِ ا ه.
وَيُحْتَمَلُ أَنْ يَكُونَ مُبَالَغَةً فِي قَوْلِهِ سِتِّينَ ، لِيَشْمَلَ مَا لَوْ أَطْعَمَ وَاحِدًا سِتِّينَ يَوْمًا، لَكِنْ يُغْنِي عَنْهُ مَا يَأْتِي مِنْ تَصْرِيحِ الْمُصَنِّفِ بِهِ (قَوْلُهُ: وَلَا يُجْزِئُ غَيْرُ الْمُرَاهِقِ) أَيْ لَوْ كَانَ فِيهِمْ صَبِيٌّ لَمْ يُرَاهَقْ لَا يُجْزِئُ وَاخْتَلَفَ الْمَشَايِخُ فِيهِ،"
الأولى أن يقول ثم بعد غسل ذلك المحل فرجا أو غيره يأتي بالسنن المتقدمة التي هي غسل اليدين مرة على ما قال والمضمضة والاستنشاق (قوله: بنية رفع الجنابة) لا حاجة لذلك بعد فرض أنه نوى الجنابة عند غسل ذكره فيحمل كلامه هذا على ما إذا لم ينو الجنابة عند غسل ذكره لكن يأتي على ما تقدم من التفصيل (قوله: ,الْأَوْلَى أَنْ يَقُولَ ثُمَّ بَعْدَ غَسْلِ ذَلِكَ الْمَحَلِّ فَرْجًا أَوْ غَيْرَهُ يَأْتِي بِالسُّنَنِ الْمُتَقَدِّمَةِ الَّتِي هِيَ غَسْلُ الْيَدَيْنِ مَرَّةً عَلَى مَا قَالَ وَالْمَضْمَضَةُ وَالِاسْتِنْشَاقُ (قَوْلُهُ: بِنِيَّةِ رَفْعِ الْجَنَابَةِ) لَا حَاجَةَ لِذَلِكَ بَعْدَ فَرْضِ أَنَّهُ نَوَى الْجَنَابَةَ عِنْدَ غَسْلِ ذَكَرِهِ فَيُحْمَلُ كَلَامُهُ هَذَا عَلَى مَا إِذَا لَمْ يَنْوِ الْجَنَابَةَ عِنْدَ غَسْلِ ذَكَرِهِ لَكِنْ يَأْتِي عَلَى مَا تَقَدَّمَ مِنَ التَّفْصِيلِ (قَوْلُهُ: ,الْأَوْلَى أَنْ يَقُولَ ثُمَّ بَعْدَ غَسْلِ ذَلِكَ الْمَحَلِّ فَرْجًا أَوْ غَيْرَهُ يَأْتِي بِالسُّنَنِ الْمُتَقَدِّمَةِ الَّتِي هِيَ غَسْلُ الْيَدَيْنِ مَرَّةً عَلَى مَا قَالَ وَالْمَضْمَضَةُ وَالِاسْتِنْشَاقُ (قَوْلُهُ: بِنِيَّةِ رَفْعِ الْجَنَابَةِ) لَا حَاجَةَ لِذَلِكَ بَعْدَ فَرْضِ أَنَّهُ نَوَى الْجَنَابَةَ عِنْدَ غَسْلِ ذَكَرِهِ فَيُحْمَلُ كَلَامُهُ هَذَا عَلَى مَا إِذَا لَمْ يَنْوِ الْجَنَابَةَ عِنْدَ غَسْلِ ذَكَرِهِ لَكِنْ يَأْتِي عَلَى مَا تَقَدَّمَ مِنَ التَّفْصِيلِ (قَوْلُهُ:
"وكذلك في الحركة، وكذلك في النقصان، وعلى هذا فتكثر الأقسام ولا يخفى حينئذ أمثلتها. (2/247)
التنبيه] الثالث أنه لا اعتبار بتنوع الحركة بالرفع والنصب والجر إذ لو اعتبرت لكثرت الأقسام. (2/248)
[التنبيه] الرابع أنهم جعلوا من أركان الاشتقاق المشاركة بين الأصل والفرع في الحروف الأصلية والتغيير، ثم جعلوا من أقسام التغيير نقصان الحروف، ","وَكَذَلِكَ فِي الْحَرَكَةِ، وَكَذَلِكَ فِي النُّقْصَانِ، وَعَلَى هَذَا فَتَكْثُرُ الْأَقْسَامُ وَلَا يَخْفَى حِينَئِذٍ أَمْثِلَتُهَا. (2/247)
التَّنْبِيهُ] الثَّالِثُ أَنَّهُ لَا اعْتِبَارَ بِتَنَوُّعِ الْحَرَكَةِ بِالرَّفْعِ وَالنَّصْبِ وَالْجَرِّ إِذْ لَوِ اعْتُبِرَتْ لَكَثُرَتِ الْأَقْسَامُ. (2/248)
[التَّنْبِيهُ] الرَّابِعُ أَنَّهُمْ جَعَلُوا مِنْ أَرْكَانِ الِاشْتِقَاقِ الْمُشَارَكَةَ بَيْنَ الْأَصْلِ وَالْفَرْعِ فِي الْحُرُوفِ الْأَصْلِيَّةِ وَالتَّغْيِيرِ، ثُمَّ جَعَلُوا مِنْ أَقْسَامِ التَّغْيِيرِ نُقْصَانَ الْحُرُوفِ، ","وَكَذَلِكَ فِي الْحَرَكَةِ، وَكَذَلِكَ فِي النُّقْصَانِ، وَعَلَى هَذَا فَتَكْثُرُ الْأَقْسَامُ وَلَا يَخْفَى حِينَئِذٍ أَمْثِلَتُهَا. (2/247)
التَّنْبِيهُ] الثَّالِثُ أَنَّهُ لَا اعْتِبَارَ بِتَنَوُّعِ الْحَرَكَةِ بِالرَّفْعِ وَالنَّصْبِ وَالْجَرِّ إِذْ لَوِ اعْتُبِرَتْ لَكَثُرَتِ الْأَقْسَامُ. (2/248)
[التَّنْبِيهُ] الرَّابِعُ أَنَّهُمْ جَعَلُوا مِنْ أَرْكَانِ الِاشْتِقَاقِ الْمُشَارَكَةَ بَيْنَ الْأَصْلِ وَالْفَرْعِ فِي الْحُرُوفِ الْأَصْلِيَّةِ وَالتَّغْيِيرِ، ثُمَّ جَعَلُوا مِنْ أَقْسَامِ التَّغْيِيرِ نُقْصَانَ الْحُرُوفِ،"
وليس المراد أنه يطلب منه أحدهما إذ طلب الكفر كفر بل أن يطالب بالإسلام عينا فإن أبى ورجع لدينه الأول لم يتعرض له، وقيل المراد ذلك وليس فيه طلب للكفر لأنه إخبار عن الحكم الشرعي كما يطالب بالإسلام، أو الجزية، وقول الزركشي ويظهر أن عدم قبول غير الإسلام فيما بعد عقد الجزية: أي قبل الانتقال، ,وَلَيْسَ الْمُرَادُ أَنَّهُ يُطْلَبُ مِنْهُ أَحَدُهُمَا إِذْ طَلَبُ الْكُفْرِ كُفْرٌ بَلْ أَنْ يُطَالَبَ بِالْإِسْلَامِ عَيْنًا فَإِنْ أَبَى وَرَجَعَ لِدِينِهِ الْأَوَّلِ لَمْ يُتَعَرَّضْ لَهُ، وَقِيلَ الْمُرَادُ ذَلِكَ وَلَيْسَ فِيهِ طَلَبٌ لِلْكُفْرِ لِأَنَّهُ إِخْبَارٌ عَنِ الْحُكْمِ الشَّرْعِيِّ كَمَا يُطَالَبُ بِالْإِسْلَامِ، أَوِ الْجِزْيَةِ، وَقَوْلُ الزَّرْكَشِيّ وَيُظْهِرُ أَنَّ عَدَمَ قَبُولِ غَيْرِ الْإِسْلَامِ فِيمَا بَعْدَ عَقْدِ الْجِزْيَةِ: أَيْ قَبْلَ الِانْتِقَالِ، ,وَلَيْسَ الْمُرَادُ أَنَّهُ يُطْلَبُ مِنْهُ أَحَدُهُمَا إِذْ طَلَبُ الْكُفْرِ كُفْرٌ بَلْ أَنْ يُطَالَبَ بِالْإِسْلَامِ عَيْنًا فَإِنْ أَبَى وَرَجَعَ لِدِينِهِ الْأَوَّلِ لَمْ يَتَعَرَّضْ لَهُ، وَقِيلَ الْمُرَادُ ذَلِكَ وَلَيْسَ فِيهِ طَلَبٌ لِلْكُفْرِ لِأَنَّهُ إِخْبَارٌ عَنِ الْحُكْمِ الشَّرْعِيِّ كَمَا يُطَالَبُ بِالْإِسْلَامِ، أَوِ الْجِزْيَةِ، وَقَوْلُ الزَّرْكَشِيّ وَيَظْهَرُ أَنَّ عَدَمَ قَبُولِ غَيْرِ الْإِسْلَامِ فِيمَا بَعْدَ عَقْدِ الْجِزْيَةِ: أَيْ قَبْلَ الِانْتِقَالِ،
"أي شيئا (لا ينقص) بضم التحتية وفتح النون وكسر القاف مشددة، أو بفتح فسكون فضم ومفعوله محذوف أي المبيع.
","أَيْ شَيْئًا (لَا يُنَقِّصُ) بِضَمِّ التَّحْتِيَّةِ وَفَتْحِ النُّونِ وَكَسْرِ الْقَافِ مُشَدَّدَةً، أَوْ بِفَتْحٍ فَسُكُونٍ فَضَمٍّ وَمَفْعُولُهُ مَحْذُوفٌ أَيِ الْمَبِيعَ.
",أَيْ شَيْئًا (لَا يَنْقُصُ) بِضَمِّ التَّحْتِيَّةِ وَفَتْحِ النُّونِ وَكَسْرِ الْقَافِ مُشَدَّدَةً، أَوْ بِفَتْحٍ فَسُكُونٍ فَضَمٍّ وَمَفْعُولُهُ مَحْذُوفٌ أَيِ الْمَبِيعُ.
"عن مسبوق سجد مع إمامه السجدة الأولى من سجدتي السهو وترك الثانية وسلم فهل للمسبوق أن يسجد الثانية وإذا سجدها هل تبطل صلاته أم لا؟ (فأجاب) بأنه لا يسجدها؛ لأنه إنما سجدها لمتابعة إمامه فإذا سجدها عامدا عالما بالتحريم بطلت صلاته (1/499)
(سئل) ","عَنْ مَسْبُوقٍ سَجَدَ مَعَ إِمَامِهِ السَّجْدَةَ الْأُولَى مِنْ سَجْدَتَيِ السَّهْوِ وَتَرَكَ الثَّانِيَةَ وَسَلَّمَ فَهَلْ لِلْمَسْبُوقِ أَنْ يَسْجُدَ الثَّانِيَةَ وَإِذَا سَجَدَهَا هَلْ تَبْطُلُ صَلَاتُهُ أَمْ لَا؟ (فَأَجَابَ) بِأَنَّهُ لَا يَسْجُدُهَا؛ لِأَنَّهُ إِنَّمَا سَجَدَهَا لِمُتَابَعَةِ إِمَامِهِ فَإِذَا سَجَدَهَا عَامِدًا عَالِمًا بِالتَّحْرِيمِ بَطَلَتْ صَلَاتُهُ (1/499)
(سُئِلَ) ","عَنْ مَسْبُوقٍ سَجَدَ مَعَ إِمَامِهِ السَّجْدَةَ الْأُولَى مِنْ سَجْدَتَيِ السَّهْوِ وَتَرَكَ الثَّانِيَةَ وَسَلَّمَ فَهَلْ لِلْمَسْبُوقِ أَنْ يَسْجُدَ الثَّانِيَةَ وَإِذَا سَجَدَهَا هَلْ تَبْطُلُ صَلَاتُهُ أَمْ لَا؟ (فَأَجَابَ) بِأَنَّهُ لَا يَسْجُدُهَا؛ لِأَنَّهُ إِنَّمَا سَجَدَهَا لِمُتَابَعَةِ إِمَامِهِ فَإِذَا سَجَدَهَا عَامِدًا عَالِمًا بِالتَّحْرِيمِ بَطَلَتْ صَلَاتُهُ (1/499)
(سُئِلَ)"
"ثم رأيت البارزي صرح به وحينئذ يشكل التعليل السالف. (3/375)
(ولو علم المأموم في ركوعه أنه ترك الفاتحة) بأن نسيها (أو شك) في فعلها (لم يعد إليها) بالعود إلى محلها لفواته (بل يصلي ركعة بعد سلام الإمام، فلو علم) بتركها (أو شك) في فعلها (وقد ركع الإمام ولم يركع هو قرأها) ","ثُمَّ رَأَيْت الْبَارِزِيَّ صَرَّحَ بِهِ وَحِينَئِذٍ يُشْكِلُ التَّعْلِيلُ السَّالِفُ. (3/375)
(وَلَوْ عَلِمَ الْمَأْمُومُ فِي رُكُوعِهِ أَنَّهُ تَرَكَ الْفَاتِحَةَ) بِأَنْ نَسِيَهَا (أَوْ شَكَّ) فِي فِعْلِهَا (لَمْ يَعُدْ إِلَيْهَا) بِالْعَوْدِ إِلَى مَحَلِّهَا لِفَوَاتِهِ (بَلْ يُصَلِّي رَكْعَةً بَعْدَ سَلَامِ الْإِمَامِ، فَلَوْ عَلِمَ) بِتَرْكِهَا (أَوْ شَكَّ) فِي فِعْلِهَا (وَقَدْ رَكَعَ الْإِمَامُ وَلَمْ يَرْكَعْ هُوَ قَرَأَهَا) ","ثُمَّ رَأَيْت الْبَارِزِيَّ صَرَّحَ بِهِ وَحِينَئِذٍ يُشْكِلُ التَّعْلِيلُ السَّالِفُ. (3/375)
(وَلَوْ عَلِمَ الْمَأْمُومُ فِي رُكُوعِهِ أَنَّهُ تَرَكَ الْفَاتِحَةَ) بِأَنْ نَسِيَهَا (أَوْ شَكَّ) فِي فِعْلِهَا (لَمْ يَعُدْ إِلَيْهَا) بِالْعَوْدِ إِلَى مَحَلِّهَا لِفَوَاتِهِ (بَلْ يُصَلِّي رَكْعَةً بَعْدَ سَلَامِ الْإِمَامِ، فَلَوْ عَلِمَ) بِتَرْكِهَا (أَوْ شَكَّ) فِي فِعْلِهَا (وَقَدْ رَكَعَ الْإِمَامُ وَلَمْ يَرْكَعْ هُوَ قَرَأَهَا)"
دون ما حكم به الكاتب، وكتب به فلا يقدح فسقه فيه فللمكتوب إليه أن يحكم به؛ لأن حكمه لا ينقض بفسقه، (ويلزم من وصل إليه) الكتاب من الحكام (العمل به) أي الكتاب، (تغير المكتوب إليه) الكتاب بموت أو عزل أو غيرهما (أو لا اكتفاء بالبينة بدليل ما لو ضاع) الكتاب (أو انمحى) ,دُونَ مَا حَكَمَ بِهِ الْكَاتِبُ، وَكَتَبَ بِهِ فَلَا يَقْدَحُ فِسْقُهُ فِيهِ فَلِلْمَكْتُوبِ إِلَيْهِ أَنْ يَحْكُمَ بِهِ؛ لِأَنَّ حُكْمَهُ لَا يُنْقَضُ بِفِسْقِهِ، (وَيَلْزَمُ مَنْ وَصَلَ إِلَيْهِ) الْكِتَابُ مِنَ الْحُكَّامِ (الْعَمَلُ بِهِ) أَيِ الْكِتَابِ، (تَغَيَّرَ الْمَكْتُوبُ إِلَيْهِ) الْكِتَابُ بِمَوْتٍ أَوْ عَزْلٍ أَوْ غَيْرِهِمَا (أَوْ لَا اكْتِفَاءً بِالْبَيِّنَةِ بِدَلِيلِ مَا لَوْ ضَاعَ) الْكِتَابُ (أَوِ انْمَحَى) ,دُونَ مَا حَكَمَ بِهِ الْكَاتِبُ، وَكَتَبَ بِهِ فَلَا يَقْدَحُ فِسْقُهُ فِيهِ فَلِلْمَكْتُوبِ إِلَيْهِ أَنْ يَحْكُمَ بِهِ؛ لِأَنَّ حُكْمَهُ لَا يُنْقَضُ بِفِسْقِهِ، (وَيَلْزَمُ مَنْ وَصَلَ إِلَيْهِ) الْكِتَابُ مِنَ الْحُكَّامِ (الْعَمَلُ بِهِ) أَيِ الْكِتَابِ، (تَغَيَّرَ الْمَكْتُوبُ إِلَيْهِ) الْكِتَابُ بِمَوْتٍ أَوْ عَزْلٍ أَوْ غَيْرِهِمَا (أَوْ لَا اكْتِفَاءَ بِالْبَيِّنَةِ بِدَلِيلِ مَا لَوْ ضَاعَ) الْكِتَابُ (أَوِ انْمَحَى)
وقال محمد كذلك إلا في العبد الأخير فإنه يعتق ربعه أما الخارج فلأن الإيجاب الأول دائر بينه وبين الثابت فأوجب عتق رقبة بينهما لاستوائهما فيصيب كل واحد منهما النصف، غير أن الثابت استفاد بالإيجاب الثاني ربعا آخر؛ ,وَقَالَ مُحَمَّدٌ كَذَلِكَ إِلَّا فِي الْعَبْدِ الْأَخِيرِ فَإِنَّهُ يَعْتِقُ رُبْعُهُ أَمَّا الْخَارِجُ فَلِأَنَّ الْإِيجَابَ الْأَوَّلَ دَائِرٌ بَيْنَهُ وَبَيْنَ الثَّابِتِ فَأَوْجَبَ عِتْقَ رَقَبَةٍ بَيْنَهُمَا لِاسْتِوَائِهِمَا فَيُصِيبُ كُلَّ وَاحِدٍ مِنْهُمَا النِّصْفُ، غَيْرَ أَنَّ الثَّابِتَ اسْتَفَادَ بِالْإِيجَابِ الثَّانِي رُبْعًا آخَرَ؛ ,وَقَالَ مُحَمَّدٌ كَذَلِكَ إِلَّا فِي الْعَبْدِ الْأَخِيرِ فَإِنَّهُ يَعْتِقُ رُبْعَهُ أَمَّا الْخَارِجُ فَلِأَنَّ الْإِيجَابَ الْأَوَّلَ دَائِرٌ بَيْنَهُ وَبَيْنَ الثَّابِتِ فَأَوْجَبَ عِتْقَ رَقَبَةٍ بَيْنَهُمَا لِاسْتِوَائِهِمَا فَيُصِيبُ كُلُّ وَاحِدٍ مِنْهُمَا النِّصْفَ، غَيْرَ أَنَّ الثَّابِتَ اسْتَفَادَ بِالْإِيجَابِ الثَّانِي رُبْعًا آخَرَ؛
حتى (خادم زوجته إن لزمته نفقته) لأن الفطرة تابعة للنفقة وكذا مريض لا يحتاج نفقة لعموم حديث ابن عمر قال {أمرنا النبي صلى الله عليه وسلم بصدقة الفطر عن الصغير والكبير والحر، والعبد، ممن تمونون} رواه الدارقطني وروى أبو بكر في الشافي نحوه من حديث أبي هريرة (ولا تلزم) الفطرة (الزوج لبائن حامل) ، ,حَتَّى (خَادِمُ زَوْجَتِهِ إِنْ لَزِمَتْهُ نَفَقَتُهُ) لِأَنَّ الْفِطْرَةَ تَابِعَةٌ لِلنَّفَقَةِ وَكَذَا مَرِيضٌ لَا يَحْتَاجُ نَفَقَةً لِعُمُومِ حَدِيثِ ابْنِ عُمَرَ قَالَ {أَمَرَنَا النَّبِيُّ صَلَّى اللَّهُ عَلَيْهِ وَسَلَّمَ بِصَدَقَةِ الْفِطْرِ عَنِ الصَّغِيرِ وَالْكَبِيرِ وَالْحُرِّ، وَالْعَبْدِ، مِمَّنْ تَمُونُونَ} رَوَاهُ الدَّارَقُطْنِيّ وَرَوَى أَبُو بَكْرٍ فِي الشَّافِي نَحْوَهُ مِنْ حَدِيثِ أَبِي هُرَيْرَةَ (وَلَا تَلْزَمُ) الْفِطْرَةُ (الزَّوْجَ لِبَائِنٍ حَامِلٍ) ، ,حَتَّى (خَادِمُ زَوْجَتِهِ إِنْ لَزِمَتْهُ نَفَقَتُهُ) لِأَنَّ الْفِطْرَةَ تَابِعَةٌ لِلنَّفَقَةِ وَكَذَا مَرِيضٌ لَا يَحْتَاجُ نَفَقَةً لِعُمُومِ حَدِيثِ ابْنِ عُمَرَ قَالَ {أَمَرَنَا النَّبِيُّ صَلَّى اللَّهُ عَلَيْهِ وَسَلَّمَ بِصَدَقَةِ الْفِطْرِ عَنِ الصَّغِيرِ وَالْكَبِيرِ وَالْحُرِّ، وَالْعَبْدِ، مِمَّنْ تَمَّوَّنُونِ} رَوَاهُ الدَّارَقُطْنِيّ وَرَوَى أَبُو بَكْرٍ فِي الشَّافِي نَحْوَهُ مِنْ حَدِيثِ أَبِي هُرَيْرَةَ (وَلَا تَلْزَمُ) الْفِطْرَةُ (الزَّوْجَ لِبَائِنٍ حَامِلٍ) ،
"رجل باع شيئا لرجل من رجل ثم قال البائع: إن صاحبه لم يأمرني به وقال المشتري: بل أمر به فإن القول قول الذي يدعي الأمر؛ (11/246)
","رَجُلٌ بَاعَ شَيْئًا لِرَجُلٍ مِنْ رَجُلٍ ثُمَّ قَالَ الْبَائِعُ: إِنَّ صَاحِبَهُ لَمْ يَأْمُرْنِي بِهِ وَقَالَ الْمُشْتَرِي: بَلْ أَمَرَ بِهِ فَإِنَّ الْقَوْلَ قَوْلُ الَّذِي يَدَّعِي الْأَمْرَ؛ (11/246)
",رَجُلٌ بَاعَ شَيْئًا لِرَجُلٍ مِنْ رَجُلٍ ثُمَّ قَالَ الْبَائِعُ: إِنَّ صَاحِبَهُ لَمْ يَأْمُرْنِي بِهِ وَقَالَ الْمُشْتَرِي: بَلْ أَمَرَ بِهِ فَإِنَّ الْقَوْلَ قَوْلُ الَّذِي يَدَّعِي الْأَمْرَ؛ (11/246)
لأنه لو أطعمه الكل في الابتداء يجوز وإن كان غنيا فكذا له أن يحل له في الانتهاء (وإن تشاحا) أي تنازعا بأن أضحيتي أعظم وأسمن ولم يرضيا (ضمن كل) واحد منهما (صاحبه قيمة لحمه) ؛ لأن التضحية لما وقعت لصاحبه كان اللحم له ومن أتلف لحم أضحية غيره ضمنه (وتصدق بها) ,لِأَنَّهُ لَوْ أَطْعَمَهُ الْكُلَّ فِي الِابْتِدَاءِ يَجُوزُ وَإِنْ كَانَ غَنِيًّا فَكَذَا لَهُ أَنْ يَحِلَّ لَهُ فِي الِانْتِهَاءِ (وَإِنْ تَشَاحَّا) أَيْ تَنَازَعَا بِأَنَّ أُضْحِيَّتِي أَعْظَمُ وَأَسْمَنُ وَلَمْ يَرْضَيَا (ضَمَّنَ كُلُّ) وَاحِدٍ مِنْهُمَا (صَاحِبَهُ قِيمَةَ لَحْمِهِ) ؛ لِأَنَّ التَّضْحِيَةَ لَمَّا وَقَعَتْ لِصَاحِبِهِ كَانَ اللَّحْمُ لَهُ وَمَنْ أَتْلَفَ لَحْمَ أُضْحِيَّةِ غَيْرِهِ ضَمَّنَهُ (وَتَصَدَّقَ بِهَا) ,لِأَنَّهُ لَوْ أَطْعَمَهُ الْكُلَّ فِي الِابْتِدَاءِ يَجُوزُ وَإِنْ كَانَ غَنِيًّا فَكَذَا لَهُ أَنْ يَحِلَّ لَهُ فِي الِانْتِهَاءِ (وَإِنْ تَشَاحَّا) أَيْ تَنَازَعَا بِأَنَّ أُضْحِيَّتَيْهِ أَعْظَمُ وَأَسْمَنُ وَلَمْ يَرْضَيَا (ضَمِنَ كُلُّ) وَاحِدٍ مِنْهُمَا (صَاحِبَهُ قِيمَةَ لَحْمِهِ) ؛ لِأَنَّ التَّضْحِيَةَ لَمَّا وَقَعَتْ لِصَاحِبِهِ كَانَ اللَّحْمُ لَهُ وَمَنْ أَتْلَفَ لَحْمَ أُضْحِيَّةِ غَيْرِهِ ضَمِنَهُ (وَتَصَدَّقَ بِهَا)
لأن الجهل لا يؤثر في الضمان ومن ثم غرم الدية والكفارة إذا قتل جاهلا العزل كما يأتي قبيل الديات ولا يرجع على المعتمد الآتي بما غرمه على موكله وإن غره وبهذا اعترض إفتاء الشاشي والغزالي فيما لو اشترى شيئا لموكله جاهلا بانعزاله فتلف في يده فغرم بدله رجع به على الموكل؛ ,لِأَنَّ الْجَهْلَ لَا يُؤَثِّرُ فِي الضَّمَانِ وَمِنْ ثَمَّ غَرِمَ الدِّيَةَ وَالْكَفَّارَةَ إِذَا قَتَلَ جَاهِلًا الْعَزْلَ كَمَا يَأْتِي قُبَيْلَ الدِّيَاتِ وَلَا يَرْجِعُ عَلَى الْمُعْتَمَدِ الْآتِي بِمَا غَرِمَهُ عَلَى مُوَكِّلِهِ وَإِنْ غَرَّهُ وَبِهَذَا اعْتَرَضَ إِفْتَاءُ الشَّاشِيِّ وَالْغَزَالِيِّ فِيمَا لَوِ اشْتَرَى شَيْئًا لِمُوَكِّلِهِ جَاهِلًا بِانْعِزَالِهِ فَتَلِفَ فِي يَدِهِ فَغَرِمَ بَدَلَهُ رَجَعَ بِهِ عَلَى الْمُوَكِّلِ؛ ,لِأَنَّ الْجَهْلَ لَا يُؤَثِّرُ فِي الضَّمَانِ وَمِنْ ثَمَّ غَرِمَ الدِّيَةَ وَالْكَفَّارَةَ إِذَا قَتَلَ جَاهِلًا الْعَزْلَ كَمَا يَأْتِي قُبَيْلَ الدِّيَاتِ وَلَا يَرْجِعُ عَلَى الْمُعْتَمَدِ الْآتِي بِمَا غَرِمَهُ عَلَى مُوَكِّلِهِ وَإِنْ غَرَّهُ وَبِهَذَا اعْتُرِضَ إِفْتَاءُ الشَّاشِيِّ وَالْغَزَالِيِّ فِيمَا لَوِ اشْتَرَى شَيْئًا لِمُوَكِّلِهِ جَاهِلًا بِانْعِزَالِهِ فَتَلِفَ فِي يَدِهِ فَغَرِمَ بَدَلَهُ رَجَعَ بِهِ عَلَى الْمُوَكِّلِ؛
"والأمر في تعجيزه للورثة، قاله في الشرح ، وما قبضه الموصى له فهو له، وتبطل الوصية فيما لم يقبضه، لفوات محله. (14/321)
(فصل: وتصح كتابة عدد) من رقيقه (بعوض) واحد كأن يكاتب عبدين على مائتين إلى سنتين كل سنة مائة، كما لو باعهم كذلك لواحد (ويقسط) العوض بينهم (على القيم) ؛ أي: قيمة كل منهم (يوم العقد) ","وَالْأَمْرُ فِي تَعْجِيزِهِ لِلْوَرَثَةِ، قَالَهُ فِي الشَّرْحِ ، وَمَا قَبَضَهُ الْمُوصَى لَهُ فَهُوَ لَهُ، وَتَبْطُلُ الْوَصِيَّةُ فِيمَا لَمْ يَقْبِضْهُ، لِفَوَاتِ مَحَلِّهِ. (14/321)
(فَصْلٌ: وَتَصِحُّ كِتَابَةُ عَدَدٍ) مِنْ رَقِيقِهِ (بِعِوَضٍ) وَاحِدٍ كَأَنْ يُكَاتِبَ عَبْدَيْنِ عَلَى مِائَتَيْنِ إِلَى سَنَتَيْنِ كُلُّ سَنَةٍ مِائَةٌ، كَمَا لَوْ بَاعَهُمْ كَذَلِكَ لِوَاحِدٍ (وَيُقَسَّطُ) الْعِوَضُ بَيْنَهُمْ (عَلَى الْقِيَمِ) ؛ أَيْ: قِيمَةِ كُلٍّ مِنْهُمْ (يَوْمَ الْعَقْدِ) ","وَالْأَمْرُ فِي تَعْجِيزِهِ لِلْوَرَثَةِ، قَالَهُ فِي الشَّرْحِ ، وَمَا قَبَضَهُ الْمُوصَى لَهُ فَهُوَ لَهُ، وَتَبْطُلُ الْوَصِيَّةُ فِيمَا لَمْ يَقْبِضْهُ، لِفَوَاتِ مَحَلِّهِ. (14/321)
(فَصْلٌ: وَتَصِحُّ كِتَابَةُ عَدَدٍ) مِنْ رَقِيقِهِ (بِعِوَضٍ) وَاحِدٍ كَأَنْ يُكَاتِبَ عَبْدَيْنِ عَلَى مِائَتَيْنِ إِلَى سَنَتَيْنِ كُلُّ سَنَةٍ مِائَةٌ، كَمَا لَوْ بَاعَهُمْ كَذَلِكَ لِوَاحِدٍ (وَيُقَسَّطُ) الْعِوَضُ بَيْنَهُمْ (عَلَى الْقِيَمِ) ؛ أَيْ: قِيمَةِ كُلٍّ مِنْهُمْ (يَوْمَ الْعَقْدِ)"
"أنهم كانوا يشددون على أنفسهم، ويلزمون غيرهم الشدة أيضا والتزام الحرج ديدنا في سلوك طريق الآخرة، وعدوا من لم يدخل تحت هذا الالتزام مقصرا مطرودا ومحروما، وربما فهموا ذلك من بعض الإطلاقات الشرعية، فرشحوا بذلك ما التزموه، فأفضى الأمر بهم إلى الخروج عن السنة إلى البدعة الحقيقية أو الإضافية.
فمن ذلك أن يكون للمكلف طريقان في سلوكه للآخرة: ","أَنَّهُمْ كَانُوا يُشَدِّدُونَ عَلَى أَنْفُسِهِمْ، وَيُلْزِمُونَ غَيْرَهُمُ الشِّدَّةَ أَيْضًا وَالْتِزَامَ الْحَرَجِ دَيْدَنًا فِي سُلُوكِ طَرِيقِ الْآخِرَةِ، وَعَدُّوا مَنْ لَمْ يَدْخُلْ تَحْتَ هَذَا الِالْتِزَامِ مُقَصِّرًا مَطْرُودًا وَمَحْرُومًا، وَرُبَّمَا فَهِمُوا ذَلِكَ مِنْ بَعْضِ الْإِطْلَاقَاتِ الشَّرْعِيَّةِ، فَرَشَّحُوا بِذَلِكَ مَا الْتَزَمُوهُ، فَأَفْضَى الْأَمْرُ بِهِمْ إِلَى الْخُرُوجِ عَنِ السُّنَّةِ إِلَى الْبِدْعَةِ الْحَقِيقِيَّةِ أَوِ الْإِضَافِيَّةِ.
فَمِنْ ذَلِكَ أَنْ يَكُونَ لِلْمُكَلَّفِ طَرِيقَانِ فِي سُلُوكِهِ لِلْآخِرَةِ: ","أَنَّهُمْ كَانُوا يُشَدِّدُونَ عَلَى أَنْفُسِهِمْ، وَيُلْزِمُونَ غَيْرَهُمُ الشِّدَّةَ أَيْضًا وَالْتِزَامُ الْحَرَجِ دِيدَنًا فِي سُلُوكِ طَرِيقِ الْآخِرَةِ، وَعَدُّوا مَنْ لَمْ يَدْخُلْ تَحْتَ هَذَا الِالْتِزَامِ مُقَصِّرًا مَطْرُودًا وَمَحْرُومًا، وَرُبَّمَا فَهِمُوا ذَلِكَ مِنْ بَعْضِ الْإِطْلَاقَاتِ الشَّرْعِيَّةِ، فَرَشَّحُوا بِذَلِكَ مَا الْتَزَمُوهُ، فَأَفْضَى الْأَمْرُ بِهِمْ إِلَى الْخُرُوجِ عَنِ السُّنَّةِ إِلَى الْبِدْعَةِ الْحَقِيقِيَّةِ أَوِ الْإِضَافِيَّةِ.
فَمِنْ ذَلِكَ أَنْ يَكُونَ لِلْمُكَلَّفِ طَرِيقَانِ فِي سُلُوكِهِ لِلْآخِرَةِ:"
"وقال سيدي زروق قيل إن العطاس من الله ومعناه من حيز الخير قالوا؛ لأنه يخفف الدماغ ويسهل بعض العبادات وفي الحديث {أنه (4/119)
يقطع عرق الفالج والسعال يقطع عرق البرص والزكام يقطع عرق الجذام والرمد يقطع عرق العمى} ","وَقَالَ سَيِّدِي زَرُّوقٌ قِيلَ إِنَّ الْعُطَاسَ مِنَ اللَّهِ وَمَعْنَاهُ مِنْ حَيِّزِ الْخَيْرِ قَالُوا؛ لِأَنَّهُ يُخَفِّفُ الدِّمَاغَ وَيُسَهِّلُ بَعْضَ الْعِبَادَاتِ وَفِي الْحَدِيثِ {أَنَّهُ (4/119)
يَقْطَعُ عِرْقَ الْفَالِجِ وَالسُّعَالُ يَقْطَعُ عِرْقَ الْبَرَصِ وَالزُّكَامُ يَقْطَعُ عِرْقَ الْجُذَامِ وَالرَّمَدُ يَقْطَعُ عِرْقَ الْعَمَى} ","وَقَالَ سَيِّدِي زَرُّوقٌ قِيلَ إِنَّ الْعُطَاسَ مِنَ اللَّهِ وَمَعْنَاهُ مِنْ حَيِّزِ الْخَيْرِ قَالُوا؛ لِأَنَّهُ يُخَفِّفُ الدِّمَاغَ وَيُسَهِّلُ بَعْضَ الْعِبَادَاتِ وَفِي الْحَدِيثِ {أَنَّهُ (4/119)
يَقْطَعُ عِرْقَ الْفَالِجِ وَالسُّعَالُ يَقْطَعُ عِرْقَ الْبَرَصِ وَالزُّكَامُ يَقْطَعُ عِرْقَ الْجُذَامِ وَالرَّمَدُ يَقْطَعُ عِرْقَ الْعَمَى}"
"ص: 796] سائر أهل الفرق، وأشد فتنة. وبيانه أن مذاهب أهل الأهواء قد اشتهرت الأحاديث التي تردها واستفاضت، وأهل الأهواء مقموعون في الأمر الغالب عند الخاصة والعامة، بخلاف الفتيا، فإن أدلتها من الكتاب والسنة لا يعرفها إلا الأفراد، ولا يميز ضعيفها من قويها إلا الخاصة، وقد ينتصب للفتيا والقضاء ممن يخالفها كثير.
","ص: 796] سَائِرِ أَهْلِ الْفِرَقِ، وَأَشَدُّ فِتْنَةً. وَبَيَانُهُ أَنَّ مَذَاهِبَ أَهْلِ الْأَهْوَاءِ قَدِ اشْتَهَرَتِ الْأَحَادِيثُ الَّتِي تَرُدُّهَا وَاسْتَفَاضَتْ، وَأَهْلُ الْأَهْوَاءِ مَقْمُوعُونَ فِي الْأَمْرِ الْغَالِبِ عِنْدَ الْخَاصَّةِ وَالْعَامَّةِ، بِخِلَافِ الْفُتْيَا، فَإِنَّ أَدِلَّتَهَا مِنِ الْكِتَابِ وَالسُّنَّةِ لَا يَعْرِفُهَا إِلَّا الْأَفْرَادُ، وَلَا يُمَيِّزُ ضَعِيفَهَا مِنْ قَوِيِّهَا إِلَّا الْخَاصَّةُ، وَقَدْ يَنْتَصِبُ لَلْفُتْيَا وَالْقَضَاءِ مِمَّنْ يُخَالِفُهَا كَثِيرٌ.
",ص: 796] سَائِرُ أَهْلِ الْفِرَقِ، وَأَشَدُّ فِتْنَةً. وَبَيَانُهُ أَنَّ مَذَاهِبَ أَهْلِ الْأَهْوَاءِ قَدِ اشْتَهَرَتِ الْأَحَادِيثُ الَّتِي تَرُدُّهَا وَاسْتَفَاضَتْ، وَأَهْلُ الْأَهْوَاءِ مَقْمُوعُونَ فِي الْأَمْرِ الْغَالِبِ عِنْدَ الْخَاصَّةِ وَالْعَامَّةِ، بِخِلَافِ الْفُتْيَا، فَإِنَّ أَدِلَّتَهَا مِنَ الْكِتَابِ وَالسُّنَّةِ لَا يَعْرِفُهَا إِلَّا الْأَفْرَادُ، وَلَا يُمَيِّزُ ضَعِيفَهَا مِنْ قَوِيِّهَا إِلَّا الْخَاصَّةُ، وَقَدْ يَنْتَصِبُ لِلْفُتْيَا وَالْقَضَاءِ مِمَّنْ يُخَالِفُهَا كَثِيرٌ.
"تثنية أذن بضم الذال ويجوز إسكانها تخفيفا وكذا كل ما كان على فعل بضم أوله وثانيه ويجوز إسكان ثانيه كعنق وكتب ورسل سميت بذلك من الأذن بفتح الهمزة والذال وهو الاستماع وتصغيرها أذينة وهي مؤنثة كما في إشارات ابن الملقن.
قال ا ج: ولو تأخرت أذناه عن محلهما أو تقدمتا لا يجب غسل (1/460)
","تَثْنِيَةُ أُذُنٍ بِضَمِّ الذَّالِ وَيَجُوزُ إِسْكَانُهَا تَخْفِيفًا وَكَذَا كُلُّ مَا كَانَ عَلَى فُعُلٍ بِضَمِّ أَوَّلِهِ وَثَانِيهِ وَيَجُوزُ إِسْكَانُ ثَانِيهِ كَعُنُقٍ وَكُتُبٍ وَرُسُلٍ سُمِّيَتْ بِذَلِكَ مِنَ الْأَذَنِ بِفَتْحِ الْهَمْزَةِ وَالذَّالِ وَهُوَ الِاسْتِمَاعُ وَتَصْغِيرُهَا أُذَيْنَةٌ وَهِيَ مُؤَنَّثَةٌ كَمَا فِي إِشَارَاتِ ابْنِ الْمُلَقِّنِ.
قَالَ ا ج: وَلَوْ تَأَخَّرَتْ أُذُنَاهُ عَنْ مَحَلِّهِمَا أَوْ تَقَدَّمَتَا لَا يَجِبُ غَسْلُ (1/460)
","تَثْنِيَةُ أُذُنٍ بِضَمِّ الذَّالِ وَيَجُوزُ إِسْكَانُهَا تَخْفِيفًا وَكَذَا كُلُّ مَا كَانَ عَلَى فَعْلٍ بِضَمِّ أَوَّلِهِ وَثَانِيهِ وَيَجُوزُ إِسْكَانُ ثَانِيهِ كَعُنُقٍ وَكَتَبٍ وَرُسُلٍ سُمِّيَتْ بِذَلِكَ مِنَ الْأُذُنِ بِفَتْحِ الْهَمْزَةِ وَالذَّالِ وَهُوَ الِاسْتِمَاعُ وَتَصْغِيرُهَا أَذَيْنَةٍ وَهِيَ مُؤَنَّثَةٌ كَمَا فِي إِشَارَاتِ ابْنِ الْمُلَقِّنِ.
قَالَ ا ج: وَلَوْ تَأَخَّرَتْ أُذُنَاهُ عَنْ مَحَلِّهِمَا أَوْ تَقَدَّمَتَا لَا يَجِبُ غَسْلُ (1/460)"
"وجه الظاهر أن الردء حكمه حكم المباشر في حد قطع الطريق ولهذا يلزمهما جميعا إذا كانا مكلفين فلما كان كذلك كان حضور الصبي والمجنون كمباشرته ولا حد عليهما إذا باشرا فكذا إذا حضرا فإذا لم يجب عليهما سقط عن الباقين لاشتراكهما في سبب الحد كما إذا اشترك الخاطئ والعامد.
ا ه.
","وَجْهُ الظَّاهِرِ أَنَّ الرِّدْءَ حُكْمُهُ حُكْمُ الْمُبَاشِرِ فِي حَدِّ قَطْعِ الطَّرِيقِ وَلِهَذَا يَلْزَمُهُمَا جَمِيعًا إِذَا كَانَا مُكَلَّفِينَ فَلَمَّا كَانَ كَذَلِكَ كَانَ حُضُورُ الصَّبِيِّ وَالْمَجْنُونِ كَمُبَاشَرَتِهِ وَلَا حَدَّ عَلَيْهِمَا إِذَا بَاشَرَا فَكَذَا إِذَا حَضَرَا فَإِذَا لَمْ يَجِبْ عَلَيْهِمَا سَقَطَ عَنِ الْبَاقِينَ لِاشْتِرَاكِهِمَا فِي سَبَبِ الْحَدِّ كَمَا إِذَا اشْتَرَكَ الْخَاطِئُ وَالْعَامِدُ.
ا ه.
","وَجْهُ الظَّاهِرِ أَنَّ الرِّدْءَ حُكْمُهُ حُكْمُ الْمُبَاشِرِ فِي حَدِّ قَطْعِ الطَّرِيقِ وَلِهَذَا يَلْزَمُهُمَا جَمِيعًا إِذَا كَانَا مُكَلَّفَيْنِ فَلَمَّا كَانَ كَذَلِكَ كَانَ حُضُورُ الصَّبِيِّ وَالْمَجْنُونِ كَمُبَاشَرَتِهِ وَلَا حَدَّ عَلَيْهِمَا إِذَا بَاشَرَا فَكَذَا إِذَا حَضَرَا فَإِذَا لَمْ يَجِبْ عَلَيْهِمَا سَقَطَ عَنِ الْبَاقِينَ لِاشْتِرَاكِهِمَا فِي سَبَبِ الْحَدِّ كَمَا إِذَا اشْتَرَكَ الْخَاطِئُ وَالْعَامِدُ.
ا ه."
"وهذا ظاهر في أنه لا أثر لعدم الإكمال قبل ابتداء اللبس في المنع من جواز المسح إذا وجد الإكمال بعد ابتداء اللبس قبل الحدث على أن كلا من الحديثين المذكورين ليس بمتعرض لعدم الجواز في هذه الصورة اللهم إلا إن كان حديث أبي بكرة بطريق مفهوم المخالفة، وهو طريق غير صحيح عند أهل (2/157)
","وَهَذَا ظَاهِرٌ فِي أَنَّهُ لَا أَثَرَ لِعَدَمِ الْإِكْمَالِ قَبْلَ ابْتِدَاءِ اللُّبْسِ فِي الْمَنْعِ مِنْ جَوَازِ الْمَسْحِ إِذَا وُجِدَ الْإِكْمَالُ بَعْدَ ابْتِدَاءِ اللُّبْسِ قَبْلَ الْحَدَثِ عَلَى أَنَّ كُلًّا مِنَ الْحَدِيثَيْنِ الْمَذْكُورَيْنِ لَيْسَ بِمُتَعَرِّضٍ لِعَدَمِ الْجَوَازِ فِي هَذِهِ الصُّورَةِ اللَّهُمَّ إِلَّا إِنْ كَانَ حَدِيثَ أَبِي بَكْرَةَ بِطَرِيقِ مَفْهُومِ الْمُخَالَفَةِ، وَهُوَ طَرِيقٌ غَيْرُ صَحِيحٍ عِنْدَ أَهْلِ (2/157)
",وَهَذَا ظَاهِرٌ فِي أَنَّهُ لَا أَثَرَ لِعَدَمِ الْإِكْمَالِ قَبْلَ ابْتِدَاءِ اللُّبْسِ فِي الْمَنْعِ مِنْ جَوَازِ الْمَسْحِ إِذَا وُجِدَ الْإِكْمَالُ بَعْدَ ابْتِدَاءِ اللُّبْسِ قَبْلَ الْحَدَثِ عَلَى أَنَّ كُلًّا مِنَ الْحَدِيثَيْنِ الْمَذْكُورَيْنِ لَيْسَ بِمُتَعَرِّضٍ لِعَدَمِ الْجَوَازِ فِي هَذِهِ الصُّورَةِ اللَّهُمَّ إِلَّا إِنْ كَانَ حَدِيثُ أَبِي بَكْرَةَ بِطَرِيقِ مَفْهُومِ الْمُخَالَفَةِ، وَهُوَ طَرِيقٌ غَيْرُ صَحِيحٍ عِنْدَ أَهْلِ (2/157)
"وله قطعها ولو بلا إذن قاض إن لم يمكن تحويلها، ولا يصح الصلح على بقاء الأغصان بمال، فإن اعتمدت على الجدران صح الصلح عنها يابسة لا رطبة لزيادتها فلا يعرف قدرها وثقلها وانتشار العروق في أرضه كانتشار الأغصان في هواء ملكه، وكذا ميل الجدار إلى هواء الدار.
قال في المطلب: ","وَلَهُ قَطْعُهَا وَلَوْ بِلَا إِذْنِ قَاضٍ إِنْ لَمْ يُمْكِنْ تَحْوِيلُهَا، وَلَا يَصِحُّ الصُّلْحُ عَلَى بَقَاءِ الْأَغْصَانِ بِمَالٍ، فَإِنِ اعْتَمَدَتْ عَلَى الْجُدْرَانِ صَحَّ الصُّلْحُ عَنْهَا يَابِسَةً لَا رَطْبَةً لِزِيَادَتِهَا فَلَا يُعْرَفُ قَدْرُهَا وَثِقَلُهَا وَانْتِشَارُ الْعُرُوقِ فِي أَرْضِهِ كَانْتِشَارِ الْأَغْصَانِ فِي هَوَاءِ مِلْكِهِ، وَكَذَا مَيْلُ الْجِدَارِ إِلَى هَوَاءِ الدَّارِ.
قَالَ فِي الْمَطْلَبِ: ","وَلَهُ قَطْعُهَا وَلَوْ بِلَا إِذْنِ قَاضٍ إِنْ لَمْ يُمْكِنْ تَحْوِيلُهَا، وَلَا يَصِحُّ الصُّلْحُ عَلَى بَقَاءِ الْأَغْصَانِ بِمَالٍ، فَإِنِ اعْتَمَدَتْ عَلَى الْجُدْرَانِ صَحَّ الصُّلْحُ عَنْهَا يَابِسَةً لَا رَطْبَةً لِزِيَادَتِهَا فَلَا يُعْرَفُ قَدْرُهَا وَثِقَلُهَا وَانْتِشَارُ الْعُرُوقِ فِي أَرْضِهِ كَانْتِشَارِ الْأَغْصَانِ فِي هَوَاءِ مِلْكِهِ، وَكَذَا مَيْلُ الْجِدَارِ إِلَى هَوَاءِ الدَّارِ.
قَالَ فِي الْمَطْلَبِ:"
"والذين عقدت أيمانكم فآتوهم نصيبهم} .
وقد بينا في أول الكتاب فإن أسلم على يديه ولم يواله، لم يعقل عنه، ولم (10/148)
يرثه إلا على قول الروافض فإنهم يقولون بالإسلام على يديه يكون مولى له؛ لأنه أحياه بإخراجه إياه من ظلمة الكفر؛ لأن الكفار كالموتى في حق المسلمين.
فهو كما لو أحياه بالعتق، ","وَالَّذِينَ عَقَدَتْ أَيْمَانُكُمْ فَآتُوهُمْ نَصِيبَهُمْ} .
وَقَدْ بَيَّنَّا فِي أَوَّلِ الْكِتَابِ فَإِنْ أَسْلَمَ عَلَى يَدَيْهِ وَلَمْ يُوَالِهِ، لَمْ يُعْقَلْ عَنْهُ، وَلَمْ (10/148)
يَرِثْهُ إِلَّا عَلَى قَوْلِ الرَّوَافِضِ فَإِنَّهُمْ يَقُولُونَ بِالْإِسْلَامِ عَلَى يَدَيْهِ يَكُونُ مَوْلًى لَهُ؛ لِأَنَّهُ أَحْيَاهُ بِإِخْرَاجِهِ إِيَّاهُ مِنْ ظُلْمَةِ الْكُفْرِ؛ لِأَنَّ الْكُفَّارَ كَالْمَوْتَى فِي حَقِّ الْمُسْلِمِينَ.
فَهُوَ كَمَا لَوْ أَحْيَاهُ بِالْعِتْقِ، ","وَالَّذِينَ عَقَّدَتْ أَيْمَانُكُمْ فَآتُوهُمْ نَصِيبَهُمْ} .
وَقَدْ بَيَّنَّا فِي أَوَّلِ الْكِتَابِ فَإِنْ أَسْلَمَ عَلَى يَدَيْهِ وَلَمْ يُوَالِهِ، لَمْ يُعْقَلْ عَنْهُ، وَلَمْ (10/148)
يَرِثْهُ إِلَّا عَلَى قَوْلِ الرَّوَافِضِ فَإِنَّهُمْ يَقُولُونَ بِالْإِسْلَامِ عَلَى يَدَيْهِ يَكُونُ مَوْلًى لَهُ؛ لِأَنَّهُ أَحْيَاهُ بِإِخْرَاجِهِ إِيَّاهُ مِنْ ظُلْمَةِ الْكُفْرِ؛ لِأَنَّ الْكُفَّارَ كَالْمَوْتَى فِي حَقِّ الْمُسْلِمِينَ.
فَهُوَ كَمَا لَوْ أَحْيَاهُ بِالْعِتْقِ،"
"فتعرضوا للارتقاء في صفوفه بغير تمييز.
قال الرازي: يجب المهر ويسقط؛ لئلا تكون استباحة البضع بغير بدل، ويسقط في الثاني حين يستحقه المولى، لأنها لا تملكه، والمولى هو الذي يملك مالها ولا يثبت للمولى على عبده دين.
وقال الطبري: إن المهر لو وجب لوجب لشخص على شخص، فمن الذي أوجبه؟ وعلى من وجب؟ فإن (2/299)
","فَتَعَرَّضُوا لِلِارْتِقَاءِ فِي صُفُوفِهِ بِغَيْرِ تَمْيِيزٍ.
قَالَ الرَّازِيّ: يَجِبُ الْمَهْرُ وَيَسْقُطُ؛ لِئَلَّا تَكُونَ اسْتِبَاحَةُ الْبُضْعِ بِغَيْرِ بَدَلٍ، وَيَسْقُطُ فِي الثَّانِي حِينَ يَسْتَحِقُّهُ الْمَوْلَى، لِأَنَّهَا لَا تَمْلِكُهُ، وَالْمَوْلَى هُوَ الَّذِي يَمْلِكُ مَالَهَا وَلَا يَثْبُتُ لِلْمَوْلَى عَلَى عَبْدِهِ دَيْنٌ.
وَقَالَ الطَّبَرِيُّ: إِنَّ الْمَهْرَ لَوْ وَجَبَ لَوَجَبَ لِشَخْصٍ عَلَى شَخْصٍ، فَمَنِ الَّذِي أَوْجَبَهُ؟ وَعَلَى مَنْ وَجَبَ؟ فَإِنْ (2/299)
","فَتَعَرَّضُوا لِلِارْتِقَاءِ فِي صُفُوفِهِ بِغَيْرِ تَمْيِيزٍ.
قَالَ الرَّازِيّ: يَجِبُ الْمَهْرُ وَيَسْقُطُ؛ لِئَلَّا تَكُونَ اسْتِبَاحَةُ الْبُضْعِ بِغَيْرِ بَدَلٍ، وَيَسْقُطُ فِي الثَّانِي حِينَ يَسْتَحِقُّهُ الْمَوْلَى، لِأَنَّهَا لَا تَمْلِكُهُ، وَالْمَوْلَى هُوَ الَّذِي يَمْلِكُ مَالَهَا وَلَا يَثْبُتُ لِلْمَوْلَى عَلَى عَبْدِهِ دَيْنٌ.
وَقَالَ الطَّبَرِيُّ: إِنَّ الْمَهْرَ لَوْ وَجَبَ لَوَجَبَ لِشَخْصٍ عَلَى شَخْصٍ، فَمَنِ الَّذِي أَوْجَبَهُ؟ وَعَلَى مَنْ وَجَبَ؟ فَإِنَّ (2/299)"
"وإن لم يكن علم ذلك فلا رد للمبتاع، وكذلك ما تنوفس فيه من بقر أو إبل ولو باعها في غير إبان لبنها ثم حلبها المبتاع حين الإبان فلم يرضها فلا رد له كان البائع يعرف حلابها أم لا ا ه.
(قوله بل ردها إلخ) ","وَإِنْ لَمْ يَكُنْ عَلِمَ ذَلِكَ فَلَا رَدَّ لِلْمُبْتَاعِ، وَكَذَلِكَ مَا تُنُوفِسَ فِيهِ مِنْ بَقَرٍ أَوْ إِبِلٍ وَلَوْ بَاعَهَا فِي غَيْرِ إِبَّانِ لَبَنِهَا ثُمَّ حَلَبَهَا الْمُبْتَاعُ حِينَ الْإِبَّانِ فَلَمْ يَرْضَهَا فَلَا رَدَّ لَهُ كَانَ الْبَائِعُ يَعْرِفُ حِلَابَهَا أَمْ لَا ا ه.
(قَوْلُهُ بَلْ رَدَّهَا إِلَخْ) ","وَإِنْ لَمْ يَكُنْ عَلِمَ ذَلِكَ فَلَا رَدَّ لِلْمُبْتَاعِ، وَكَذَلِكَ مَا تَنَوَّفَسَ فِيهِ مِنْ بَقَرٍ أَوْ إِبِلٍ وَلَوْ بَاعَهَا فِي غَيْرِ إِبَّانِ لَبَنِهَا ثُمَّ حَلَبَهَا الْمُبْتَاعُ حِينَ الْإِبَّانِ فَلَمْ يَرْضَهَا فَلَا رَدَّ لَهُ كَانَ الْبَائِعُ يَعْرِفُ حِلَابَهَا أَمْ لَا ا ه.
(قَوْلُهُ بَلْ رَدَّهَا إِلَخْ)"
"وفيه بيان أن ذلك عبادة حتى يجوز بذلك أجرها ويحنث به في اليمين ويبرأ خلافا للشيعة.
كذا في مجموعة العلوم لشيخ الإسلام الهروي حفيد المولى سعد الدين التفتازاني (3/172)
24 - ولو نذر التسبيحات دبر الصلاة لم تلزمه
الشرح
(24) قوله: ولو نذر التسبيحات دبر الصلاة لم تلزمه.
تفريع على قوله: من جنسه واجب (3/173)
","وَفِيهِ بَيَانٌ أَنَّ ذَلِكَ عِبَادَةٌ حَتَّى يَجُوزَ بِذَلِكَ أَجْرُهَا وَيُحْنَثَ بِهِ فِي الْيَمِينِ وَيَبْرَأَ خِلَافًا لِلشِّيعَةِ.
كَذَا فِي مَجْمُوعَةِ الْعُلُومِ لِشَيْخِ الْإِسْلَامِ الْهَرَوِيِّ حَفِيدِ الْمَوْلَى سَعْدِ الدِّينِ التَّفْتَازَانِيِّ (3/172)
24 - وَلَوْ نَذَرَ التَّسْبِيحَاتِ دُبُرَ الصَّلَاةِ لَمْ تَلْزَمْهُ
الشَّرْحُ
(24) قَوْلُهُ: وَلَوْ نَذَرَ التَّسْبِيحَاتِ دُبُرَ الصَّلَاةِ لَمْ تَلْزَمْهُ.
تَفْرِيعٌ عَلَى قَوْلِهِ: مِنْ جِنْسِهِ وَاجِبٌ (3/173)
","وَفِيهِ بَيَانُ أَنَّ ذَلِكَ عِبَادَةٌ حَتَّى يَجُوزَ بِذَلِكَ أَجْرُهَا وَيَحْنَثَ بِهِ فِي الْيَمِينِ وَيَبْرَأَ خِلَافًا لِلشِّيعَةِ.
كَذَا فِي مَجْمُوعَةِ الْعُلُومِ لِشَيْخِ الْإِسْلَامِ الْهَرَوِيِّ حَفِيدِ الْمَوْلَى سَعْدِ الدِّينِ التَّفْتَازَانِيِّ (3/172)
24 - وَلَوْ نَذَرَ التَّسْبِيحَاتِ دُبُرَ الصَّلَاةِ لَمْ تَلْزَمْهُ
الشَّرْحُ
(24) قَوْلُهُ: وَلَوْ نَذَرَ التَّسْبِيحَاتِ دُبُرَ الصَّلَاةِ لَمْ تَلْزَمْهُ.
تَفْرِيعٌ عَلَى قَوْلِهِ: مِنْ جِنْسِهِ وَاجِبٌ (3/173)"
قوله: ويجزئ) ، وإن كان خلاف الأولى كما يشعر به قوله يجزئ ففي هذه المسألة كما يستفاد من الشارح أجزأت نية الأكبر عن نية الأصغر عكس الآتية ودل قوله تبين أنه معتقد تلبسه بالأكبر فنواه وهو كذلك، فإن تحقق عدم الأكبر ونواه بدلا عن نية الأصغر الذي لزمه فالظاهر أنه لا يجزئه لخروجه عن سنن الشرع وإفساد الأوضاع الشرعية (قوله: ,قَوْلُهُ: وَيُجْزِئُ) ، وَإِنْ كَانَ خِلَافَ الْأَوْلَى كَمَا يُشْعِرُ بِهِ قَوْلُهُ يُجْزِئُ فَفِي هَذِهِ الْمَسْأَلَةِ كَمَا يُسْتَفَادُ مِنَ الشَّارِحِ أَجْزَأَتْ نِيَّةُ الْأَكْبَرِ عَنْ نِيَّةِ الْأَصْغَرِ عَكْسَ الْآتِيَةِ وَدَلَّ قَوْلُهُ تَبَيَّنَ أَنَّهُ مُعْتَقَدُ تَلَبُّسِهِ بِالْأَكْبَرِ فَنَوَاهُ وَهُوَ كَذَلِكَ، فَإِنْ تَحَقَّقَ عَدَمُ الْأَكْبَرِ وَنَوَاهُ بَدَلًا عَنْ نِيَّةِ الْأَصْغَرِ الَّذِي لَزِمَهُ فَالظَّاهِرُ أَنَّهُ لَا يُجْزِئُهُ لِخُرُوجِهِ عَنْ سُنَنِ الشَّرْعِ وَإِفْسَادِ الْأَوْضَاعِ الشَّرْعِيَّةِ (قَوْلُهُ: ,قَوْلُهُ: وَيُجْزِئُ) ، وَإِنْ كَانَ خِلَافَ الْأَوْلَى كَمَا يُشْعِرُ بِهِ قَوْلُهُ يُجْزِئُ فَفِي هَذِهِ الْمَسْأَلَةِ كَمَا يُسْتَفَادُ مِنَ الشَّارِحِ أَجْزَأَتْ نِيَّةُ الْأَكْبَرِ عَنْ نِيَّةِ الْأَصْغَرِ عَكْسُ الْآتِيَةِ وَدَلَّ قَوْلُهُ تَبَيَّنَ أَنَّهُ مُعْتَقِدٌ تَلَبُّسَهُ بِالْأَكْبَرِ فَنَوَاهُ وَهُوَ كَذَلِكَ، فَإِنْ تَحَقَّقَ عَدَمُ الْأَكْبَرِ وَنَوَاهُ بَدَلًا عَنْ نِيَّةِ الْأَصْغَرِ الَّذِي لَزِمَهُ فَالظَّاهِرُ أَنَّهُ لَا يُجْزِئُهُ لِخُرُوجِهِ عَنْ سُنَنِ الشَّرْعِ وَإِفْسَادِ الْأَوْضَاعِ الشَّرْعِيَّةِ (قَوْلُهُ:
"أي على السفيه (في الطريق) بالمعروف (لا) تدفع (إليه) كي لا يبذر ولا يسرف. (7/336)
(وتصح منه) أي من السفيه (الوصية بالقرب) جمع قربة (وأبواب الخير) ","أَيْ عَلَى السَّفِيهِ (فِي الطَّرِيقِ) بِالْمَعْرُوفِ (لَا) تُدْفَعُ (إِلَيْهِ) كَيْ لَا يُبَذِّرَ وَلَا يُسْرِفَ. (7/336)
(وَتَصِحُّ مِنْهُ) أَيْ مِنَ السَّفِيهِ (الْوَصِيَّةُ بِالْقُرَبِ) جَمْعُ قُرْبَةٍ (وَأَبْوَابُ الْخَيْرِ) ","أَيْ عَلَى السَّفِيهِ (فِي الطَّرِيقِ) بِالْمَعْرُوفِ (لَا) تُدْفَعُ (إِلَيْهِ) كَيْ لَا يُبَذِّرَ وَلَا يُسْرِفَ. (7/336)
(وَتَصِحُّ مِنْهُ) أَيْ مِنَ السَّفِيهِ (الْوَصِيَّةُ بِالْقُرَبِ) جَمْعُ قُرْبَةٍ (وَأَبْوَابِ الْخَيْرِ)"
"وكذا إن استويا احتياطا ثم قال الصائم إذا دخل المخاط أنفه من رأسه ثم استشمه ودخل حلقه على تعمد منه لا شيء عليه؛ لأنه بمنزلة ريقه إلا أن يجعله على كفه ثم (6/193)
يبتلعه فيكون عليه القضاء، وفي الظهيرية وكذا المخاط والبزاق يخرج من فيه أو أنفه فاستشمه واستنشقه لا يفسد صومه، ","وَكَذَا إِنِ اسْتَوَيَا احْتِيَاطًا ثُمَّ قَالَ الصَّائِمُ إِذَا دَخَلَ الْمُخَاطُ أَنْفَهٌ مِنْ رَأْسِهِ ثُمَّ اسْتَشَمَّهُ وَدَخَلَ حَلْقَهُ عَلَى تَعَمُّدٍ مِنْهُ لَا شَيْءَ عَلَيْهِ؛ لِأَنَّهُ بِمَنْزِلَةِ رِيقِهِ إِلَّا أَنْ يَجْعَلَهُ عَلَى كَفِّهِ ثُمَّ (6/193)
يَبْتَلِعَهُ فَيَكُونَ عَلَيْهِ الْقَضَاءُ، وَفِي الظَّهِيرِيَّةِ وَكَذَا الْمُخَاطُ وَالْبُزَاقُ يَخْرُجُ مِنْ فِيهِ أَوْ أَنْفِهِ فَاسْتَشَمَّهُ وَاسْتَنْشَقَهُ لَا يَفْسُدُ صَوْمُهُ، ","وَكَذَا إِنِ اسْتَوَيَا احْتِيَاطًا ثُمَّ قَالَ الصَّائِمُ إِذَا دَخَلَ الْمُخَاطُ أَنْفَهُ مِنْ رَأْسِهِ ثُمَّ اسْتَشَمَّهُ وَدَخَلَ حَلْقَهُ عَلَى تَعَمُّدٍ مِنْهُ لَا شَيْءَ عَلَيْهِ؛ لِأَنَّهُ بِمَنْزِلَةِ رِيقِهِ إِلَّا أَنْ يَجْعَلَهُ عَلَى كَفِّهِ ثُمَّ (6/193)
يَبْتَلِعَهُ فَيَكُونَ عَلَيْهِ الْقَضَاءُ، وَفِي الظَّهِيرِيَّةِ وَكَذَا الْمُخَاطُ وَالْبُزَاقُ يَخْرُجُ مِنْ فِيهِ أَوْ أَنْفِهِ فَاسْتَشَمَّهُ وَاسْتَنْشَقَهُ لَا يَفْسُدُ صَوْمُهُ،"
"قال في المهمات والمنقول في نظيره وهو الرد بالخيار تفريعا على اعتبار الغبطة فيه الجواز عند الاستواء ذكره في النهاية قال إلا أن يفرق باستقرار الملك على المبيع دون زمن الخيار (قوله: وله الفسخ بالخيار والإجازة مطلقا) قال الرافعي: لأن العقد في زمن الخيار مزلزل فلا يتعلق حق الغرماء بالمعقود عليه أو يضعف التعلق به. (9/349)
(","قَالَ فِي الْمُهِمَّاتِ وَالْمَنْقُولُ فِي نَظِيرِهِ وَهُوَ الرَّدُّ بِالْخِيَارِ تَفْرِيعًا عَلَى اعْتِبَارِ الْغِبْطَةِ فِيهِ الْجَوَازُ عِنْدَ الِاسْتِوَاءِ ذَكَرَهُ فِي النِّهَايَةِ قَالَ إِلَّا أَنْ يُفَرِّقَ بِاسْتِقْرَارِ الْمِلْكِ عَلَى الْمَبِيعِ دُونَ زَمَنِ الْخِيَارِ (قَوْلُهُ: وَلَهُ الْفَسْخُ بِالْخِيَارِ وَالْإِجَازَةِ مُطْلَقًا) قَالَ الرَّافِعِيُّ: لِأَنَّ الْعَقْدَ فِي زَمَنِ الْخِيَارِ مُزَلْزَلٌ فَلَا يَتَعَلَّقُ حَقُّ الْغُرَمَاءِ بِالْمَعْقُودِ عَلَيْهِ أَوْ يَضْعُفُ التَّعَلُّقُ بِهِ. (9/349)
(","قَالَ فِي الْمُهِمَّاتِ وَالْمَنْقُولُ فِي نَظِيرِهِ وَهُوَ الرَّدُّ بِالْخِيَارِ تَفْرِيعًا عَلَى اعْتِبَارِ الْغِبْطَةِ فِيهِ الْجَوَازُ عِنْدَ الِاسْتِوَاءِ ذَكَرَهُ فِي النِّهَايَةِ قَالَ إِلَّا أَنْ يُفَرَّقَ بِاسْتِقْرَارِ الْمِلْكِ عَلَى الْمَبِيعِ دُونَ زَمَنِ الْخِيَارِ (قَوْلُهُ: وَلَهُ الْفَسْخُ بِالْخِيَارِ وَالْإِجَازَةِ مُطْلَقًا) قَالَ الرَّافِعِيُّ: لِأَنَّ الْعَقْدَ فِي زَمَنِ الْخِيَارِ مُزَلْزَلٌ فَلَا يَتَعَلَّقُ حَقُّ الْغُرَمَاءِ بِالْمَعْقُودِ عَلَيْهِ أَوْ يَضْعُفُ التَّعَلُّقُ بِهِ. (9/349)
("
"لمن لا يعلم كالمستفيد ( {تسبيح} ) إما تنزيه حقيقة كما في الاعتقاديات أو تنزيه مشابهة ثوابا كما في العملية.
( {، والبحث} ) المباحثة، والمناظرة لمجرد إظهار الصواب ( {عنه جهاد} ) ثواب جهاد في المشقة أو في إعلاء دين الله وإعزاز كلمته العليا، وقيل مجاهدة نفس ( {وتعليمه لمن لا يعلمه صدقة} )؛ لأنه بذل إحسان لكن لا يخفى أنه من قبيل التشبيه البليغ، ","لِمَنْ لَا يَعْلَمُ كَالْمُسْتَفِيدِ ( {تَسْبِيحٌ} ) إِمَّا تَنْزِيهُ حَقِيقَةٍ كَمَا فِي الِاعْتِقَادِيَّاتِ أَوْ تَنْزِيهُ مُشَابَهَةٍ ثَوَابًا كَمَا فِي الْعَمَلِيَّةِ.
( {، وَالْبَحْثَ} ) الْمُبَاحَثَةُ، وَالْمُنَاظَرَةُ لِمُجَرَّدِ إِظْهَارِ الصَّوَابِ ( {عَنْهُ جِهَادٌ} ) ثَوَابُ جِهَادٍ فِي الْمَشَقَّةِ أَوْ فِي إِعْلَاءِ دِينِ اللَّهِ وَإِعْزَازِ كَلِمَتِهِ الْعُلْيَا، وَقِيلَ مُجَاهَدَةُ نَفْسٍ ( {وَتَعْلِيمَهُ لِمَنْ لَا يَعْلَمُهُ صَدَقَةٌ} )؛ لِأَنَّهُ بَذْلُ إِحْسَانٍ لَكِنْ لَا يَخْفَى أَنَّهُ مِنْ قَبِيلِ التَّشْبِيهِ الْبَلِيغِ، ","لِمَنْ لَا يَعْلَمُ كَالْمُسْتَفِيدِ ( {تَسْبِيحٌ} ) إِمَّا تَنْزِيهٌ حَقِيقَةً كَمَا فِي الِاعْتِقَادِيَّاتِ أَوْ تَنْزِيهٌ مُشَابَهَةً ثَوَابًا كَمَا فِي الْعَمَلِيَّةِ.
( {، وَالْبَحْثُ} ) الْمُبَاحَثَةُ، وَالْمُنَاظَرَةُ لِمُجَرَّدِ إِظْهَارِ الصَّوَابِ ( {عَنْهُ جِهَادٌ} ) ثَوَابُ جِهَادٍ فِي الْمَشَقَّةِ أَوْ فِي إِعْلَاءِ دِينِ اللَّهِ وَإِعْزَازِ كَلِمَتِهِ الْعُلْيَا، وَقِيلَ مُجَاهَدَةُ نَفْسٍ ( {وَتَعْلِيمُهُ لِمَنْ لَا يَعْلَمُهُ صَدَقَةٌ} )؛ لِأَنَّهُ بَذْلُ إِحْسَانٍ لَكِنْ لَا يَخْفَى أَنَّهُ مِنْ قَبِيلِ التَّشْبِيهِ الْبَلِيغِ،"
وإذا لم يأذن له المدفوع عنه بلسان المقال لا يرجع عليه بشيء فمن لاحظ هذه القاعدة وهو مالك وابن القاسم فيقول المعتق قام عن المعتق عنه بواجب من شأنه أن يفعله ويقدر انتقال ملكه عنه للمعتق عنه قبل صدور العتق بالزمن الفرد حتى يثبت الولاء وتبرأ ذمته من الكفارة ويشكل عليه بقاعدة النية فإنه يشترطها وهي متعذرة مع الغفلة ونجيب بالقياس على العتق عن الميت ويرد عليه الفرق بأن الحي متمكن من العتق عن نفسه بخلاف الميت، ,وَإِذَا لَمْ يَأْذَنْ لَهُ الْمَدْفُوعُ عَنْهُ بِلِسَانِ الْمَقَالِ لَا يَرْجِعُ عَلَيْهِ بِشَيْءٍ فَمَنْ لَاحَظَ هَذِهِ الْقَاعِدَةَ وَهُوَ مَالِكٌ وَابْنُ الْقَاسِمِ فَيَقُولُ الْمُعْتِقُ قَامَ عَنِ الْمُعْتَقِ عَنْهُ بِوَاجِبٍ مِنْ شَأْنِهِ أَنْ يَفْعَلَهُ وَيُقَدَّرُ انْتِقَالُ مِلْكِهِ عَنْهُ لِلْمُعْتَقِ عَنْهُ قَبْلَ صُدُورِ الْعِتْقِ بِالزَّمَنِ الْفَرْدِ حَتَّى يَثْبُتَ الْوَلَاءُ وَتَبْرَأُ ذِمَّتُهُ مِنَ الْكَفَّارَةِ وَيُشْكِلُ عَلَيْهِ بِقَاعِدَةِ النِّيَّةِ فَإِنَّهُ يَشْتَرِطُهَا وَهِيَ مُتَعَذِّرَةٌ مَعَ الْغَفْلَةِ وَنُجِيبُ بِالْقِيَاسِ عَلَى الْعِتْقِ عَنِ الْمَيِّتِ وَيَرِدُ عَلَيْهِ الْفَرْقُ بِأَنَّ الْحَيَّ مُتَمَكِّنٌ مِنَ الْعِتْقِ عَنْ نَفْسِهِ بِخِلَافِ الْمَيِّتِ، ,وَإِذَا لَمْ يَأْذَنْ لَهُ الْمَدْفُوعُ عَنْهُ بِلِسَانِ الْمَقَالِ لَا يَرْجِعُ عَلَيْهِ بِشَيْءٍ فَمَنْ لَاحَظَ هَذِهِ الْقَاعِدَةَ وَهُوَ مَالِكٌ وَابْنُ الْقَاسِمِ فَيَقُولُ الْمُعْتِقُ قَامَ عَنِ الْمُعْتَقِ عَنْهُ بِوَاجِبٍ مِنْ شَأْنِهِ أَنْ يَفْعَلَهُ وَيُقَدَّرُ انْتِقَالُ مِلْكِهِ عَنْهُ لِلْمُعْتَقِ عَنْهُ قَبْلَ صُدُورِ الْعِتْقِ بِالزَّمَنِ الْفَرْدِ حَتَّى يَثْبُتَ الْوَلَاءُ وَتَبْرَأَ ذِمَّتُهُ مِنَ الْكَفَّارَةِ وَيُشْكِلُ عَلَيْهِ بِقَاعِدَةِ النِّيَّةِ فَإِنَّهُ يَشْتَرِطُهَا وَهِيَ مُتَعَذِّرَةٌ مَعَ الْغَفْلَةِ وَنَجِيبٌ بِالْقِيَاسِ عَلَى الْعِتْقِ عَنِ الْمَيِّتِ وَيَرُدُّ عَلَيْهِ الْفَرْقَ بِأَنَّ الْحَيَّ مُتَمَكِّنٌ مِنَ الْعِتْقِ عَنْ نَفْسِهِ بِخِلَافِ الْمَيِّتِ،
"أكله الحاصل أنه إذا اجتمع الإرسال والإغراء فالعبرة للإرسال لأن الزجر دون الإرسال لكونه بناء على الإرسال فلا ينسخ به الإرسال لأن الشيء لا يرتفع إلا بمثله أو بما فوقه كما في نسخ الآي فلا يرتفع إرسال المسلم بزجر المجوسي ولا إرساله بزجر المسلم فبقي كل واحد منهما على ما كان عليه.
","أَكْلُهُ الْحَاصِلُ أَنَّهُ إِذَا اجْتَمَعَ الْإِرْسَالُ وَالْإِغْرَاءُ فَالْعِبْرَةُ لِلْإِرْسَالِ لِأَنَّ الزَّجْرَ دُونَ الْإِرْسَالِ لِكَوْنِهِ بِنَاءً عَلَى الْإِرْسَالِ فَلَا يُنْسَخُ بِهِ الْإِرْسَالُ لِأَنَّ الشَّيْءَ لَا يَرْتَفِعُ إِلَّا بِمِثْلِهِ أَوْ بِمَا فَوْقَهُ كَمَا فِي نَسْخِ الْآيِ فَلَا يَرْتَفِعُ إِرْسَالُ الْمُسْلِمِ بِزَجْرِ الْمَجُوسِيِّ وَلَا إِرْسَالُهُ بِزَجْرِ الْمُسْلِمِ فَبَقِيَ كُلُّ وَاحِدٍ مِنْهُمَا عَلَى مَا كَانَ عَلَيْهِ.
",أَكْلُهُ الْحَاصِلُ أَنَّهُ إِذَا اجْتَمَعَ الْإِرْسَالُ وَالْإِغْرَاءُ فَالْعِبْرَةُ لِلْإِرْسَالِ لِأَنَّ الزَّجْرَ دُونَ الْإِرْسَالِ لِكَوْنِهِ بِنَاءً عَلَى الْإِرْسَالِ فَلَا يُنْسَخُ بِهِ الْإِرْسَالُ لِأَنَّ الشَّيْءَ لَا يَرْتَفِعُ إِلَّا بِمِثْلِهِ أَوْ بِمَا فَوْقَهُ كَمَا فِي نَسْخِ الْآيِ فَلَا يَرْتَفِعُ إِرْسَالُ الْمُسْلِمِ بِزَجْرِ الْمَجُوسِيِّ وَلَا إِرْسَالُهُ بِزَجْرِ الْمُسْلِمِ فَبَقِيَ كُلُّ وَاحِدٍ مِنْهُمَا عَلَى مَا كَانَ عَلَيْهِ.
"ولا يكون فيئا؛ لأن يد المودع يده من وجه من حيث إنه يحفظ الوديعة له، ويد نفسه من حيث الحقيقة وكل واحد منهما معصوم فكان ما في يده معصوما فلا يكون محلا للتملك وأما ما كان في يد حربي وديعة، فيكون فيئا عند أبي حنيفة.
وعندهما يكون له؛ لأن يد المودع يده، ","وَلَا يَكُونُ فَيْئًا؛ لِأَنَّ يَدَ الْمُودِعِ يَدُهُ مِنْ وَجْهٍ مِنْ حَيْثُ إِنَّهُ يَحْفَظُ الْوَدِيعَةَ لَهُ، وَيَدُ نَفْسِهِ مِنْ حَيْثُ الْحَقِيقَةُ وَكُلُّ وَاحِدٍ مِنْهُمَا مَعْصُومٌ فَكَانَ مَا فِي يَدِهِ مَعْصُومًا فَلَا يَكُونُ مَحَلًّا لِلتَّمَلُّكِ وَأَمَّا مَا كَانَ فِي يَدِ حَرْبِيٍّ وَدِيعَةً، فَيَكُونُ فَيْئًا عِنْدَ أَبِي حَنِيفَةَ.
وَعِنْدَهُمَا يَكُونُ لَهُ؛ لِأَنَّ يَدَ الْمُودِعِ يَدُهُ، ","وَلَا يَكُونُ فَيْئًا؛ لِأَنَّ يَدَ الْمُودَعِ يَدُهُ مِنْ وَجْهٍ مِنْ حَيْثُ إِنَّهُ يَحْفَظُ الْوَدِيعَةَ لَهُ، وَيَدُ نَفْسِهِ مِنْ حَيْثُ الْحَقِيقَةُ وَكُلُّ وَاحِدٍ مِنْهُمَا مَعْصُومٌ فَكَانَ مَا فِي يَدِهِ مَعْصُومًا فَلَا يَكُونُ مَحَلًّا لِلتَّمَلُّكِ وَأَمَّا مَا كَانَ فِي يَدِ حَرْبِيٍّ وَدِيعَةً، فَيَكُونُ فَيْئًا عِنْدَ أَبِي حَنِيفَةَ.
وَعِنْدَهُمَا يَكُونُ لَهُ؛ لِأَنَّ يَدَ الْمُودَعِ يَدُهُ،"
"متعلق (26/427)
بالإذن ش (قوله في المتن كقوله من رد آبق إلخ) قال في الخادم هل تجري الجعالة في رد الزوجة؟ هذه مسألة مهمة لم يصرحوا بها وقد يتوقف فيها من جهة أن الحر لا يدخل تحت اليد لكن في كلام الرافعي في باب الضمان ما يؤخذ منه الجواز حيث قال تصح الكفالة ببدن المرأة لمن ثبتت زوجيته؛ ","مُتَعَلِّقٌ (26/427)
بِالْإِذْنِ ش (قَوْلُهُ فِي الْمَتْنِ كَقَوْلِهِ مَنْ رَدَّ آبِقٍ إِلَخْ) قَالَ فِي الْخَادِمِ هَلْ تَجْرِي الْجَعَالَةُ فِي رَدِّ الزَّوْجَةِ؟ هَذِهِ مَسْأَلَةٌ مُهِمَّةٌ لَمْ يُصَرِّحُوا بِهَا وَقَدْ يُتَوَقَّفُ فِيهَا مِنْ جِهَةِ أَنَّ الْحُرَّ لَا يَدْخُلُ تَحْتَ الْيَدِ لَكِنْ فِي كَلَامِ الرَّافِعِيِّ فِي بَابِ الضَّمَانِ مَا يُؤْخَذُ مِنْهُ الْجَوَازُ حَيْثُ قَالَ تَصِحُّ الْكَفَالَةُ بِبَدَنِ الْمَرْأَةِ لِمَنْ ثَبَتَتْ زَوْجِيَّتُهُ؛ ","مُتَعَلِّقٌ (26/427)
بِالْإِذْنِ ش (قَوْلُهُ فِي الْمَتْنِ كَقَوْلِهِ مَنْ رَدَّ آبِقَ إِلَخْ) قَالَ فِي الْخَادِمِ هَلْ تَجْرِي الْجَعَالَةُ فِي رَدِّ الزَّوْجَةِ؟ هَذِهِ مَسْأَلَةٌ مُهِمَّةٌ لَمْ يُصَرِّحُوا بِهَا وَقَدْ يَتَوَقَّفُ فِيهَا مِنْ جِهَةِ أَنَّ الْحُرَّ لَا يَدْخُلُ تَحْتَ الْيَدِ لَكِنْ فِي كَلَامِ الرَّافِعِيِّ فِي بَابِ الضَّمَانِ مَا يُؤْخَذُ مِنْهُ الْجَوَازُ حَيْثُ قَالَ تَصِحُّ الْكَفَالَةُ بِبَدَنِ الْمَرْأَةِ لِمَنْ ثَبَتَتْ زَوْجِيَّتُهُ؛"
"وأصل الحسن بضم الحاء المهملة الجمال وضده القبح وهما للشيء بمعنى ملاءمة الطبع ومنافرته كحسن الحلو وقبح المر، فالحسن صفة الكمال والقبح صفة النقص، كحسن العلم وقبح الجهل وذلك عقلي.
وأما ترتب المدح والذم عاجلا والثواب والعقاب آجلا كحسن الطاعة وقبح المعصية فشرعي فلا يحكم به إلا الشرع المبعوث به الرسل عليهم الصلاة والسلام (تحسين لخلق) ","وَأَصْلُ الْحُسْنِ بِضَمِّ الْحَاءِ الْمُهْمَلَةِ الْجَمَالُ وَضِدُّهُ الْقُبْحُ وَهُمَا لِلشَّيْءِ بِمَعْنَى مُلَاءَمَةِ الطَّبْعِ وَمُنَافَرَتِهِ كَحُسْنِ الْحُلْوِ وَقُبْحِ الْمُرِّ، فَالْحُسْنُ صِفَةُ الْكَمَالِ وَالْقُبْحُ صِفَةُ النَّقْصِ، كَحُسْنِ الْعِلْمِ وَقُبْحِ الْجَهْلِ وَذَلِكَ عَقْلِيٌّ.
وَأَمَّا تَرَتُّبُ الْمَدْحِ وَالذَّمِّ عَاجِلًا وَالثَّوَابُ وَالْعِقَابُ آجِلًا كَحُسْنِ الطَّاعَةِ وَقُبْحِ الْمَعْصِيَةِ فَشَرْعِيٌّ فَلَا يَحْكُمُ بِهِ إِلَّا الشَّرْعُ الْمَبْعُوثُ بِهِ الرُّسُلُ عَلَيْهِمِ الصَّلَاةُ وَالسَّلَامُ (تَحْسِينٌ لِخُلْقٍ) ","وَأَصْلُ الْحُسْنِ بِضَمِّ الْحَاءِ الْمُهْمَلَةِ الْجَمَالُ وَضِدُّهُ الْقُبْحُ وَهُمَا لِلشَّيْءِ بِمَعْنَى مُلَاءَمَةِ الطَّبْعِ وَمُنَافَرَتِهِ كَحُسْنِ الْحُلْوِ وَقُبْحِ الْمُرِّ، فَالْحُسْنُ صِفَةُ الْكَمَالِ وَالْقُبْحُ صِفَةُ النَّقْصِ، كَحُسْنِ الْعِلْمِ وَقُبْحِ الْجَهْلِ وَذَلِكَ عَقْلِيٌّ.
وَأَمَّا تَرَتُّبُ الْمَدْحِ وَالذَّمِّ عَاجِلًا وَالثَّوَابِ وَالْعِقَابِ آجِلًا كَحُسْنِ الطَّاعَةِ وَقُبْحِ الْمَعْصِيَةِ فَشَرْعِيٌّ فَلَا يُحْكَمُ بِهِ إِلَّا الشَّرْعُ الْمَبْعُوثُ بِهِ الرُّسُلُ عَلَيْهِمِ الصَّلَاةُ وَالسَّلَامُ (تَحْسِينٌ لِخُلُقٍ)"
"وهو أولى (3/229)
وقدمه في الفروع، والفائق، وأطلقهما ابن تميم فائدة.
قوله ثم أفقههم يعني إذا استويا في القراءة قدم الأفقه، وكذا لو استويا في الفقه قدم أقرؤهما، ","وَهُوَ أَوْلَى (3/229)
وَقَدَّمَهُ فِي الْفُرُوعِ، وَالْفَائِقِ، وَأَطْلَقَهُمَا ابْنُ تَمِيمٍ فَائِدَةٌ.
قَوْلُهُ ثُمَّ أَفْقَهُهُمْ يَعْنِي إِذَا اسْتَوَيَا فِي الْقِرَاءَةِ قُدِّمَ الْأَفْقَهُ، وَكَذَا لَوِ اسْتَوَيَا فِي الْفِقْهِ قُدِّمَ أَقْرَؤُهُمَا، ","وَهُوَ أَوْلَى (3/229)
وَقَدَّمَهُ فِي الْفُرُوعِ، وَالْفَائِقِ، وَأَطْلَقَهُمَا ابْنُ تَمِيمٍ فَائِدَةٌ.
قَوْلُهُ ثُمَّ أَفْقَهُهُمْ يَعْنِي إِذَا اسْتَوَيَا فِي الْقِرَاءَةِ قُدِّمَ الْأَفْقَهُ، وَكَذَا لَوِ اسْتَوَيَا فِي الْفِقْهِ قُدِّمَ أَقْرَؤُهُمَا،"
الخالة والدة} فقد سمى الخالة والدة فكانت أولى وجه الرواية الأخرى أن الأخت لأب بنت الأب والخالة بنت الجد فكانت الأخت أقرب فكانت أولى وبنت الأخت لأب وأم أولى من الخالة؛ لأنها من ولد الأبوين وكذا بنت الأخت لأم؛ لأنها من ولد الأم والخالة ولد الجد، وكذا بنت الأخت لأب أولى من الخالة على الرواية الأخيرة؛ لأنها من ولد الأب، ,الْخَالَةُ وَالِدَةٌ} فَقَدْ سَمَّى الْخَالَةَ وَالِدَةً فَكَانَتْ أَوْلَى وَجْهُ الرِّوَايَةِ الْأُخْرَى أَنَّ الْأُخْتَ لِأَبٍ بِنْتُ الْأَبِ وَالْخَالَةَ بِنْتُ الْجَدِّ فَكَانَتِ الْأُخْتُ أَقْرَبَ فَكَانَتْ أَوْلَى وَبِنْتُ الْأُخْتِ لِأَبٍ وَأُمٍّ أَوْلَى مِنَ الْخَالَةِ؛ لِأَنَّهَا مِنْ وَلَدِ الْأَبَوَيْنِ وَكَذَا بِنْتُ الْأُخْتِ لِأُمٍّ؛ لِأَنَّهَا مِنْ وَلَدِ الْأُمِّ وَالْخَالَةُ وَلَدُ الْجَدِّ، وَكَذَا بِنْتُ الْأُخْتِ لِأَبٍ أَوْلَى مِنَ الْخَالَةِ عَلَى الرِّوَايَةِ الْأَخِيرَةِ؛ لِأَنَّهَا مِنْ وَلَدِ الْأَبِ، ,الْخَالَةُ وَالِدَةٌ} فَقَدْ سَمَّى الْخَالَةَ وَالِدَةً فَكَانَتْ أَوْلَى وَجْهُ الرِّوَايَةِ الْأُخْرَى أَنَّ الْأُخْتَ لِأَبٍ بِنْتُ الْأَبِ وَالْخَالَةُ بِنْتُ الْجَدِّ فَكَانَتِ الْأُخْتُ أَقْرَبَ فَكَانَتْ أَوْلَى وَبِنْتُ الْأُخْتِ لِأَبٍ وَأُمٍّ أَوْلَى مِنَ الْخَالَةِ؛ لِأَنَّهَا مِنْ وَلَدِ الْأَبَوَيْنِ وَكَذَا بِنْتُ الْأُخْتِ لِأُمٍّ؛ لِأَنَّهَا مِنْ وَلَدِ الْأُمِّ وَالْخَالَةُ وَلَدُ الْجَدِّ، وَكَذَا بِنْتُ الْأُخْتِ لِأَبٍ أَوْلَى مِنَ الْخَالَةِ عَلَى الرِّوَايَةِ الْأَخِيرَةِ؛ لِأَنَّهَا مِنْ وَلَدِ الْأَبِ،
قوله وصح بيع المكيل كالبر والشعير إلخ) ,قَوْلُهُ وَصَحَّ بَيْعُ الْمَكِيلِ كَالْبُرِّ وَالشَّعِيرِ إِلَخْ) ,قَوْلُهُ وَصَحَّ بَيْعُ الْمَكِيلِ كَالْبُرِّ وَالشَّعِيرِ إِلَخْ)
"فإذا وقع في قلب المسلمين أنهن صادقات وجب تخلية سبيلهن وسبيل أولادهن. (5/230)
3889 - 3889 - فإن كان في حجر امرأة منهن صبي، وقد قتل زوجها، أو لا يعلم هل كانت ذات زوج أم لا، فقالت: هذا ابني صدقت في إسلام الولد، وأنه لا يكون فيئا؛ لأن هذا أمر ديني فخبر الواحد في مثله مقبول؛ ","فَإِذَا وَقَعَ فِي قَلْبِ الْمُسْلِمِينَ أَنَّهُنَّ صَادِقَاتٌ وَجَبَ تَخْلِيَةُ سَبِيلِهِنَّ وَسَبِيلِ أَوْلَادِهِنَّ. (5/230)
3889 - 3889 - فَإِنْ كَانَ فِي حِجْرِ امْرَأَةٍ مِنْهُنَّ صَبِيٌّ، وَقَدْ قُتِلَ زَوْجُهَا، أَوْ لَا يُعْلَمُ هَلْ كَانَتْ ذَاتَ زَوْجٍ أَمْ لَا، فَقَالَتْ: هَذَا ابْنِي صُدِّقَتْ فِي إِسْلَامِ الْوَلَدِ، وَأَنَّهُ لَا يَكُونُ فَيْئًا؛ لِأَنَّ هَذَا أَمْرٌ دِينِيٌّ فَخَبَرُ الْوَاحِدِ فِي مِثْلِهِ مَقْبُولٌ؛ ","فَإِذَا وَقَعَ فِي قَلْبِ الْمُسْلِمِينَ أَنَّهُنَّ صَادِقَاتٌ وَجَبَ تَخْلِيَةُ سَبِيلِهِنَّ وَسَبِيلِ أَوْلَادِهِنَّ. (5/230)
3889 - 3889 - فَإِنْ كَانَ فِي حِجْرِ امْرَأَةٍ مِنْهُنَّ صَبِيٌّ، وَقَدْ قُتِلَ زَوْجُهَا، أَوْ لَا يُعْلَمُ هَلْ كَانَتْ ذَاتَ زَوْجٍ أَمْ لَا، فَقَالَتْ: هَذَا ابْنِي صُدِّقَتْ فِي إِسْلَامِ الْوَلَدِ، وَأَنَّهُ لَا يَكُونُ فَيْئًا؛ لِأَنَّ هَذَا أَمْرٌ دِينِيٌّ فَخَبَرُ الْوَاحِدِ فِي مِثْلِهِ مَقْبُولٌ؛"
"والمداهنة بذل الدين لصلاح الدنيا والنبي صلى الله تعالى عليه وسلم إنما بذل له من دنياه لحسن عشرته والرفق في مكالمته ومع ذلك لم يمدحه بقوله فلم يناقض قوله فيه فعله فإن قوله فيه قول حق وفعله حسن عشرة فلا يتوهم التناقض (4/280)
(الخمسون الأنس بالناس والوحشة لفراقهم) بدون فائدة دينية إذ الأنس بالعلماء والصلحاء ممدوح (وهذا مذموم) ","وَالْمُدَاهَنَةُ بَذْلُ الدِّينِ لِصَلَاحِ الدُّنْيَا وَالنَّبِيُّ صَلَّى اللَّهُ تَعَالَى عَلَيْهِ وَسَلَّمَ إِنَّمَا بَذَلَ لَهُ مِنْ دُنْيَاهُ لِحُسْنِ عِشْرَتِهِ وَالرِّفْقِ فِي مُكَالَمَتِهِ وَمَعَ ذَلِكَ لَمْ يَمْدَحْهُ بِقَوْلِهِ فَلَمْ يُنَاقِضْ قَوْلُهُ فِيهِ فِعْلَهُ فَإِنَّ قَوْلَهُ فِيهِ قَوْلُ حَقٍّ وَفِعْلُهُ حُسْنُ عِشْرَةٍ فَلَا يُتَوَهَّمُ التَّنَاقُضُ (4/280)
(الْخَمْسُونَ الْأُنْسُ بِالنَّاسِ وَالْوَحْشَةُ لِفِرَاقِهِمْ) بِدُونِ فَائِدَةٍ دِينِيَّةٍ إِذِ الْأُنْسُ بِالْعُلَمَاءِ وَالصُّلَحَاءِ مَمْدُوحٌ (وَهَذَا مَذْمُومٌ) ","وَالْمُدَاهَنَةُ بَذْلُ الدِّينِ لِصَلَاحِ الدُّنْيَا وَالنَّبِيُّ صَلَّى اللَّهُ تَعَالَى عَلَيْهِ وَسَلَّمَ إِنَّمَا بَذَلَ لَهُ مِنْ دُنْيَاهُ لِحُسْنِ عِشْرَتِهِ وَالرِّفْقِ فِي مُكَالَمَتِهِ وَمَعَ ذَلِكَ لَمْ يَمْدَحْهُ بِقَوْلِهِ فَلَمْ يُنَاقِضْ قَوْلُهُ فِيهِ فِعْلَهُ فَإِنَّ قَوْلَهُ فِيهِ قَوْلُ حَقٍّ وَفِعْلُهُ حُسْنُ عِشْرَةٍ فَلَا يُتَوَهَّمُ التَّنَاقُضُ (4/280)
(الْخَمْسُونَ الْأُنْسُ بِالنَّاسِ وَالْوَحْشَةُ لِفِرَاقِهِمْ) بِدُونِ فَائِدَةٍ دِينِيَّةٍ إِذِ الْأُنْسُ بِالْعُلَمَاءِ وَالصُّلَحَاءِ مَمْدُوحٌ (وَهَذَا مَذْمُومٌ)"
سئل) في امرأة ادعت أنها أودعت عند هند أمتعة معلومة ثم طالبتها بها فأجابت هند أنها بعد تسلمها الأمتعة أودعتها عند ابنها زيد الغائب يومئذ عن البلد بلا إذن المدعية وأن ابنها المذكور دفعها لعمرو الحاضر المنكر لذلك فهل حيث دفعت هند الأمتعة المزبورة لابنها بلا إذن يلزمها ضمان ذلك؟ (,سُئِلَ) فِي امْرَأَةٍ ادَّعَتْ أَنَّهَا أَوْدَعَتْ عِنْدَ هِنْدٍ أَمْتِعَةً مَعْلُومَةً ثُمَّ طَالَبَتْهَا بِهَا فَأَجَابَتْ هِنْدٌ أَنَّهَا بَعْدَ تَسَلُّمِهَا الْأَمْتِعَةَ أَوْدَعَتْهَا عِنْدَ ابْنِهَا زَيْدٍ الْغَائِبِ يَوْمئِذٍ عَنِ الْبَلَدِ بِلَا إِذْنِ الْمُدَّعِيَةِ وَأَنَّ ابْنَهَا الْمَذْكُورَ دَفَعَهَا لِعَمْرٍو الْحَاضِرِ الْمُنْكِرِ لِذَلِكَ فَهَلْ حَيْثُ دَفَعَتْ هِنْدٌ الْأَمْتِعَةَ الْمَزْبُورَةَ لِابْنِهَا بِلَا إِذْنٍ يَلْزَمُهَا ضَمَانُ ذَلِكَ؟ (,سُئِلَ) فِي امْرَأَةٍ ادَّعَتْ أَنَّهَا أَوْدَعَتْ عِنْدَ هِنْدٍ أَمْتِعَةً مَعْلُومَةً ثُمَّ طَالَبَتْهَا بِهَا فَأَجَابَتْ هِنْدٌ أَنَّهَا بَعْدَ تَسَلُّمِهَا الْأَمْتِعَةَ أَوْدَعَتْهَا عِنْدَ ابْنِهَا زَيْدٍ الْغَائِبِ يَوْمَئِذٍ عَنِ الْبَلَدِ بِلَا إِذْنِ الْمُدَّعِيَةِ وَأَنَّ ابْنَهَا الْمَذْكُورَ دَفَعَهَا لِعَمْرٍو الْحَاضِرِ الْمُنْكِرِ لِذَلِكَ فَهَلْ حَيْثُ دَفَعَتْ هِنْدٌ الْأَمْتِعَةَ الْمَزْبُورَةَ لِابْنِهَا بِلَا إِذْنٍ يَلْزَمُهَا ضَمَانُ ذَلِكَ؟ (
"أنه صلى الله عليه وسلم كان إذا دخل في الصلاة رفع يديه مدا} وأما خبره الآخر {كان ينشر أصابعه للتكبير} فقال الترمذي: خطأ، ثم لو صح، فمعناه: المد، قال أحمد: أهل العربية قالوا هذا الضم، وضم أصابعه، وهذا النشر، ومد أصابعه.
وهذا التفريق، وفرق أصابعه؛ ولأن النشر لا يقتضي التفريق، ","أَنَّهُ صَلَّى اللَّهُ عَلَيْهِ وَسَلَّمَ كَانَ إِذَا دَخَلَ فِي الصَّلَاةِ رَفَعَ يَدَيْهِ مَدًّا} وَأَمَّا خَبَرُهُ الْآخَرُ {كَانَ يَنْشُرُ أَصَابِعَهُ لِلتَّكْبِيرِ} فَقَالَ التِّرْمِذِيُّ: خَطَأٌ، ثُمَّ لَوْ صَحَّ، فَمَعْنَاهُ: الْمَدُّ، قَالَ أَحْمَدُ: أَهْلُ الْعَرَبِيَّةِ قَالُوا هَذَا الضَّمُّ، وَضَمَّ أَصَابِعَهُ، وَهَذَا النَّشْرُ، وَمَدَّ أَصَابِعَهُ.
وَهَذَا التَّفْرِيقُ، وَفَرَّقَ أَصَابِعَهُ؛ وَلِأَنَّ النَّشْرَ لَا يَقْتَضِي التَّفْرِيقَ، ","أَنَّهُ صَلَّى اللَّهُ عَلَيْهِ وَسَلَّمَ كَانَ إِذَا دَخَلَ فِي الصَّلَاةِ رَفَعَ يَدَيْهِ مُدًّا} وَأَمَّا خَبَرُهُ الْآخَرُ {كَانَ يَنْشُرُ أَصَابِعَهُ لِلتَّكْبِيرِ} فَقَالَ التِّرْمِذِيُّ: خَطَأٌ، ثُمَّ لَوْ صَحَّ، فَمَعْنَاهُ: الْمَدُّ، قَالَ أَحْمَدُ: أَهْلُ الْعَرَبِيَّةِ قَالُوا هَذَا الضَّمُّ، وَضَمُّ أَصَابِعِهِ، وَهَذَا النَّشْرُ، وَمَدُّ أَصَابِعِهِ.
وَهَذَا التَّفْرِيقُ، وَفَرَّقَ أَصَابِعَهُ؛ وَلِأَنَّ النَّشْرَ لَا يَقْتَضِي التَّفْرِيقَ،"
"قال في النهر وفي المعراج إنه الأصح لكن قال في الحقائق كثير من مشايخنا قالوا الصواب ما قاله الطحاوي وقال الصفار كثيرا ما جربناه فلم نجده غالطا وكثيرا ما جربنا الجصاص فوجدناه غالطا.
(قوله وعبارة المجمع إلخ) قال في النهر فيه نظر؛ ","قَالَ فِي النَّهْرِ وَفِي الْمِعْرَاجِ إِنَّهُ الْأَصَحُّ لَكِنْ قَالَ فِي الْحَقَائِقِ كَثِيرٌ مِنْ مَشَايِخِنَا قَالُوا الصَّوَابُ مَا قَالَهُ الطَّحَاوِيُّ وَقَالَ الصَّفَّارُ كَثِيرًا مَا جَرَّبْنَاهُ فَلَمْ نَجِدْهُ غَالِطًا وَكَثِيرًا مَا جَرَّبْنَا الْجَصَّاصَ فَوَجَدْنَاهُ غَالِطًا.
(قَوْلُهُ وَعِبَارَةُ الْمَجْمَعِ إِلَخْ) قَالَ فِي النَّهْرِ فِيهِ نَظَرٌ؛ ","قَالَ فِي النَّهْرِ وَفِي الْمِعْرَاجِ إِنَّهُ الْأَصَحُّ لَكِنْ قَالَ فِي الْحَقَائِقِ كَثِيرٌ مِنْ مَشَايِخِنَا قَالُوا الصَّوَابُ مَا قَالَهُ الطَّحَاوِيُّ وَقَالَ الصَّفَّارُ كَثِيرًا مَا جَرَّبْنَاهُ فَلَمْ نَجِدْهُ غَالِطًا وَكَثِيرًا مَا جَرَّبْنَا الْجَصَّاصَ فَوَجَدْنَاهُ غَالِطًا.
(قَوْلُهُ وَعِبَارَةُ الْمَجْمَعِ إِلَخْ) قَالَ فِي النَّهْرِ فِيهِ نَظَرٌ؛"
"فما رزق الله تعالى في ذلك من شيء فهو بينهما نصفان كانت الشركة جائزة على ما اشترطا، ولا أجر للأجير ما دام يعمل بهذا المال، فكذلك في المضاربة، وأبو يوسف يقول: عقد الإجارة لا ينتقض بالمضاربة؛ لأن المضاربة دون الإجارة، فالإجارة لازمة من الجانبين، والمضاربة غير لازمة، ولا ينتقض الشيء بما هو دونه؛ ولأن المعقود عليه في الإجارة (26/71)
","فَمَا رَزَقَ اللَّهُ تَعَالَى فِي ذَلِكَ مِنْ شَيْءٍ فَهُوَ بَيْنَهُمَا نِصْفَانِ كَانَتِ الشَّرِكَةُ جَائِزَةً عَلَى مَا اشْتَرَطَا، وَلَا أَجْرَ لِلْأَجِيرِ مَا دَامَ يَعْمَلُ بِهَذَا الْمَالِ، فَكَذَلِكَ فِي الْمُضَارَبَةِ، وَأَبُو يُوسُفَ يَقُولُ: عَقْدُ الْإِجَارَةِ لَا يُنْتَقَضُ بِالْمُضَارَبَةِ؛ لِأَنَّ الْمُضَارَبَةَ دُونَ الْإِجَارَةِ، فَالْإِجَارَةُ لَازِمَةٌ مِنَ الْجَانِبَيْنِ، وَالْمُضَارَبَةُ غَيْرُ لَازِمَةٍ، وَلَا يُنْتَقَضُ الشَّيْءُ بِمَا هُوَ دُونَهُ؛ وَلِأَنَّ الْمَعْقُودَ عَلَيْهِ فِي الْإِجَارَةِ (26/71)
",فَمَا رَزَقَ اللَّهُ تَعَالَى فِي ذَلِكَ مِنْ شَيْءٍ فَهُوَ بَيْنَهُمَا نِصْفَانِ كَانَتِ الشَّرِكَةُ جَائِزَةً عَلَى مَا اشْتَرَطَا، وَلَا أَجْرَ لِلْأَجِيرِ مَا دَامَ يَعْمَلُ بِهَذَا الْمَالِ، فَكَذَلِكَ فِي الْمُضَارَبَةِ، وَأَبُو يُوسُفَ يَقُولُ: عَقْدُ الْإِجَارَةِ لَا يُنْتَقَضُ بِالْمُضَارَبَةِ؛ لِأَنَّ الْمُضَارَبَةَ دُونَ الْإِجَارَةِ، فَالْإِجَارَةُ لَازِمَةٌ مِنَ الْجَانِبَيْنِ، وَالْمُضَارَبَةُ غَيْرُ لَازِمَةٍ، وَلَا يُنْتَقَضُ الشَّيْءُ بِمَا هُوَ دُونَهُ؛ وَلِأَنَّ الْمَعْقُودَ عَلَيْهِ فِي الْإِجَارَةِ (26/71)
"أفرأيت إن لم يخرج الدم من الثوب؟ قال: «يكفيك الماء ولا يضرك أثره» . تفرد به ابن لهيعة. (2/408)
4286- وأخبرنا أبو عبد الله الحافظ أخبرنا أبو جعفر: محمد بن محمد بن عبد الله البغدادي حدثنا يحيى بن عثمان بن صالح حدثنا أبى حدثنا ابن لهيعة حدثنى يزيد بن أبى حبيب أن عيسى بن طلحة حدثهم عن أبى هريرة: ","أَفَرَأَيْتَ إِنْ لَمْ يَخْرُجُ الدَّمُ مِنَ الثَّوْبِ؟ قَالَ: «يَكْفِيكِ الْمَاءُ وَلَا يَضُرُّكِ أَثَرُهُ» . تَفَرَّدَ بِهِ ابْنُ لَهِيعَةَ. (2/408)
4286- وَأَخْبَرَنَا أَبُو عَبْدِ اللَّهِ الْحَافِظُ أَخْبَرَنَا أَبُو جَعْفَرٍ: مُحَمَّدُ بْنُ مُحَمَّدِ بْنِ عَبْدِ اللَّهِ الْبَغْدَادِيُّ حَدَّثَنَا يَحْيَى بْنُ عُثْمَانَ بْنِ صَالِحٍ حَدَّثَنَا أَبِى حَدَّثَنَا ابْنُ لَهِيعَةَ حَدَّثَنِى يَزِيدُ بْنِ أَبِى حَبِيبٍ أَنَّ عِيسَى بْنُ طَلْحَةَ حَدَّثَهُمْ عَنْ أَبِى هُرَيْرَةَ: ","أَفَرَأَيْتَ إِنْ لَمْ يَخْرُجِ الدَّمُ مِنَ الثَّوْبِ؟ قَالَ: «يَكْفِيكَ الْمَاءُ وَلَا يَضُرُّكَ أَثَرُهُ» . تَفَرَّدَ بِهِ ابْنُ لَهِيعَةَ. (2/408)
4286- وَأَخْبَرَنَا أَبُو عَبْدِ اللَّهِ الْحَافِظُ أَخْبَرَنَا أَبُو جَعْفَرٍ: مُحَمَّدُ بْنُ مُحَمَّدِ بْنِ عَبْدِ اللَّهِ الْبَغْدَادِيُّ حَدَّثَنَا يَحْيَى بْنُ عُثْمَانَ بْنِ صَالِحٍ حَدَّثَنَا أَبِى حَدَّثَنَا ابْنُ لَهِيعَةَ حَدَّثَنِى يَزِيدُ بْنُ أَبِى حَبِيبٍ أَنَّ عِيسَى بْنَ طَلْحَةَ حَدَّثَهُمْ عَنْ أَبِى هُرَيْرَةَ:"
لم أر من تعرض له، والظاهر الأول، ولو تردد في فعل فعله هل وصل إلى حد الكثرة أو لا لم يضر كما قال الإمام؛ لأن الأصل عدمه (وتبطل بالوثبة) لمنافاتها للصلاة، وقوله (الفاحشة) يفهم أن لنا وثبة غير فاحشة لا تبطل الصلاة وليس مرادا، ولذلك عدل ابن المقري عن هذه العبارة إلى قوله: ,لَمْ أَرَ مَنْ تَعَرَّضَ لَهُ، وَالظَّاهِرُ الْأَوَّلُ، وَلَوْ تَرَدَّدَ فِي فِعْلٍ فَعَلَهُ هَلْ وَصَلَ إِلَى حَدِّ الْكَثْرَةِ أَوْ لَا لَمْ يَضُرَّ كَمَا قَالَ الْإِمَامُ؛ لِأَنَّ الْأَصْلَ عَدَمُهُ (وَتَبْطُلُ بِالْوَثْبَةِ) لِمُنَافَاتِهَا لِلصَّلَاةِ، وَقَوْلُهُ (الْفَاحِشَةِ) يُفْهِمُ أَنَّ لَنَا وَثْبَةً غَيْرَ فَاحِشَةٍ لَا تُبْطِلُ الصَّلَاةَ وَلَيْسَ مُرَادًا، وَلِذَلِكَ عَدَلَ ابْنُ الْمُقْرِي عَنْ هَذِهِ الْعِبَارَةِ إِلَى قَوْلِهِ: ,لَمْ أَرَ مَنْ تَعَرَّضَ لَهُ، وَالظَّاهِرُ الْأَوَّلُ، وَلَوْ تَرَدَّدَ فِي فِعْلٍ فَعَلَهُ هَلْ وَصَلَ إِلَى حَدِّ الْكَثْرَةِ أَوْ لَا لَمْ يَضُرَّ كَمَا قَالَ الْإِمَامُ؛ لِأَنَّ الْأَصْلَ عَدَمُهُ (وَتَبْطُلُ بِالْوَثْبَةِ) لِمُنَافَاتِهَا لِلصَّلَاةِ، وَقَوْلُهُ (الْفَاحِشَةِ) يُفْهِمُ أَنَّ لَنَا وَثْبَةً غَيْرَ فَاحِشَةٍ لَا تُبْطِلُ الصَّلَاةَ وَلَيْسَ مُرَادًا، وَلِذَلِكَ عَدَلَ ابْنُ الْمُقْرِي عَنْ هَذِهِ الْعِبَارَةِ إِلَى قَوْلِهِ:
والنص ورد بتحريم الطلاق الصريح فيه نظر لأنه يقتضي أن الكنايات لا تكره في الحيض وليس كذلك للعلة المذكورة ويرد عليه الطلاق على مال فإنه لا يكره في الحيض كما صرح به في المعراج مع أنه صريح، وقد ذكر المصنف ثلاثة أنواع للبدعي وهي ثمانية: الرابع: تطليقها ثنتين بكلمة، الخامس: ,وَالنَّصُّ وَرَدَ بِتَحْرِيمِ الطَّلَاقِ الصَّرِيحِ فِيهِ نَظَرٌ لِأَنَّهُ يَقْتَضِي أَنَّ الْكِنَايَاتِ لَا تُكْرَهُ فِي الْحَيْضِ وَلَيْسَ كَذَلِكَ لِلْعِلَّةِ الْمَذْكُورَةِ وَيَرِدُ عَلَيْهِ الطَّلَاقُ عَلَى مَالٍ فَإِنَّهُ لَا يُكْرَهُ فِي الْحَيْضِ كَمَا صَرَّحَ بِهِ فِي الْمِعْرَاجِ مَعَ أَنَّهُ صَرِيحٌ، وَقَدْ ذَكَرَ الْمُصَنِّفُ ثَلَاثَةَ أَنْوَاعٍ لِلْبِدْعِيِّ وَهِيَ ثَمَانِيَةٌ: الرَّابِعُ: تَطْلِيقُهَا ثِنْتَيْنِ بِكَلِمَةٍ، الْخَامِسُ: ,وَالنَّصُّ وَرَدَ بِتَحْرِيمِ الطَّلَاقِ الصَّرِيحِ فِيهِ نَظَرٌ لِأَنَّهُ يَقْتَضِي أَنَّ الْكِنَايَاتِ لَا تُكْرَهُ فِي الْحَيْضِ وَلَيْسَ كَذَلِكَ لِلْعِلَّةِ الْمَذْكُورَةِ وَيَرِدُ عَلَيْهِ الطَّلَاقُ عَلَى مَالٍ فَإِنَّهُ لَا يُكْرَهُ فِي الْحَيْضِ كَمَا صَرَّحَ بِهِ فِي الْمِعْرَاجِ مَعَ أَنَّهُ صَرِيحٌ، وَقَدْ ذَكَرَ الْمُصَنِّفُ ثَلَاثَةَ أَنْوَاعٍ لِلْبِدْعِيِّ وَهِيَ ثَمَانِيَةٌ: الرَّابِعُ: تَطْلِيقُهَا ثِنْتَيْنِ بِكَلِمَةٍ، الْخَامِسُ:
"وساق الحديث وفيه ثم قام فتوضأ واستن. (2/182)
1835 - ","وَسَاقَ الْحَدِيثَ وَفِيهِ ثُمَّ قَامَ فَتَوَضَّأَ وَاسْتَنَّ. (2/182)
1835 - ","وَسَاقَ الْحَدِيثَ وَفِيهِ ثُمَّ قَامَ فَتَوَضَّأَ وَاسْتَنَّ. (2/182)
1835 -"
"فإن هلكت في هذه الحالة فلا ضمان قطعا.
وأما إذا هلكت في غيرها فينبغي أن يجب الضمان لكون هلاكها فيما وراء الضرورة.
فالأظهر في الجواب عن قول الشافعي والإذن يثبت ضرورة الانتفاع فلا يظهر فيما وراءه طريقة المنع لا القول بالموجب، وقد أفصح عنها صاحب غاية البيان حيث قال: والجواب عن قوله والإذن بقبض العين ثبت ضرورة الانتفاع.
","فَإِنْ هَلَكَتْ فِي هَذِهِ الْحَالَةِ فَلَا ضَمَانَ قَطْعًا.
وَأَمَّا إِذَا هَلَكَتْ فِي غَيْرِهَا فَيَنْبَغِي أَنْ يَجِبَ الضَّمَانُ لِكَوْنِ هَلَاكِهَا فِيمَا وَرَاءَ الضَّرُورَةِ.
فَالْأَظْهَرُ فِي الْجَوَابِ عَنْ قَوْلِ الشَّافِعِيِّ وَالْإِذْنُ يُثْبِتُ ضَرُورَةَ الِانْتِفَاعِ فَلَا يُظْهِرُ فِيمَا وَرَاءَهُ طَرِيقَةَ الْمَنْعِ لَا الْقَوْلِ بِالْمُوجِبِ، وَقَدْ أَفْصَحَ عَنْهَا صَاحِبُ غَايَةِ الْبَيَانِ حَيْثُ قَالَ: وَالْجَوَابُ عَنْ قَوْلِهِ وَالْإِذْنُ بِقَبْضِ الْعَيْنِ ثَبَتَ ضَرُورَةَ الِانْتِفَاعِ.
","فَإِنْ هَلَكَتْ فِي هَذِهِ الْحَالَةِ فَلَا ضَمَانَ قَطْعًا.
وَأَمَّا إِذَا هَلَكَتْ فِي غَيْرِهَا فَيَنْبَغِي أَنْ يَجِبَ الضَّمَانُ لِكَوْنِ هَلَاكِهَا فِيمَا وَرَاءَ الضَّرُورَةِ.
فَالْأَظْهَرُ فِي الْجَوَابِ عَنْ قَوْلِ الشَّافِعِيِّ وَالْإِذْنُ يَثْبُتُ ضَرُورَةَ الِانْتِفَاعِ فَلَا يَظْهَرُ فِيمَا وَرَاءَهُ طَرِيقَةُ الْمَنْعِ لَا الْقَوْلُ بِالْمُوجِبِ، وَقَدْ أَفْصَحَ عَنْهَا صَاحِبُ غَايَةِ الْبَيَانِ حَيْثُ قَالَ: وَالْجَوَابُ عَنْ قَوْلِهِ وَالْإِذْنُ بِقَبْضِ الْعَيْنِ ثَبَتَ ضَرُورَةَ الِانْتِفَاعِ."
"أي فإذا كانت أجرتها معمرة تزيد على ما قيل كان الزائد للغاصب (قوله، وإذا أخذ المالك المركب) أي بعد القدرة على الغاصب (قوله كالزفت إلخ) أي وكالنقش أي.
وأما لو أزال الغاصب نقش المالك فعليه قيمته؛ لأنه هو المتعدي في الفرعين (قوله غير ذلك) أي غير مسمر بها وغير المسامير (قوله عطف على أرض) ","أَيْ فَإِذَا كَانَتْ أُجْرَتُهَا مُعَمَّرَةً تَزِيدُ عَلَى مَا قِيلَ كَانَ الزَّائِدُ لِلْغَاصِبِ (قَوْلُهُ، وَإِذَا أَخَذَ الْمَالِكُ الْمَرْكَبَ) أَيْ بَعْدَ الْقُدْرَةِ عَلَى الْغَاصِبِ (قَوْلُهُ كَالزِّفْتِ إِلَخْ) أَيْ وَكَالنَّقْشِ أَيْ.
وَأَمَّا لَوْ أَزَالَ الْغَاصِبُ نَقْشَ الْمَالِكِ فَعَلَيْهِ قِيمَتُهُ؛ لِأَنَّهُ هُوَ الْمُتَعَدِّي فِي الْفَرْعَيْنِ (قَوْلُهُ غَيْرَ ذَلِكَ) أَيْ غَيْرَ مُسَمَّرٍ بِهَا وَغَيْرَ الْمَسَامِيرِ (قَوْلُهُ عَطْفٌ عَلَى أَرْضٍ) ","أَيْ فَإِذَا كَانَتْ أُجْرَتُهَا مُعَمَّرَةً تَزِيدُ عَلَى مَا قِيلَ كَانَ الزَّائِدُ لِلْغَاصِبِ (قَوْلُهُ، وَإِذَا أَخَذَ الْمَالِكُ الْمَرْكَبَ) أَيْ بَعْدَ الْقُدْرَةِ عَلَى الْغَاصِبِ (قَوْلُهُ كَالزِّفْتِ إِلَخْ) أَيْ وَكَالنَّقْشِ أَيْ.
وَأَمَّا لَوْ أَزَالَ الْغَاصِبُ نَقْشَ الْمَالِكِ فَعَلَيْهِ قِيمَتُهُ؛ لِأَنَّهُ هُوَ الْمُتَعَدِّي فِي الْفَرْعَيْنِ (قَوْلُهُ غَيْرَ ذَلِكَ) أَيْ غَيْرَ مُسَمَّرٍ بِهَا وَغَيْرَ الْمَسَامِيرِ (قَوْلُهُ عَطْفٌ عَلَى أَرْضٍ)"
"أخذ من ضلال الطريق، وهو العدول عن سمت القصد، وخص في الشرع بالعبارة عن العدول عن السداد في الاعتقاد دون الأعمال.
ومن غريب أمره أنه يعبر به عن عدم المعرفة بالحق إذا قابله غفلة، ولم يقترن بعدمه جهل أو شك، وعليه حمل العلماء قوله: {ووجدك ضالا فهدى} .
الذي حققه قوله: {","أُخِذَ مِنْ ضَلَالِ الطَّرِيقِ، وَهُوَ الْعُدُولُ عَنْ سَمْتِ الْقَصْدِ، وَخُصَّ فِي الشَّرْعِ بِالْعِبَارَةِ عَنِ الْعُدُولِ عَنِ السَّدَادِ فِي الِاعْتِقَادِ دُونَ الْأَعْمَالِ.
وَمِنْ غَرِيبِ أَمْرِهِ أَنَّهُ يُعَبَّرُ بِهِ عَنْ عَدَمِ الْمَعْرِفَةِ بِالْحَقِّ إِذَا قَابَلَهُ غَفْلَةً، وَلَمْ يَقْتَرِنْ بِعَدَمِهِ جَهْلٌ أَوْ شَكٌّ، وَعَلَيْهِ حَمَلَ الْعُلَمَاءُ قَوْلَهُ: {وَوَجَدَك ضَالًّا فَهَدَى} .
الَّذِي حَقَّقَهُ قَوْلُهُ: {","أَخَذَ مِنْ ضَلَالِ الطَّرِيقِ، وَهُوَ الْعُدُولُ عَنْ سَمْتِ الْقَصْدِ، وَخَصَّ فِي الشَّرْعِ بِالْعِبَارَةِ عَنِ الْعُدُولِ عَنِ السَّدَادِ فِي الِاعْتِقَادِ دُونَ الْأَعْمَالِ.
وَمِنْ غَرِيبِ أَمْرِهِ أَنَّهُ يُعَبَّرُ بِهِ عَنْ عَدَمِ الْمَعْرِفَةِ بِالْحَقِّ إِذَا قَابَلَهُ غَفْلَةٌ، وَلَمْ يَقْتَرِنْ بِعَدَمِهِ جَهْلٌ أَوْ شَكٌّ، وَعَلَيْهِ حَمَلَ الْعُلَمَاءُ قَوْلَهُ: {وَوَجَدَكَ ضَالًّا فَهَدَى} .
الَّذِي حَقَّقَهُ قَوْلُهُ: {"
هذا إذا لم يكن للمدعي بينة فإن كان فالظاهر كما قال في المطلب سماع المدعي على المخدرة والشهادة والحكم وكذلك حكم المريض لأن المرض والتخدير كالغيبة في سماع شهادة الفرع فكذا في الحكم عليهما وبهما صرح في التهذيب والكافي أول الباب في المريض وقوله فالظاهر كما قاله في المطلب أشار إلى تصحيحه (قوله وقال الماوردي والروياني إلخ) ,هَذَا إِذَا لَمْ يَكُنْ لِلْمُدَّعِي بَيِّنَةٌ فَإِنْ كَانَ فَالظَّاهِرُ كَمَا قَالَ فِي الْمَطْلَبِ سَمَاعُ الْمُدَّعِي عَلَى الْمُخَدَّرَةِ وَالشَّهَادَةِ وَالْحُكْمِ وَكَذَلِكَ حُكْمُ الْمَرِيضِ لِأَنَّ الْمَرَضَ وَالتَّخْدِيرَ كَالْغَيْبَةِ فِي سَمَاعِ شَهَادَةِ الْفَرْعِ فَكَذَا فِي الْحُكْمِ عَلَيْهِمَا وَبِهِمَا صَرَّحَ فِي التَّهْذِيبِ وَالْكَافِي أَوَّلَ الْبَابِ فِي الْمَرِيضِ وَقَوْلُهُ فَالظَّاهِرُ كَمَا قَالَهُ فِي الْمَطْلَبِ أَشَارَ إِلَى تَصْحِيحِهِ (قَوْلُهُ وَقَالَ الْمَاوَرْدِيُّ وَالرُّويَانِيُّ إِلَخْ) ,هَذَا إِذَا لَمْ يَكُنْ لِلْمُدَّعِي بَيِّنَةٌ فَإِنْ كَانَ فَالظَّاهِرُ كَمَا قَالَ فِي الْمَطْلَبِ سَمَاعُ الْمُدَّعِي عَلَى الْمُخَدَّرَةِ وَالشَّهَادَةِ وَالْحُكْمِ وَكَذَلِكَ حُكْمُ الْمَرِيضِ لِأَنَّ الْمَرَضَ وَالتَّخْدِيرَ كَالْغَيْبَةِ فِي سَمَاعِ شَهَادَةِ الْفَرْعِ فَكَذَا فِي الْحُكْمِ عَلَيْهِمَا وَبِهِمَا صَرَّحَ فِي التَّهْذِيبِ وَالْكَافِي أَوَّلَ الْبَابِ فِي الْمَرِيضِ وَقَوْلُهُ فَالظَّاهِرُ كَمَا قَالَهُ فِي الْمَطْلَبِ أَشَارَ إِلَى تَصْحِيحِهِ (قَوْلُهُ وَقَالَ الْمَاوَرْدِيُّ وَالرُّويَانِيُّ إِلَخْ)
"وأما لو قال: جسم لا كالأجسام فهو فاسق، وفي كفره قولان رجح عدم كفره.
قوله: [أو فعل يتضمنه] : إسناد التضمن للفعل يدل على أن المراد به هنا الالتزام لا حقيقة التضمن الذي هو دلالة اللفظ على جزء المعنى الموضوع له فلذلك قال الشارح: أي يستلزمه ولا يرد علينا قولهم لازم المذهب ليس بمذهب لأنه في اللازم (10/217)
","وَأَمَّا لَوْ قَالَ: جِسْمٌ لَا كَالْأَجْسَامِ فَهُوَ فَاسِقٌ، وَفِي كُفْرِهِ قَوْلَانِ رَجَّحَ عَدَمَ كُفْرِهِ.
قَوْلُهُ: [أَوْ فِعْلٌ يَتَضَمَّنُهُ] : إِسْنَادُ التَّضَمُّنِ لِلْفِعْلِ يَدُلُّ عَلَى أَنَّ الْمُرَادَ بِهِ هُنَا الِالْتِزَامُ لَا حَقِيقَةُ التَّضَمُّنِ الَّذِي هُوَ دَلَالَةُ اللَّفْظِ عَلَى جُزْءِ الْمَعْنَى الْمَوْضُوعِ لَهُ فَلِذَلِكَ قَالَ الشَّارِحُ: أَيْ يَسْتَلْزِمُهُ وَلَا يَرِدُ عَلَيْنَا قَوْلُهُمْ لَازِمُ الْمَذْهَبِ لَيْسَ بِمَذْهَبٍ لِأَنَّهُ فِي اللَّازِمِ (10/217)
","وَأَمَّا لَوْ قَالَ: جِسْمٌ لَا كَالْأَجْسَامِ فَهُوَ فَاسِقٌ، وَفِي كُفْرِهِ قَوْلَانِ رَجَّحَ عَدَمَ كُفْرِهِ.
قَوْلُهُ: [أَوْ فِعْلٍ يَتَضَمَّنُهُ] : إِسْنَادُ التَّضَمُّنِ لِلْفِعْلِ يَدُلُّ عَلَى أَنَّ الْمُرَادَ بِهِ هُنَا الِالْتِزَامُ لَا حَقِيقَةُ التَّضَمُّنِ الَّذِي هُوَ دَلَالَةُ اللَّفْظِ عَلَى جُزْءِ الْمَعْنَى الْمَوْضُوعِ لَهُ فَلِذَلِكَ قَالَ الشَّارِحُ: أَيْ يَسْتَلْزِمُهُ وَلَا يَرِدُ عَلَيْنَا قَوْلُهُمْ لَازِمُ الْمَذْهَبِ لَيْسَ بِمَذْهَبٍ لِأَنَّهُ فِي اللَّازِمِ (10/217)"
الحسين بن محمد الروذباري أخبرنا إسماعيل بن محمد الصفار حدثنا أبو إسماعيل: محمد بن إسماعيل حدثنا محمد بن عيسى ابن الطباع حدثنا حماد بن زيد عن يحيى بن سعيد حدثنى أبو أمامة بن سهل بن حنيف وعبد الله بن عامر بن ربيعة قالا: ,الْحُسَيْنُ بْنُ مُحَمَّدٍ الرُّوذْبَارِيُّ أَخْبَرَنَا إِسْمَاعِيلُ بْنُ مُحَمَّدٍ الصَّفَّارُ حَدَّثَنَا أَبُو إِسْمَاعِيلَ: مُحَمَّدُ بْنُ إِسْمَاعِيلَ حَدَّثَنَا مُحَمَّدُ بْنُ عِيسَى ابْنُ الطَّبَّاعِ حَدَّثَنَا حَمَّادُ بْنُ زَيْدٍ عَنْ يَحْيَى بْنِ سَعِيدٍ حَدَّثَنِى أَبُو أُمَامَةَ بْنُ سَهْلِ بْنِ حُنَيْفٍ وَعَبْدُ اللَّهِ بْنُ عَامِرِ بْنِ رَبِيعَةَ قَالَا: ,الْحُسَيْنُ بْنُ مُحَمَّدٍ الرُّوذْبَارِيُّ أَخْبَرَنَا إِسْمَاعِيلُ بْنُ مُحَمَّدٍ الصَّفَّارُ حَدَّثَنَا أَبُو إِسْمَاعِيلَ: مُحَمَّدُ بْنُ إِسْمَاعِيلَ حَدَّثَنَا مُحَمَّدُ بْنُ عِيسَى ابْنُ الطَّبَّاعِ حَدَّثَنَا حَمَّادُ بْنُ زَيْدٍ عَنْ يَحْيَى بْنِ سَعِيدٍ حَدَّثَنِى أَبُو أُمَامَةَ بْنُ سَهْلِ بْنِ حُنَيْفٍ وَعَبْدُ اللَّهِ بْنُ عَامِرِ بْنِ رَبِيعَةَ قَالَا:
أي على وجوب النظر والاستدلال في العقائد، وأما المخالف فإما خلافه بعد مضي قرن الإجماع السابق فلا يعتبر خلافه إذ الخلاف اللاحق لا يمنع الإجماع السابق بل هو نفسه ساقط لامتناع خرق الإجماع أو؛ ,أَيْ عَلَى وُجُوبِ النَّظَرِ وَالِاسْتِدْلَالِ فِي الْعَقَائِدِ، وَأَمَّا الْمُخَالِفُ فَإِمَّا خِلَافُهُ بَعْدَ مُضِيِّ قَرْنِ الْإِجْمَاعِ السَّابِقِ فَلَا يُعْتَبَرُ خِلَافُهُ إِذِ الْخِلَافُ اللَّاحِقُ لَا يَمْنَعُ الْإِجْمَاعَ السَّابِقَ بَلْ هُوَ نَفْسُهُ سَاقِطٌ لِامْتِنَاعِ خَرْقِ الْإِجْمَاعِ أَوْ؛ ,أَيْ عَلَى وُجُوبِ النَّظَرِ وَالِاسْتِدْلَالِ فِي الْعَقَائِدِ، وَأَمَّا الْمُخَالِفُ فَإِمَّا خِلَافُهُ بَعْدَ مُضِيِّ قَرْنِ الْإِجْمَاعِ السَّابِقِ فَلَا يُعْتَبَرُ خِلَافُهُ إِذِ الْخِلَافُ اللَّاحِقُ لَا يَمْنَعُ الْإِجْمَاعَ السَّابِقَ بَلْ هُوَ نَفْسُهُ سَاقِطٌ لِامْتِنَاعِ خَرْقِ الْإِجْمَاعِ أَوْ؛
"فمما لا يجدي نفعا بل لا ينبغي أن يصدر مثل هذا الكلام عنه.
(قوله: لا تخلو واقعة عن حكم) سلب كلي وهو سلب سلب فيرجع للإيجاب الكلي أي لله كل واقعة في حكم.
(قوله: ما يصدق بالحكم المتعارف) من الإذن والمنع وقوله: وبانتفائه يعني بالبراءة الأصلية وقوله: لقوله: ","فَمِمَّا لَا يُجْدِي نَفْعًا بَلْ لَا يَنْبَغِي أَنْ يَصْدُرَ مِثْلُ هَذَا الْكَلَامِ عَنْهُ.
(قَوْلُهُ: لَا تَخْلُو وَاقِعَةٌ عَنْ حُكْمٍ) سَلْبٌ كُلِّيٌّ وَهُوَ سَلْبُ سَلْبٍ فَيَرْجِعُ لِلْإِيجَابِ الْكُلِّيِّ أَيْ لِلَّهِ كُلُّ وَاقِعَةٍ فِي حُكْمٍ.
(قَوْلُهُ: مَا يُصَدَّقُ بِالْحُكْمِ الْمُتَعَارَفِ) مِنَ الْإِذْنِ وَالْمَنْعِ وَقَوْلُهُ: وَبِانْتِفَائِهِ يَعْنِي بِالْبَرَاءَةِ الْأَصْلِيَّةِ وَقَوْلُهُ: لِقَوْلِهِ: ","فَمِمَّا لَا يُجْدِي نَفْعًا بَلْ لَا يَنْبَغِي أَنْ يَصْدُرَ مِثْلُ هَذَا الْكَلَامِ عَنْهُ.
(قَوْلُهُ: لَا تَخْلُو وَاقِعَةٌ عَنْ حُكْمٍ) سَلْبٌ كُلِّيٌّ وَهُوَ سَلْبُ سَلْبٍ فَيَرْجِعُ لِلْإِيجَابِ الْكُلِّيِّ أَيْ لِلَّهِ كُلُّ وَاقِعَةٍ فِي حُكْمٍ.
(قَوْلُهُ: مَا يَصْدُقُ بِالْحُكْمِ الْمُتَعَارَفِ) مِنَ الْإِذْنِ وَالْمَنْعِ وَقَوْلُهُ: وَبِانْتِفَائِهِ يَعْنِي بِالْبَرَاءَةِ الْأَصْلِيَّةِ وَقَوْلُهُ: لِقَوْلِهِ:"
أي تحليتها؛ والتحلية جعل عين النقد في محال متفرقة مع الإحكام حتى تصير كالجزء منها ولإمكان فصلها مع عدم ذهاب شيء من عينها فارقت التمويه السابق أول الكتاب أنه حرام، حج قوله: (آلات الحرب) وإن كان عند من لم يحارب؛ ,أَيْ تَحْلِيَتُهَا؛ وَالتَّحْلِيَةُ جَعْلُ عَيْنِ النَّقْدِ فِي مَحَالَّ مُتَفَرِّقَةٍ مَعَ الْإِحْكَامِ حَتَّى تَصِيرَ كَالْجُزْءِ مِنْهَا وَلِإِمْكَانِ فَصْلِهَا مَعَ عَدَمِ ذَهَابِ شَيْءٍ مِنْ عَيْنِهَا فَارَقَتِ التَّمْوِيهَ السَّابِقَ أَوَّلَ الْكِتَابِ أَنَّهُ حَرَامٌ، حَجّ قَوْلُهُ: (آلَاتِ الْحَرْبِ) وَإِنْ كَانَ عِنْدَ مَنْ لِمَ يُحَارِبْ؛ ,أَيْ تَحْلِيَتِهَا؛ وَالتَّحْلِيَةُ جَعْلُ عَيْنِ النَّقْدِ فِي مَحَالٍّ مُتَفَرِّقَةٍ مَعَ الْإِحْكَامِ حَتَّى تَصِيرَ كَالْجُزْءِ مِنْهَا وَلِإِمْكَانِ فَصْلِهَا مَعَ عَدَمِ ذَهَابِ شَيْءٍ مِنْ عَيْنِهَا فَارَقَتِ التَّمْوِيهَ السَّابِقَ أَوَّلَ الْكِتَابِ أَنَّهُ حَرَامٌ، حَجّ قَوْلُهُ: (آلَاتِ الْحَرْبِ) وَإِنْ كَانَ عِنْدَ مَنْ لَمْ يُحَارِبْ؛
"فإن كان في طهر فيه جماع أو في حالة الحيض أو النفاس وقعت واحدة من ساعته، وإن كان في طهر لا جماع فيه لا يقع في الحال حتى تحيض أو يجامعها في ذلك الطهر.
قلت: لا منافاة بينهما لأن ما ذكروه هنا هو وقوع الواحدة البائنة بلا نية أعم من كونه تقع الساعة أو بعد وجود شيء بحر، ","فَإِنْ كَانَ فِي طُهْرٍ فِيهِ جِمَاعٌ أَوْ فِي حَالَةِ الْحَيْضِ أَوِ النِّفَاسِ وَقَعَتْ وَاحِدَةٌ مِنْ سَاعَتِهِ، وَإِنْ كَانَ فِي طُهْرٍ لَا جِمَاعَ فِيهِ لَا يَقَعُ فِي الْحَالِ حَتَّى تَحِيضَ أَوْ يُجَامِعَهَا فِي ذَلِكَ الطُّهْرِ.
قُلْت: لَا مُنَافَاةَ بَيْنَهُمَا لِأَنَّ مَا ذَكَرُوهُ هُنَا هُوَ وُقُوعُ الْوَاحِدَةِ الْبَائِنَةِ بِلَا نِيَّةٍ أَعَمُّ مِنْ كَوْنِهِ تَقَعُ السَّاعَةَ أَوْ بَعْدَ وُجُودِ شَيْءٍ بَحْرٌ، ","فَإِنْ كَانَ فِي طُهْرٍ فِيهِ جِمَاعٌ أَوْ فِي حَالَةِ الْحَيْضِ أَوِ النِّفَاسِ وَقَعَتْ وَاحِدَةٌ مِنْ سَاعَتِهِ، وَإِنْ كَانَ فِي طُهْرٍ لَا جِمَاعَ فِيهِ لَا يَقَعُ فِي الْحَالِ حَتَّى تَحِيضَ أَوْ يُجَامِعَهَا فِي ذَلِكَ الطُّهْرِ.
قُلْت: لَا مُنَافَاةَ بَيْنَهُمَا لِأَنَّ مَا ذَكَرُوهُ هُنَا هُوَ وُقُوعُ الْوَاحِدَةِ الْبَائِنَةِ بِلَا نِيَّةٍ أَعَمُّ مِنْ كَوْنِهِ تَقَعُ السَّاعَةَ أَوْ بَعْدَ وُجُودِ شَيْءٍ بَحْرٌ،"
لأن هذه الأسباب الشرعية تنقسم إلى ما يوجب مسببه إنشاء إلى قوله ولبراءة ذمته من الكفارات المعتق عنها) قلت ما قاله من تقدير الملك قبل النطق بالصيغة بالزمن الفرد لا حاجة إليه ولا دليل عليه، بل الدليل على خلافه وهو صحة العتق عن الميت وهو لا يصح أن يملك، ثم إن العتق عن غيره لم يقصد إلى ذلك المقدر، ,لِأَنَّ هَذِهِ الْأَسْبَابَ الشَّرْعِيَّةَ تَنْقَسِمُ إِلَى مَا يُوجِبُ مُسَبِّبُهُ إِنْشَاءً إِلَى قَوْلِهِ وَلِبَرَاءَةِ ذِمَّتِهِ مِنَ الْكَفَّارَاتِ الْمُعْتَقِ عَنْهَا) قُلْت مَا قَالَهُ مِنْ تَقْدِيرِ الْمِلْكِ قَبْلَ النُّطْقِ بِالصِّيغَةِ بِالزَّمَنِ الْفَرْدِ لَا حَاجَةَ إِلَيْهِ وَلَا دَلِيلَ عَلَيْهِ، بَلِ الدَّلِيلُ عَلَى خِلَافِهِ وَهُوَ صِحَّةُ الْعِتْقِ عَنِ الْمَيِّتِ وَهُوَ لَا يَصِحُّ أَنْ يَمْلِكَ، ثُمَّ إِنَّ الْعِتْقَ عَنْ غَيْرِهِ لَمْ يَقْصِدْ إِلَى ذَلِكَ الْمُقَدَّرَ، ,لِأَنَّ هَذِهِ الْأَسْبَابَ الشَّرْعِيَّةَ تَنْقَسِمُ إِلَى مَا يُوجِبُ مُسَبَّبُهُ إِنْشَاءً إِلَى قَوْلِهِ وَلِبَرَاءَةِ ذِمَّتِهِ مِنَ الْكَفَّارَاتِ الْمُعْتَقِ عَنْهَا) قُلْت مَا قَالَهُ مِنْ تَقْدِيرِ الْمِلْكِ قَبْلَ النُّطْقِ بِالصِّيغَةِ بِالزَّمَنِ الْفَرْدِ لَا حَاجَةَ إِلَيْهِ وَلَا دَلِيلَ عَلَيْهِ، بَلِ الدَّلِيلُ عَلَى خِلَافِهِ وَهُوَ صِحَّةُ الْعِتْقِ عَنِ الْمَيِّتِ وَهُوَ لَا يَصِحُّ أَنْ يَمْلِكَ، ثُمَّ إِنَّ الْعِتْقَ عَنْ غَيْرِهِ لَمْ يَقْصِدْ إِلَى ذَلِكَ الْمُقَدَّرِ،
"ولم تعلم السابقة منهما (أو) كلتيهما بنكاح صحيح لكن (إحداهما مطلقة) بائنا وجهلت (ثم مات الزوج) في المثالين فيجب على كل أقصى الأجلين، وهي أربعة أشهر وعشرة أيام عدة الوفاة لاحتمال كونها المتوفى عنها، وثلاثة أقراء لاحتمال كونها التي فسد نكاحها في المثال الأول أو التي طلقت في الثاني.
الشرح
(","وَلَمْ تَعْلَمِ السَّابِقَةُ مِنْهُمَا (أَوْ) كِلْتَيْهِمَا بِنِكَاحٍ صَحِيحٍ لَكِنَّ (إِحْدَاهُمَا مُطَلَّقَةٌ) بَائِنًا وَجَهِلَتْ (ثُمَّ مَاتَ الزَّوْجُ) فِي الْمِثَالَيْنِ فَيَجِبُ عَلَى كُلٍّ أَقْصَى الْأَجَلَيْنِ، وَهِيَ أَرْبَعَةُ أَشْهُرٍ وَعَشْرَةِ أَيَّامٍ عِدَّةُ الْوَفَاةِ لِاحْتِمَالِ كَوْنِهَا الْمُتَوَفَّى عَنْهَا، وَثَلَاثَةُ أَقْرَاءٍ لِاحْتِمَالِ كَوْنِهَا الَّتِي فَسَدَ نِكَاحُهَا فِي الْمِثَالِ الْأَوَّلِ أَوِ الَّتِي طَلُقَتْ فِي الثَّانِي.
الشَّرْحُ
(","وَلَمْ تُعْلَمِ السَّابِقَةُ مِنْهُمَا (أَوْ) كِلْتَيْهِمَا بِنِكَاحٍ صَحِيحٍ لَكِنْ (إِحْدَاهُمَا مُطَلَّقَةٌ) بَائِنًا وَجُهِلَتْ (ثُمَّ مَاتَ الزَّوْجُ) فِي الْمِثَالَيْنِ فَيَجِبُ عَلَى كُلٍّ أَقْصَى الْأَجَلَيْنِ، وَهِيَ أَرْبَعَةُ أَشْهُرٍ وَعَشَرَةُ أَيَّامٍ عِدَّةُ الْوَفَاةِ لِاحْتِمَالِ كَوْنِهَا الْمُتَوَفَّى عَنْهَا، وَثَلَاثَةُ أَقْرَاءٍ لِاحْتِمَالِ كَوْنِهَا الَّتِي فَسَدَ نِكَاحُهَا فِي الْمِثَالِ الْأَوَّلِ أَوِ الَّتِي طَلُقَتْ فِي الثَّانِي.
الشَّرْحُ
("
ينتهره ويصيح عليه قبل ذلك، وظاهر ذلك ولو لم يثبت ببينة، لكن هل ظاهره يختص بمجلس الحكم؟ فيه نظر، كالإقرار فيه وفي غيره، أو لأن الحاجة داعية إلى ذلك لكثرة المتظلمين على الحكام وأعدائهم فجاز فيه وفي غيره، ولهذا شق رفعه إلى غيره فأدبه بنفسه، مع أنه حق له، وقد ذكر ابن عقيل في أغصان الشجرة عن أصحابنا: ,يَنْتَهِرُهُ وَيَصِيحُ عَلَيْهِ قَبْلَ ذَلِكَ، وَظَاهِرُ ذَلِكَ وَلَوْ لَمْ يَثْبُتْ بِبَيِّنَةٍ، لَكِنْ هَلْ ظَاهِرُهُ يَخْتَصُّ بِمَجْلِسِ الْحُكْمِ؟ فِيهِ نَظَرٌ، كَالْإِقْرَارِ فِيهِ وَفِي غَيْرِهِ، أَوْ لِأَنَّ الْحَاجَةَ دَاعِيَةٌ إِلَى ذَلِكَ لِكَثْرَةِ الْمُتَظَلِّمِينَ عَلَى الْحُكَّامِ وَأَعْدَائِهِمْ فَجَازَ فِيهِ وَفِي غَيْرِهِ، وَلِهَذَا شَقَّ رَفْعُهُ إِلَى غَيْرِهِ فَأَدَّبَهُ بِنَفْسِهِ، مَعَ أَنَّهُ حَقٌّ لَهُ، وَقَدْ ذَكَرَ ابْنُ عَقِيلٍ فِي أَغْصَانِ الشَّجَرَةِ عَنْ أَصْحَابِنَا: ,يَنْتَهِرُهُ وَيَصِيحُ عَلَيْهِ قَبْلَ ذَلِكَ، وَظَاهِرُ ذَلِكَ وَلَوْ لَمْ يَثْبُتْ بِبَيِّنَةٍ، لَكِنْ هَلْ ظَاهِرُهُ يَخْتَصُّ بِمَجْلِسِ الْحُكْمِ؟ فِيهِ نَظَرٌ، كَالْإِقْرَارِ فِيهِ وَفِي غَيْرِهِ، أَوْ لِأَنَّ الْحَاجَةَ دَاعِيَةٌ إِلَى ذَلِكَ لِكَثْرَةِ الْمُتَظَلِّمِينَ عَلَى الْحُكَّامِ وَأَعْدَائِهِمْ فَجَازَ فِيهِ وَفِي غَيْرِهِ، وَلِهَذَا شَقَّ رَفْعَهُ إِلَى غَيْرِهِ فَأَدَّبَهُ بِنَفْسِهِ، مَعَ أَنَّهُ حَقٌّ لَهُ، وَقَدْ ذَكَرَ ابْنُ عَقِيلٍ فِي أَغْصَانِ الشَّجَرَةِ عَنْ أَصْحَابِنَا:
الحدود كفارات لأهلها} ,الْحُدُودُ كَفَّارَاتٌ لِأَهْلِهَا} ,الْحُدُودُ كَفَّارَاتٌ لِأَهْلِهَا}
"فأتيت بني سالم فإذا عتبان شيخ كبير قد ذهب بصره وهو إمام قومه فلما سلم من صلاته فجئته فسلمت عليه وأخبرته من أنا فحدثني كما حدثني أول مرة (3/426)
1932- حدثنا أبو موسى، حدثنا عبد الأعلى، عن معمر، عن الزهري، عن محمود بن الربيع، عن عتبان بن مالك رضي الله عنه، أنه قال: ","فَأَتَيْتُ بَنِي سَالِمٍ فَإِذَا عِتْبَانُ شَيْخٌ كَبِيرٌ قَدْ ذَهَبَ بَصَرَهُ وَهُوَ إِمَامُ قَوْمِهِ فَلَمَّا سَلَّمَ مِنْ صَلَاتِهِ فَجِئْتُهُ فَسَلَّمْتُ عَلَيْهِ وَأَخْبَرْتُهُ مَنْ أَنَا فَحَدَّثَنِي كَمَا حَدَّثَنِي أَوَّلَ مَرَّةً (3/426)
1932- حَدَّثَنَا أَبُو مُوسَى، حَدَّثَنَا عَبْدُ الْأَعْلَى، عَنْ مَعْمَرٍ، عَنِ الزُّهْرِيِّ، عَنْ مَحْمُودِ بْنِ الرَّبِيعِ، عَنْ عِتْبَانَ بْنِ مَالِكٍ رَضِيَ اللَّهُ عَنْهُ، أَنَّهُ قَالَ: ","فَأَتَيْتُ بَنِي سَالِمٍ فَإِذَا عُتْبَانُ شَيْخٌ كَبِيرٌ قَدْ ذَهَبَ بَصَرُهُ وَهُوَ إِمَامُ قَوْمِهِ فَلَمَّا سَلَّمَ مِنْ صَلَاتِهِ فَجِئْتُهُ فَسَلَّمْتُ عَلَيْهِ وَأَخْبَرْتُهُ مَنْ أَنَا فَحَدَّثَنِي كَمَا حَدَّثَنِي أَوَّلَ مَرَّةٍ (3/426)
1932- حَدَّثَنَا أَبُو مُوسَى، حَدَّثَنَا عَبْدُ الْأَعْلَى، عَنْ مَعْمَرٍ، عَنِ الزُّهْرِيِّ، عَنْ مَحْمُودِ بْنِ الرَّبِيعِ، عَنْ عُتْبَانَ بْنِ مَالِكٍ رَضِيَ اللَّهُ عَنْهُ، أَنَّهُ قَالَ:"
واحدة، وطلاق ثنتين غير الأوليين، وطلاق أربع، وسواء أتى بكلما في التعليقات كلها أم في الثلاثة الأول أم في الأوليين، إذ لا تكرار في الأخيرين، وإنما صورها الأصحاب بالإتيان بها في الكل ليتأتى مجيء الأوجه كلها التي منها أنه يعتق عشرون، ,وَاحِدَةٍ، وَطَلَاقُ ثِنْتَيْنِ غَيْرِ الْأُولَيَيْنِ، وَطَلَاقُ أَرْبَعٍ، وَسَوَاءٌ أَتَى بِكُلَّمَا فِي التَّعْلِيقَاتِ كُلِّهَا أَمْ فِي الثَّلَاثَةِ الْأُوَلِ أَمْ فِي الْأُولَيَيْنِ، إِذْ لَا تَكْرَارَ فِي الْأَخِيرَيْنِ، وَإِنَّمَا صَوَّرَهَا الْأَصْحَابُ بِالْإِتْيَانِ بِهَا فِي الْكُلِّ لِيَتَأَتَّى مَجِيءُ الْأَوْجُهِ كُلِّهَا الَّتِي مِنْهَا أَنَّهُ يَعْتِقُ عِشْرُونَ، ,وَاحِدَةً، وَطَلَاقُ ثِنْتَيْنِ غَيْرِ الْأُولَيَيْنِ، وَطَلَاقُ أَرْبَعٍ، وَسَوَاءٌ أَتَى بِكُلِّمَا فِي التَّعْلِيقَاتِ كُلِّهَا أَمْ فِي الثَّلَاثَةِ الْأُوَلِ أَمْ فِي الْأُولَيَيْنِ، إِذْ لَا تَكْرَارَ فِي الْأَخِيرَيْنِ، وَإِنَّمَا صَوَّرَهَا الْأَصْحَابُ بِالْإِتْيَانِ بِهَا فِي الْكُلِّ لِيَتَأَتَّى مَجِيءُ الْأَوْجُهِ كُلِّهَا الَّتِي مِنْهَا أَنَّهُ يُعْتَقُ عِشْرُونَ،
ثم إنما وجب هناك لمعنى لا يوجد ههنا، وهو أن القضاء صرف ما له إلى ما عليه فيستدعي أن يكون جنس الفائت مشروعا في وقت القضاء فيمكنه صرف ما له إلى ما عليه، وهذا لا يوجد في الرمي؛ لأنه ليس في غير هذه الأيام رمي مشروع على هيئة مخصوصة ليصرف ما له إلى ما عليه فتعذر القضاء فسقط ضرورة، ,ثُمَّ إِنَّمَا وَجَبَ هُنَاكَ لِمَعْنًى لَا يُوجَدُ هَهُنَا، وَهُوَ أَنَّ الْقَضَاءَ صَرَفَ مَا لَهُ إِلَى مَا عَلَيْهِ فَيَسْتَدْعِي أَنْ يَكُونَ جِنْسُ الْفَائِتِ مَشْرُوعًا فِي وَقْتِ الْقَضَاءِ فَيُمْكِنَهُ صَرْفُ مَا لَهُ إِلَى مَا عَلَيْهِ، وَهَذَا لَا يُوجَدُ فِي الرَّمْيِ؛ لِأَنَّهُ لَيْسَ فِي غَيْرِ هَذِهِ الْأَيَّامِ رَمْيٌ مَشْرُوعٌ عَلَى هَيْئَةٍ مَخْصُوصَةٍ لِيَصْرِفَ مَا لَهُ إِلَى مَا عَلَيْهِ فَتَعَذَّرَ الْقَضَاءُ فَسَقَطَ ضَرُورَةً، ,ثُمَّ إِنَّمَا وَجَبَ هُنَاكَ لِمَعْنًى لَا يُوجَدُ هَهُنَا، وَهُوَ أَنَّ الْقَضَاءَ صَرْفُ مَا لَهُ إِلَى مَا عَلَيْهِ فَيَسْتَدْعِي أَنْ يَكُونَ جِنْسُ الْفَائِتِ مَشْرُوعًا فِي وَقْتِ الْقَضَاءِ فَيُمْكِنُهُ صَرْفُ مَا لَهُ إِلَى مَا عَلَيْهِ، وَهَذَا لَا يُوجَدُ فِي الرَّمْيِ؛ لِأَنَّهُ لَيْسَ فِي غَيْرِ هَذِهِ الْأَيَّامِ رَمْيٌ مَشْرُوعٌ عَلَى هَيْئَةٍ مَخْصُوصَةٍ لِيَصْرِفَ مَا لَهُ إِلَى مَا عَلَيْهِ فَتَعَذَّرَ الْقَضَاءُ فَسَقَطَ ضَرُورَةً،
ومن الناس من يعبد الله على حرف فإن أصابه خير اطمأن به وإن أصابته فتنة انقلب على وجهه خسر الدنيا والآخرة ذلك هو الخسران المبين) (1) فنتيجة هذه القراءة هو الخسران المبين؛ لأن الإنسان لم يتقدم بالعبادة إلى مستوى الغيبي، إذ يبقى على مستوى الخير بمفهوم النفع المادي والمحسوس، ,وَمِنَ النَّاسِ مَنْ يَعْبُدُ اللَّهَ عَلَى حَرْفٍ فَإِنْ أَصَابَهُ خَيْرٌ اطْمَأَنَّ بِهِ وَإِنْ أَصَابَتْهُ فِتْنَةٌ انْقَلَبَ عَلَى وَجْهِهِ خَسِرَ الدُّنْيَا وَالْآخِرَةَ ذَلِكَ هُوَ الْخُسْرَانُ الْمُبِينُ) (1) فَنَتِيجَةُ هَذِهِ الْقِرَاءَةِ هُوَ الْخُسْرَانُ الْمُبِينُ؛ لِأَنَّ الْإِنْسَانَ لَمْ يَتَقَدَّمْ بِالْعِبَادَةِ إِلَى مُسْتَوَى الْغَيْبِيِّ، إِذْ يَبْقَى عَلَى مُسْتَوَى الْخَيْرِ بِمَفْهُومِ النَّفْعِ الْمَادِّيِّ وَالْمَحْسُوسِ، ,وَمِنَ النَّاسِ مَنْ يَعْبُدُ اللَّهَ عَلَى حَرْفٍ فَإِنْ أَصَابَهُ خَيْرٌ اطْمَأَنَّ بِهِ وَإِنْ أَصَابَتْهُ فِتْنَةٌ انْقَلَبَ عَلَى وَجْهِهِ خَسِرَ الدُّنْيَا وَالْآخِرَةَ ذَلِكَ هُوَ الْخُسْرَانُ الْمُبِينُ) (1) فَنَتِيجَةُ هَذِهِ الْقِرَاءَةِ هُوَ الْخُسْرَانُ الْمُبِينُ؛ لِأَنَّ الْإِنْسَانَ لَمْ يَتَقَدَّمْ بِالْعِبَادَةِ إِلَى مُسْتَوَى الْغَيْبِيِّ، إِذْ يَبْقَى عَلَى مُسْتَوَى الْخَيْرِ بِمَفْهُومِ النَّفْعِ الْمَادِّيِّ وَالْمَحْسُوسِ،
"وكذا) تجب الزكاة على (من ملك ببعضه الحر نصابا) (في الأصح) لتمام ملكه، ولهذا نص إمامنا رضي الله عنه على أنه يكفر كفارة الحر الموسر.
والثاني لا لنقصانه بالرق فأشبه العبد والمكاتب.
الشرح
(قوله على أنه يكفر كفارة الحر الموسر) ","وَكَذَا) تَجِبُ الزَّكَاةُ عَلَى (مَنْ مَلَكَ بِبَعْضِهِ الْحُرِّ نِصَابًا) (فِي الْأَصَحِّ) لِتَمَامِ مِلْكِهِ، وَلِهَذَا نَصَّ إِمَامُنَا رَضِيَ اللَّهُ عَنْهُ عَلَى أَنَّهُ يُكَفِّرُ كَفَّارَةَ الْحُرِّ الْمُوسِرِ.
وَالثَّانِي لَا لِنُقْصَانِهِ بِالرِّقِّ فَأَشْبَهَ الْعَبْدَ وَالْمُكَاتَبَ.
الشَّرْحُ
(قَوْلُهُ عَلَى أَنَّهُ يُكَفِّرُ كَفَّارَةَ الْحُرِّ الْمُوسِرِ) ","وَكَذَا) تَجِبُ الزَّكَاةُ عَلَى (مَنْ مَلَكَ بِبَعْضِهِ الْحُرَّ نِصَابًا) (فِي الْأَصَحِّ) لِتَمَامِ مِلْكِهِ، وَلِهَذَا نَصَّ إِمَامُنَا رَضِيَ اللَّهُ عَنْهُ عَلَى أَنَّهُ يُكَفِّرُ كَفَّارَةَ الْحُرِّ الْمُوسِرِ.
وَالثَّانِي لَا لِنُقْصَانِهِ بِالرِّقِّ فَأَشْبَهَ الْعَبْدَ وَالْمُكَاتَبَ.
الشَّرْحُ
(قَوْلُهُ عَلَى أَنَّهُ يُكَفِّرُ كَفَّارَةَ الْحُرِّ الْمُوسِرِ)"
منهما (ولو) كان (في لفظ قام علي) لأن ذلك مقتضى اللفظ (فلو بان الكثير) من الثمن في بيع (عن مواطأة) بينه وبين صاحبه وهي مكروهة كما في الأصل تنزيها وقيل تحريما (فله) أي المشتري (الخيار) ,مِنْهُمَا (وَلَوْ) كَانَ (فِي لَفْظِ قَامَ عَلَيَّ) لِأَنَّ ذَلِكَ مُقْتَضَى اللَّفْظِ (فَلَوْ بَانَ الْكَثِيرُ) مِنَ الثَّمَنِ فِي بَيْعٍ (عَنْ مُوَاطَأَةٍ) بَيْنَهُ وَبَيْنَ صَاحِبِهِ وَهِيَ مَكْرُوهَةٌ كَمَا فِي الْأَصْلِ تَنْزِيهًا وَقِيلَ تَحْرِيمًا (فَلَهُ) أَيِ الْمُشْتَرِي (الْخِيَارُ) ,مِنْهُمَا (وَلَوْ) كَانَ (فِي لَفْظِ قَامَ عَلَيَّ) لِأَنَّ ذَلِكَ مُقْتَضَى اللَّفْظِ (فَلَوْ بَانَ الْكَثِيرُ) مِنَ الثَّمَنِ فِي بَيْعٍ (عَنْ مُوَاطَأَةٍ) بَيْنَهُ وَبَيْنَ صَاحِبِهِ وَهِيَ مَكْرُوهَةٌ كَمَا فِي الْأَصْلِ تَنْزِيهًا وَقِيلَ تَحْرِيمًا (فَلَهُ) أَيِ الْمُشْتَرِي (الْخِيَارُ)
"فلا تلزمه (أو لم تنفق) الزوجة (بنية) رجوع؛ بل متبرعة أو لم تنو شيئا، أما لو أنفقت بنية الرجوع؛ فإنه يلزمها، لقيامها عنه بواجب، وهو متجه. (17/71)
(ومن) أي: مباينة ونحوها (ادعت حملا) دون ثلاث أشهر (وجب) عليه (إنفاق تمام ثلاثة أشهر من ابتداء زمن ذكرت أنها حامل) منه (فإن مضت) ","فَلَا تَلْزَمُهُ (أَوْ لَمْ تُنْفِقْ) الزَّوْجَةُ (بِنِيَّةِ) رُجُوعٍ؛ بَلْ مُتَبَرِّعَةٍ أَوْ لَمْ تَنْوِ شَيْئًا، أَمَّا لَوْ أَنْفَقَتْ بِنِيَّةِ الرُّجُوعِ؛ فَإِنَّهُ يَلْزَمُهَا، لِقِيَامِهَا عَنْهُ بِوَاجِبٍ، وَهُوَ مُتَّجِهٌ. (17/71)
(وَمَنْ) أَيْ: مُبَايَنَةٌ وَنَحْوُهَا (ادَّعَتْ حَمْلًا) دُونَ ثَلَاثِ أَشْهُرٍ (وَجَبَ) عَلَيْهِ (إِنْفَاقُ تَمَامِ ثَلَاثَةِ أَشْهُرٍ مِنَ ابْتِدَاءِ زَمَنٍ ذَكَرَتْ أَنَّهَا حَامِلٌ) مِنْهُ (فَإِنْ مَضَتْ) ","فَلَا تَلْزَمُهُ (أَوْ لَمْ تُنْفِقْ) الزَّوْجَةُ (بِنِيَّةِ) رُجُوعٍ؛ بَلْ مُتَبَرِّعَةً أَوْ لَمْ تَنْوِ شَيْئًا، أَمَّا لَوْ أَنْفَقَتْ بِنِيَّةِ الرُّجُوعِ؛ فَإِنَّهُ يَلْزَمُهَا، لِقِيَامِهَا عَنْهُ بِوَاجِبٍ، وَهُوَ مُتَّجِهٌ. (17/71)
(وَمَنْ) أَيْ: مُبَايِنَةً وَنَحْوَهَا (ادَّعَتْ حَمْلًا) دُونَ ثَلَاثِ أَشْهُرٍ (وَجَبَ) عَلَيْهِ (إِنْفَاقُ تَمَامِ ثَلَاثَةِ أَشْهُرٍ مِنَ ابْتِدَاءِ زَمَنِ ذَكَرَتْ أَنَّهَا حَامِلٌ) مِنْهُ (فَإِنْ مَضَتْ)"
"لا بأكل (بلوط) لأنه إنما يؤكل للمجاعة أو التداوي لا للتفكه.
(و) لا بأكل (بطم) لأنه في معنى الزيتون (و) لا بأكل (زعرور) بضم الزاي (أحمر) بخلاف الأبيض.
(و) لا بأكل (آس) أي مرسين (وسائر ثمر شجر بري لا يستطاب) كالقيقب والعفص بخلاف الخرنوب (و) لا بأكل (قرع وباذنجان) ونحو كرنب لأنه من الخضر (ولا) ","لَا بِأَكْلِ (بَلُّوطٍ) لِأَنَّهُ إِنَّمَا يُؤْكَلُ لِلْمَجَاعَةِ أَوِ التَّدَاوِي لَا لِلتَّفَكُّهِ.
(وَ) لَا بِأَكْلِ (بُطْمٍ) لِأَنَّهُ فِي مَعْنَى الزَّيْتُونِ (وَ) لَا بِأَكْلِ (زُعْرُورٍ) بِضَمِّ الزَّايِ (أَحْمَرَ) بِخِلَافِ الْأَبْيَضِ.
(وَ) لَا بِأَكْلِ (آسٍ) أَيْ مِرْسِينٍ (وَسَائِرِ ثَمَرِ شَجَرٍ بَرِّيٍّ لَا يُسْتَطَابُ) كَالْقَيْقَبِ وَالْعَفْصِ بِخِلَافِ الْخُرْنُوبِ (وَ) لَا بِأَكْلِ (قَرْعٍ وَبَاذَنْجَان) وَنَحْوِ كُرُنْبٍ لِأَنَّهُ مِنَ الْخُضَرِ (وَلَا) ","لَا بِأَكْلِ (بَلُّوطٍ) لِأَنَّهُ إِنَّمَا يُؤْكَلُ لِلْمَجَاعَةِ أَوِ التَّدَاوِي لَا لِلتَّفَكُّهِ.
(وَ) لَا بِأَكْلِ (بَطْمٍ) لِأَنَّهُ فِي مَعْنَى الزَّيْتُونِ (وَ) لَا بِأَكْلِ (زَعْرُورٍ) بِضَمِّ الزَّايِ (أَحْمَرَ) بِخِلَافِ الْأَبْيَضِ.
(وَ) لَا بِأَكْلِ (آسٍ) أَيْ مَرْسِينٍ (وَسَائِرِ ثَمَرِ شَجَرٍ بَرِّيٍّ لَا يُسْتَطَابُ) كَالْقَيْقَبِ وَالْعَفْصِ بِخِلَافِ الْخُرْنُوبِ (وَ) لَا بِأَكْلِ (قَرْعٍ وَبَاذِنْجَانٍ) وَنَحْوِ كُرْنُبٍ لِأَنَّهُ مِنَ الْخَضِرِ (وَلَا)"
"وأما إذا جرت في البعض يكون الجهاز تركة يتعلق بها حق الورثة هو الصحيح.
ا ه.
ولعل وجهه أن البعض الذي يدعيه الأب بعينه عارية لم تشهد به العادة، بخلاف ما لو جرت العادة بإعارة الكل فلا يتعلق به حق ورثتها بل يكون كله للأب، والله (10/169)
تعالى أعلم.
[تنبيه] ","وَأَمَّا إِذَا جَرَتْ فِي الْبَعْضِ يَكُونُ الْجِهَازُ تَرِكَةً يَتَعَلَّقُ بِهَا حَقُّ الْوَرَثَةِ هُوَ الصَّحِيحُ.
ا ه.
وَلَعَلَّ وَجْهَهُ أَنَّ الْبَعْضَ الَّذِي يَدَّعِيهِ الْأَبُ بِعَيْنِهِ عَارِيَّةٌ لَمْ تَشْهَدْ بِهِ الْعَادَةُ، بِخِلَافِ مَا لَوْ جَرَتِ الْعَادَةُ بِإِعَارَةِ الْكُلِّ فَلَا يَتَعَلَّقُ بِهِ حَقُّ وَرَثَتِهَا بَلْ يَكُونُ كُلُّهُ لِلْأَبِ، وَاللَّهُ (10/169)
تَعَالَى أَعْلَمُ.
[تَنْبِيهٌ] ","وَأَمَّا إِذَا جَرَتْ فِي الْبَعْضِ يَكُونُ الْجِهَازُ تَرِكَةً يَتَعَلَّقُ بِهَا حَقُّ الْوَرَثَةِ هُوَ الصَّحِيحُ.
ا ه.
وَلَعَلَّ وَجْهَهُ أَنَّ الْبَعْضَ الَّذِي يَدَّعِيهِ الْأَبُ بِعَيْنِهِ عَارِيَّةٌ لَمْ تَشْهَدْ بِهِ الْعَادَةُ، بِخِلَافِ مَا لَوْ جَرَتِ الْعَادَةُ بِإِعَارَةِ الْكُلِّ فَلَا يَتَعَلَّقُ بِهِ حَقُّ وَرَثَتِهَا بَلْ يَكُونُ كُلُّهُ لِلْأَبِ، وَاللَّهُ (10/169)
تَعَالَى أَعْلَمُ.
[تَنْبِيهٌ]"
"إنما المكروه في العمامة التي ليست بهما، فإن كانا معا فهو الكمال في امتثال السنة، وإن كان أحدهما فقد خرج به عن المكروه والله أعلم.
","إِنَّمَا الْمَكْرُوهُ فِي الْعِمَامَةِ الَّتِي لَيْسَتْ بِهِمَا، فَإِنْ كَانَا مَعًا فَهُوَ الْكَمَالُ فِي امْتِثَالِ السُّنَّةِ، وَإِنْ كَانَ أَحَدُهُمَا فَقَدْ خَرَجَ بِهِ عَنِ الْمَكْرُوهِ وَاللَّهُ أَعْلَمُ.
",إِنَّمَا الْمَكْرُوهُ فِي الْعِمَامَةِ الَّتِي لَيْسَتْ بِهِمَا، فَإِنْ كَانَا مَعًا فَهُوَ الْكَمَالُ فِي امْتِثَالِ السُّنَّةِ، وَإِنْ كَانَ أَحَدُهُمَا فَقَدْ خَرَجَ بِهِ عَنِ الْمَكْرُوهِ وَاللَّهُ أَعْلَمُ.
"قولهما ما ذكرنا أن فيه معنى التمليك أيضا والتمليك لا يقوم إلا بالإيجاب والقبول فكان الإيجاب وحده شطر العقد فلا يقف على غائب عن المجلس كالبيع مع ما أنا نعمل بالشبهين جميعا فنقول لشبه الالتزام يحتمل الجهالة والتعليق بالشرط والإضافة إلى الوقت ولشبه التمليك لا يقف على غائب عن المجلس اعتبارا للشبهين بقدر الإمكان.
(","قَوْلِهِمَا مَا ذَكَرْنَا أَنَّ فِيهِ مَعْنَى التَّمْلِيكِ أَيْضًا وَالتَّمْلِيكُ لَا يَقُومُ إِلَّا بِالْإِيجَابِ وَالْقَبُولِ فَكَانَ الْإِيجَابُ وَحْدَهُ شَطْرَ الْعَقَدِ فَلَا يَقِفُ عَلَى غَائِبٍ عَنِ الْمَجْلِسِ كَالْبَيْعِ مَعَ مَا أَنَّا نَعْمَلُ بِالشَّبَهَيْنِ جَمِيعًا فَنَقُولُ لِشِبْهِ الِالْتِزَامِ يَحْتَمِلُ الْجَهَالَةَ وَالتَّعْلِيقَ بِالشَّرْطِ وَالْإِضَافَةِ إِلَى الْوَقْتِ وَلِشِبْهِ التَّمْلِيكِ لَا يَقِفُ عَلَى غَائِبٍ عَنِ الْمَجْلِسِ اعْتِبَارًا لِلشَّبَهَيْنِ بِقَدْرِ الْإِمْكَانِ.
(","قَوْلُهُمَا مَا ذَكَرْنَا أَنَّ فِيهِ مَعْنَى التَّمْلِيكِ أَيْضًا وَالتَّمْلِيكُ لَا يَقُومُ إِلَّا بِالْإِيجَابِ وَالْقَبُولِ فَكَانَ الْإِيجَابُ وَحْدَهُ شَطْرَ الْعَقْدِ فَلَا يَقِفُ عَلَى غَائِبٍ عَنِ الْمَجْلِسِ كَالْبَيْعِ مَعَ مَا أَنَّا نَعْمَلُ بِالشَّبَهَيْنِ جَمِيعًا فَنَقُولُ لِشَبَهِ الِالْتِزَامِ يَحْتَمِلُ الْجَهَالَةَ وَالتَّعْلِيقَ بِالشَّرْطِ وَالْإِضَافَةَ إِلَى الْوَقْتِ وَلِشَبَهِ التَّمْلِيكِ لَا يَقِفُ عَلَى غَائِبٍ عَنِ الْمَجْلِسِ اعْتِبَارًا لِلشَّبَهَيْنِ بِقَدْرِ الْإِمْكَانِ.
("
والأوجه أن التردد في النية لا فرق فيه بين أن يكون في الابتداء أو الدوام لكن في الابتداء يضر مطلقا وفي الأثناء إن طال الزمان أو مضى ركن على ذلك ضر وإلا فلا ا ه عبارة سم بعد ذكره عن الإيعاب مثل قولهما وأنه لو ظنه رجلا إلى نعم نصها وقد يتجه أن يقال إن تبين في الأثناء خنوثته ثم ذكورته قبل طول الفصل ومضى ركن بنى بل لو تبين ذلك قبل المفارقة استمرت الصحة ولم تجب المفارقة، ,وَالْأَوْجَهُ أَنَّ التَّرَدُّدَ فِي النِّيَّةِ لَا فَرْقَ فِيهِ بَيْنَ أَنْ يَكُونَ فِي الِابْتِدَاءِ أَوِ الدَّوَامِ لَكِنْ فِي الِابْتِدَاءِ يَضُرُّ مُطْلَقًا وَفِي الْأَثْنَاءِ إِنْ طَالَ الزَّمَانُ أَوْ مَضَى رُكْنٌ عَلَى ذَلِكَ ضَرَّ وَإِلَّا فَلَا ا ه عِبَارَةُ سم بَعْدَ ذِكْرِهِ عَنِ الْإِيعَابِ مِثْلَ قَوْلِهِمَا وَأَنَّهُ لَوْ ظَنَّهُ رَجُلًا إِلَى نَعَمْ نَصُّهَا وَقَدْ يُتَّجَهُ أَنْ يُقَالَ إِنْ تَبَيَّنَ فِي الْأَثْنَاءِ خُنُوثَتَهُ ثُمَّ ذُكُورَتَهُ قَبْلَ طُولِ الْفَصْلِ وَمَضَى رُكْنٌ بَنَى بَلْ لَوْ تَبَيَّنَ ذَلِكَ قَبْلَ الْمُفَارَقَةِ اسْتَمَرَّتِ الصِّحَّةُ وَلَمْ تَجِبِ الْمُفَارَقَةُ، ,وَالْأَوْجَهُ أَنَّ التَّرَدُّدَ فِي النِّيَّةِ لَا فَرْقَ فِيهِ بَيْنَ أَنْ يَكُونَ فِي الِابْتِدَاءِ أَوِ الدَّوَامِ لَكِنْ فِي الِابْتِدَاءِ يَضُرُّ مُطْلَقًا وَفِي الْأَثْنَاءِ إِنْ طَالَ الزَّمَانُ أَوْ مَضَى رُكْنٌ عَلَى ذَلِكَ ضَرَرٌ وَإِلَّا فَلَا ا ه عِبَارَةُ سم بَعْدَ ذِكْرِهِ عَنِ الْإِيعَابِ مِثْلُ قَوْلِهِمَا وَأَنَّهُ لَوْ ظَنَّهُ رَجُلًا إِلَى نَعَمْ نَصُّهَا وَقَدْ يُتَّجَهُ أَنْ يُقَالَ إِنْ تَبَيَّنَ فِي الْأَثْنَاءِ خُنُوثَتُهُ ثُمَّ ذُكُورَتُهُ قَبْلَ طُولِ الْفَصْلِ وَمَضَى رُكْنٌ بَنَى بَلْ لَوْ تَبَيَّنَ ذَلِكَ قَبْلَ الْمُفَارَقَةِ اسْتَمَرَّتِ الصِّحَّةُ وَلَمْ تَجِبِ الْمُفَارَقَةُ،
"ويجعل في الحكم كأنهم امتنعوا من بيان ذلك أصلا، ولو شهدوا عليه بالزنا وامتنعوا من بيان المزني بها والمكان والزمان لا يقام الحد على المشهود عليه ولا عليهم فهذا مثله.
(قال) وإذا شهدوا على بيت واحد أنه زنى بها فيه، فقال اثنان: في مقدمه وقال اثنان: ","وَيُجْعَلُ فِي الْحُكْمِ كَأَنَّهُمُ امْتَنَعُوا مِنْ بَيَانِ ذَلِكَ أَصْلًا، وَلَوْ شَهِدُوا عَلَيْهِ بِالزِّنَا وَامْتَنَعُوا مِنْ بَيَانِ الْمَزْنِيِّ بِهَا وَالْمَكَانِ وَالزَّمَانِ لَا يُقَامُ الْحَدُّ عَلَى الْمَشْهُودِ عَلَيْهِ وَلَا عَلَيْهِمْ فَهَذَا مِثْلُهُ.
(قَالَ) وَإِذَا شَهِدُوا عَلَى بَيْتٍ وَاحِدٍ أَنَّهُ زَنَى بِهَا فِيهِ، فَقَالَ اثْنَانِ: فِي مُقَدَّمِهِ وَقَالَ اثْنَانِ: ","وَيُجْعَلُ فِي الْحُكْمِ كَأَنَّهُمُ امْتَنَعُوا مِنْ بَيَانِ ذَلِكَ أَصْلًا، وَلَوْ شَهِدُوا عَلَيْهِ بِالزِّنَا وَامْتَنَعُوا مِنْ بَيَانِ الْمَزْنِيِّ بِهَا وَالْمَكَانِ وَالزَّمَانِ لَا يُقَامُ الْحَدُّ عَلَى الْمَشْهُودِ عَلَيْهِ وَلَا عَلَيْهِمْ فَهَذَا مِثْلُهُ.
(قَالَ) وَإِذَا شَهِدُوا عَلَى بَيْتٍ وَاحِدٍ أَنَّهُ زَنَى بِهَا فِيهِ، فَقَالَ اثْنَانِ: فِي مُقَدَّمِهِ وَقَالَ اثْنَانِ:"
"وإن كان الحطيم من البيت؛ لأن فرضية استقبال الكعبة ثابت بالنص، وكون الحطيم من البيت ثابت بخبر الواحد فلا يتأدى به ما ثبت بالنص. (1/183)
(ومن توضأ، ومسح رأسه، ثم جز شعره، أو نتف إبطيه، أو قلم أظفاره، أو أخذ من شاربه لم يكن عليه أن يمس شيئا من ذلك الماء، ","وَإِنْ كَانَ الْحَطِيمُ مِنَ الْبَيْتِ؛ لِأَنَّ فَرْضِيَّةَ اسْتِقْبَالِ الْكَعْبَةِ ثَابِتٌ بِالنَّصِّ، وَكَوْنُ الْحَطِيمِ مِنَ الْبَيْتِ ثَابِتٌ بِخَبَرِ الْوَاحِدِ فَلَا يَتَأَدَّى بِهِ مَا ثَبَتَ بِالنَّصِّ. (1/183)
(وَمَنْ تَوَضَّأَ، وَمَسَحَ رَأْسَهُ، ثُمَّ جَزَّ شَعْرَهُ، أَوْ نَتَفَ إِبْطَيْهِ، أَوْ قَلَّمَ أَظْفَارَهُ، أَوْ أَخَذَ مِنْ شَارِبِهِ لَمْ يَكُنْ عَلَيْهِ أَنْ يَمَسَّ شَيْئًا مِنْ ذَلِكَ الْمَاءُ، ","وَإِنْ كَانَ الْحَطِيمُ مِنَ الْبَيْتِ؛ لِأَنَّ فَرْضِيَّةَ اسْتِقْبَالِ الْكَعْبَةِ ثَابِتٌ بِالنَّصِّ، وَكَوْنُ الْحَطِيمِ مِنَ الْبَيْتِ ثَابِتٌ بِخَبَرِ الْوَاحِدِ فَلَا يَتَأَدَّى بِهِ مَا ثَبَتَ بِالنَّصِّ. (1/183)
(وَمَنْ تَوَضَّأَ، وَمَسَحَ رَأْسَهُ، ثُمَّ جَزَّ شَعْرَهُ، أَوْ نَتَفَ إِبْطَيْهِ، أَوْ قَلَّمَ أَظْفَارَهُ، أَوْ أَخَذَ مِنْ شَارِبِهِ لَمْ يَكُنْ عَلَيْهِ أَنْ يَمَسَّ شَيْئًا مِنْ ذَلِكَ الْمَاءِ،"
والقول بأن الغاصب ليس أولى من المالك بملك الكل بل الهالك أولى به لانتفاء تعديه ممنوع، إذ المغصوب لما تعذر رد عينه لمالكه بسبب يقتضي شغل ذمة الغاصب به لتعديه مع تمكين المالك من أخذ بدله حالا جعل كالهالك للضرورة، وذلك غير موجود في المالك لعدم تعد يقتضي ضمان ما للغاصب، ,وَالْقَوْلُ بِأَنَّ الْغَاصِبَ لَيْسَ أَوْلَى مِنَ الْمَالِكِ بِمِلْكِ الْكُلِّ بَلِ الْهَالِكُ أَوْلَى بِهِ لِانْتِفَاءِ تَعَدِّيهِ مَمْنُوعٌ، إِذِ الْمَغْصُوبُ لَمَّا تَعَذَّرَ رَدُّ عَيْنِهِ لِمَالِكِهِ بِسَبَبٍ يَقْتَضِي شُغْلَ ذِمَّةِ الْغَاصِبِ بِهِ لِتَعَدِّيهِ مَعَ تَمْكِينِ الْمَالِكِ مِنْ أَخْذِ بَدَلِهِ حَالًّا جُعِلَ كَالْهَالِكِ لِلضَّرُورَةِ، وَذَلِكَ غَيْرُ مَوْجُودٍ فِي الْمَالِكِ لِعَدَمِ تَعَدٍّ يَقْتَضِي ضَمَانَ مَا لِلْغَاصِبِ، ,وَالْقَوْلُ بِأَنَّ الْغَاصِبَ لَيْسَ أَوْلَى مِنَ الْمَالِكِ بِمِلْكِ الْكُلِّ بَلِ الْهَالِكُ أَوْلَى بِهِ لِانْتِفَاءِ تَعَدِّيهِ مَمْنُوعٌ، إِذِ الْمَغْصُوبُ لَمَّا تَعَذَّرَ رَدُّ عَيْنِهِ لِمَالِكِهِ بِسَبَبٍ يَقْتَضِي شَغْلَ ذِمَّةِ الْغَاصِبِ بِهِ لِتَعَدِّيهِ مَعَ تَمْكِينِ الْمَالِكِ مِنْ أَخْذِ بَدَلِهِ حَالًّا جُعِلَ كَالْهَالِكِ لِلضَّرُورَةِ، وَذَلِكَ غَيْرُ مَوْجُودٍ فِي الْمَالِكِ لِعَدَمِ تَعَدٍّ يَقْتَضِي ضَمَانَ مَا لِلْغَاصِبِ،
"أو الأهم منها) ي من الكفاية عطف عليه وقول المتن (الاهتداء إلخ) خبره عبارة المغني تنبيه في ذكر الكفاية كفاية عن قوله والاهتداء إلى التصرف ولذلك حذفه من الروضة كأصلها وحينئذ (26/71)
فعطف الاهتداء على الكفاية من عطف التفسير، ","أَوِ الْأَهَمُّ مِنْهَا) ي مِنَ الْكِفَايَةِ عَطْفٌ عَلَيْهِ وَقَوْلُ الْمَتْنِ (الِاهْتِدَاءُ إِلَخْ) خَبَرُهُ عِبَارَةُ الْمُغْنِي تَنْبِيهٌ فِي ذِكْرِ الْكِفَايَةِ كِفَايَةٌ عَنْ قَوْلِهِ وَالِاهْتِدَاءُ إِلَى التَّصَرُّفِ وَلِذَلِكَ حَذَفَهُ مِنَ الرَّوْضَةِ كَأَصْلِهَا وَحِينَئِذٍ (26/71)
فَعَطْفُ الِاهْتِدَاءِ عَلَى الْكِفَايَةِ مِنْ عَطْفِ التَّفْسِيرِ، ","أَوِ الْأَهَمُّ مِنْهَا) ي مِنَ الْكِفَايَةِ عَطَفَ عَلَيْهِ وَقَوْلُ الْمَتْنِ (الِاهْتِدَاءُ إِلَخْ) خَبَرُهُ عِبَارَةُ الْمُغْنِي تَنْبِيهٌ فِي ذِكْرِ الْكِفَايَةِ كِفَايَةً عَنْ قَوْلِهِ وَالِاهْتِدَاءُ إِلَى التَّصَرُّفِ وَلِذَلِكَ حَذَفَهُ مِنَ الرَّوْضَةِ كَأَصْلِهَا وَحِينَئِذٍ (26/71)
فَعَطْفُ الِاهْتِدَاءِ عَلَى الْكِفَايَةِ مِنْ عَطْفِ التَّفْسِيرِ،"
"وأنكحوا الأيامى منكم} الآية) .
قال الشيخ عبد القادر: يستحب أن يزيد هذه الآية أيضا (ويجزئ عن ذلك أن يتشهد ويصلي على النبي صلى الله عليه وسلم.
وكان ابن عمر يقول: الحمد لله وصلى الله على سيدنا محمد) ","وَأَنْكِحُوا الْأَيَامَى مِنْكُمْ} الْآيَةَ) .
قَالَ الشَّيْخُ عَبْدُ الْقَادِرِ: يُسْتَحَبُّ أَنْ يَزِيدَ هَذِهِ الْآيَةَ أَيْضًا (وَيُجْزِئُ عَنْ ذَلِكَ أَنْ يَتَشَهَّدَ وَيُصَلِّيَ عَلَى النَّبِيِّ صَلَّى اللَّهُ عَلَيْهِ وَسَلَّمَ.
وَكَانَ ابْنُ عُمَرَ يَقُولُ: الْحَمْدُ لِلَّهِ وَصَلَّى اللَّهُ عَلَى سَيِّدِنَا مُحَمَّدٍ) ","وَأَنْكِحُوا الْأَيَامَى مِنْكُمْ} الْآيَةَ) .
قَالَ الشَّيْخُ عَبْدُ الْقَادِرِ: يُسْتَحَبُّ أَنْ يَزِيدَ هَذِهِ الْآيَةَ أَيْضًا (وَيُجْزِئُ عَنْ ذَلِكَ أَنْ يَتَشَهَّدَ وَيُصَلِّيَ عَلَى النَّبِيِّ صَلَّى اللَّهُ عَلَيْهِ وَسَلَّمَ.
وَكَانَ ابْنُ عُمَرَ يَقُولُ: الْحَمْدُ لِلَّهِ وَصَلَّى اللَّهُ عَلَى سَيِّدِنَا مُحَمَّدٍ)"
بمضي الزمن، وإن تعدى المنفق بالمنع؛ لأنها وجبت لدفع الحاجة الناجزة مواساة، وقد زالت بخلاف نفقة الزوجة نعم لو نفاه، ثم استلحقه رجعت أمه أي: مثلا عليه بها ويوجه بأن مزيد تقصيره بالنفي الذي بان بطلانه برجوعه عنه أوجب عقوبته بإيجاب ما فوته به فلذا خرجت هذه عن نظائرها، وكذا نفقة الحمل، ,بِمُضِيِّ الزَّمَنِ، وَإِنْ تَعَدَّى الْمُنْفِقُ بِالْمَنْعِ؛ لِأَنَّهَا وَجَبَتْ لِدَفْعِ الْحَاجَةِ النَّاجِزَةِ مُوَاسَاةً، وَقَدْ زَالَتْ بِخِلَافِ نَفَقَةِ الزَّوْجَةِ نَعَمْ لَوْ نَفَاهُ، ثُمَّ اسْتَلْحَقَهُ رَجَعَتْ أُمُّهُ أَيْ: مَثَلًا عَلَيْهِ بِهَا وَيُوَجَّهُ بِأَنَّ مَزِيدَ تَقْصِيرِهِ بِالنَّفْيِ الَّذِي بَانَ بُطْلَانُهُ بِرُجُوعِهِ عَنْهُ أَوْجَبَ عُقُوبَتَهُ بِإِيجَابِ مَا فَوَّتَهُ بِهِ فَلِذَا خَرَجَتْ هَذِهِ عَنْ نَظَائِرِهَا، وَكَذَا نَفَقَةُ الْحَمْلِ، ,بِمُضِيِّ الزَّمَنِ، وَإِنْ تَعَدَّى الْمُنْفِقُ بِالْمَنْعِ؛ لِأَنَّهَا وَجَبَتْ لِدَفْعِ الْحَاجَةِ النَّاجِزَةِ مُوَاسَاةً، وَقَدْ زَالَتْ بِخِلَافِ نَفَقَةِ الزَّوْجَةِ نَعَمْ لَوْ نَفَاهُ، ثُمَّ اسْتَلْحَقَهُ رَجَعَتْ أُمُّهُ أَيْ: مَثَلًا عَلَيْهِ بِهَا وَيُوَجَّهُ بِأَنَّ مَزِيدَ تَقْصِيرِهِ بِالنَّفْيِ الَّذِي بَانَ بُطْلَانُهُ بِرُجُوعِهِ عَنْهُ أَوْجَبَ عُقُوبَتَهُ بِإِيجَابِ مَا فَوَّتَهُ بِهِ فَلِذَا خَرَجَتْ هَذِهِ عَنْ نَظَائِرِهَا، وَكَذَا نَفَقَةُ الْحَمْلِ،
"قال ابن القاسم: سمعت مالكا يقول: النفل من الخمس مثل قول سعيد بن المسيب، قلت: قبل أن يغنموا أو بعد أن يغنموا أهو من الخمس في قول مالك؟ قال: أما ما نفل الإمام بعد الغنيمة من الخمس فذلك جائز عند مالك، وأما ما نفل قبل الغنيمة فذلك عنده لا يجوز.
","قَالَ ابْنُ الْقَاسِمِ: سَمِعْت مَالِكًا يَقُولُ: النَّفَلُ مِنَ الْخُمْسِ مِثْلَ قَوْلِ سَعِيدِ بْنِ الْمُسَيِّبِ، قُلْتُ: قَبْلَ أَنْ يَغْنَمُوا أَوْ بَعْدَ أَنْ يَغْنَمُوا أَهُوَ مِنَ الْخَمْسِ فِي قَوْلِ مَالِكٍ؟ قَالَ: أَمَّا مَا نَفَلَ الْإِمَامُ بَعْدَ الْغَنِيمَةِ مِنَ الْخُمْسِ فَذَلِكَ جَائِزٌ عِنْدَ مَالِكٍ، وَأَمَّا مَا نَفَلَ قَبْلَ الْغَنِيمَةِ فَذَلِكَ عِنْدَهُ لَا يَجُوزُ.
",قَالَ ابْنُ الْقَاسِمِ: سَمِعْتُ مَالِكًا يَقُولُ: النَّفْلُ مِنَ الْخُمُسِ مِثْلُ قَوْلِ سَعِيدِ بْنِ الْمُسَيِّبِ، قُلْتُ: قَبْلَ أَنْ يَغْنَمُوا أَوْ بَعْدَ أَنْ يَغْنَمُوا أَهُوَ مِنَ الْخُمُسِ فِي قَوْلِ مَالِكٍ؟ قَالَ: أَمَّا مَا نَفَلَ الْإِمَامُ بَعْدَ الْغَنِيمَةِ مِنَ الْخُمُسِ فَذَلِكَ جَائِزٌ عِنْدَ مَالِكٍ، وَأَمَّا مَا نَفَلَ قَبْلَ الْغَنِيمَةِ فَذَلِكَ عِنْدَهُ لَا يَجُوزُ.
مع أن له أن يطأ كل واحدة منهن إلى أن يأتي على الثلاث من غير شيء يلزمه لما أن الحنث لا يتعلق بإجزاء المحلوف قبل أن يأتي بالكل، كما لو حلف لا يدخل هذه الدور الأربع له أن يدخل كل واحدة منها من غير حنث ما لم يدخل الكل، ,مَعَ أَنَّ لَهُ أَنْ يَطَأَ كُلَّ وَاحِدَةٍ مِنْهُنَّ إِلَى أَنْ يَأْتِيَ عَلَى الثَّلَاثِ مِنْ غَيْرِ شَيْءٍ يَلْزَمُهُ لِمَا أَنَّ الْحِنْثَ لَا يَتَعَلَّقُ بِإِجْزَاءِ الْمَحْلُوفِ قَبْلَ أَنْ يَأْتِيَ بِالْكُلِّ، كَمَا لَوْ حَلَفَ لَا يَدْخُلُ هَذِهِ الدُّورَ الْأَرْبَعَ لَهُ أَنْ يَدْخُلَ كُلَّ وَاحِدَةٍ مِنْهَا مِنْ غَيْرِ حِنْثٍ مَا لَمْ يَدْخُلِ الْكُلَّ، ,مَعَ أَنَّ لَهُ أَنْ يَطَأَ كُلَّ وَاحِدَةٍ مِنْهُنَّ إِلَى أَنْ يَأْتِيَ عَلَى الثَّلَاثِ مِنْ غَيْرِ شَيْءٍ يَلْزَمُهُ لِمَا أَنَّ الْحِنْثَ لَا يَتَعَلَّقُ بِإِجْزَاءِ الْمَحْلُوفِ قَبْلَ أَنْ يَأْتِيَ بِالْكُلِّ، كَمَا لَوْ حَلَفَ لَا يَدْخُلُ هَذِهِ الدُّورَ الْأَرْبَعَ لَهُ أَنْ يَدْخُلَ كُلَّ وَاحِدَةٍ مِنْهَا مِنْ غَيْرِ حِنْثٍ مَا لَمْ يَدْخُلِ الْكُلَّ،
"بضم الفوقية والهمز وكسر الواو مشددة أي فسرت المدونة (أيضا) أي كما فسرت بحملها على ظاهرها من عموم التسمية لهما، ولإحداهما فقط، وهذا تأويل ابن أبي زيد وتأولها ابن لبابة (فيما إذا سمى) الزوج الصداق (لإحداهما) ولم يسم للأخرى صداقا، وشرط في تزوج إحداهما تزوج الأخرى وهو مركب الشغار.
(ودخل) ","بِضَمِّ الْفَوْقِيَّةِ وَالْهَمْزِ وَكَسْرِ الْوَاوِ مُشَدَّدَةً أَيْ فُسِّرَتِ الْمُدَوَّنَةُ (أَيْضًا) أَيْ كَمَا فُسِّرَتْ بِحَمْلِهَا عَلَى ظَاهِرِهَا مِنْ عُمُومِ التَّسْمِيَةِ لَهُمَا، وَلِإِحْدَاهُمَا فَقَطْ، وَهَذَا تَأْوِيلُ ابْنِ أَبِي زَيْدٍ وَتَأَوَّلَهَا ابْنُ لُبَابَةَ (فِيمَا إِذَا سَمَّى) الزَّوْجُ الصَّدَاقَ (لِإِحْدَاهُمَا) وَلَمْ يُسَمِّ لِلْأُخْرَى صَدَاقًا، وَشُرِطَ فِي تَزَوُّجِ إِحْدَاهُمَا تَزَوُّجُ الْأُخْرَى وَهُوَ مُرَكَّبُ الشِّغَارِ.
(وَدَخَلَ) ","بِضَمِّ الْفَوْقِيَّةِ وَالْهَمْزِ وَكَسْرِ الْوَاوِ مُشَدَّدَةً أَيْ فَسَّرْت الْمُدَوَّنَةَ (أَيْضًا) أَيْ كَمَا فَسَّرْت بِحَمْلِهَا عَلَى ظَاهِرِهَا مِنْ عُمُومِ التَّسْمِيَةِ لَهُمَا، وَلِإِحْدَاهُمَا فَقَطْ، وَهَذَا تَأْوِيلُ ابْنِ أَبِي زَيْدٍ وَتَأَوَّلَهَا ابْنُ لُبَابَةَ (فِيمَا إِذَا سَمَّى) الزَّوْجُ الصَّدَاقَ (لِإِحْدَاهُمَا) وَلَمْ يُسَمِّ لِلْأُخْرَى صَدَاقًا، وَشَرَطَ فِي تَزَوُّجِ إِحْدَاهُمَا تَزَوُّجَ الْأُخْرَى وَهُوَ مُرَكَّبُ الشِّغَارِ.
(وَدَخَلَ)"
"لأن الإرث ليس من لوازم النسب فإن لحرمان الإرث أسبابا لا تقدح في النسب من القتل والرق واختلاف الدين والدار، والله - سبحانه وتعالى - أعلم.
ومنها أن يكون فيه حمل النسب على الغير سواء كذبه المقر بنسبه أو صدقه؛ لأن إقرار الإنسان حجة على نفسه لا على غيره لأنه على غيره شهادة أو دعوى والدعوى المفردة ليست بحجة (16/258)
","لِأَنَّ الْإِرْثَ لَيْسَ مِنْ لَوَازِمِ النَّسَبِ فَإِنَّ لِحِرْمَانِ الْإِرْثِ أَسْبَابًا لَا تَقْدَحُ فِي النَّسَبِ مِنَ الْقَتْلِ وَالرِّقِّ وَاخْتِلَافِ الدِّينِ وَالدَّارِ، وَاللَّهُ - سُبْحَانَهُ وَتَعَالَى - أَعْلَمُ.
وَمِنْهَا أَنْ يَكُونَ فِيهِ حَمْلُ النَّسَبِ عَلَى الْغَيْرِ سَوَاءٌ كَذَّبَهُ الْمُقَرُّ بِنَسَبِهِ أَوْ صَدَّقَهُ؛ لِأَنَّ إِقْرَارَ الْإِنْسَانِ حُجَّةٌ عَلَى نَفْسِهِ لَا عَلَى غَيْرِهِ لِأَنَّهُ عَلَى غَيْرِهِ شَهَادَةٌ أَوْ دَعْوَى وَالدَّعْوَى الْمُفْرَدَةُ لَيْسَتْ بِحُجَّةٍ (16/258)
","لِأَنَّ الْإِرْثَ لَيْسَ مِنْ لَوَازِمِ النَّسَبِ فَإِنَّ لِحِرْمَانِ الْإِرْثِ أَسْبَابًا لَا تَقْدَحُ فِي النَّسَبِ مِنَ الْقَتْلِ وَالرِّقِّ وَاخْتِلَافِ الدِّينِ وَالدَّارِ، وَاللَّهُ - سُبْحَانَهُ وَتَعَالَى - أَعْلَمُ.
وَمِنْهَا أَنْ يَكُونَ فِيهِ حَمْلُ النَّسَبِ عَلَى الْغَيْرِ سَوَاءٌ كَذَّبَهُ الْمُقِرُّ بِنَسَبِهِ أَوْ صَدَّقَهُ؛ لِأَنَّ إِقْرَارَ الْإِنْسَانِ حُجَّةٌ عَلَى نَفْسِهِ لَا عَلَى غَيْرِهِ لِأَنَّهُ عَلَى غَيْرِهِ شَهَادَةٌ أَوْ دَعْوَى وَالدَّعْوَى الْمُفْرَدَةُ لَيْسَتْ بِحُجَّةٍ (16/258)"
"وهكذا لو رماه الثاني قبل أن يصيبه سهم الأول فقتله لا يحرم أكله ولا يضمن الثاني شيئا ذكره قاضي خان.
وذكر في باب اليمين من فتاواه إذا اجتمع السمك في أرض إنسان بغير صنعه واختيار منه فإنه لا يكون لصاحب الأرض إلا أن يأخذه.
انتهى. (4/179)
رمى صيدا في الهواء فلما عاد السهم إلى الأرض أصاب إنسانا، ","وَهَكَذَا لَوْ رَمَاهُ الثَّانِي قَبْلَ أَنْ يُصِيبَهُ سَهْمُ الْأَوَّلِ فَقَتَلَهُ لَا يَحْرُمُ أَكْلُهُ وَلَا يَضْمَنُ الثَّانِي شَيْئًا ذَكَرَهُ قَاضِي خَانْ.
وَذَكَرَ فِي بَابِ الْيَمِينِ مِنْ فَتَاوَاهُ إِذَا اجْتَمَعَ السَّمَكُ فِي أَرْضِ إِنْسَانٍ بِغَيْرِ صُنْعِهِ وَاخْتِيَارٍ مِنْهُ فَإِنَّهُ لَا يَكُونُ لِصَاحِبِ الْأَرْضِ إِلَّا أَنْ يَأْخُذَهُ.
انْتَهَى. (4/179)
رَمَى صَيْدًا فِي الْهَوَاءِ فَلَمَّا عَادَ السَّهْمُ إِلَى الْأَرْضِ أَصَابَ إِنْسَانًا، ","وَهَكَذَا لَوْ رَمَاهُ الثَّانِي قَبْلَ أَنْ يُصِيبَهُ سَهْمُ الْأَوَّلِ فَقَتَلَهُ لَا يَحْرُمُ أَكْلُهُ وَلَا يَضْمَنُ الثَّانِي شَيْئًا ذَكَرَهُ قَاضِي خَانْ.
وَذَكَرَ فِي بَابِ الْيَمِينِ مِنْ فَتَاوَاهُ إِذَا اجْتَمَعَ السَّمَكُ فِي أَرْضِ إِنْسَانٍ بِغَيْرِ صُنْعِهِ وَاخْتِيَارٍ مِنْهُ فَإِنَّهُ لَا يَكُونُ لِصَاحِبِ الْأَرْضِ إِلَّا أَنْ يَأْخُذَهُ.
انْتَهَى. (4/179)
رَمَى صَيْدًا فِي الْهَوَاءِ فَلَمَّا عَادَ السَّهْمُ إِلَى الْأَرْضِ أَصَابَ إِنْسَانًا،"
"حدثنا محمد بن جعفر حدثنا شعبة عن عدي بن ثابت قال سمعت البراء بن عازب يحدث أنه سمع النبي صلى الله عليه وسلم أو قال عن النبي صلى الله عليه وسلم أنه قال في الأنصار لا يحبهم إلا مؤمن ولا يبغضهم إلا منافق من أحبهم فأحبه الله ومن أبغضهم فأبغضه الله قال قلت له أنت سمعت البراء قال إياي (30/541)
يحدث
18577 - ","حَدَّثَنَا مُحَمَّدُ بْنُ جَعْفَرٍ حَدَّثَنَا شُعْبَةُ عَنْ عَدِيِّ بْنِ ثَابِتٍ قَالَ سَمِعْتُ الْبَرَاءَ بْنَ عَازِبٍ يُحَدِّثُ أَنَّهُ سَمِعَ النَّبِيَّ صَلَّى اللَّهُ عَلَيْهِ وَسَلَّمَ أَوْ قَالَ عَنِ النَّبِيِّ صَلَّى اللَّهُ عَلَيْهِ وَسَلَّمَ أَنَّهُ قَالَ فِي الْأَنْصَارِ لَا يُحِبُّهُمْ إِلَّا مُؤْمِنٌ وَلَا يُبْغِضُهُمْ إِلَّا مُنَافِقٌ مَنْ أَحَبَّهُمْ فَأَحَبَّهُ اللَّهُ وَمَنْ أَبْغَضَهُمْ فَأَبْغَضَهُ اللَّهُ قَالَ قُلْتُ لَهُ أَنْتَ سَمِعْتَ الْبَرَاءَ قَالَ إِيَّايَ (30/541)
يُحَدِّثُ
18577 - ","حَدَّثَنَا مُحَمَّدُ بْنُ جَعْفَرٍ حَدَّثَنَا شُعْبَةُ عَنْ عَدِيِّ بْنِ ثَابِتٍ قَالَ سَمِعْتُ الْبَرَاءَ بْنَ عَازِبٍ يُحَدِّثُ أَنَّهُ سَمِعَ النَّبِيَّ صَلَّى اللَّهُ عَلَيْهِ وَسَلَّمَ أَوْ قَالَ عَنِ النَّبِيِّ صَلَّى اللَّهُ عَلَيْهِ وَسَلَّمَ أَنَّهُ قَالَ فِي الْأَنْصَارِ لَا يُحِبُّهُمْ إِلَّا مُؤْمِنٌ وَلَا يُبْغِضُهُمْ إِلَّا مُنَافِقٌ مَنْ أَحَبَّهُمْ فَأَحَبَّهُ اللَّهُ وَمَنْ أَبْغَضَهُمْ فَأَبْغَضَهُ اللَّهُ قَالَ قُلْتُ لَهُ أَنْتَ سَمِعْتَ الْبَرَاءَ قَالَ إِيَّايَ (30/541)
يُحَدِّثُ
18577 -"
"يعني: فيهما الدية.
بلا نزاع.
وقال في الوسيلة: في أشراف الأذنين: الدية، وهو جلد ما بين العذار والبياض الذي حولهما، نص عليه.
وقال في الواضح: في أصداف الأذنين: الدية. (15/197)
قوله (والشفتين) .
يعني: في كل واحدة منهما نصف الدية.
وهو المذهب.
وعليه الأصحاب، وجزم به في الوجيز، وغيره.
وقدمه في الفروع، وغيره.
وصححه المصنف، ","يَعْنِي: فِيهِمَا الدِّيَةُ.
بِلَا نِزَاعٍ.
وَقَالَ فِي الْوَسِيلَةِ: فِي أَشْرَافِ الْأُذُنَيْنِ: الدِّيَةُ، وَهُوَ جِلْدُ مَا بَيْنَ الْعِذَارِ وَالْبَيَاضِ الَّذِي حَوْلَهُمَا، نَصَّ عَلَيْهِ.
وَقَالَ فِي الْوَاضِحِ: فِي أَصْدَافِ الْأُذُنَيْنِ: الدِّيَةُ. (15/197)
قَوْلُهُ (وَالشَّفَتَيْنِ) .
يَعْنِي: فِي كُلِّ وَاحِدَةٍ مِنْهُمَا نِصْفُ الدِّيَةِ.
وَهُوَ الْمَذْهَبُ.
وَعَلَيْهِ الْأَصْحَابُ، وَجَزَمَ بِهِ فِي الْوَجِيزِ، وَغَيْرِهِ.
وَقَدَّمَهُ فِي الْفُرُوعِ، وَغَيْرِهِ.
وَصَحَّحَهُ الْمُصَنِّفُ، ","يَعْنِي: فِيهِمَا الدِّيَةُ.
بِلَا نِزَاعٍ.
وَقَالَ فِي الْوَسِيلَةِ: فِي أَشْرَافِ الْأُذُنَيْنِ: الدِّيَةُ، وَهُوَ جِلْدُ مَا بَيْنَ الْعِذَارِ وَالْبَيَاضِ الَّذِي حَوْلَهُمَا، نَصَّ عَلَيْهِ.
وَقَالَ فِي الْوَاضِحِ: فِي أَصْدَافِ الْأُذُنَيْنِ: الدِّيَةُ. (15/197)
قَوْلُهُ (وَالشَّفَتَيْنِ) .
يَعْنِي: فِي كُلِّ وَاحِدَةٍ مِنْهُمَا نِصْفُ الدِّيَةِ.
وَهُوَ الْمَذْهَبُ.
وَعَلَيْهِ الْأَصْحَابُ، وَجَزَمَ بِهِ فِي الْوَجِيزِ، وَغَيْرِهِ.
وَقَدَّمَهُ فِي الْفُرُوعِ، وَغَيْرِهِ.
وَصَحَّحَهُ الْمُصَنِّفُ،"
"فجعله) أي المؤكد (قوله فما تعلق بفعل إلخ) عبارة المغني، والنهاية ثم ما يتعلق بفعل غير سنة الوضوء كركعتي الطواف والإحرام والتحية وهذه الثلاثة في الأفضلية سواء كما صرح به في المجموع ثم سنة الوضوء ثم النفل المطلق.
","فَجَعْلُهُ) أَيِ الْمُؤَكَّدِ (قَوْلُهُ فَمَا تَعَلَّقَ بِفِعْلٍ إِلَخْ) عِبَارَةُ الْمُغْنِي، وَالنِّهَايَةِ ثَمَّ مَا يَتَعَلَّقُ بِفِعْلٍ غَيْرِ سُنَّةِ الْوُضُوءِ كَرَكْعَتَيِ الطَّوَافِ وَالْإِحْرَامِ وَالتَّحِيَّةِ وَهَذِهِ الثَّلَاثَةُ فِي الْأَفْضَلِيَّةِ سَوَاءٌ كَمَا صَرَّحَ بِهِ فِي الْمَجْمُوعِ ثُمَّ سُنَّةُ الْوُضُوءِ ثُمَّ النَّفَلُ الْمُطْلَقُ.
",فَجَعَلَهُ) أَيِ الْمُؤَكَّدَ (قَوْلُهُ فَمَا تَعَلَّقَ بِفِعْلٍ إِلَخْ) عِبَارَةُ الْمُغْنِي، وَالنِّهَايَةِ ثُمَّ مَا يَتَعَلَّقُ بِفِعْلٍ غَيْرِ سُنَّةِ الْوُضُوءِ كَرَكْعَتَيِ الطَّوَافِ وَالْإِحْرَامِ وَالتَّحِيَّةِ وَهَذِهِ الثَّلَاثَةُ فِي الْأَفْضَلِيَّةِ سَوَاءٌ كَمَا صَرَّحَ بِهِ فِي الْمَجْمُوعِ ثُمَّ سُنَّةُ الْوُضُوءِ ثُمَّ النَّفَلُ الْمُطْلَقُ.
"وكرهها القاضي.
وأطلقهما في الرعاية، وذكر جماعة من الأصحاب: أنه لا بأس بزيادة وحده لا شريك له وقيل: قولها أولى، وأطلقهما ابن تميم.
والأولى تخفيفه بلا نزاع.
قوله (هذا التشهد الأول) يعني تشهد ابن مسعود، وهو أفضل التشهدات الواردة عن الإمام أحمد والأصحاب، وذكر في الوسيلة رواية: تشهد ابن مسعود وتشهد ابن عباس سواء، ","وَكَرِهَهَا الْقَاضِي.
وَأَطْلَقَهُمَا فِي الرِّعَايَةِ، وَذَكَرَ جَمَاعَةٌ مِنَ الْأَصْحَابِ: أَنَّهُ لَا بَأْسَ بِزِيَادَةِ وَحْدَهُ لَا شَرِيكَ لَهُ وَقِيلَ: قَوْلُهَا أَوْلَى، وَأَطْلَقَهُمَا ابْنُ تَمِيمٍ.
وَالْأَوْلَى تَخْفِيفُهُ بِلَا نِزَاعٍ.
قَوْلُهُ (هَذَا التَّشَهُّدُ الْأَوَّلُ) يَعْنِي تَشَهُّدَ ابْنِ مَسْعُودٍ، وَهُوَ أَفْضَلُ التَّشَهُّدَاتِ الْوَارِدَةِ عَنِ الْإِمَامِ أَحْمَدَ وَالْأَصْحَابِ، وَذَكَرَ فِي الْوَسِيلَةِ رِوَايَةً: تَشَهُّدُ ابْنِ مَسْعُودٍ وَتَشَهُّدُ ابْنِ عَبَّاسٍ سَوَاءٌ، ","وَكَرِهَهَا الْقَاضِي.
وَأَطْلَقَهُمَا فِي الرِّعَايَةِ، وَذَكَرَ جَمَاعَةٌ مِنَ الْأَصْحَابِ: أَنَّهُ لَا بَأْسَ بِزِيَادَةِ وَحْدَهُ لَا شَرِيكَ لَهُ وَقِيلَ: قَوْلُهَا أَوْلَى، وَأَطْلَقَهُمَا ابْنُ تَمِيمٍ.
وَالْأَوْلَى تَخْفِيفُهُ بِلَا نِزَاعٍ.
قَوْلُهُ (هَذَا التَّشَهُّدُ الْأَوَّلُ) يَعْنِي تَشَهُّدَ ابْنِ مَسْعُودٍ، وَهُوَ أَفْضَلُ التَّشَهُّدَاتِ الْوَارِدَةِ عَنِ الْإِمَامِ أَحْمَدَ وَالْأَصْحَابِ، وَذَكَرَ فِي الْوَسِيلَةِ رِوَايَةً: تَشَهُّدُ ابْنِ مَسْعُودٍ وَتَشَهُّدُ ابْنِ عَبَّاسٍ سَوَاءٌ،"
وشمل كلامه ما إذا اشتمل العقد على ما يشترط فيه التقابض وما لا يشترط كصاع بر وثوب بصاع شعير (أو بيع ونكاح) ومستحق الثمن والمهر واحد كقوله زوجتك بنتي وبعتك عبدها وهي في حجره، أو زوجتك أمتي وبعتك ثوبي (صح النكاح) ؛ لأنه لا يفسد بفساد الصداق (وفي البيع والصداق القولان) ,وَشَمِلَ كَلَامُهُ مَا إِذَا اشْتَمَلَ الْعَقْدُ عَلَى مَا يُشْتَرَطُ فِيهِ التَّقَابُضُ وَمَا لَا يُشْتَرَطُ كَصَاعِ بُرٍّ وَثَوْبٍ بِصَاعِ شَعِيرٍ (أَوْ بَيْعٍ وَنِكَاحٍ) وَمُسْتَحَقِّ الثَّمَنِ وَالْمَهْرُ وَاحِدٌ كَقَوْلِهِ زَوَّجْتُكَ بِنْتِي وَبِعْتُكَ عَبْدَهَا وَهِيَ فِي حِجْرِهِ، أَوْ زَوَّجْتُكَ أَمَتِي وَبِعْتُكَ ثَوْبِي (صَحَّ النِّكَاحُ) ؛ لِأَنَّهُ لَا يَفْسُدُ بِفَسَادِ الصَّدَاقِ (وَفِي الْبَيْعِ وَالصَّدَاقِ الْقَوْلَانِ) ,وَشَمِلَ كَلَامُهُ مَا إِذَا اشْتَمَلَ الْعَقْدُ عَلَى مَا يُشْتَرَطُ فِيهِ التَّقَابُضُ وَمَا لَا يُشْتَرَطُ كَصَاعِ بُرٍّ وَثَوْبٍ بِصَاعِ شَعِيرٍ (أَوْ بَيْعٍ وَنِكَاحٍ) وَمُسْتَحَقُّ الثَّمَنِ وَالْمَهْرِ وَاحِدٌ كَقَوْلِهِ زَوَّجْتُك بِنْتِي وَبِعْتُك عَبْدَهَا وَهِيَ فِي حِجْرِهِ، أَوْ زَوَّجْتُك أَمَتِي وَبِعْتُك ثَوْبِي (صَحَّ النِّكَاحُ) ؛ لِأَنَّهُ لَا يَفْسُدُ بِفَسَادِ الصَّدَاقِ (وَفِي الْبَيْعِ وَالصَّدَاقِ الْقَوْلَانِ)
"حدثنا عبد الرحمن بن مهدي وحسن بن موسى قالا حدثنا حماد بن سلمة عن هشام بن عروة عن أبيه عن عثمان بن طلحة أن النبي صلى الله عليه وسلم دخل البيت فصلى ركعتين وجاهك حين تدخل بين الساريتين (24/107)
15388 - ","حَدَّثَنَا عَبْدُ الرَّحْمَنِ بْنُ مَهْدِيٍّ وَحَسْنُ بْنُ مُوسَى قَالَا حَدَّثَنَا حَمَّادُ بْنُ سَلَمَةَ عَنْ هِشَامِ بْنِ عُرْوَةَ عَنْ أَبِيهِ عَنْ عُثْمَانَ بْنِ طَلْحَةَ أَنَّ النَّبِيَّ صَلَّى اللَّهُ عَلَيْهِ وَسَلَّمَ دَخَلَ الْبَيْتَ فَصَلَّى رَكْعَتَيْنِ وِجَاهَكَ حِينَ تَدْخُلُ بَيْنَ السَّارِيَتَيْنِ (24/107)
15388 - ","حَدَّثَنَا عَبْدُ الرَّحْمَنِ بْنُ مَهْدِيٍّ وَحَسَنُ بْنُ مُوسَى قَالَا حَدَّثَنَا حَمَّادُ بْنُ سَلَمَةَ عَنْ هِشَامِ بْنِ عُرْوَةَ عَنْ أَبِيهِ عَنْ عُثْمَانَ بْنِ طَلْحَةَ أَنَّ النَّبِيَّ صَلَّى اللَّهُ عَلَيْهِ وَسَلَّمَ دَخَلَ الْبَيْتَ فَصَلَّى رَكْعَتَيْنِ وَجَاهَكَ حِينَ تَدْخُلُ بَيْنَ السَّارِيَتَيْنِ (24/107)
15388 -"
"تعود على الولد المذكور كانت الإجارة صحيحة.، وإن لم يكن في الإجارة مصلحة كانت باطلة وحيث حكمنا ببطلان الإجارة طالب بذلك الولد إن كان بالغا رشيدا، وإلا وجب على الحاكم أن ينصب قيما يطالب بذلك، والله سبحانه وتعالى أعلم. (6/461)
(وسئل) ","تَعُودُ عَلَى الْوَلَدِ الْمَذْكُورِ كَانَتِ الْإِجَارَةُ صَحِيحَةً.، وَإِنْ لَمْ يَكُنْ فِي الْإِجَارَةِ مَصْلَحَةٌ كَانَتْ بَاطِلَةً وَحَيْثُ حَكَمْنَا بِبُطْلَانِ الْإِجَارَةِ طَالَبَ بِذَلِكَ الْوَلَدُ إِنْ كَانَ بَالِغًا رَشِيدًا، وَإِلَّا وَجَبَ عَلَى الْحَاكِمِ أَنْ يُنَصِّبَ قَيِّمًا يُطَالِبُ بِذَلِكَ، وَاللَّهُ سُبْحَانَهُ وَتَعَالَى أَعْلَمُ. (6/461)
(وَسُئِلَ) ","تَعَوَّدَ عَلَى الْوَلَدِ الْمَذْكُورِ كَانَتِ الْإِجَارَةُ صَحِيحَةً.، وَإِنْ لَمْ يَكُنْ فِي الْإِجَارَةِ مَصْلَحَةٌ كَانَتْ بَاطِلَةً وَحَيْثُ حَكَمْنَا بِبُطْلَانِ الْإِجَارَةِ طَالَبَ بِذَلِكَ الْوَلَدُ إِنْ كَانَ بَالِغًا رَشِيدًا، وَإِلَّا وَجَبَ عَلَى الْحَاكِمِ أَنْ يُنَصِّبَ قَيِّمًا يُطَالِبُ بِذَلِكَ، وَاللَّهُ سُبْحَانَهُ وَتَعَالَى أَعْلَمُ. (6/461)
(وَسُئِلَ)"
"ضمنه) وله البيع في البلد الذي سافر إليه بمثل قيمة البلد المأذون فيه أو دونها بقدر يتسامح به ويستمر ما قبضه من الثمن في ضمانه حتى يعود إلى البلد الأول.
قوله: (إلا بنص عليه) أو على محل لا يصله إلا بالسفر فيه وألحق الأذرعي به الأنهار العظيمة، ولا يجوز السفر في البحر ولو مع الإذن إلا إن غلبت السلامة فيه. (9/217)
","ضَمِنَهُ) وَلَهُ الْبَيْعُ فِي الْبَلَدِ الَّذِي سَافَرَ إِلَيْهِ بِمِثْلِ قِيمَةِ الْبَلَدِ الْمَأْذُونِ فِيهِ أَوْ دُونَهَا بِقَدْرٍ يُتَسَامَحُ بِهِ وَيَسْتَمِرُّ مَا قَبَضَهُ مِنَ الثَّمَنِ فِي ضَمَانِهِ حَتَّى يَعُودَ إِلَى الْبَلَدِ الْأَوَّلِ.
قَوْلُهُ: (إِلَّا بِنَصٍّ عَلَيْهِ) أَوْ عَلَى مَحَلٍّ لَا يَصِلُهُ إِلَّا بِالسَّفَرِ فِيهِ وَأَلْحَقَ الْأَذْرَعِيُّ بِهِ الْأَنْهَارَ الْعَظِيمَةَ، وَلَا يَجُوزُ السَّفَرُ فِي الْبَحْرِ وَلَوْ مَعَ الْإِذْنِ إِلَّا إِنْ غَلَبَتِ السَّلَامَةُ فِيهِ. (9/217)
","ضَمِنَهُ) وَلَهُ الْبَيْعُ فِي الْبَلَدِ الَّذِي سَافَرَ إِلَيْهِ بِمِثْلِ قِيمَةِ الْبَلَدِ الْمَأْذُونِ فِيهِ أَوْ دُونَهَا بِقَدْرٍ يُتَسَامَحُ بِهِ وَيَسْتَمِرُّ مَا قَبَضَهُ مِنَ الثَّمَنِ فِي ضَمَانِهِ حَتَّى يَعُودَ إِلَى الْبَلَدِ الْأَوَّلِ.
قَوْلُهُ: (إِلَّا بِنَصٍّ عَلَيْهِ) أَوْ عَلَى مَحَلٍّ لَا يَصِلُهُ إِلَّا بِالسَّفَرِ فِيهِ وَأَلْحَقَ الْأَذْرَعِيُّ بِهِ الْأَنْهَارَ الْعَظِيمَةَ، وَلَا يَجُوزُ السَّفَرُ فِي الْبَحْرِ وَلَوْ مَعَ الْإِذْنِ إِلَّا إِنْ غَلَبَتِ السَّلَامَةُ فِيهِ. (9/217)"
"قال عبد اللطيف البغدادي في شرح الخطب النباتية : اعلم أن اللغوي شأنه أن ينقل ما نطقت به العرب ولا يتعداه، وأما النحوي فشأنه أن يتصرف فيما ينقله اللغوي ويقيس عليه، ومثالهما المحدث والفقيه، فشأن المحدث نقل الحديث برمته، ثم إن الفقيه يتلقاه ويتصرف فيه ويبسط علله ويقيس عليه الأمثال والأشباه.
","قَالَ عَبْدُ اللَّطِيفِ الْبَغْدَادِيُّ فِي شَرْحِ الْخُطَبِ النَّبَاتِيَّةِ : اعْلَمْ أَنَّ اللُّغَوِيَّ شَأْنُهُ أَنْ يَنْقُلَ مَا نَطَقَتْ بِهِ الْعَرَبُ وَلَا يَتَعَدَّاهُ، وَأَمَّا النَّحْوِيُّ فَشَأْنُهُ أَنْ يَتَصَرَّفَ فِيمَا يَنْقُلُهُ اللُّغَوِيُّ وَيَقِيسُ عَلَيْهِ، وَمِثَالُهُمَا الْمُحَدِّثُ وَالْفَقِيهُ، فَشَأْنُ الْمُحَدِّثِ نَقْلُ الْحَدِيثِ بِرُمَّتِهِ، ثُمَّ إِنَّ الْفَقِيهَ يَتَلَقَّاهُ وَيَتَصَرَّفُ فِيهِ وَيَبْسُطُ عِلَلَهُ وَيَقِيسُ عَلَيْهِ الْأَمْثَالَ وَالْأَشْبَاهَ.
",قَالَ عَبْدُ اللَّطِيفِ الْبَغْدَادِيُّ فِي شَرْحِ الْخُطَبِ النَّبَاتِيَّةِ : اعْلَمْ أَنَّ اللُّغَوِيَّ شَأْنُهُ أَنْ يَنْقُلَ مَا نَطَقَتْ بِهِ الْعَرَبُ وَلَا يَتَعَدَّاهُ، وَأَمَّا النَّحْوِيُّ فَشَأْنُهُ أَنْ يَتَصَرَّفَ فِيمَا يَنْقُلُهُ اللُّغَوِيُّ وَيَقِيسَ عَلَيْهِ، وَمِثَالُهُمَا الْمُحَدِّثُ وَالْفَقِيهُ، فَشَأْنُ الْمُحَدِّثِ نَقْلُ الْحَدِيثِ بِرُمَّتِهِ، ثُمَّ إِنَّ الْفَقِيهَ يَتَلَقَّاهُ وَيَتَصَرَّفُ فِيهِ وَيَبْسُطُ عِلَلَهُ وَيَقِيسُ عَلَيْهِ الْأَمْثَالَ وَالْأَشْبَاهَ.
"من قتل حمامة من حمام مكة فعليه شاة} .
(* * *) قوله: وروي عن عاصم بن عمر وسعيد بن المسيب مثله.
أما أثر عاصم بن عمر فذكره الشافعي ثم البيهقي في الخلافيات بغير إسناد، وقد وجدناه عن ابنه حفص بن عاصم بن عمر أخرجه ابن أبي شيبة من طريق عبد الله بن عمر العمري، عن أبيه قال: ","مَنْ قَتَلَ حَمَامَةً مِنْ حَمَامِ مَكَّةَ فَعَلَيْهِ شَاةٌ} .
(* * *) قَوْلُهُ: وَرُوِيَ عَنْ عَاصِمِ بْنِ عُمَرَ وَسَعِيدِ بْنِ الْمُسَيِّبِ مِثْلُهُ.
أَمَّا أَثَرُ عَاصِمِ بْنِ عُمَرَ فَذَكَرَهُ الشَّافِعِيُّ ثُمَّ الْبَيْهَقِيُّ فِي الْخِلَافِيَّاتِ بِغَيْرِ إِسْنَادٍ، وَقَدْ وَجَدْنَاهُ عَنِ ابْنِهِ حَفْصِ بْنِ عَاصِمِ بْنِ عُمَرَ أَخْرَجَهُ ابْنُ أَبِي شَيْبَةَ مِنْ طَرِيقِ عَبْدِ اللَّهِ بْنِ عُمَرَ الْعُمَرِيِّ، عَنْ أَبِيهِ قَالَ: ","مَنْ قَتَلَ حَمَامَةً مِنْ حَمَامِ مَكَّةَ فَعَلَيْهِ شَاةٌ} .
(* * *) قَوْلُهُ: وَرُوِيَ عَنْ عَاصِمِ بْنِ عُمَرَ وَسَعِيدِ بْنِ الْمُسَيِّبِ مِثْلُهُ.
أَمَّا أَثَرُ عَاصِمِ بْنِ عُمَرَ فَذَكَرَهُ الشَّافِعِيُّ ثُمَّ الْبَيْهَقِيُّ فِي الْخِلَافِيَّاتِ بِغَيْرِ إِسْنَادٍ، وَقَدْ وَجَدْنَاهُ عَنِ ابْنِهِ حَفْصِ بْنِ عَاصِمِ بْنِ عُمَرَ أَخْرَجَهُ ابْنُ أَبِي شَيْبَةَ مِنْ طَرِيقِ عَبْدِ اللَّهِ بْنِ عُمَرَ الْعُمَرِيِّ، عَنْ أَبِيهِ قَالَ:"
كذا نقل عن الزبيلي ويتعين حمله على الربوي أما غيره فيكفي تعيينه في المجلس كما مر في باب المبيع قبل قبضه (إلا خبزا ودقيقا) ونحوهما فلا يجوز أن تتعوضه عن الحب الموافق له جنسا (على المذهب) ,كَذَا نُقِلَ عَنِ الزَّبِيلِيَّ وَيَتَعَيَّنُ حَمْلُهُ عَلَى الرِّبَوِيِّ أَمَّا غَيْرُهُ فَيَكْفِي تَعْيِينُهُ فِي الْمَجْلِسِ كَمَا مَرَّ فِي بَابِ الْمَبِيعِ قَبْلَ قَبْضِهِ (إِلَّا خُبْزًا وَدَقِيقًا) وَنَحْوُهُمَا فَلَا يَجُوزُ أَنْ تَتَعَوَّضَهُ عَنِ الْحَبِّ الْمُوَافِقِ لَهُ جِنْسًا (عَلَى الْمَذْهَبِ) ,كَذَا نُقِلَ عَنِ الزَّبِيلِيِّ وَيَتَعَيَّنُ حَمْلُهُ عَلَى الرِّبَوِيِّ أَمَّا غَيْرُهُ فَيَكْفِي تَعْيِينُهُ فِي الْمَجْلِسِ كَمَا مَرَّ فِي بَابِ الْمَبِيعِ قَبْلَ قَبْضِهِ (إِلَّا خُبْزًا وَدَقِيقًا) وَنَحْوَهُمَا فَلَا يَجُوزُ أَنْ تَتَعَوَّضَهُ عَنِ الْحَبِّ الْمُوَافِقِ لَهُ جِنْسًا (عَلَى الْمَذْهَبِ)
"لأنها أخف أو والأقوال ولو السلام كما دل عليه حذف المعمول المفيد للعموم والاستثناء الآتي إذ الأصل فيه الاتصال (لم يضر) لانتظام القدوة مع ذلك نعم تكره المقارنة وتفوت بها فيما وجدت فيه فضيلة الجماعة كما مر مبسوطا في فصل لا يتقدم (8/285)
","لِأَنَّهَا أَخَفُّ أَوْ وَالْأَقْوَالِ وَلَوِ السَّلَامَ كَمَا دَلَّ عَلَيْهِ حَذْفُ الْمَعْمُولِ الْمُفِيدِ لِلْعُمُومِ وَالِاسْتِثْنَاءِ الْآتِي إِذِ الْأَصْلُ فِيهِ الِاتِّصَالُ (لَمْ يَضُرَّ) لِانْتِظَامِ الْقُدْوَةِ مَعَ ذَلِكَ نَعَمْ تُكْرَهُ الْمُقَارَنَةُ وَتَفُوتُ بِهَا فِيمَا وُجِدَتْ فِيهِ فَضِيلَةُ الْجَمَاعَةِ كَمَا مَرَّ مَبْسُوطًا فِي فَصْلِ لَا يَتَقَدَّمُ (8/285)
",لِأَنَّهَا أَخَفُّ أَوْ وَالْأَقْوَالُ وَلَوِ السَّلَامَ كَمَا دَلَّ عَلَيْهِ حَذْفُ الْمَعْمُولِ الْمُفِيدِ لِلْعُمُومِ وَالِاسْتِثْنَاءِ الْآتِي إِذِ الْأَصْلُ فِيهِ الِاتِّصَالُ (لَمْ يَضُرَّ) لِانْتِظَامِ الْقُدْوَةِ مَعَ ذَلِكَ نَعَمْ تُكْرَهُ الْمُقَارَنَةُ وَتَفُوتُ بِهَا فِيمَا وُجِدَتْ فِيهِ فَضِيلَةُ الْجَمَاعَةِ كَمَا مَرَّ مَبْسُوطًا فِي فَصْلٍ لَا يَتَقَدَّمُ (8/285)
"فإنه يحتمل أن ينصرف إلى الطلاق وأن ينصرف إلى لزوم المال، والصحيح أن الطلاق واقع، وعدم الجواز منصرف إلى المال، نص عليه في المنتقى فقال: لأن لسان الأب كلسانها.
ولو خالع امرأته الصغيرة على مهرها فقبلت أو قالت الصغيرة لزوجها اخلعني على مهري ففعل وقع الطلاق بغير بدل.
واختاره المصنف فقال (والأول أصح لأنه تعليق بشرط قبوله) ","فَإِنَّهُ يُحْتَمَلُ أَنْ يَنْصَرِفَ إِلَى الطَّلَاقِ وَأَنْ يَنْصَرِفَ إِلَى لُزُومِ الْمَالِ، وَالصَّحِيحُ أَنَّ الطَّلَاقَ وَاقِعٌ، وَعَدَمَ الْجَوَازِ مُنْصَرِفٌ إِلَى الْمَالِ، نَصَّ عَلَيْهِ فِي الْمُنْتَقَى فَقَالَ: لِأَنَّ لِسَانَ الْأَبِ كَلِسَانِهَا.
وَلَوْ خَالَعَ امْرَأَتَهُ الصَّغِيرَةَ عَلَى مَهْرِهَا فَقَبِلَتْ أَوْ قَالَتِ الصَّغِيرَةُ لِزَوْجِهَا اخْلَعْنِي عَلَى مَهْرِي فَفَعَلَ وَقَعَ الطَّلَاقُ بِغَيْرِ بَدَلٍ.
وَاخْتَارَهُ الْمُصَنِّفُ فَقَالَ (وَالْأَوَّلُ أَصَحُّ لِأَنَّهُ تَعْلِيقٌ بِشَرْطِ قَبُولِهِ) ","فَإِنَّهُ يَحْتَمِلُ أَنْ يَنْصَرِفَ إِلَى الطَّلَاقِ وَأَنْ يَنْصَرِفَ إِلَى لُزُومِ الْمَالِ، وَالصَّحِيحُ أَنَّ الطَّلَاقَ وَاقِعٌ، وَعَدَمُ الْجَوَازِ مُنْصَرِفٌ إِلَى الْمَالِ، نَصَّ عَلَيْهِ فِي الْمُنْتَقَى فَقَالَ: لِأَنَّ لِسَانَ الْأَبِ كَلِسَانِهَا.
وَلَوْ خَالَعَ امْرَأَتَهُ الصَّغِيرَةَ عَلَى مَهْرِهَا فَقَبِلَتْ أَوْ قَالَتِ الصَّغِيرَةُ لِزَوْجِهَا اخْلَعْنِي عَلَى مَهْرِي فَفَعَلَ وَقَعَ الطَّلَاقُ بِغَيْرِ بَدَلٍ.
وَاخْتَارَهُ الْمُصَنِّفُ فَقَالَ (وَالْأَوَّلُ أَصَحُّ لِأَنَّهُ تَعْلِيقٌ بِشَرْطِ قَبُولِهِ)"
"فوقف على باب المسجد، فقال: اللهم، أجبت دعوتك وصليت فريضتك، وانتشرت كما أمرتني فارزقني من فضلك، وأنت خير الرازقين.
قوله تعالى: فاسعوا
عن الحسن، أنه سئل عن قوله: فاسعوا إلى ذكر الله ، قال: ما هو بالسعي على الأقدام، ولقد نهوا أن يأتوا الصلاة، إلا وعليهم: السكينة، والوقار، ولكن بالقلوب، والنية،، ","فَوَقَفَ عَلَى بَابِ الْمَسْجِدِ، فَقَالَ: اللَّهُمَّ، أَجَبْتُ دَعْوَتَكَ وَصَلَّيْتُ فَرِيضَتَكَ، وَانْتَشَرْتُ كَمَا أَمَرْتَنِي فَارْزُقْنِي مِنْ فَضْلِكَ، وَأَنْتَ خَيْرُ الرَّازِقِينَ.
قَوْلُهُ تَعَالَى: فَاسْعَوْا
عَنِ الْحَسَنِ، أَنَّهُ سُئِلَ عَنْ قَوْلِهِ: فَاسْعَوْا إِلَى ذِكْرِ اللَّهِ ، قَالَ: مَا هُوَ بِالسَّعْيِ عَلَى الْأَقْدَامِ، وَلَقَدْ نُهُوا أَنْ يَأْتُوا الصَّلَاةَ، إِلَا وَعَلَيْهِمُ: السَّكِينَةُ، وَالْوَقَارُ، وَلَكِنْ بِالْقُلُوبِ، وَالنِّيَّةِ،، ","فَوَقَفَ عَلَى بَابِ الْمَسْجِدِ، فَقَالَ: اللَّهُمَّ، أَجَبْتَ دَعْوَتَكَ وَصَلَّيْتَ فَرِيضَتَكَ، وَانْتَشَرْتَ كَمَا أَمَرْتَنِي فَارْزُقْنِي مِنْ فَضْلِكَ، وَأَنْتَ خَيْرُ الرَّازِقِينَ.
قَوْلُهُ تَعَالَى: فَاسْعَوْا
عَنِ الْحَسَنِ، أَنَّهُ سُئِلَ عَنْ قَوْلِهِ: فَاسْعَوْا إِلَى ذِكْرِ اللَّهِ ، قَالَ: مَا هُوَ بِالسَّعْيِ عَلَى الْأَقْدَامِ، وَلَقَدْ نُهُوا أَنْ يَأْتُوا الصَّلَاةَ، إِلَّا وَعَلَيْهِمْ: السَّكِينَةُ، وَالْوَقَارُ، وَلَكِنْ بِالْقُلُوبِ، وَالنِّيَّةِ،،"
"وأما الشفع قبل الوتر فقد روى علي ابن زياد عن مالك ما عندي شيء يستحب القراءة به دون غيره وهذا يدل على أن هذا الشفع من جنس سائر النوافل قال الإمام أبو الوليد وهذا عندي لمن كان وتره بواحدة عقيب صلاته بالليل فأما من لم يوتر إلا عقيب شفع الوتر فإنه يستحب له أن يقرأ في الشفع بسبح اسم ربك الأعلى وقل يا أيها الكافرون على ما تقدم في حديث ابن عباس
(","وَأَمَّا الشَّفْعُ قَبْلَ الْوِتْرِ فَقَدْ رَوَى عَلِيُّ ابْنُ زِيَادٍ عَنْ مَالِكٍ مَا عِنْدِي شَيْءٌ يُسْتَحَبُّ الْقِرَاءَةُ بِهِ دُونَ غَيْرِهِ وَهَذَا يَدُلُّ عَلَى أَنَّ هَذَا الشَّفْعَ مِنْ جِنْسِ سَائِرِ النَّوَافِلِ قَالَ الْإِمَامُ أَبُو الْوَلِيدِ وَهَذَا عِنْدِي لِمَنْ كَانَ وِتْرُهُ بِوَاحِدَةٍ عَقِيبَ صَلَاتِهِ بِاللَّيْلِ فَأَمَّا مَنْ لَمْ يُوتِرْ إِلَّا عَقِيبَ شَفْعِ الْوِتْرِ فَإِنَّهُ يُسْتَحَبُّ لَهُ أَنْ يَقْرَأَ فِي الشَّفْعِ بِسَبْحِ اسْمِ رَبِّك الْأَعْلَى وَقُلْ يَا أَيُّهَا الْكَافِرُونَ عَلَى مَا تَقَدَّمَ فِي حَدِيثِ ابْنِ عَبَّاسٍ
(","وَأَمَّا الشَّفْعُ قَبْلَ الْوِتْرِ فَقَدْ رَوَى عَلِيُّ ابْنُ زِيَادٍ عَنْ مَالِكٍ مَا عِنْدِي شَيْءٌ يُسْتَحَبُّ الْقِرَاءَةُ بِهِ دُونَ غَيْرِهِ وَهَذَا يَدُلُّ عَلَى أَنَّ هَذَا الشَّفْعَ مِنْ جِنْسِ سَائِرِ النَّوَافِلِ قَالَ الْإِمَامُ أَبُو الْوَلِيدِ وَهَذَا عِنْدِي لِمَنْ كَانَ وِتْرُهُ بِوَاحِدَةٍ عَقِيبَ صَلَاتِهِ بِاللَّيْلِ فَأَمَّا مَنْ لَمْ يُوتِرْ إِلَّا عَقِيبَ شَفْعِ الْوِتْرِ فَإِنَّهُ يُسْتَحَبُّ لَهُ أَنْ يَقْرَأَ فِي الشَّفْعِ بِسَبِّحِ اسْمَ رَبِّكَ الْأَعْلَى وَقُلْ يَا أَيُّهَا الْكَافِرُونَ عَلَى مَا تَقَدَّمَ فِي حَدِيثِ ابْنِ عَبَّاسٍ
("
"ولو قال بع مني عبدي هذا أو استأجره مني أو قال أكريتك داري هذه أو أعرتك داري هذه، فقال نعم فهذا كله إقرار له بالملك؛ لأن نعم غير مفهوم المعنى بنفسه فيكون محمولا على الجواب ما تقدم يصير معادا فيه.
","وَلَوْ قَالَ بِعْ مِنِّي عَبْدِي هَذَا أَوِ اسْتَأْجِرْهُ مِنِّي أَوْ قَالَ أَكْرَيْتُكَ دَارِي هَذِهِ أَوْ أَعَرْتُكَ دَارِي هَذِهِ، فَقَالَ نَعَمْ فَهَذَا كُلُّهُ إِقْرَارٌ لَهُ بِالْمِلْكِ؛ لِأَنَّ نَعَمْ غَيْرُ مَفْهُومِ الْمَعْنَى بِنَفْسِهِ فَيَكُونُ مَحْمُولًا عَلَى الْجَوَابِ مَا تَقَدَّمَ يَصِيرُ مُعَادًا فِيهِ.
",وَلَوْ قَالَ بِعْ مِنِّي عَبْدِي هَذَا أَوِ اسْتَأْجِرْهُ مِنِّي أَوْ قَالَ أَكْرَيْتُكَ دَارِي هَذِهِ أَوْ أَعَرْتُكَ دَارِي هَذِهِ، فَقَالَ نَعَمْ فَهَذَا كُلُّهُ إِقْرَارٌ لَهُ بِالْمِلْكِ؛ لِأَنَّ نَعَمْ غَيْرُ مَفْهُومِ الْمَعْنَى بِنَفْسِهِ فَيَكُونُ مَحْمُولًا عَلَى الْجَوَابِ مَا تَقَدَّمَ يَصِيرُ مُعَادًا فِيهِ.
"والثاني أنها تجب سواء أكان الباقي من الوقت قليلا أو كثيرا لأن المأتي به نفل فلا يسقط به الفرض كما لو حج ثم بلغ.
وأجاب الأولون بأن المأتي به مانع من الخطاب بالفرض لا مسقط له، والفرق بين الصلاة والحج أن الصبي مأمور بالصلاة مضروب عليها كما مر، بخلاف الحج، ","وَالثَّانِي أَنَّهَا تَجِبُ سَوَاءٌ أَكَانَ الْبَاقِي مِنَ الْوَقْتِ قَلِيلًا أَوْ كَثِيرًا لِأَنَّ الْمَأْتِيَّ بِهِ نَفْلٌ فَلَا يَسْقُطُ بِهِ الْفَرْضُ كَمَا لَوْ حَجَّ ثُمَّ بَلَغَ.
وَأَجَابَ الْأَوَّلُونَ بِأَنَّ الْمَأْتِيَّ بِهِ مَانِعٌ مِنَ الْخِطَابِ بِالْفَرْضِ لَا مُسْقِطَ لَهُ، وَالْفَرْقُ بَيْنَ الصَّلَاةِ وَالْحَجِّ أَنَّ الصَّبِيَّ مَأْمُورٌ بِالصَّلَاةِ مَضْرُوبٌ عَلَيْهَا كَمَا مَرَّ، بِخِلَافِ الْحَجِّ، ","وَالثَّانِي أَنَّهَا تَجِبُ سَوَاءٌ أَكَانَ الْبَاقِي مِنَ الْوَقْتِ قَلِيلًا أَوْ كَثِيرًا لِأَنَّ الْمَأْتِيَّ بِهِ نَفْلٌ فَلَا يَسْقُطُ بِهِ الْفَرْضُ كَمَا لَوْ حَجَّ ثُمَّ بَلَغَ.
وَأَجَابَ الْأَوَّلُونَ بِأَنَّ الْمَأْتِيَّ بِهِ مَانِعٌ مِنَ الْخِطَابِ بِالْفَرْضِ لَا مُسْقِطَ لَهُ، وَالْفَرْقُ بَيْنَ الصَّلَاةِ وَالْحَجِّ أَنَّ الصَّبِيَّ مَأْمُورٌ بِالصَّلَاةِ مَضْرُوبٌ عَلَيْهَا كَمَا مَرَّ، بِخِلَافِ الْحَجِّ،"
"قالت: هذا عرق نجعله لطيبنا، وهو أطيب الطيب.
أخرجه مسلم & وقال وهيب: حدثنا أيوب، عن أبي قلابة، عن أنس فذكره، وفيه: وكان صلى الله عليه وسلم كثير العرق، رواه مسلم
خاتم النبوة
قال حاتم بن إسماعيل نا الجعيد بن عبد الرحمن، سمعت السائب بن يزيد، قال: ذهبت بي خالتي إلى النبي صلى الله عليه وسلم فقالت: يا رسول الله، ","قَالَتْ: هَذَا عَرَقٌ نَجْعَلُهُ لِطِيبِنَا، وَهُوَ أَطْيَبُ الطِّيبِ.
أَخْرَجَهُ مُسْلِمٌ & وَقَالَ وُهَيْبٌ: حَدَّثَنَا أَيُّوبُ، عَنْ أَبِي قِلَابَةَ، عَنْ أَنَسٍ فَذَكَرَهُ، وَفِيهِ: وَكَانَ صَلَّى اللَّهُ عَلَيْهِ وَسَلَّمَ كَثِيرَ الْعَرَقِ، رَوَاهُ مُسْلِمٌ
خَاتَمُ النُّبُوَّةِ
قَالَ حَاتِمُ بْنُ إِسْمَاعِيلَ نَا الْجُعَيْدُ بْنُ عَبْدِ الرَّحْمَنِ، سَمِعْتُ السَّائِبَ بْنَ يَزِيدَ، قَالَ: ذَهَبَتْ بِي خَالَتِي إِلَى النَّبِيِّ صَلَّى اللَّهُ عَلَيْهِ وَسَلَّمَ فَقَالَتْ: يَا رَسُولَ اللَّهِ، ","قَالَتْ: هَذَا عِرْقٌ نَجْعَلُهُ لِطِيبِنَا، وَهُوَ أَطْيَبُ الطِّيبِ.
أَخْرَجَهُ مُسْلِمٌ & وَقَالَ وُهَيْبٌ: حَدَّثَنَا أَيُّوبُ، عَنْ أَبِي قِلَابَةَ، عَنْ أَنَسٍ فَذَكَرَهُ، وَفِيهِ: وَكَانَ صَلَّى اللَّهُ عَلَيْهِ وَسَلَّمَ كَثِيرَ الْعِرْقِ، رَوَاهُ مُسْلِمٌ
خَاتَمُ النُّبُوَّةِ
قَالَ حَاتِمُ بْنُ إِسْمَاعِيلَ نَا الْجُعَيْدُ بْنُ عَبْدِ الرَّحْمَنِ، سَمِعْتُ السَّائِبَ بْنَ يَزِيدَ، قَالَ: ذَهَبَتْ بِي خَالَتِي إِلَى النَّبِيِّ صَلَّى اللَّهُ عَلَيْهِ وَسَلَّمَ فَقَالَتْ: يَا رَسُولَ اللَّهِ،"
كحمل حطب وتكسيره، أو خياطة ثوب وتفصيله (لم يصح البيع) لحديث عبد الله بن عمر عن النبي صلى الله عليه وسلم أنه قال {لا يحل سلف وبيع، ولا شرطان في بيع، ولا بيع ما ليس عندك} رواه أبو داود والترمذي، وقال حديث حسن صحيح (إلا أن يكونا) أي الشرطان المجموعان (من مقتضاه) ,كَحَمْلِ حَطَبٍ وَتَكْسِيرِهِ، أَوْ خِيَاطَةِ ثَوْبٍ وَتَفْصِيلِهِ (لَمْ يَصِحَّ الْبَيْعُ) لِحَدِيثِ عَبْدِ اللَّهِ بْنِ عُمَرَ عَنِ النَّبِيِّ صَلَّى اللَّهُ عَلَيْهِ وَسَلَّمَ أَنَّهُ قَالَ {لَا يَحِلُّ سَلَفٌ وَبَيْعٌ، وَلَا شَرْطَانِ فِي بَيْعٍ، وَلَا بَيْعُ مَا لَيْسَ عِنْدَكَ} رَوَاهُ أَبُو دَاوُدَ وَالتِّرْمِذِيُّ، وَقَالَ حَدِيثٌ حَسَنٌ صَحِيحٌ (إِلَّا أَنْ يَكُونَا) أَيِ الشَّرْطَانِ الْمَجْمُوعَانِ (مِنْ مُقْتَضَاهُ) ,كَحَمْلِ حَطَبٍ وَتَكْسِيرِهِ، أَوْ خِيَاطَةِ ثَوْبٍ وَتَفْصِيلِهِ (لَمْ يَصِحَّ الْبَيْعُ) لِحَدِيثِ عَبْدِ اللَّهِ بْنِ عُمَرَ عَنِ النَّبِيِّ صَلَّى اللَّهُ عَلَيْهِ وَسَلَّمَ أَنَّهُ قَالَ {لَا يَحِلُّ سَلَفٌ وَبَيْعٌ، وَلَا شَرْطَانِ فِي بَيْعٍ، وَلَا بَيْعُ مَا لَيْسَ عِنْدَك} رَوَاهُ أَبُو دَاوُدَ وَالتِّرْمِذِيُّ، وَقَالَ حَدِيثٌ حَسَنٌ صَحِيحٌ (إِلَّا أَنْ يَكُونَا) أَيِ الشَّرْطَانِ الْمَجْمُوعَانِ (مِنْ مُقْتَضَاهُ)
وقوله (فإذا التعنا لا تقع الفرقة حتى يفرق الحاكم بينهما) يفيد أنه لو مات أحدهما بعد الفراغ من التلاعن قبل تفريق الحاكم توارثا (وقال زفر: تقع الفرقة بتلاعنهما لأنه يثبت الحرمة المؤبدة بالحديث) يعني قوله صلى الله عليه وسلم {المتلاعنان لا يجتمعان أبدا} نفى الاجتماع بعد التلاعن، وهو تنصيص على وقوع الفرقة بينهما بالتلاعن (ولنا قوله تعالى {,وَقَوْلُهُ (فَإِذَا الْتَعْنَا لَا تَقَعُ الْفُرْقَةُ حَتَّى يُفَرِّقَ الْحَاكِمُ بَيْنَهُمَا) يُفِيدُ أَنَّهُ لَوْ مَاتَ أَحَدُهُمَا بَعْدَ الْفَرَاغِ مِنَ التَّلَاعُنِ قَبْلَ تَفْرِيقِ الْحَاكِمِ تَوَارَثَا (وَقَالَ زُفَرُ: تَقَعُ الْفُرْقَةُ بِتَلَاعُنِهِمَا لِأَنَّهُ يَثْبُتُ الْحُرْمَةُ الْمُؤَبَّدَةُ بِالْحَدِيثِ) يَعْنِي قَوْلَهُ صَلَّى اللَّهُ عَلَيْهِ وَسَلَّمَ {الْمُتَلَاعِنَانِ لَا يَجْتَمِعَانِ أَبَدًا} نَفَى الِاجْتِمَاعَ بَعْدَ التَّلَاعُنِ، وَهُوَ تَنْصِيصٌ عَلَى وُقُوعِ الْفُرْقَةِ بَيْنَهُمَا بِالتَّلَاعُنِ (وَلَنَا قَوْله تَعَالَى {,وَقَوْلُهُ (فَإِذَا الْتَعَنَا لَا تَقَعُ الْفُرْقَةُ حَتَّى يُفَرِّقَ الْحَاكِمُ بَيْنَهُمَا) يُفِيدُ أَنَّهُ لَوْ مَاتَ أَحَدُهُمَا بَعْدَ الْفَرَاغِ مِنَ التَّلَاعُنِ قَبْلَ تَفْرِيقِ الْحَاكِمِ تَوَارَثَا (وَقَالَ زُفَرُ: تَقَعُ الْفُرْقَةُ بِتَلَاعُنِهِمَا لِأَنَّهُ يُثْبِتُ الْحُرْمَةَ الْمُؤَبَّدَةَ بِالْحَدِيثِ) يَعْنِي قَوْلَهُ صَلَّى اللَّهُ عَلَيْهِ وَسَلَّمَ {الْمُتَلَاعِنَانِ لَا يَجْتَمِعَانِ أَبَدًا} نَفَى الِاجْتِمَاعَ بَعْدَ التَّلَاعُنِ، وَهُوَ تَنْصِيصٌ عَلَى وُقُوعِ الْفُرْقَةِ بَيْنَهُمَا بِالتَّلَاعُنِ (وَلَنَا قَوْله تَعَالَى {
ولكن رب المال مات، والمضاربة في يد المضارب عين، أو متاع فسافر به المضارب بعد موته؛ لأن المال بالموت انتقل إلى الورثة، ولم يوجد منهم الرضا بسفره به قط، وما كان من رضا رب المال به، قد انقطع بموته، بمنزلة نهيه عن المسافرة بالمال إذا بلغه، فالنهي لا يعمل في حقه ما لم يعلم به، ,وَلَكِنَّ رَبَّ الْمَالِ مَاتَ، وَالْمُضَارَبَةُ فِي يَدِ الْمُضَارِبِ عَيْنٌ، أَوْ مَتَاعٌ فَسَافَرَ بِهِ الْمُضَارِبُ بَعْدَ مَوْتِهِ؛ لِأَنَّ الْمَالَ بِالْمَوْتِ انْتَقِلْ إِلَى الْوَرَثَةِ، وَلَمْ يُوجَدْ مِنْهُمِ الرِّضَا بِسَفَرِهِ بِهِ قَطُّ، وَمَا كَانَ مِنْ رِضَا رَبِّ الْمَالِ بِهِ، قَدِ انْقَطَعَ بِمَوْتِهِ، بِمَنْزِلَةِ نَهْيِهِ عَنِ الْمُسَافَرَةِ بِالْمَالِ إِذَا بَلَغَهُ، فَالنَّهْيُ لَا يَعْمَلُ فِي حَقِّهِ مَا لَمْ يَعْلَمْ بِهِ، ,وَلَكِنَّ رَبَّ الْمَالِ مَاتَ، وَالْمُضَارَبَةُ فِي يَدِ الْمُضَارِبِ عَيْنٌ، أَوْ مَتَاعٌ فَسَافَرَ بِهِ الْمُضَارِبُ بَعْدَ مَوْتِهِ؛ لِأَنَّ الْمَالَ بِالْمَوْتِ انْتَقَلَ إِلَى الْوَرَثَةِ، وَلَمْ يُوجَدْ مِنْهُمِ الرِّضَا بِسَفَرِهِ بِهِ قَطُّ، وَمَا كَانَ مِنْ رِضَا رَبِّ الْمَالِ بِهِ، قَدِ انْقَطَعَ بِمَوْتِهِ، بِمَنْزِلَةِ نَهْيِهِ عَنِ الْمُسَافَرَةِ بِالْمَالِ إِذَا بَلَغَهُ، فَالنَّهْيُ لَا يَعْمَلُ فِي حَقِّهِ مَا لَمْ يَعْلَمْ بِهِ،
"ولو أنه قال لصاحب الدابة دابتك في الزرع ولم يقل أخرجها فأخرجها صاحبها فأفسدت شيئا في إخراجها كان ضامنا وقال أبو نصر في الوجه الأول يكون ضامنا أيضا لوجود السوق من صاحبها وصاحب الزرع لم يضمن بالفساد وإنما طلب منه الصيانة من قاضي خان.
ولو أن صاحب الزرع حمل على دابة وجدها في زرعه فأسرعت ضمن ما أصابت، ","وَلَوْ أَنَّهُ قَالَ لِصَاحِبِ الدَّابَّةِ دَابَّتُك فِي الزَّرْعِ وَلَمْ يَقُلْ أَخْرِجْهَا فَأَخْرَجَهَا صَاحِبُهَا فَأَفْسَدَتْ شَيْئًا فِي إِخْرَاجِهَا كَانَ ضَامِنًا وَقَالَ أَبُو نَصْرٍ فِي الْوَجْهِ الْأَوَّلِ يَكُونُ ضَامِنًا أَيْضًا لِوُجُودِ السَّوْقِ مِنْ صَاحِبِهَا وَصَاحِبُ الزَّرْعِ لَمْ يَضْمَنْ بِالْفَسَادِ وَإِنَّمَا طَلَبَ مِنْهُ الصِّيَانَةَ مِنْ قَاضِي خَانْ.
وَلَوْ أَنَّ صَاحِبَ الزَّرْعِ حَمَلَ عَلَى دَابَّةٍ وَجَدَهَا فِي زَرْعِهِ فَأَسْرَعَتْ ضَمِنَ مَا أَصَابَتْ، ","وَلَوْ أَنَّهُ قَالَ لِصَاحِبِ الدَّابَّةِ دَابَّتُكَ فِي الزَّرْعِ وَلَمْ يَقُلْ أَخْرِجْهَا فَأَخْرَجَهَا صَاحِبُهَا فَأَفْسَدَتْ شَيْئًا فِي إِخْرَاجِهَا كَانَ ضَامِنًا وَقَالَ أَبُو نَصْرٍ فِي الْوَجْهِ الْأَوَّلِ يَكُونُ ضَامِنًا أَيْضًا لِوُجُودِ السُّوقِ مِنْ صَاحِبِهَا وَصَاحِبُ الزَّرْعِ لَمْ يَضْمَنْ بِالْفَسَادِ وَإِنَّمَا طَلَبَ مِنْهُ الصِّيَانَةَ مِنْ قَاضِي خَانْ.
وَلَوْ أَنَّ صَاحِبَ الزَّرْعِ حَمَلَ عَلَى دَابَّةٍ وَجَدَهَا فِي زَرْعِهِ فَأَسْرَعَتْ ضَمِنَ مَا أَصَابَتْ،"
"وإن لم يكن منه فله أن (4/190)
يتزوجها ثانيا لانتفاء أبوته إلا إن كان دخل بالكبيرة فيتأبد التحريم للدخول بالأم كما في الفتح.
(قوله: إن تعمدت الفساد) ","وَإِنْ لَمْ يَكُنْ مِنْهُ فَلَهُ أَنْ (4/190)
يَتَزَوَّجَهَا ثَانِيًا لِانْتِفَاءِ أُبُوَّتِهِ إِلَّا إِنْ كَانَ دَخَلَ بِالْكَبِيرَةِ فَيَتَأَبَّدُ التَّحْرِيمُ لِلدُّخُولِ بِالْأُمِّ كَمَا فِي الْفَتْحِ.
(قَوْلُهُ: إِنْ تَعَمَّدَتِ الْفَسَادَ) ","وَإِنْ لَمْ يَكُنْ مِنْهُ فَلَهُ أَنْ (4/190)
يَتَزَوَّجَهَا ثَانِيًا لِانْتِفَاءِ أُبُوَّتِهِ إِلَّا إِنْ كَانَ دَخَلَ بِالْكَبِيرَةِ فَيَتَأَبَّدُ التَّحْرِيمُ لِلدُّخُولِ بِالْأُمِّ كَمَا فِي الْفَتْحِ.
(قَوْلُهُ: إِنْ تَعَمَّدَتِ الْفَسَادَ)"
وإن كان الثاني كافرا شارك المقضي له الأول ولو شهد لمسلم حربيان بدين ألف على عبد تاجر حربي دخل دارنا بأمان وشهد لمسلم ذميان بدين ألف وشهد مسلمان بدين ألف فبيع العبد بألف يكون الحربي، والذمي نصفين ويأخذ المسلم نصف ما أخذ الحربي؛ لأن البينة الحربية ليست بحجة في حق المسلم، ,وَإِنْ كَانَ الثَّانِي كَافِرًا شَارَكَ الْمَقْضِيُّ لَهُ الْأَوَّلَ وَلَوْ شَهِدَ لِمُسْلِمٍ حَرْبِيَّانِ بِدَيْنٍ أَلْفٍ عَلَى عَبْدٍ تَاجِرٍ حَرْبِيٍّ دَخَلَ دَارَنَا بِأَمَانٍ وَشَهِدَ لِمُسْلِمٍ ذِمِّيَّانِ بِدَيْنٍ أَلْفٍ وَشَهِدَ مُسْلِمَانِ بِدَيْنٍ أَلْفٍ فَبِيعَ الْعَبْدُ بِأَلْفٍ يَكُونُ الْحَرْبِيُّ، وَالذِّمِّيُّ نِصْفَيْنِ وَيَأْخُذُ الْمُسْلِمُ نِصْفَ مَا أَخَذَ الْحَرْبِيُّ؛ لِأَنَّ الْبَيِّنَةَ الْحَرْبِيَّةَ لَيْسَتْ بِحُجَّةٍ فِي حَقِّ الْمُسْلِمِ، ,وَإِنْ كَانَ الثَّانِي كَافِرًا شَارَكَ الْمَقْضِيُّ لَهُ الْأَوَّلَ وَلَوْ شَهِدَ لِمُسْلِمٍ حَرْبِيَّانِ بِدَيْنِ أَلْفٍ عَلَى عَبْدٍ تَاجِرٍ حَرْبِيٍّ دَخَلَ دَارَنَا بِأَمَانٍ وَشَهِدَ لِمُسْلِمٍ ذِمِّيَّانِ بِدَيْنِ أَلْفٍ وَشَهِدَ مُسْلِمَانِ بِدَيْنِ أَلْفٍ فَبِيعَ الْعَبْدُ بِأَلْفٍ يَكُونُ الْحَرْبِيُّ، وَالذِّمِّيُّ نِصْفَيْنِ وَيَأْخُذُ الْمُسْلِمُ نِصْفَ مَا أَخَذَ الْحَرْبِيُّ؛ لِأَنَّ الْبَيِّنَةَ الْحَرْبِيَّةَ لَيْسَتْ بِحُجَّةٍ فِي حَقِّ الْمُسْلِمِ،
إذا وقع الذباب في إناء أحدكم فامقلوه، ثم انقلوه فإن في أحد جناحيه داء وفي الآخر دواء} وهو يقدم الداء على الدواء، ولا شك أن الذباب مع ضعف بنيته إذا مقل في الطعام الحار يموت، فلو أوجب التنجيس لكان الأمر بالمقل أمرا بإفساد المال وإضاعته، مع نهي النبي صلى الله عليه وسلم عن إضاعة المال وأنه متناقض، ,إِذَا وَقَعَ الذُّبَابُ فِي إِنَاءِ أَحَدِكُمْ فَامْقُلُوهُ، ثُمَّ انْقُلُوهُ فَإِنَّ فِي أَحَدِ جَنَاحَيْهِ دَاءٌ وَفِي الْآخَرِ دَوَاءٌ} وَهُوَ يُقَدِّمُ الدَّاءَ عَلَى الدَّوَاءِ، وَلَا شَكَّ أَنَّ الذُّبَابَ مَعَ ضَعْفِ بِنْيَتِهِ إِذَا مَقَلَ فِي الطَّعَامِ الْحَارِّ يَمُوتُ، فَلَوْ أَوْجَبَ التَّنْجِيسُ لَكَانَ الْأَمْرُ بِالْمَقْلِ أَمْرًا بِإِفْسَادِ الْمَالِ وَإِضَاعَتِهِ، مَعَ نَهْيِ النَّبِيِّ صَلَّى اللَّهُ عَلَيْهِ وَسَلَّمَ عَنْ إِضَاعَةِ الْمَالِ وَأَنَّهُ مُتَنَاقِضٌ، ,إِذَا وَقَعَ الذُّبَابُ فِي إِنَاءِ أَحَدِكُمْ فَامْقُلُوهُ، ثُمَّ انْقُلُوهُ فَإِنَّ فِي أَحَدِ جَنَاحَيْهِ دَاءً وَفِي الْآخَرِ دَوَاءً} وَهُوَ يُقَدِّمُ الدَّاءَ عَلَى الدَّوَاءِ، وَلَا شَكَّ أَنَّ الذُّبَابَ مَعَ ضَعْفِ بِنْيَتِهِ إِذَا مُقِلَ فِي الطَّعَامِ الْحَارِّ يَمُوتُ، فَلَوْ أَوْجَبَ التَّنْجِيسَ لَكَانَ الْأَمْرُ بِالْمَقْلِ أَمْرًا بِإِفْسَادِ الْمَالِ وَإِضَاعَتِهِ، مَعَ نَهْيِ النَّبِيِّ صَلَّى اللَّهُ عَلَيْهِ وَسَلَّمَ عَنْ إِضَاعَةِ الْمَالِ وَأَنَّهُ مُتَنَاقِضٌ،
الطيب المذكر ما ظهر لونه وخفي ريحه كالورد ومؤنثه عكسه كالمسك فالنهي في المذكر نهي كراهة، متعلق بشمه دون مسه واستصحابه ومكثه بمكان هو به بدون شم فأقسامه أربعة لا نهي في ثلاثة والنهي نهي كراهة في واحد وهو شمه فقول الشارح ويكره، ,الطِّيبُ الْمُذَكَّرُ مَا ظَهَرَ لَوْنُهُ وَخَفِيَ رِيحُهُ كَالْوَرْدِ وَمُؤَنَّثُهُ عَكْسُهُ كَالْمِسْكِ فَالنَّهْيُ فِي الْمُذَكَّرِ نَهْيُ كَرَاهَةٍ، مُتَعَلِّقٌ بِشَمِّهِ دُونَ مَسِّهِ وَاسْتِصْحَابِهِ وَمُكْثِهِ بِمَكَانٍ هُوَ بِهِ بِدُونِ شَمٍّ فَأَقْسَامُهُ أَرْبَعَةٌ لَا نَهْيَ فِي ثَلَاثَةٍ وَالنَّهْيُ نَهْيُ كَرَاهَةٍ فِي وَاحِدٍ وَهُوَ شَمُّهُ فَقَوْلُ الشَّارِحِ وَيُكْرَهُ، ,الطِّيبُ الْمُذَكَّرُ مَا ظَهَرَ لَوْنُهُ وَخَفِيَ رِيحُهُ كَالْوَرْدِ وَمُؤَنَّثُهُ عَكْسُهُ كَالْمِسْكِ فَالنَّهْيُ فِي الْمُذَكَّرِ نَهْيُ كَرَاهَةٍ، مُتَعَلِّقٌ بِشَمِّهِ دُونَ مَسِّهِ وَاسْتِصْحَابِهِ وَمُكْثِهِ بِمَكَانٍ هُوَ بِهِ بِدُونِ شَمٍّ فَأَقْسَامُهُ أَرْبَعَةٌ لَا نَهْيَ فِي ثَلَاثَةٍ وَالنَّهْيُ نَهْيُ كَرَاهَةٍ فِي وَاحِدٍ وَهُوَ شَمُّهُ فَقَوْلُ الشَّارِحِ وَيُكْرَهُ،
"حط عني الربع بقدر اشتغالي بالصلاة لم يكن له ذلك، والمطر الشديد والاختفاء من السلطان الظالم مسقط، وفي الكافي صح أنه صلى الله عليه وسلم أقام الجمعة بمكة مسافرا. (3/225)
(ويجوز للمسافر والعبد والمريض أن يؤم في الجمعة) وقال زفر: ","حُطَّ عَنِّي الرُّبُعَ بِقَدْرِ اشْتِغَالِي بِالصَّلَاةِ لَمْ يَكُنْ لَهُ ذَلِكَ، وَالْمَطَرُ الشَّدِيدُ وَالِاخْتِفَاءُ مِنَ السُّلْطَانِ الظَّالِمِ مُسْقِطٌ، وَفِي الْكَافِي صَحَّ أَنَّهُ صَلَّى اللَّهُ عَلَيْهِ وَسَلَّمَ أَقَامَ الْجُمُعَةَ بِمَكَّةَ مُسَافِرًا. (3/225)
(وَيَجُوزُ لِلْمُسَافِرِ وَالْعَبْدِ وَالْمَرِيضِ أَنْ يَؤُمَّ فِي الْجُمُعَةِ) وَقَالَ زُفَرُ: ","حُطَّ عَنِّي الرُّبُعَ بِقَدْرِ اشْتِغَالِي بِالصَّلَاةِ لَمْ يَكُنْ لَهُ ذَلِكَ، وَالْمَطَرُ الشَّدِيدُ وَالِاخْتِفَاءُ مِنَ السُّلْطَانِ الظَّالِمِ مُسْقِطٌ، وَفِي الْكَافِي صَحَّ أَنَّهُ صَلَّى اللَّهُ عَلَيْهِ وَسَلَّمَ أَقَامَ الْجُمُعَةَ بِمَكَّةَ مُسَافِرًا. (3/225)
(وَيَجُوزُ لِلْمُسَافِرِ وَالْعَبْدِ وَالْمَرِيضِ أَنْ يَؤُمَّ فِي الْجُمُعَةِ) وَقَالَ زُفَرُ:"
"وأنه لا وارث له غيره وأقام الذي في يديه المال البينة على مثل ذلك قضيت بالولاء والميراث بينهما نصفين؛ لأن المقصود (10/182)
بهذه البينة إثبات السبب وهو الولاء وإنما قامت بينة على كل واحد منهما على الميت وقد استوت البينتان في ذلك، فيقضى بينهما بالولاء، ثم استحقاق المال يترتب على ذلك (فإن قيل) : ","وَأَنَّهُ لَا وَارِثَ لَهُ غَيْرَهُ وَأَقَامَ الَّذِي فِي يَدَيْهِ الْمَالُ الْبَيِّنَةَ عَلَى مِثْلِ ذَلِكَ قَضَيْتَ بِالْوَلَاءِ وَالْمِيرَاثِ بَيْنَهُمَا نِصْفَيْنِ؛ لِأَنَّ الْمَقْصُودَ (10/182)
بِهَذِهِ الْبَيِّنَةِ إِثْبَاتُ السَّبَبِ وَهُوَ الْوَلَاءُ وَإِنَّمَا قَامَتْ بَيِّنَةٌ عَلَى كُلِّ وَاحِدٍ مِنْهُمَا عَلَى الْمَيِّتِ وَقَدِ اسْتَوَتِ الْبَيِّنَتَانِ فِي ذَلِكَ، فَيُقْضَى بَيْنَهُمَا بِالْوَلَاءِ، ثُمَّ اسْتِحْقَاقُ الْمَالِ يَتَرَتَّبُ عَلَى ذَلِكَ (فَإِنْ قِيلَ) : ","وَأَنَّهُ لَا وَارِثَ لَهُ غَيْرُهُ وَأَقَامَ الَّذِي فِي يَدَيْهِ الْمَالَ الْبَيِّنَةَ عَلَى مِثْلِ ذَلِكَ قُضِيَتْ بِالْوَلَاءِ وَالْمِيرَاثِ بَيْنَهُمَا نِصْفَيْنِ؛ لِأَنَّ الْمَقْصُودَ (10/182)
بِهَذِهِ الْبَيِّنَةِ إِثْبَاتُ السَّبَبِ وَهُوَ الْوَلَاءُ وَإِنَّمَا قَامَتْ بَيِّنَةٌ عَلَى كُلِّ وَاحِدٍ مِنْهُمَا عَلَى الْمَيِّتِ وَقَدِ اسْتَوَتِ الْبَيِّنَتَانِ فِي ذَلِكَ، فَيُقْضَى بَيْنَهُمَا بِالْوَلَاءِ، ثُمَّ اسْتِحْقَاقُ الْمَالِ يَتَرَتَّبُ عَلَى ذَلِكَ (فَإِنْ قِيلَ) :"
ولو نقب) واحد (وأخرج غيره فلا قطع) على واحد منهما لأن الأول لم يسرق والثاني أخذ من غير حرز (ولو تعاونا في النقب وانفرد أحدهما بالإخراج أو وضعه ناقب بقرب النقب فأخرجه آخر قطع المخرج) وهو في الثانية شريك في النقب كما في الروضة وأصلها (ولو وضعه بوسط نقبه فأخذه خارج وهو يساوي نصابين لم يقطعا في الأظهر) ,وَلَوْ نَقَبَ) وَاحِدٌ (وَأَخْرَجَ غَيْرُهُ فَلَا قَطْعَ) عَلَى وَاحِدٍ مِنْهُمَا لِأَنَّ الْأَوَّلَ لَمْ يَسْرِقْ وَالثَّانِي أَخَذَ مِنْ غَيْرِ حِرْزٍ (وَلَوْ تَعَاوَنَا فِي النَّقْبِ وَانْفَرَدَ أَحَدُهُمَا بِالْإِخْرَاجِ أَوْ وَضَعَهُ نَاقِبٌ بِقُرْبِ النَّقْبِ فَأَخْرَجَهُ آخَرُ قُطِعَ الْمُخْرِجُ) وَهُوَ فِي الثَّانِيَةِ شَرِيكٌ فِي النَّقْبِ كَمَا فِي الرَّوْضَةِ وَأَصْلِهَا (وَلَوْ وَضَعَهُ بِوَسَطِ نَقْبِهِ فَأَخَذَهُ خَارِجٌ وَهُوَ يُسَاوِي نِصَابَيْنِ لَمْ يُقْطَعَا فِي الْأَظْهَرِ) ,وَلَوْ نَقَبَ) وَاحِدٌ (وَأَخْرَجَ غَيْرُهُ فَلَا قَطْعَ) عَلَى وَاحِدٍ مِنْهُمَا لِأَنَّ الْأَوَّلَ لَمْ يَسْرِقْ وَالثَّانِي أَخَذَ مِنْ غَيْرِ حِرْزٍ (وَلَوْ تَعَاوَنَا فِي النَّقْبِ وَانْفَرَدَ أَحَدُهُمَا بِالْإِخْرَاجِ أَوْ وَضَعَهُ نَاقِبٌ بِقُرْبِ النَّقْبِ فَأَخْرَجَهُ آخَرُ قُطِعَ الْمُخْرِجُ) وَهُوَ فِي الثَّانِيَةِ شَرِيكٌ فِي النَّقْبِ كَمَا فِي الرَّوْضَةِ وَأَصْلِهَا (وَلَوْ وَضَعَهُ بِوَسَطِ نَقْبِهِ فَأَخَذَهُ خَارِجٌ وَهُوَ يُسَاوِي نِصَابَيْنِ لَمْ يُقْطَعَا فِي الْأَظْهَرِ)
"لأن فيه إبطال نكاح الغائب والحاصل أن الإنسان إذا أقام البينة على شرط حقه بإثبات فعل على الغائب، فإن لم يكن فيه إبطال حق الغائب تقبل هذه البينة وينتصب خصما عن الغائب، وإن كان فيه إبطال حق الغائب أفتى بعض المتأخرين أنه تقبل البينة ويقضى على الحاضر والغائب جميعا.
والأصح أنه لا تقبل هذه البينة، ","لِأَنَّ فِيهِ إِبْطَالُ نِكَاحِ الْغَائِبِ وَالْحَاصِلُ أَنَّ الْإِنْسَانَ إِذَا أَقَامَ الْبَيِّنَةَ عَلَى شَرْطِ حَقِّهِ بِإِثْبَاتِ فِعْلٍ عَلَى الْغَائِبِ، فَإِنْ لَمْ يَكُنْ فِيهِ إِبْطَالُ حَقِّ الْغَائِبِ تُقْبَلُ هَذِهِ الْبَيِّنَةُ وَيَنْتَصِبُ خَصْمًا عَنِ الْغَائِبِ، وَإِنْ كَانَ فِيهِ إِبْطَالُ حَقِّ الْغَائِبِ أَفْتَى بَعْضُ الْمُتَأَخِّرِينَ أَنَّهُ تُقْبَلُ الْبَيِّنَةُ وَيُقْضَى عَلَى الْحَاضِرِ وَالْغَائِبِ جَمِيعًا.
وَالْأَصَحُّ أَنَّهُ لَا تُقْبَلُ هَذِهِ الْبَيِّنَةُ، ","لِأَنَّ فِيهِ إِبْطَالَ نِكَاحِ الْغَائِبِ وَالْحَاصِلُ أَنَّ الْإِنْسَانَ إِذَا أَقَامَ الْبَيِّنَةَ عَلَى شَرْطِ حَقِّهِ بِإِثْبَاتِ فِعْلٍ عَلَى الْغَائِبِ، فَإِنْ لَمْ يَكُنْ فِيهِ إِبْطَالُ حَقِّ الْغَائِبِ تُقْبَلُ هَذِهِ الْبَيِّنَةُ وَيَنْتَصِبُ خَصْمًا عَنِ الْغَائِبِ، وَإِنْ كَانَ فِيهِ إِبْطَالُ حَقِّ الْغَائِبِ أَفْتَى بَعْضُ الْمُتَأَخِّرِينَ أَنَّهُ تُقْبَلُ الْبَيِّنَةُ وَيُقْضَى عَلَى الْحَاضِرِ وَالْغَائِبِ جَمِيعًا.
وَالْأَصَحُّ أَنَّهُ لَا تُقْبَلُ هَذِهِ الْبَيِّنَةُ،"
للمرأة قبل دخول الزوج بها أن تمنع الزوج عن الدخول حتى يعطيها جميع المهر ثم تسلم نفسها إلى زوجها، وإن كانت قد انتقلت إلى بيت زوجها لما ذكرنا أن بذلك يتعين حقها فيكون تسليما بتسليم، ولأن المهر عوض عن بضعها كالثمن عوض عن المبيع وللبائع حق حبس المبيع لاستيفاء الثمن فكان للمرأة حق حبس نفسها؛ ,لِلْمَرْأَةِ قَبْلَ دُخُولِ الزَّوْجِ بِهَا أَنْ تَمْنَعَ الزَّوْجَ عَنِ الدُّخُولِ حَتَّى يُعْطِيَهَا جَمِيعَ الْمَهْرِ ثُمَّ تُسَلِّمُ نَفْسَهَا إِلَى زَوْجِهَا، وَإِنْ كَانَتْ قَدِ انْتَقَلَتْ إِلَى بَيْتِ زَوْجِهَا لِمَا ذَكَرْنَا أَنَّ بِذَلِكَ يَتَعَيَّنُ حَقُّهَا فَيَكُونُ تَسْلِيمًا بِتَسْلِيمٍ، وَلِأَنَّ الْمَهْرَ عِوَضٌ عَنْ بُضْعِهَا كَالثَّمَنِ عِوَضٌ عَنِ الْمَبِيعِ وَلِلْبَائِعِ حَقُّ حَبْسِ الْمَبِيعِ لِاسْتِيفَاءِ الثَّمَنِ فَكَانَ لِلْمَرْأَةِ حَقُّ حَبْسِ نَفْسِهَا؛ ,لِلْمَرْأَةِ قَبْلَ دُخُولِ الزَّوْجِ بِهَا أَنْ تَمْنَعَ الزَّوْجَ عَنِ الدُّخُولِ حَتَّى يُعْطِيَهَا جَمِيعَ الْمَهْرِ ثُمَّ تُسَلِّمَ نَفْسَهَا إِلَى زَوْجِهَا، وَإِنْ كَانَتْ قَدِ انْتَقَلَتْ إِلَى بَيْتِ زَوْجِهَا لِمَا ذَكَرْنَا أَنَّ بِذَلِكَ يَتَعَيَّنُ حَقُّهَا فَيَكُونُ تَسْلِيمًا بِتَسْلِيمٍ، وَلِأَنَّ الْمَهْرَ عِوَضٌ عَنْ بُضْعِهَا كَالثَّمَنِ عِوَضٌ عَنِ الْمَبِيعِ وَلِلْبَائِعِ حَقُّ حَبْسِ الْمَبِيعِ لِاسْتِيفَاءِ الثَّمَنِ فَكَانَ لِلْمَرْأَةِ حَقُّ حَبْسِ نَفْسِهَا؛
"ولو قرأ آية السجدة في الصلاة فأراد أن يركع بها يحتاج إلى النية عند الركوع فإن لم يوجد منه النية عند الركوع لا يجزيه عن السجدة.
ولو نوى في ركوعه اختلف المشايخ فيه قال بعضهم: يجزيه وقال بعضهم: لا يجزيه، هكذا في المضمرات والأظهر أنه لا يجوز، ","وَلَوْ قَرَأَ آيَةَ السَّجْدَةِ فِي الصَّلَاةِ فَأَرَادَ أَنْ يَرْكَعَ بِهَا يُحْتَاجُ إِلَى النِّيَّةِ عِنْدَ الرُّكُوعِ فَإِنْ لَمْ يُوجَدْ مِنْهُ النِّيَّةُ عِنْدَ الرُّكُوعِ لَا يُجْزِيهِ عَنِ السَّجْدَةِ.
وَلَوْ نَوَى فِي رُكُوعِهِ اخْتَلَفَ الْمَشَايِخُ فِيهِ قَالَ بَعْضُهُمْ: يُجْزِيهِ وَقَالَ بَعْضُهُمْ: لَا يُجْزِيهِ، هَكَذَا فِي الْمُضْمَرَاتِ وَالْأَظْهَرُ أَنَّهُ لَا يَجُوزُ، ","وَلَوْ قَرَأَ آيَةَ السَّجْدَةِ فِي الصَّلَاةِ فَأَرَادَ أَنْ يَرْكَعَ بِهَا يَحْتَاجُ إِلَى النِّيَّةِ عِنْدَ الرُّكُوعِ فَإِنْ لَمْ يُوجَدْ مِنْهُ النِّيَّةُ عِنْدَ الرُّكُوعِ لَا يُجْزِيهِ عَنِ السَّجْدَةِ.
وَلَوْ نَوَى فِي رُكُوعِهِ اخْتَلَفَ الْمَشَايِخُ فِيهِ قَالَ بَعْضُهُمْ: يُجْزِيهِ وَقَالَ بَعْضُهُمْ: لَا يُجْزِيهِ، هَكَذَا فِي الْمُضْمَرَاتِ وَالْأَظْهَرُ أَنَّهُ لَا يَجُوزُ،"
"قوله (ولا الوالدان، وإن علوا، ولا الولد وإن سفل) .
إن كان الوالدان وإن علوا والولد وإن سفل في حال وجوب نفقتهم عليه: لم يجز دفعها إليهم إجماعا، وإن كانوا في حال لا تجب نفقتهم عليه، ","قَوْلُهُ (وَلَا الْوَالِدَانِ، وَإِنْ عَلَوْا، وَلَا الْوَلَدُ وَإِنْ سَفَلَ) .
إِنْ كَانَ الْوَالِدَانِ وَإِنْ عَلَوْا وَالْوَلَدُ وَإِنْ سَفَلَ فِي حَالِ وُجُوبِ نَفَقَتِهِمْ عَلَيْهِ: لَمْ يَجُزْ دَفْعُهَا إِلَيْهِمْ إِجْمَاعًا، وَإِنْ كَانُوا فِي حَالٍ لَا تَجِبُ نَفَقَتُهُمْ عَلَيْهِ، ","قَوْلُهُ (وَلَا الْوَالِدَانِ، وَإِنْ عَلَوْا، وَلَا الْوَلَدُ وَإِنْ سَفَلَ) .
إِنْ كَانَ الْوَالِدَانِ وَإِنْ عَلَوْا وَالْوَلَدُ وَإِنْ سَفَلَ فِي حَالِ وُجُوبِ نَفَقَتِهِمْ عَلَيْهِ: لَمْ يَجُزْ دَفْعُهَا إِلَيْهِمْ إِجْمَاعًا، وَإِنْ كَانُوا فِي حَالٍ لَا تَجِبُ نَفَقَتُهُمْ عَلَيْهِ،"
"قال في شرح العباب لعدم تيقن حياتهم إلا الأجنة وبه صرحا في الفرائض في القاضي ومثله البقية وكان المراد بسلب ولاية القاضي عن مالهم سلبها بالنسبة لنحو التجارة بخلاف نحو الحفظ والتعهد وفعل المصلحة اللائقة فمن الواضح أن هذا يكون لقاضي بلد المال انتهى.
وقوله وبه صرحا في الفرائض في القاضي هو كذلك وعبارة الروضة فعلى الأول أي: ","قَالَ فِي شَرْحِ الْعُبَابِ لِعَدَمِ تَيَقُّنِ حَيَاتِهِمْ إِلَّا الْأَجِنَّةَ وَبِهِ صَرَّحَا فِي الْفَرَائِضِ فِي الْقَاضِي وَمِثْلُهُ الْبَقِيَّةُ وَكَانَ الْمُرَادُ بِسَلْبِ وَلَايَةِ الْقَاضِي عَنْ مَالِهِمْ سَلْبَهَا بِالنِّسْبَةِ لِنَحْوِ التِّجَارَةِ بِخِلَافِ نَحْوِ الْحِفْظِ وَالتَّعَهُّدِ وَفِعْلِ الْمَصْلَحَةِ اللَّائِقَةِ فَمِنَ الْوَاضِحِ أَنَّ هَذَا يَكُونُ لِقَاضِي بَلَدِ الْمَالِ انْتَهَى.
وَقَوْلُهُ وَبِهِ صَرَّحَا فِي الْفَرَائِضِ فِي الْقَاضِي هُوَ كَذَلِكَ وَعِبَارَةُ الرَّوْضَةِ فَعَلَى الْأَوَّلِ أَيْ: ","قَالَ فِي شَرْحِ الْعُبَابِ لِعَدَمِ تَيَقُّنِ حَيَاتِهِمْ إِلَّا الْأَجِنَّةَ وَبِهِ صَرَّحَا فِي الْفَرَائِضِ فِي الْقَاضِي وَمِثْلُهُ الْبَقِيَّةُ وَكَانَ الْمُرَادُ بِسَلْبِ وِلَايَةِ الْقَاضِي عَنْ مَالِهِمْ سَلْبَهَا بِالنِّسْبَةِ لِنَحْوِ التِّجَارَةِ بِخِلَافِ نَحْوِ الْحِفْظِ وَالتَّعَهُّدِ وَفِعْلِ الْمَصْلَحَةِ اللَّائِقَةِ فَمِنَ الْوَاضِحِ أَنَّ هَذَا يَكُونُ لِقَاضِي بَلَدِ الْمَالِ انْتَهَى.
وَقَوْلُهُ وَبِهِ صَرَّحَا فِي الْفَرَائِضِ فِي الْقَاضِي هُوَ كَذَلِكَ وَعِبَارَةُ الرَّوْضَةِ فَعَلَى الْأَوَّلِ أَيْ:"
"لأنه عند تعارض البينتين وتساقطهما لم يبق إلا مجرد تداعيهما فاحتيج ليمينهما وفيه أنه لا تعارض بينهما أصلا فالحق ما قاله الشيخ سالم من أنه إذا رضي أحدهما بقول الآخر فالأمر ظاهر وإلا فسخ من غير يمين وهو ما في التوضيح وابن عرفة.
(قوله: أو أنها كناية إلخ) هذا الاحتمال أنسب بالظرفية بخلاف الاحتمال الأول فلا تظهر فيه الظرفية.
(","لِأَنَّهُ عِنْدَ تَعَارُضِ الْبَيِّنَتَيْنِ وَتَسَاقُطِهِمَا لَمْ يَبْقَ إِلَّا مُجَرَّدُ تَدَاعِيهِمَا فَاحْتِيجَ لِيَمِينِهِمَا وَفِيهِ أَنَّهُ لَا تَعَارُضَ بَيْنَهُمَا أَصْلًا فَالْحَقُّ مَا قَالَهُ الشَّيْخُ سَالِمٌ مِنْ أَنَّهُ إِذَا رَضِيَ أَحَدُهُمَا بِقَوْلِ الْآخَرِ فَالْأَمْرُ ظَاهِرٌ وَإِلَّا فُسِخَ مِنْ غَيْرِ يَمِينٍ وَهُوَ مَا فِي التَّوْضِيحِ وَابْنِ عَرَفَةَ.
(قَوْلُهُ: أَوْ أَنَّهَا كِنَايَةٌ إِلَخْ) هَذَا الِاحْتِمَالُ أَنْسَبُ بِالظَّرْفِيَّةِ بِخِلَافِ الِاحْتِمَالِ الْأَوَّلِ فَلَا تَظْهَرُ فِيهِ الظَّرْفِيَّةُ.
(","لِأَنَّهُ عِنْدَ تَعَارُضِ الْبَيِّنَتَيْنِ وَتَسَاقُطِهِمَا لَمْ يَبْقَ إِلَّا مُجَرَّدُ تَدَاعِيهِمَا فَاحْتِيجَ لِيَمِينِهِمَا وَفِيهِ أَنَّهُ لَا تَعَارُضَ بَيْنَهُمَا أَصْلًا فَالْحَقُّ مَا قَالَهُ الشَّيْخُ سَالِمٌ مِنْ أَنَّهُ إِذَا رَضِيَ أَحَدُهُمَا بِقَوْلِ الْآخَرِ فَالْأَمْرُ ظَاهِرٌ وَإِلَّا فُسِخَ مِنْ غَيْرِ يَمِينٍ وَهُوَ مَا فِي التَّوْضِيحِ وَابْنِ عَرَفَةَ.
(قَوْلُهُ: أَوْ أَنَّهَا كِنَايَةٌ إِلَخْ) هَذَا الِاحْتِمَالُ أَنْسَبُ بِالظَّرْفِيَّةِ بِخِلَافِ الِاحْتِمَالِ الْأَوَّلِ فَلَا تَظْهَرُ فِيهِ الظَّرْفِيَّةُ.
("
وقيمة ولدها) ؛ لأنه في معنى المغرور حيث إنه اعتمد دليلا وهو أنه كسب كسبه فلم يرض برقه فيكون حرا بالقيمة ثابت النسب منه (ولا تصير الجارية أم ولد له) ؛ لأنه لا ملك له فيها حقيقة كما في ولد المغرور (وإن كذبه المكاتب في النسب لم يثبت) ؛ لما بينا أنه لا بد من تصديقه (فلو ملكه يوما ثبت نسبه منه) ؛ ,وَقِيمَةُ وَلَدِهَا) ؛ لِأَنَّهُ فِي مَعْنَى الْمَغْرُورِ حَيْثُ إِنَّهُ اعْتَمَدَ دَلِيلًا وَهُوَ أَنَّهُ كَسْبُ كَسْبِهِ فَلَمْ يَرْضَ بِرِقِّهِ فَيَكُونُ حُرًّا بِالْقِيمَةِ ثَابِتَ النَّسَبِ مِنْهُ (وَلَا تَصِيرُ الْجَارِيَةُ أُمَّ وَلَدٍ لَهُ) ؛ لِأَنَّهُ لَا مِلْكَ لَهُ فِيهَا حَقِيقَةً كَمَا فِي وَلَدِ الْمَغْرُورِ (وَإِنْ كَذَّبَهُ الْمَكَاتِبُ فِي النَّسَبِ لَمْ يَثْبُتْ) ؛ لِمَا بَيَّنَّا أَنَّهُ لَا بُدَّ مِنْ تَصْدِيقِهِ (فَلَوْ مَلَكَهُ يَوْمًا ثَبَتَ نَسَبُهُ مِنْهُ) ؛ ,وَقِيمَةُ وَلَدِهَا) ؛ لِأَنَّهُ فِي مَعْنَى الْمَغْرُورِ حَيْثُ إِنَّهُ اعْتَمَدَ دَلِيلًا وَهُوَ أَنَّهُ كَسْبُ كَسْبِهِ فَلَمْ يَرْضَ بِرِقِّهِ فَيَكُونُ حُرًّا بِالْقِيمَةِ ثَابِتُ النَّسَبِ مِنْهُ (وَلَا تَصِيرُ الْجَارِيَةُ أُمَّ وَلَدٍ لَهُ) ؛ لِأَنَّهُ لَا مِلْكَ لَهُ فِيهَا حَقِيقَةً كَمَا فِي وَلَدِ الْمَغْرُورِ (وَإِنْ كَذَّبَهُ الْمُكَاتَبُ فِي النَّسَبِ لَمْ يَثْبُتْ) ؛ لِمَا بَيَّنَّا أَنَّهُ لَا بُدَّ مِنْ تَصْدِيقِهِ (فَلَوْ مَلَكَهُ يَوْمًا ثَبَتَ نَسَبُهُ مِنْهُ) ؛
"وتبع ابن شاس الشافعية ولا يبعد كونه قولا في المذهب على قول من قال له أن يعجز نفسه وإن كان له مال ظاهر لكون الكتابة على هذا ليست دينا لازما لا على المشهور أنه ليس له ذلك إن كان له مال ظاهر.
ا ه.
فسلم اشتراط اللزوم ونازع في إخراج الكتابة فهي دين لازم عنده على المشهور، ","وَتَبِعَ ابْنُ شَاسٍ الشَّافِعِيَّةَ وَلَا يَبْعُدُ كَوْنُهُ قَوْلًا فِي الْمَذْهَبِ عَلَى قَوْلِ مَنْ قَالَ لَهُ أَنْ يُعَجِّزَ نَفْسَهُ وَإِنْ كَانَ لَهُ مَالٌ ظَاهِرٌ لِكَوْنِ الْكِتَابَةِ عَلَى هَذَا لَيْسَتْ دَيْنًا لَازِمًا لَا عَلَى الْمَشْهُورِ أَنَّهُ لَيْسَ لَهُ ذَلِكَ إِنْ كَانَ لَهُ مَالٌ ظَاهِرٌ.
ا ه.
فَسَلَّمَ اشْتِرَاطَ اللُّزُومِ وَنَازَعَ فِي إِخْرَاجِ الْكِتَابَةِ فَهِيَ دَيْنٌ لَازِمٌ عِنْدَهُ عَلَى الْمَشْهُورِ، ","وَتَبِعَ ابْنُ شَاسٍ الشَّافِعِيَّةَ وَلَا يَبْعُدُ كَوْنُهُ قَوْلًا فِي الْمَذْهَبِ عَلَى قَوْلِ مَنْ قَالَ لَهُ أَنْ يُعَجِّزَ نَفْسَهُ وَإِنْ كَانَ لَهُ مَالٌ ظَاهِرٌ لِكَوْنِ الْكِتَابَةِ عَلَى هَذَا لَيْسَتْ دَيْنًا لَازِمًا لَا عَلَى الْمَشْهُورِ أَنَّهُ لَيْسَ لَهُ ذَلِكَ إِنْ كَانَ لَهُ مَالٌ ظَاهِرٌ.
ا ه.
فَسَلَّمَ اشْتِرَاطَ اللُّزُومِ وَنَازَعَ فِي إِخْرَاجِ الْكِتَابَةِ فَهِيَ دَيْنٌ لَازِمٌ عِنْدَهُ عَلَى الْمَشْهُورِ،"
"حدثنا حسين بن محمد حدثنا يزيد بن عطاء عن حبيب يعني (4/492)
","حَدَّثَنَا حُسَيْنُ بْنُ مُحَمَّدٍ حَدَّثَنَا يَزِيدُ بْنُ عَطَاءٍ عَنْ حَبِيبٍ يَعْنِي (4/492)
",حَدَّثَنَا حُسَيْنُ بْنُ مُحَمَّدٍ حَدَّثَنَا يَزِيدُ بْنُ عَطَاءٍ عَنْ حَبِيبٍ يَعْنِي (4/492)
أي المصنف على أصله أي المحرر معها أي هذه اللفظة بأن الثاني أي المذكور بقول المتن وقيل إلخ يكتفى بها إلخ أي بالقيمة ولا يوجب ذكر صفة السلم (قوله ولو وجبت قيمة المغصوب إلخ) عبارة المغني والنهاية استثنى البلقيني ما لو غصب غيره منه عينا في بلد ثم لقيه في آخر، ,أَيِ الْمُصَنِّفِ عَلَى أَصْلِهِ أَيِ الْمُحَرَّرِ مَعَهَا أَيْ هَذِهِ اللَّفْظَةِ بِأَنَّ الثَّانِيَ أَيِ الْمَذْكُورَ بِقَوْلِ الْمَتْنِ وَقِيلَ إِلَخْ يُكْتَفَى بِهَا إِلَخْ أَيْ بِالْقِيمَةِ وَلَا يُوجِبُ ذِكْرَ صِفَةِ السَّلَمِ (قَوْلُهُ وَلَوْ وَجَبَتْ قِيمَةُ الْمَغْصُوبِ إِلَخْ) عِبَارَةُ الْمُغْنِي وَالنِّهَايَةِ اسْتَثْنَى الْبُلْقِينِيُّ مَا لَوْ غَصَبَ غَيْرُهُ مِنْهُ عَيْنًا فِي بَلَدٍ ثُمَّ لَقِيَهُ فِي آخَرَ، ,أَيِ الْمُصَنِّفُ عَلَى أَصْلِهِ أَيِ الْمُحَرَّرِ مَعَهَا أَيْ هَذِهِ اللَّفْظَةُ بِأَنَّ الثَّانِيَ أَيِ الْمَذْكُورَ بِقَوْلِ الْمَتْنِ وَقِيلَ إِلَخْ يُكْتَفَى بِهَا إِلَخْ أَيْ بِالْقِيمَةِ وَلَا يُوجِبُ ذِكْرَ صِفَةِ السَّلَمِ (قَوْلُهُ وَلَوْ وَجَبَتْ قِيمَةُ الْمَغْصُوبِ إِلَخْ) عِبَارَةُ الْمُغْنِي وَالنِّهَايَةِ اسْتَثْنَى الْبُلْقِينِيُّ مَا لَوْ غَصَبَ غَيْرُهُ مِنْهُ عَيْنًا فِي بَلَدٍ ثُمَّ لَقِيَهُ فِي آخَرَ،
"وأن لا يحسن ظنه بنفسه قبل الشهادة له من أهل علم العربية بأنه يستحق النظر، وأن لا يستقل بنفسه في المسائل المشكلة التي لم يحط بها علمه دون أن يسأل عنها من هو من أهلها، فإن ثبت على هذه الوصاة كان - إن شاء الله - موافقا لما كان عليه رسول الله صلى الله عليه وسلم وأصحابه الكرام. (2/811)
[ص: 812] ","وَأَنْ لَا يَحْسُنَ ظَنُّهُ بِنَفْسِهِ قَبْلَ الشَّهَادَةِ لَهُ مِنْ أَهْلِ عِلْمِ الْعَرَبِيَّةِ بِأَنَّهُ يَسْتَحِقُّ النَّظَرَ، وَأَنْ لَا يَسْتَقِلَّ بِنَفْسِهِ فِي الْمَسَائِلِ الْمُشْكِلَةِ الَّتِي لَمْ يُحِطْ بِهَا عِلْمُهُ دُونَ أَنْ يَسْأَلَ عَنْهَا مَنْ هُوَ مِنْ أَهْلِهَا، فَإِنْ ثَبَتَ عَلَى هَذِهِ الْوَصَاةِ كَانَ - إِنْ شَاءَ اللَّهُ - مُوَافِقًا لِمَا كَانَ عَلَيْهِ رَسُولُ اللَّهِ صَلَّى اللَّهُ عَلَيْهِ وَسَلَّمَ وَأَصْحَابُهُ الْكِرَامُ. (2/811)
[ص: 812] ","وَأَنْ لَا يَحْسُنَ ظَنُّهُ بِنَفْسِهِ قَبْلَ الشَّهَادَةِ لَهُ مِنْ أَهْلِ عِلْمِ الْعَرَبِيَّةِ بِأَنَّهُ يَسْتَحِقُّ النَّظَرَ، وَأَنْ لَا يَسْتَقِلَّ بِنَفْسِهِ فِي الْمَسَائِلِ الْمُشْكِلَةِ الَّتِي لَمْ يَحُطَّ بِهَا عِلْمُهُ دُونَ أَنْ يَسْأَلَ عَنْهَا مَنْ هُوَ مِنْ أَهْلِهَا، فَإِنْ ثَبَتَ عَلَى هَذِهِ الْوَصَاةِ كَانَ - إِنْ شَاءَ اللَّهُ - مُوَافِقًا لِمَا كَانَ عَلَيْهِ رَسُولُ اللَّهِ صَلَّى اللَّهُ عَلَيْهِ وَسَلَّمَ وَأَصْحَابُهُ الْكِرَامُ. (2/811)
[ص: 812]"
"حتى فرجه إلخ] غيا بالفرج لقضاء الشهوة به فيتوهم عدم دخوله.
[قوله: وعتق الذكر أفضل] ثم أعلى الرقاب وأنفسها عند أهلها وإن كان الأعلى ثمنا كافرا فضله مالك وخالفه أصبغ ونسب للجمهور.
قال في التوضيح: ","حَتَّى فَرْجَهُ إِلَخْ] غَيًّا بِالْفَرْجِ لِقَضَاءِ الشَّهْوَةِ بِهِ فَيُتَوَهَّمُ عَدَمُ دُخُولِهِ.
[قَوْلُهُ: وَعِتْقُ الذَّكَرِ أَفْضَلُ] ثُمَّ أَعْلَى الرِّقَابِ وَأَنْفَسُهَا عِنْدَ أَهْلِهَا وَإِنْ كَانَ الْأَعْلَى ثَمَنًا كَافِرًا فَضَّلَهُ مَالِكٌ وَخَالَفَهُ أَصْبَغُ وَنُسِبَ لِلْجُمْهُورِ.
قَالَ فِي التَّوْضِيحِ: ","حَتَّى فَرْجِهِ إِلَخْ] غَيًّا بِالْفَرْجِ لِقَضَاءِ الشَّهْوَةِ بِهِ فَيُتَوَهَّمُ عَدَمُ دُخُولِهِ.
[قَوْلُهُ: وَعِتْقُ الذَّكَرِ أَفْضَلُ] ثُمَّ أَعْلَى الرِّقَابِ وَأَنْفُسِهَا عِنْدَ أَهْلِهَا وَإِنْ كَانَ الْأَعْلَى ثَمَنًا كَافِرًا فَضَّلَهُ مَالِكٌ وَخَالَفَهُ أَصْبَغُ وَنُسِبَ لِلْجُمْهُورِ.
قَالَ فِي التَّوْضِيحِ:"
"و) مهر (أخت شقيقة أو لأب) موافقة لها في الصفات المتقدمة لا أخت لأم من نسب آخر (لا) باعتبار مهر (الأم و) لا مهر (العمة) أي أخت أبيها من أمه، وأما شقيقته وأخته من أبيه فيعتبر مهرهما.
ابن غازي لفظ العمة معطوف على أخت وكأنه قال وعمة شقيقة أو لأب، ","وَ) مَهْرُ (أُخْتٍ شَقِيقَةٍ أَوْ لِأَبٍ) مُوَافِقَةٍ لَهَا فِي الصِّفَاتِ الْمُتَقَدِّمَةِ لَا أُخْتٍ لِأُمٍّ مِنْ نَسَبٍ آخَرَ (لَا) بِاعْتِبَارِ مَهْرِ (الْأُمِّ وَ) لَا مَهْرُ (الْعَمَّةِ) أَيْ أُخْتِ أَبِيهَا مِنْ أُمِّهِ، وَأَمَّا شَقِيقَتُهُ وَأُخْتُهُ مِنْ أَبِيهِ فَيُعْتَبَرُ مَهْرُهُمَا.
ابْنُ غَازِيٍّ لَفْظُ الْعَمَّةِ مَعْطُوفٌ عَلَى أُخْتٍ وَكَأَنَّهُ قَالَ وَعَمَّةٍ شَقِيقَةٍ أَوْ لِأَبٍ، ","وَ) مَهْرُ (أُخْتٍ شَقِيقَةٍ أَوْ لِأَبٍ) مُوَافِقَةٍ لَهَا فِي الصِّفَاتِ الْمُتَقَدِّمَةِ لَا أُخْتٍ لِأُمٍّ مِنْ نَسَبٍ آخَرَ (لَا) بِاعْتِبَارِ مَهْرِ (الْأُمِّ وَ) لَا مَهْرِ (الْعَمَّةِ) أَيْ أُخْتِ أَبِيهَا مِنْ أُمِّهِ، وَأَمَّا شَقِيقَتُهُ وَأُخْتُهُ مِنْ أَبِيهِ فَيُعْتَبَرُ مَهْرُهُمَا.
ابْنُ غَازِيٍّ لَفْظُ الْعَمَّةِ مَعْطُوفٌ عَلَى أُخْتٍ وَكَأَنَّهُ قَالَ وَعَمَّةٍ شَقِيقَةٍ أَوْ لِأَبٍ،"
لأن كل وطأة تصرف في البضع المحترم فلا تخلو عن العوض إبانة لخطره والتأكد بالوطأة الواحدة لجهالة ما وراءها فلا يصلح مزاحما للمعلوم ما لم يوجد فإذا وجد صار معلوما فتحققت المزاحمة وصار المهر مقابلا بالكل كالمدبر إذا جنى جناية يدفع المولى قيمته لولي الجناية، ثم إذا جنى أخرى يتبع ولي الجناية الثانية ولي الأولى لتحقق المزاحمة، ,لِأَنَّ كُلَّ وَطْأَةٍ تَصَرُّفٌ فِي الْبُضْعِ الْمُحْتَرَمِ فَلَا تَخْلُو عَنِ الْعِوَضِ إِبَانَةً لِخَطَرِهِ وَالتَّأَكُّدُ بِالْوَطْأَةِ الْوَاحِدَةِ لِجَهَالَةِ مَا وَرَاءَهَا فَلَا يَصْلُحُ مُزَاحِمًا لِلْمَعْلُومِ مَا لَمْ يُوجَدْ فَإِذَا وُجِدَ صَارَ مَعْلُومًا فَتَحَقَّقَتِ الْمُزَاحَمَةُ وَصَارَ الْمَهْرُ مُقَابَلًا بِالْكُلِّ كَالْمُدَبَّرِ إِذَا جَنَى جِنَايَةً يَدْفَعُ الْمَوْلَى قِيمَتَهُ لِوَلِيِّ الْجِنَايَةِ، ثُمَّ إِذَا جَنَى أُخْرَى يَتْبَعُ وَلِيَّ الْجِنَايَةِ الثَّانِيَةِ وَلِيَّ الْأُولَى لِتَحَقُّقِ الْمُزَاحَمَةِ، ,لِأَنَّ كُلَّ وَطْأَةٍ تَصَرُّفٌ فِي الْبُضْعِ الْمُحْتَرَمِ فَلَا تَخْلُو عَنِ الْعِوَضِ إِبَانَةً لِخَطَرِهِ وَالتَّأَكُّدُ بِالْوَطْأَةِ الْوَاحِدَةِ لِجَهَالَةِ مَا وَرَاءَهَا فَلَا يَصْلُحُ مُزَاحِمًا لِلْمَعْلُومِ مَا لَمْ يُوجَدْ فَإِذَا وُجِدَ صَارَ مَعْلُومًا فَتَحَقَّقَتِ الْمُزَاحَمَةُ وَصَارَ الْمَهْرُ مُقَابِلًا بِالْكُلِّ كَالْمُدَبَّرِ إِذَا جَنَى جِنَايَةً يَدْفَعُ الْمَوْلَى قِيمَتَهُ لِوَلِيِّ الْجِنَايَةِ، ثُمَّ إِذَا جَنَى أُخْرَى يَتْبَعُ وَلِيُّ الْجِنَايَةِ الثَّانِيَةِ وَلِيَّ الْأُولَى لِتَحَقُّقِ الْمُزَاحَمَةِ،
والتحقيق ما في غاية البيان من أن قراءة المأموم محظورة فكيف يقال إنها مفروضة؟ فالحق أن الإيراد ساقط من أصله، وفي المجتبى وغيره لا يصح اقتداء المسبوق بالمسبوق ولا اللاحق باللاحق، وكذا المقيمان إذا اقتديا بالمسافر، ثم اقتدى أحدهما بالآخر في القضاء ولو صليا الظهر ونوى كل واحد منهما إمامة صاحبه صحت صلاتهما، ,وَالتَّحْقِيقُ مَا فِي غَايَةِ الْبَيَانِ مِنْ أَنَّ قِرَاءَةَ الْمَأْمُومِ مَحْظُورَةٌ فَكَيْفَ يُقَالُ إِنَّهَا مَفْرُوضَةٌ؟ فَالْحَقُّ أَنَّ الْإِيرَادَ سَاقِطٌ مِنْ أَصْلِهِ، وَفِي الْمُجْتَبَى وَغَيْرِهِ لَا يَصِحُّ اقْتِدَاءُ الْمَسْبُوقِ بِالْمَسْبُوقِ وَلَا اللَّاحِقِ بِاللَّاحِقِ، وَكَذَا الْمُقِيمَانِ إِذَا اقْتَدَيَا بِالْمُسَافِرِ، ثُمَّ اقْتَدَى أَحَدُهُمَا بِالْآخَرِ فِي الْقَضَاءِ وَلَوْ صَلَّيَا الظُّهْرَ وَنَوَى كُلُّ وَاحِدٍ مِنْهُمَا إِمَامَةَ صَاحِبِهِ صَحَّتْ صَلَاتُهُمَا، ,وَالتَّحْقِيقُ مَا فِي غَايَةِ الْبَيَانِ مِنْ أَنَّ قِرَاءَةَ الْمَأْمُومِ مَحْظُورَةٌ فَكَيْفَ يُقَالُ إِنَّهَا مَفْرُوضَةٌ؟ فَالْحَقُّ أَنَّ الْإِيرَادَ سَاقِطٌ مِنْ أَصْلِهِ، وَفِي الْمُجْتَبَى وَغَيْرِهِ لَا يَصِحُّ اقْتِدَاءُ الْمَسْبُوقِ بِالْمَسْبُوقِ وَلَا اللَّاحِقِ بِاللَّاحِقِ، وَكَذَا الْمُقِيمَانِ إِذَا اقْتَدَيَا بِالْمُسَافِرِ، ثُمَّ اقْتَدَى أَحَدُهُمَا بِالْآخَرِ فِي الْقَضَاءِ وَلَوْ صَلَّيَا الظُّهْرَ وَنَوَى كُلُّ وَاحِدٍ مِنْهُمَا إِمَامَةَ صَاحِبِهِ صَحَّتْ صَلَاتُهُمَا،
"أو لدون الأجل، أو بأقل لأبعد فقد عجل المشتري الأول والظاهر أنه يعتبر كثرة المعجل بالنسبة لما ينوب ما اشترى من الثمن لا بالنسبة لجميع ثمن ما باع
الشرح
(15/157)
(قوله: لما في المساوي والأكثر من) (سلف جر نفعا) والمسلف هو المشتري؛ ","أَوْ لِدُونِ الْأَجَلِ، أَوْ بِأَقَلَّ لِأَبْعَدَ فَقَدْ عَجَّلَ الْمُشْتَرِي الْأَوَّلَ وَالظَّاهِرُ أَنَّهُ يُعْتَبَرُ كَثْرَةُ الْمُعَجَّلِ بِالنِّسْبَةِ لِمَا يَنُوبُ مَا اشْتَرَى مِنَ الثَّمَنِ لَا بِالنِّسْبَةِ لِجَمِيعِ ثَمَنِ مَا بَاعَ
الشَّرْحُ
(15/157)
(قَوْلُهُ: لِمَا فِي الْمُسَاوِي وَالْأَكْثَرِ مِنْ) (سَلَفٍ جَرَّ نَفْعًا) وَالْمُسَلِّفُ هُوَ الْمُشْتَرِي؛ ","أَوْ لِدُونِ الْأَجَلِ، أَوْ بِأَقَلَّ لِأَبْعَدَ فَقَدْ عَجَّلَ الْمُشْتَرِي الْأَوَّلَ وَالظَّاهِرُ أَنَّهُ يُعْتَبَرُ كَثْرَةُ الْمُعَجَّلِ بِالنِّسْبَةِ لِمَا يَنُوبُ مَا اشْتَرَى مِنَ الثَّمَنِ لَا بِالنِّسْبَةِ لِجَمِيعِ ثَمَنِ مَا بَاعَ
الشَّرْحُ
(15/157)
(قَوْلُهُ: لِمَا فِي الْمُسَاوِي وَالْأَكْثَرِ مِنْ) (سَلَفٍ جَرَّ نَفْعًا) وَالْمُسَلِّفُ هُوَ الْمُشْتَرِي؛"
"فإن كان غائبا حسب له من وقت بلوغ خبره ولا يحسب منه ما قبله وإن زاد (6/478)
على ثلاثة أيام ا ه.
وعلى هذا فيتجه أنه لو كان الوارث جماعة لم يحسب ما بقي إلا من بلوغ آخرهم، وأنه لو فسخ من قبله نفذ فسخه لأن المقصود عدم حسبان ذلك الزمن من المدة لا نفي الخيار فيه عنهم.
قيل: ","فَإِنْ كَانَ غَائِبًا حُسِبَ لَهُ مِنْ وَقْتِ بُلُوغِ خَبَرِهِ وَلَا يَحْسَبُ مِنْهُ مَا قَبْلَهُ وَإِنْ زَادَ (6/478)
عَلَى ثَلَاثَةِ أَيَّامٍ ا ه.
وَعَلَى هَذَا فَيُتَّجَهُ أَنَّهُ لَوْ كَانَ الْوَارِثُ جَمَاعَةً لَمْ يُحْسَبْ مَا بَقِيَ إِلَّا مِنْ بُلُوغِ آخِرِهِمْ، وَأَنَّهُ لَوْ فُسِخَ مِنْ قِبَلِهِ نَفَذَ فَسْخُهُ لِأَنَّ الْمَقْصُودَ عَدَمُ حُسْبَانِ ذَلِكَ الزَّمَنِ مِنَ الْمُدَّةِ لَا نَفْيُ الْخِيَارِ فِيهِ عَنْهُمْ.
قِيلَ: ","فَإِنْ كَانَ غَائِبًا حُسِبَ لَهُ مِنْ وَقْتِ بُلُوغِ خَبَرِهِ وَلَا يُحْسَبُ مِنْهُ مَا قَبْلَهُ وَإِنْ زَادَ (6/478)
عَلَى ثَلَاثَةِ أَيَّامٍ ا ه.
وَعَلَى هَذَا فَيَتَّجِهُ أَنَّهُ لَوْ كَانَ الْوَارِثُ جَمَاعَةً لَمْ يُحْسَبْ مَا بَقِيَ إِلَّا مِنْ بُلُوغِ آخِرِهِمْ، وَأَنَّهُ لَوْ فَسَخَ مَنْ قَبْلَهُ نَفَذَ فَسْخُهُ لِأَنَّ الْمَقْصُودَ عَدَمُ حُسْبَانِ ذَلِكَ الزَّمَنِ مِنَ الْمُدَّةِ لَا نَفْيُ الْخِيَارِ فِيهِ عَنْهُمْ.
قِيلَ:"
"كلها تخرج من ذكر الحين في ذكر النخلة في القرآن والسنة.
وروى ابن وهب، وابن القاسم عن مالك: من نذر أن يصوم حينا فليصم سنة.
قال الله تعالى: {تؤتي أكلها كل حين بإذن ربها} .
وروى أشهب، عن مالك قال: الحين الذي يعرف من الثمرة إلى الثمرة قال الله تعالى: {تؤتي أكلها كل حين بإذن ربها} .
","كُلُّهَا تَخْرُجُ مِنْ ذِكْرِ الْحِينِ فِي ذِكْرِ النَّخْلَةِ فِي الْقُرْآنِ وَالسُّنَّةِ.
وَرَوَى ابْنُ وَهْبٍ، وَابْنُ الْقَاسِمِ عَنْ مَالِكٍ: مَنْ نَذَرَ أَنْ يَصُومَ حِينًا فَلْيَصُمْ سَنَةً.
قَالَ اللَّهُ تَعَالَى: {تُؤْتِي أُكُلَهَا كُلَّ حِينٍ بِإِذْنِ رَبِّهَا} .
وَرَوَى أَشْهَبُ، عَنْ مَالِكٍ قَالَ: الْحِينُ الَّذِي يُعْرَفُ مِنَ الثَّمَرَةِ إِلَى الثَّمَرَةِ قَالَ اللَّهُ تَعَالَى: {تُؤْتِي أُكُلَهَا كُلَّ حِينٍ بِإِذْنِ رَبِّهَا} .
","كُلُّهَا تَخْرُجُ مِنْ ذِكْرِ الْحِينِ فِي ذِكْرِ النَّخْلَةِ فِي الْقُرْآنِ وَالسُّنَّةِ.
وَرَوَى ابْنُ وَهْبٍ، وَابْنُ الْقَاسِمِ عَنْ مَالِكٍ: مَنْ نَذَرَ أَنْ يَصُومَ حِينًا فَلْيَصُمْ سَنَةً.
قَالَ اللَّهُ تَعَالَى: {تُؤْتِي أُكُلَهَا كُلَّ حِينٍ بِإِذْنِ رَبِّهَا} .
وَرَوَى أَشْهَبُ، عَنْ مَالِكٍ قَالَ: الْحِينُ الَّذِي يُعْرَفُ مِنَ الثَّمَرَةِ إِلَى الثَّمَرَةِ قَالَ اللَّهُ تَعَالَى: {تُؤْتِي أُكُلَهَا كُلَّ حِينٍ بِإِذْنِ رَبِّهَا} ."
"وإن كان الدم منقطعا؛ لأن انقطاع الدم لا ينافي الحيض بالإجماع؛ لأن الدم لا يدر في جميع الأوقات بل في وقت دون وقت، واحتمال الدرور (7/396)
في وقت الحيض قائم فإذا لم يجعل ذلك الطهر عدة لا يلزمنا التناقض. (7/397)
وأما الممتد طهرها وهي امرأة كانت تحيض ثم ارتفع حيضها من غير حمل ولا يأس فانقضاء عدتها في الطلاق، ","وَإِنْ كَانَ الدَّمُ مُنْقَطِعًا؛ لِأَنَّ انْقِطَاعَ الدَّمِ لَا يُنَافِي الْحَيْضَ بِالْإِجْمَاعِ؛ لِأَنَّ الدَّمَ لَا يُدَرُّ فِي جَمِيعِ الْأَوْقَاتِ بَلْ فِي وَقْتٍ دُونَ وَقْتٍ، وَاحْتِمَالُ الدُّرُورِ (7/396)
فِي وَقْتِ الْحَيْضِ قَائِمٌ فَإِذَا لَمْ يُجْعَلْ ذَلِكَ الطُّهْرُ عِدَّةً لَا يَلْزَمُنَا التَّنَاقُضُ. (7/397)
وَأَمَّا الْمُمْتَدُّ طُهْرُهَا وَهِيَ امْرَأَةٌ كَانَتْ تَحِيضُ ثُمَّ ارْتَفَعَ حَيْضُهَا مِنْ غَيْرِ حَمْلٍ وَلَا يَأْسٍ فَانْقِضَاءُ عِدَّتِهَا فِي الطَّلَاقِ، ","وَإِنْ كَانَ الدَّمُ مُنْقَطِعًا؛ لِأَنَّ انْقِطَاعَ الدَّمِ لَا يُنَافِي الْحَيْضَ بِالْإِجْمَاعِ؛ لِأَنَّ الدَّمَ لَا يُدِرُّ فِي جَمِيعِ الْأَوْقَاتِ بَلْ فِي وَقْتٍ دُونَ وَقْتٍ، وَاحْتِمَالُ الدُّرُورِ (7/396)
فِي وَقْتِ الْحَيْضِ قَائِمٌ فَإِذَا لَمْ يُجْعَلْ ذَلِكَ الطُّهْرُ عِدَّةً لَا يَلْزَمُنَا التَّنَاقُضُ. (7/397)
وَأَمَّا الْمُمْتَدُّ طُهْرُهَا وَهِيَ امْرَأَةٌ كَانَتْ تَحِيضُ ثُمَّ ارْتَفَعَ حَيْضُهَا مِنْ غَيْرِ حَمْلٍ وَلَا يَأْسٍ فَانْقِضَاءُ عِدَّتِهَا فِي الطَّلَاقِ،"
في هذا المقام مجردا ليس بكفالة كذلك قد ورد في مبحث الكفالة من كتاب درر الصكوك من أنه سئلت دائرة الفتوى العليا عن هل تعد عبارة (ديني) من ألفاظ الكفالة؟ ,فِي هَذَا الْمَقَامِ مُجَرَّدًا لَيْسَ بِكَفَالَةٍ كَذَلِكَ قَدْ وَرَدَ فِي مَبْحَثِ الْكَفَالَةِ مِنْ كِتَابِ دُرَرِ الصُّكُوكِ مِنْ أَنَّهُ سُئِلَتْ دَائِرَةُ الْفَتْوَى الْعُلْيَا عَنْ هَلْ تُعَدُّ عِبَارَةُ (دَيْنِي) مِنْ أَلْفَاظِ الْكَفَالَةِ؟ ,فِي هَذَا الْمَقَامِ مُجَرَّدًا لَيْسَ بِكَفَالَةٍ كَذَلِكَ قَدْ وَرَدَ فِي مَبْحَثِ الْكَفَالَةِ مِنْ كِتَابِ دُرَرِ الصُّكُوكِ مِنْ أَنَّهُ سُئِلَتْ دَائِرَةُ الْفَتْوَى الْعُلْيَا عَنْ هَلْ تُعَدُّ عِبَارَةُ (دَيْنِي) مِنْ أَلْفَاظِ الْكَفَالَةِ؟
أي يوم قدومه (فقدما) معا أو مرتبا (في الأربعاء) بتثليث الباء والمد (وجب صوم) يوم (الخميس عن أول النذرين) لسبقه (ويقضي الآخر) لتعذر الإتيان به في وقته، ,أَيْ يَوْمِ قُدُومِهِ (فَقَدِمَا) مَعًا أَوْ مُرَتَّبًا (فِي الْأَرْبِعَاءِ) بِتَثْلِيثِ الْبَاءِ وَالْمَدِّ (وَجَبَ صَوْمُ) يَوْمِ (الْخَمِيسِ عَنْ أَوَّلِ النَّذْرَيْنِ) لِسَبْقِهِ (وَيَقْضِي الْآخَرَ) لِتَعَذُّرِ الْإِتْيَانِ بِهِ فِي وَقْتِهِ، ,أَيْ يَوْمَ قُدُومِهِ (فَقَدِمَا) مَعًا أَوْ مُرَتَّبًا (فِي الْأَرْبِعَاءِ) بِتَثْلِيثِ الْبَاءِ وَالْمَدِّ (وَجَبَ صَوْمُ) يَوْمِ (الْخَمِيسِ عَنْ أَوَّلِ النَّذْرَيْنِ) لِسَبْقِهِ (وَيَقْضِي الْآخَرَ) لِتَعَذُّرِ الْإِتْيَانِ بِهِ فِي وَقْتِهِ،
وحمل ابن منجا في شرحه كلام المصنف عليه وظاهر كلام المصنف أيضا: أنه لا يدركها إذا كبر بعد سلام الإمام من الأولى، وقبل سلامه من الثانية وهو صحيح وهو المذهب، وعليه الأصحاب، وقيل: يدركها وأطلقهما في الفائق، وعنه يدركها أيضا إذا كبر بعد سلامه من الثانية إذا سجد للسهو بعد السلام، ,وَحَمَلَ ابْنُ مُنَجَّا فِي شَرْحِهِ كَلَامَ الْمُصَنِّفِ عَلَيْهِ وَظَاهِرُ كَلَامِ الْمُصَنِّفِ أَيْضًا: أَنَّهُ لَا يُدْرِكُهَا إِذَا كَبَّرَ بَعْدَ سَلَامِ الْإِمَامِ مِنَ الْأُولَى، وَقَبْلَ سَلَامِهِ مِنَ الثَّانِيَةِ وَهُوَ صَحِيحٌ وَهُوَ الْمَذْهَبُ، وَعَلَيْهِ الْأَصْحَابُ، وَقِيلَ: يُدْرِكُهَا وَأَطْلَقَهُمَا فِي الْفَائِقِ، وَعَنْهُ يُدْرِكُهَا أَيْضًا إِذَا كَبَّرَ بَعْدَ سَلَامِهِ مِنَ الثَّانِيَةِ إِذَا سَجَدَ لِلسَّهْوِ بَعْدَ السَّلَامِ، ,وَحَمَلَ ابْنُ مُنَجَّا فِي شَرْحِهِ كَلَامَ الْمُصَنِّفِ عَلَيْهِ وَظَاهِرُ كَلَامِ الْمُصَنِّفِ أَيْضًا: أَنَّهُ لَا يُدْرِكُهَا إِذَا كَبَّرَ بَعْدَ سَلَامِ الْإِمَامِ مِنَ الْأُولَى، وَقَبْلَ سَلَامِهِ مِنَ الثَّانِيَةِ وَهُوَ صَحِيحٌ وَهُوَ الْمَذْهَبُ، وَعَلَيْهِ الْأَصْحَابُ، وَقِيلَ: يُدْرِكُهَا وَأَطْلَقَهُمَا فِي الْفَائِقِ، وَعَنْهُ يُدْرِكُهَا أَيْضًا إِذَا كَبَّرَ بَعْدَ سَلَامِهِ مِنَ الثَّانِيَةِ إِذَا سَجَدَ لِلسَّهْوِ بَعْدَ السَّلَامِ،
وعدم الاعتراف يقتضي فهم كلام صاحبه وقوله هذا يقتضي جانب عدم فهمه فافهم قيل هنا كما فعله المدرسون مع تلامذتهم وإن كان الحق في أيديهم وكما فعل الكفرة مع القرآن لا يخفى الكلام في المناظرة وهما ليسا بمناظرة وأن عدم اعتراف الأستاذ من التلميذ يجوز لمصلحة كتشحيذ الأذهان واختبار الأفهام وعدم زوال اعتقاد التلميذ في حق أستاذه فيخل بتعلمه كما نقل عن بعض (أو عنادا ومكابرة) ,وَعَدَمُ الِاعْتِرَافِ يَقْتَضِي فَهْمَ كَلَامِ صَاحِبِهِ وَقَوْلُهُ هَذَا يَقْتَضِي جَانِبَ عَدَمِ فَهْمِهِ فَافْهَمْ قِيلَ هُنَا كَمَا فَعَلَهُ الْمُدَرِّسُونَ مَعَ تَلَامِذَتِهِمْ وَإِنْ كَانَ الْحَقُّ فِي أَيْدِيهِمْ وَكَمَا فَعَلَ الْكَفَرَةُ مَعَ الْقُرْآنِ لَا يَخْفَى الْكَلَامُ فِي الْمُنَاظَرَةِ وَهُمَا لَيْسَا بِمُنَاظَرَةٍ وَأَنَّ عَدَمَ اعْتِرَافِ الْأُسْتَاذِ مِنَ التِّلْمِيذِ يَجُوزُ لِمَصْلَحَةٍ كَتَشْحِيذِ الْأَذْهَانِ وَاخْتِبَارِ الْأَفْهَامِ وَعَدَمِ زَوَالِ اعْتِقَادِ التِّلْمِيذِ فِي حَقِّ أُسْتَاذِهِ فَيُخِلُّ بِتَعَلُّمِهِ كَمَا نُقِلَ عَنْ بَعْضٍ (أَوْ عِنَادًا وَمُكَابَرَةً) ,وَعَدَمُ الِاعْتِرَافِ يَقْتَضِي فَهْمَ كَلَامِ صَاحِبِهِ وَقَوْلُهُ هَذَا يَقْتَضِي جَانِبَ عَدَمِ فَهْمِهِ فَافْهَمْ قِيلَ هُنَا كَمَا فَعَلَهُ الْمُدَرِّسُونَ مَعَ تَلَامِذَتِهِمْ وَإِنْ كَانَ الْحَقُّ فِي أَيْدِيهِمْ وَكَمَا فَعَلَ الْكَفَرَةُ مَعَ الْقُرْآنِ لَا يَخْفَى الْكَلَامُ فِي الْمُنَاظَرَةِ وَهُمَا لَيْسَا بِمُنَاظَرَةٍ وَأَنَّ عَدَمَ اعْتِرَافِ الْأُسْتَاذِ مِنَ التِّلْمِيذِ يَجُوزُ لِمَصْلَحَةٍ كَتَشْحِيذِ الْأَذْهَانِ وَاخْتِبَارِ الْأَفْهَامِ وَعَدَمِ زَوَالِ اعْتِقَادِ التِّلْمِيذِ فِي حَقِّ أُسْتَاذِهِ فَيُخِلُّ بِتَعَلُّمِهِ كَمَا نُقِلَ عَنْ بَعْضٍ (أَوْ عِنَادًا وَمُكَابَرَةً)
"أما الأول فلأن الفلوس الرائجة أمثال متساوية قطعا لاصطلاح الناس على إهدار قيمة الجودة منها فيكون أحد الفلسين فضلا خاليا عن العوض مشروطا في العقد وهو الربا.
وأما الثاني فلأنه لو جاز أمسك البائع الفلس المعين وطلب الآخر وهو فضل خال عن العوض.
","أَمَّا الْأَوَّلُ فَلِأَنَّ الْفُلُوسَ الرَّائِجَةَ أَمْثَالٌ مُتَسَاوِيَةٌ قَطْعًا لِاصْطِلَاحِ النَّاسِ عَلَى إِهْدَارِ قِيمَةِ الْجَوْدَةِ مِنْهَا فَيَكُونُ أَحَدُ الْفَلْسَيْنِ فَضْلًا خَالِيًا عَنِ الْعِوَضِ مَشْرُوطًا فِي الْعَقْدِ وَهُوَ الرِّبَا.
وَأَمَّا الثَّانِي فَلِأَنَّهُ لَوْ جَازَ أَمْسَكَ الْبَائِعُ الْفَلْسَ الْمُعَيَّنَ وَطَلَبَ الْآخَرَ وَهُوَ فَضْلٌ خَالٍ عَنِ الْعِوَضِ.
","أَمَّا الْأَوَّلُ فَلِأَنَّ الْفُلُوسَ الرَّائِجَةَ أَمْثَالٌ مُتَسَاوِيَةٌ قَطْعًا لِاصْطِلَاحِ النَّاسِ عَلَى إِهْدَارِ قِيمَةِ الْجَوْدَةِ مِنْهَا فَيَكُونُ أَحَدُ الْفَلْسَيْنِ فَضْلًا خَالِيًا عَنِ الْعِوَضِ مَشْرُوطًا فِي الْعَقْدِ وَهُوَ الرِّبَا.
وَأَمَّا الثَّانِي فَلِأَنَّهُ لَوْ جَازَ أَمْسَكَ الْبَائِعُ الْفَلْسَ الْمُعَيَّنَ وَطَلَبَ الْآخَرَ وَهُوَ فَضْلٌ خَالٍ عَنِ الْعِوَضِ."
"ولا سعاية على العبد لأن السعاية إنما تجب للتخريج إلى الحرية أو لتعلق حق الغير ولم يوجد واحد منهما، ولا يرجع المكره على العبد بالضمان لأنه مؤاخذ بإتلافه.
قال (ويرجع بنصف مهر المرأة إن كان قبل الدخول، وإن لم يكن في العقد مسمى يرجع على المكره بما لزمه من المتعة) ","وَلَا سِعَايَةَ عَلَى الْعَبْدِ لِأَنَّ السِّعَايَةَ إِنَّمَا تَجِبُ لِلتَّخْرِيجِ إِلَى الْحُرِّيَّةِ أَوْ لِتَعَلُّقِ حَقِّ الْغَيْرِ وَلَمْ يُوجَدْ وَاحِدٌ مِنْهُمَا، وَلَا يَرْجِعُ الْمُكْرَهُ عَلَى الْعَبْدِ بِالضَّمَانِ لِأَنَّهُ مُؤَاخَذٌ بِإِتْلَافِهِ.
قَالَ (وَيَرْجِعُ بِنِصْفِ مَهْرِ الْمَرْأَةِ إِنْ كَانَ قَبْلَ الدُّخُولِ، وَإِنْ لَمْ يَكُنْ فِي الْعَقْدِ مُسَمًّى يَرْجِعُ عَلَى الْمُكْرَهِ بِمَا لَزِمَهُ مِنَ الْمُتْعَةِ) ","وَلَا سِعَايَةَ عَلَى الْعَبْدِ لِأَنَّ السِّعَايَةَ إِنَّمَا تَجِبُ لِلتَّخْرِيجِ إِلَى الْحُرِّيَّةِ أَوْ لِتَعَلُّقِ حَقِّ الْغَيْرِ وَلَمْ يُوجَدْ وَاحِدٌ مِنْهُمَا، وَلَا يَرْجِعُ الْمُكْرَهُ عَلَى الْعَبْدِ بِالضَّمَانِ لِأَنَّهُ مُؤَاخَذٌ بِإِتْلَافِهِ.
قَالَ (وَيَرْجِعُ بِنِصْفِ مَهْرِ الْمَرْأَةِ إِنْ كَانَ قَبْلَ الدُّخُولِ، وَإِنْ لَمْ يَكُنْ فِي الْعَقْدِ مُسَمًّى يَرْجِعُ عَلَى الْمُكْرِهِ بِمَا لَزِمَهُ مِنَ الْمُتْعَةِ)"
ولا يخفاك أن في اختياره حصر المبتدأ في خبره المعرف باللام وأن قول الإمام الفخر بعكسه في نحو زيد القائم أو الناقل لهذا الخبر أو المتسبب في هذه القضية دعوى لا حجة لها وإن المسند النكرة لا يقتضي لغة الحصر ألبتة ولو عرف المسند إليه باللام وإنما يقتضي عقلا حصر المبتدأ فيه دون نقيضه مخالفة لما قاله علماء المعاني في مبحث القصر مما حاصله كما في الدسوقي على مختصر السعد وابن يعقوب على التلخيص أن التعريف فاللام الجنس إن كان المسند إليه فهو المقصور على المسند سواء كان المسند معرفة نحو الأمير زيد أو نكرة نحو التوكل على الله أي لا على غيره وإن كان للمسند فهو المقصور على المسند إليه وهل ولو عرف المسند إليه فاللام الجنس أيضا نحو الكرم التقوى وبه صرح السعد في المطول أو إن عرف المسند إليه بها أيضا احتمل قصره على المسند أو قصر المسند عليه إلا أن الأظهر حينئذ قصر المسند إليه على المسند؛ ,وَلَا يَخْفَاك أَنَّ فِي اخْتِيَارِهِ حَصْرَ الْمُبْتَدَأِ فِي خَبَرِهِ الْمُعَرَّفِ بِاللَّامِ وَأَنَّ قَوْلَ الْإِمَامِ الْفَخْرِ بِعَكْسِهِ فِي نَحْوِ زَيْدٌ الْقَائِمُ أَوِ النَّاقِلُ لِهَذَا الْخَبَرِ أَوِ الْمُتَسَبِّبُ فِي هَذِهِ الْقَضِيَّةِ دَعْوَى لَا حُجَّةَ لَهَا وَإِنَّ الْمُسْنَدَ النَّكِرَةَ لَا يَقْتَضِي لُغَةً الْحَصْرَ أَلْبَتَّةَ وَلَوْ عُرِّفَ الْمُسْنَدُ إِلَيْهِ بِاللَّامِ وَإِنَّمَا يَقْتَضِي عَقْلًا حَصْرَ الْمُبْتَدَأِ فِيهِ دُونَ نَقِيضِهِ مُخَالَفَةً لِمَا قَالَهُ عُلَمَاءُ الْمَعَانِي فِي مَبْحَثِ الْقَصْرِ مِمَّا حَاصِلُهُ كَمَا فِي الدُّسُوقِيِّ عَلَى مُخْتَصَرِ السَّعْدِ وَابْنِ يَعْقُوبَ عَلَى التَّلْخِيصِ أَنَّ التَّعْرِيفَ فَاللَّامُ الْجِنْسِ إِنْ كَانَ الْمُسْنَدَ إِلَيْهِ فَهُوَ الْمَقْصُورُ عَلَى الْمُسْنَدِ سَوَاءٌ كَانَ الْمُسْنَدُ مَعْرِفَةً نَحْوُ الْأَمِيرُ زَيْدٌ أَوْ نَكِرَةً نَحْوُ التَّوَكُّلُ عَلَى اللَّهِ أَيْ لَا عَلَى غَيْرِهِ وَإِنْ كَانَ لِلْمُسْنَدِ فَهُوَ الْمَقْصُورُ عَلَى الْمُسْنَدِ إِلَيْهِ وَهَلْ وَلَوْ عُرِّفَ الْمُسْنَدُ إِلَيْهِ فَاللَّامُ الْجِنْسِ أَيْضًا نَحْوُ الْكَرْمُ التَّقْوَى وَبِهِ صَرَّحَ السَّعْدُ فِي الْمُطَوَّلِ أَوْ إِنْ عُرِّفَ الْمُسْنَدُ إِلَيْهِ بِهَا أَيْضًا احْتَمَلَ قَصْرَهُ عَلَى الْمُسْنَدِ أَوْ قَصْرَ الْمُسْنَدِ عَلَيْهِ إِلَّا أَنَّ الْأَظْهَرَ حِينَئِذٍ قَصْرُ الْمُسْنَدِ إِلَيْهِ عَلَى الْمُسْنَدِ؛ ,وَلَا يُخْفَاك أَنَّ فِي اخْتِيَارِهِ حَصْرَ الْمُبْتَدَأِ فِي خَبَرِهِ الْمُعَرَّفِ بِاللَّامِ وَأَنَّ قَوْلَ الْإِمَامِ الْفَخْرِ بِعَكْسِهِ فِي نَحْوِ زَيْدٍ الْقَائِمِ أَوِ النَّاقِلِ لِهَذَا الْخَبَرِ أَوِ الْمُتَسَبِّبِ فِي هَذِهِ الْقَضِيَّةِ دَعْوَى لَا حُجَّةَ لَهَا وَإِنَّ الْمُسْنَدَ النَّكِرَةَ لَا يَقْتَضِي لُغَةً الْحَصْرَ أَلْبَتَّةَ وَلَوْ عُرِّفَ الْمُسْنَدُ إِلَيْهِ بِاللَّامِ وَإِنَّمَا يَقْتَضِي عَقْلًا حَصْرَ الْمُبْتَدَأِ فِيهِ دُونَ نَقِيضِهِ مُخَالَفَةً لِمَا قَالَهُ عُلَمَاءُ الْمَعَانِي فِي مَبْحَثِ الْقَصْرِ مِمَّا حَاصِلُهُ كَمَا فِي الدُّسُوقِيِّ عَلَى مُخْتَصَرِ السَّعْدِ وَابْنِ يَعْقُوبَ عَلَى التَّلْخِيصِ أَنَّ التَّعْرِيفَ فَاللَّامُ الْجِنْسُ إِنْ كَانَ الْمُسْنَدُ إِلَيْهِ فَهُوَ الْمَقْصُورُ عَلَى الْمُسْنَدِ سَوَاءٌ كَانَ الْمُسْنَدُ مَعْرِفَةً نَحْوُ الْأَمِيرِ زَيْدٍ أَوْ نَكِرَةً نَحْوُ التَّوَكُّلِ عَلَى اللَّهِ أَيْ لَا عَلَى غَيْرِهِ وَإِنْ كَانَ لِلْمُسْنَدِ فَهُوَ الْمَقْصُورُ عَلَى الْمُسْنَدِ إِلَيْهِ وَهَلْ وَلَوْ عُرِّف
"لأنه بدل الرهن (ويأخذ الدين الحال منه) لأن مقتضى الرهن بيعه واستيفاء الحق من ثمنه (وما سواه) أي: سوى ما أخذ في الدين الحال (يبقى رهنا إلى) حلول (أجله) أي: المؤجل فيوفى منه أي: في حال الشرط.
(و) الثالث: إذا أذن في بيع الرهن (بدونهما أي: حلول الدين، أو الشرط) ","لِأَنَّهُ بَدَلُ الرَّهْنِ (وَيَأْخُذُ الدَّيْنَ الْحَالَ مِنْهُ) لِأَنَّ مُقْتَضَى الرَّهْنِ بَيْعُهُ وَاسْتِيفَاءُ الْحَقِّ مِنْ ثَمَنِهِ (وَمَا سِوَاهُ) أَيْ: سِوَى مَا أُخِذَ فِي الدَّيْنِ الْحَالِ (يَبْقَى رَهْنًا إِلَى) حُلُولِ (أَجَلِهِ) أَيْ: الْمُؤَجَّلِ فَيُوَفَّى مِنْهُ أَيْ: فِي حَالَ الشَّرْطِ.
(وَ) الثَّالِثُ: إِذَا أَذِنَ فِي بَيْعِ الرَّهْنِ (بِدُونِهِمَا أَيْ: حُلُولِ الدَّيْنِ، أَوِ الشَّرْطِ) ","لِأَنَّهُ بَدَلُ الرَّهْنِ (وَيَأْخُذُ الدَّيْنَ الْحَالَ مِنْهُ) لِأَنَّ مُقْتَضَى الرَّهْنِ بَيْعُهُ وَاسْتِيفَاءُ الْحَقِّ مِنْ ثَمَنِهِ (وَمَا سِوَاهُ) أَيْ: سِوَى مَا أُخِذَ فِي الدَّيْنِ الْحَالِّ (يَبْقَى رَهْنًا إِلَى) حُلُولِ (أَجَلِهِ) أَيْ: الْمُؤَجَّلِ فَيُوَفَّى مِنْهُ أَيْ: فِي حَالِ الشَّرْطِ.
(وَ) الثَّالِثُ: إِذَا أَذِنَ فِي بَيْعِ الرَّهْنِ (بِدُونِهِمَا أَيْ: حُلُولِ الدَّيْنِ، أَوِ الشَّرْطِ)"
"حدثنا إسحاق قال حدثني مالك عن عبد الله بن أبي بكر عن أبيه عن عمرة أنها أخبرته أنها سمعت عائشة وذكر لها أن عبد الله بن عمر يقول إن الميت ليعذب ببكاء الحي فقالت عائشة يغفر الله لأبي عبد الرحمن أما إنه لم يكذب ولكنه نسي أو أخطأ إنما مر رسول الله صلى الله عليه وسلم على يهودية يبكى عليها فقال إنهم ليبكون عليها وإنها لتعذب في قبرها (41/277)
24759 - ","حَدَّثَنَا إِسْحَاقُ قَالَ حَدَّثَنِي مَالِكٌ عَنْ عَبْدِ اللَّهِ بْنِ أَبِي بَكْرٍ عَنْ أَبِيهِ عَنْ عَمْرَةَ أَنَّهَا أَخْبَرَتْهُ أَنَّهَا سَمِعَتْ عَائِشَةَ وَذُكِرَ لَهَا أَنَّ عَبْدَ اللَّهِ بْنَ عُمَرَ يَقُولُ إِنَّ الْمَيِّتَ لَيُعَذَّبُ بِبُكَاءِ الْحَيِّ فَقَالَتْ عَائِشَةُ يَغْفِرُ اللَّهُ لِأَبِي عَبْدِ الرَّحْمَنِ أَمَا إِنَّهُ لَمْ يَكْذِبْ وَلَكِنَّهُ نَسِيَ أَوْ أَخْطَأَ إِنَّمَا مَرَّ رَسُولُ اللَّهِ صَلَّى اللَّهُ عَلَيْهِ وَسَلَّمَ عَلَى يَهُودِيَّةٍ يُبْكَى عَلَيْهَا فَقَالَ إِنَّهُمْ لَيَبْكُونَ عَلَيْهَا وَإِنَّهَا لَتُعَذَّبُ فِي قَبْرِهَا (41/277)
24759 - ","حَدَّثَنَا إِسْحَاقُ قَالَ حَدَّثَنِي مَالِكٌ عَنْ عَبْدِ اللَّهِ بْنِ أَبِي بَكْرٍ عَنْ أَبِيهِ عَنْ عَمْرَةَ أَنَّهَا أَخْبَرَتْهُ أَنَّهَا سَمِعَتْ عَائِشَةَ وَذَكَرَ لَهَا أَنَّ عَبْدَ اللَّهِ بْنَ عُمَرَ يَقُولُ إِنَّ الْمَيِّتَ لَيُعَذَّبُ بِبُكَاءِ الْحَيِّ فَقَالَتْ عَائِشَةُ يَغْفِرُ اللَّهُ لِأَبِي عَبْدِ الرَّحْمَنِ أَمَا إِنَّهُ لَمْ يَكْذِبْ وَلَكِنَّهُ نَسِيَ أَوْ أَخْطَأَ إِنَّمَا مَرَّ رَسُولُ اللَّهِ صَلَّى اللَّهُ عَلَيْهِ وَسَلَّمَ عَلَى يَهُودِيَّةٍ يُبْكَى عَلَيْهَا فَقَالَ إِنَّهُمْ لَيَبْكُونَ عَلَيْهَا وَإِنَّهَا لَتُعَذَّبُ فِي قَبْرِهَا (41/277)
24759 -"
"لاحتمال كونه ما زال حيا.
وكذلك لا بد من ثبوت ولاية الولاة، وأنهم المستحقون لدمه ويحلفون على البت أن فلانا قتل فلانا على العلم.
(ابن عرفة) : القسامة حلف خمسين يمينا أو جزئها على إثبات الدم (ابن الحاجب) : ","لِاحْتِمَالِ كَوْنِهِ مَا زَالَ حَيًّا.
وَكَذَلِكَ لَا بُدَّ مِنْ ثُبُوتِ وِلَايَةِ الْوُلَاةِ، وَأَنَّهُمُ الْمُسْتَحِقُّونَ لِدَمِهِ وَيَحْلِفُونَ عَلَى الْبَتِّ أَنَّ فُلَانًا قَتَلَ فُلَانًا عَلَى الْعِلْمِ.
(ابْنُ عَرَفَةَ) : الْقَسَامَةُ حَلِفُ خَمْسِينَ يَمِينًا أَوْ جُزْئِهَا عَلَى إِثْبَاتِ الدَّمِ (ابْنُ الْحَاجِبِ) : ","لِاحْتِمَالِ كَوْنِهِ مَا زَالَ حَيًّا.
وَكَذَلِكَ لَا بُدَّ مِنْ ثُبُوتِ وِلَايَةِ الْوُلَاةِ، وَأَنَّهُمُ الْمُسْتَحِقُّونَ لِدَمِهِ وَيَحْلِفُونَ عَلَى الْبَتِّ أَنَّ فُلَانًا قَتَلَ فُلَانًا عَلَى الْعِلْمِ.
(ابْنُ عَرَفَةَ) : الْقَسَامَةُ حَلِفُ خَمْسِينَ يَمِينًا أَوْ جُزْئُهَا عَلَى إِثْبَاتِ الدَّمِ (ابْنُ الْحَاجِبِ) :"
"وهذا إذا كان أهل البلد في قحط وعوز، وهو أن يبيع من أهل البدو طمعا في الثمن الغالي لما فيه من الإضرار بهم أما إذا لم يكن كذلك فلا بأس به لانعدام الضرر.
قال: (والبيع عند أذان الجمعة) قال الله تعالى {وذروا البيع} ثم فيه إخلال بواجب السعي على بعض الوجوه، ","وَهَذَا إِذَا كَانَ أَهْلُ الْبَلَدِ فِي قَحْطٍ وَعَوَزٍ، وَهُوَ أَنْ يَبِيعَ مِنْ أَهْلِ الْبَدْوِ طَمَعًا فِي الثَّمَنِ الْغَالِي لِمَا فِيهِ مِنَ الْإِضْرَارِ بِهِمْ أَمَّا إِذَا لَمْ يَكُنْ كَذَلِكَ فَلَا بَأْسَ بِهِ لِانْعِدَامِ الضَّرَرِ.
قَالَ: (وَالْبَيْعُ عِنْدَ أَذَانِ الْجُمُعَةِ) قَالَ اللَّهُ تَعَالَى {وَذَرُوا الْبَيْعَ} ثُمَّ فِيهِ إِخْلَالٌ بِوَاجِبِ السَّعْيِ عَلَى بَعْضِ الْوُجُوهِ، ","وَهَذَا إِذَا كَانَ أَهْلُ الْبَلَدِ فِي قَحْطٍ وَعَوَزٍ، وَهُوَ أَنْ يَبِيعَ مِنْ أَهْلِ الْبَدْوِ طَمَعًا فِي الثَّمَنِ الْغَالِي لِمَا فِيهِ مِنَ الْإِضْرَارِ بِهِمْ أَمَّا إِذَا لَمْ يَكُنْ كَذَلِكَ فَلَا بَأْسَ بِهِ لِانْعِدَامِ الضَّرَرِ.
قَالَ: (وَالْبَيْعُ عِنْدَ أَذَانِ الْجُمُعَةِ) قَالَ اللَّهُ تَعَالَى {وَذَرُوا الْبَيْعَ} ثُمَّ فِيهِ إِخْلَالٌ بِوَاجِبِ السَّعْيِ عَلَى بَعْضِ الْوُجُوهِ،"
"ق فيها لمالك رضي الله تعالى عنه يفسخ البيع الفاسد إذا لم يفت ولا شفعة فيه، ولو علم بفساده بعد أخذ الشفيع فسخ بيع الشفعة والبيع الأول لأن الشفيع دخل مدخل المشتري، وإذا لم يفسخ البيع الأول حتى فات الشقص ولزم المبتاع قيمته يوم قبضه ففيه حينئذ الشفعة بتلك القيمة.
","ق فِيهَا لِمَالِكٍ رَضِيَ اللَّهُ تَعَالَى عَنْهُ يُفْسَخُ الْبَيْعُ الْفَاسِدُ إِذَا لَمْ يَفُتْ وَلَا شُفْعَةَ فِيهِ، وَلَوْ عَلِمَ بِفَسَادِهِ بَعْدَ أَخْذِ الشَّفِيعِ فَسَخَ بَيْعَ الشُّفْعَةِ وَالْبَيْعَ الْأَوَّلَ لِأَنَّ الشَّفِيعَ دَخَلَ مَدْخَلَ الْمُشْتَرِي، وَإِذَا لَمْ يَفْسَخِ الْبَيْعَ الْأَوَّلَ حَتَّى فَاتَ الشِّقْصُ وَلَزِمَ الْمُبْتَاعَ قِيمَتُهُ يَوْمَ قَبَضَهُ فَفِيهِ حِينَئِذٍ الشُّفْعَةُ بِتِلْكَ الْقِيمَةِ.
",ق فِيهَا لِمَالِكٍ رَضِيَ اللَّهُ تَعَالَى عَنْهُ يَفْسَخُ الْبَيْعَ الْفَاسِدَ إِذَا لَمْ يَفُتْ وَلَا شُفْعَةَ فِيهِ، وَلَوْ عَلِمَ بِفَسَادِهِ بَعْدَ أَخْذِ الشَّفِيعِ فَسَخَ بَيْعَ الشُّفْعَةِ وَالْبَيْعَ الْأَوَّلَ لِأَنَّ الشَّفِيعَ دَخَلَ مَدْخَلَ الْمُشْتَرِي، وَإِذَا لَمْ يَفْسَخِ الْبَيْعَ الْأَوَّلَ حَتَّى فَاتَ الشِّقْصُ وَلَزِمَ الْمُبْتَاعَ قِيمَتُهُ يَوْمَ قَبْضِهِ فَفِيهِ حِينَئِذٍ الشُّفْعَةُ بِتِلْكَ الْقِيمَةِ.
"فإن لم يكن الحائط متصلا ببنائهما ولم يكن لهما عليه جذوع، فإنه يقضى به بينهما.
هكذا ذكر في الأصل؛ لأنهما استويا في الدعوى وليس ثمة من ينازعهما فيه وليس أحدهما أولى من الآخر فيقضى بينهما إلخ عمادية (أقول) ","فَإِنْ لَمْ يَكُنِ الْحَائِطُ مُتَّصِلًا بِبِنَائِهِمَا وَلَمْ يَكُنْ لَهُمَا عَلَيْهِ جُذُوعٌ، فَإِنَّهُ يُقْضَى بِهِ بَيْنَهُمَا.
هَكَذَا ذَكَرَ فِي الْأَصْلِ؛ لِأَنَّهُمَا اسْتَوَيَا فِي الدَّعْوَى وَلَيْسَ ثَمَّةَ مَنْ يُنَازِعُهُمَا فِيهِ وَلَيْسَ أَحَدُهُمَا أَوْلَى مِنَ الْآخَرِ فَيُقْضَى بَيْنَهُمَا إِلَخْ عِمَادِيَّةٌ (أَقُولُ) ","فَإِنْ لَمْ يَكُنِ الْحَائِطُ مُتَّصِلًا بِبِنَائِهِمَا وَلَمْ يَكُنْ لَهُمَا عَلَيْهِ جُذُوعٌ، فَإِنَّهُ يُقْضَى بِهِ بَيْنَهُمَا.
هَكَذَا ذُكِرَ فِي الْأَصْلِ؛ لِأَنَّهُمَا اسْتَوَيَا فِي الدَّعْوَى وَلَيْسَ ثَمَّةَ مَنْ يُنَازِعُهُمَا فِيهِ وَلَيْسَ أَحَدُهُمَا أَوْلَى مِنَ الْآخَرِ فَيُقْضَى بَيْنَهُمَا إِلَخْ عِمَادِيَّةٌ (أَقُولُ)"
بل تحتاج جميع الألفاظ في لزوم الطلاق بها إلى النية ويلزم أمر ثالث وهو أن المفتي لا يحل له أن يفتي أحدا بالطلاق حتى يعلم أنه من أهل بلد ذلك العرف الذي رتبت الفتيا عليه فإن كان من أهل بلد آخر ليس فيه ذلك العرف أفتاه بحكم الله تعالى باعتبار حال عرف بلده من صريح أو كناية على الضابط المتقدم فإن العوائد لا يجب الاشتراك فيها بين البلاد خصوصا البعيدة الأقطار ويكون المفتي في كل زمان يتباعد عما قبله يتفقد العرف هل هو باق أم لا فإن وجده باقيا أفتى به وإلا توقف عن الفتيا، ,بَلْ تَحْتَاجُ جَمِيعُ الْأَلْفَاظِ فِي لُزُومِ الطَّلَاقِ بِهَا إِلَى النِّيَّةِ وَيَلْزَمُ أَمْرٌ ثَالِثٌ وَهُوَ أَنَّ الْمُفْتِي لَا يَحِلُّ لَهُ أَنْ يُفْتِيَ أَحَدًا بِالطَّلَاقِ حَتَّى يَعْلَمَ أَنَّهُ مِنْ أَهْلِ بَلَدِ ذَلِكَ الْعُرْفِ الَّذِي رُتِّبَتِ الْفُتْيَا عَلَيْهِ فَإِنْ كَانَ مِنْ أَهْلِ بَلَدٍ آخَرَ لَيْسَ فِيهِ ذَلِكَ الْعُرْفُ أَفْتَاهُ بِحُكْمِ اللَّهِ تَعَالَى بِاعْتِبَارِ حَالِ عُرْفِ بَلَدِهِ مِنْ صَرِيحٍ أَوْ كِنَايَةٍ عَلَى الضَّابِطِ الْمُتَقَدِّمِ فَإِنَّ الْعَوَائِدَ لَا يَجِبُ الِاشْتِرَاكُ فِيهَا بَيْنَ الْبِلَادِ خُصُوصًا الْبَعِيدَةِ الْأَقْطَارِ وَيَكُونُ الْمُفْتِي فِي كُلِّ زَمَانٍ يَتَبَاعَدُ عَمَّا قَبْلَهُ يَتَفَقَّدُ الْعُرْفَ هَلْ هُوَ بَاقٍ أَمْ لَا فَإِنْ وَجَدَهُ بَاقِيًا أَفْتَى بِهِ وَإِلَّا تَوَقَّفَ عَنِ الْفُتْيَا، ,بَلْ تَحْتَاجُ جَمِيعُ الْأَلْفَاظِ فِي لُزُومِ الطَّلَاقِ بِهَا إِلَى النِّيَّةِ وَيَلْزَمُ أَمْرٌ ثَالِثٌ وَهُوَ أَنَّ الْمُفْتِيَ لَا يَحِلُّ لَهُ أَنْ يُفْتِيَ أَحَدًا بِالطَّلَاقِ حَتَّى يَعْلَمَ أَنَّهُ مِنْ أَهْلِ بَلَدِ ذَلِكَ الْعُرْفِ الَّذِي رَتَّبَتِ الْفُتْيَا عَلَيْهِ فَإِنْ كَانَ مِنْ أَهْلِ بَلَدٍ آخَرَ لَيْسَ فِيهِ ذَلِكَ الْعُرْفُ أَفْتَاهُ بِحُكْمِ اللَّهِ تَعَالَى بِاعْتِبَارِ حَالِ عُرْفِ بَلَدِهِ مِنْ صَرِيحٍ أَوْ كِنَايَةٍ عَلَى الضَّابِطِ الْمُتَقَدِّمِ فَإِنَّ الْعَوَائِدَ لَا يَجِبُ الِاشْتِرَاكُ فِيهَا بَيْنَ الْبِلَادِ خُصُوصًا الْبَعِيدَةِ الْأَقْطَارِ وَيَكُونُ الْمُفْتِي فِي كُلِّ زَمَانٍ يَتَبَاعَدُ عَمَّا قَبْلَهُ يَتَفَقَّدُ الْعُرْفَ هَلْ هُوَ بَاقٍ أَمْ لَا فَإِنْ وَجَدَهُ بَاقِيًا أَفْتَى بِهِ وَإِلَّا تَوَقَّفَ عَنِ الْفُتْيَا،
"لأن فيها خلافا هل تنقص باثنين أو ثلاثة، واتفق على أن لأخوي الأم الثلث والزوج النصف وهو أحسن ما يرتكب؛ لأن توريث الأم الثلث مع الأخوين مظنون والزوج النصف والأخوان الثلث مقطوع بهما والصواب ما قاله الجماعة.
ابن العربي لم يقل أحد بقول ابن عباس من الصحابة ولا من غيرهم رضي الله عنهم.
(","لِأَنَّ فِيهَا خِلَافًا هَلْ تَنْقُصُ بِاثْنَيْنِ أَوْ ثَلَاثَةٍ، وَاتَّفَقَ عَلَى أَنَّ لِأَخَوَيِ الْأُمِّ الثُّلُثَ وَالزَّوْجِ النِّصْفَ وَهُوَ أَحْسَنُ مَا يُرْتَكَبُ؛ لِأَنَّ تَوْرِيثَ الْأُمِّ الثُّلُثَ مَعَ الْأَخَوَيْنِ مَظْنُونٌ وَالزَّوْجُ النِّصْفُ وَالْأَخَوَانِ الثُّلُثُ مَقْطُوعٌ بِهِمَا وَالصَّوَابُ مَا قَالَهُ الْجَمَاعَةُ.
ابْنُ الْعَرَبِيِّ لَمْ يَقُلْ أَحَدٌ بِقَوْلِ ابْنِ عَبَّاسٍ مِنَ الصَّحَابَةِ وَلَا مِنْ غَيْرِهِمْ رَضِيَ اللَّهُ عَنْهُمْ.
(","لِأَنَّ فِيهَا خِلَافًا هَلْ تَنْقُصُ بِاثْنَيْنِ أَوْ ثَلَاثَةٍ، وَاتَّفَقَ عَلَى أَنَّ لِأَخَوَيِ الْأُمِّ الثُّلُثَ وَالزَّوْجِ النِّصْفَ وَهُوَ أَحْسَنُ مَا يُرْتَكَبُ؛ لِأَنَّ تَوْرِيثَ الْأُمِّ الثُّلُثَ مَعَ الْأَخَوَيْنِ مَظْنُونٌ وَالزَّوْجُ النِّصْفُ وَالْأَخَوَانِ الثُّلُثُ مَقْطُوعٌ بِهِمَا وَالصَّوَابُ مَا قَالَهُ الْجَمَاعَةُ.
ابْنُ الْعَرَبِيِّ لَمْ يَقُلْ أَحَدٌ بِقَوْلِ ابْنِ عَبَّاسٍ مِنَ الصَّحَابَةِ وَلَا مِنْ غَيْرِهِمْ رَضِيَ اللَّهُ عَنْهُمْ.
("
بمؤتمنة اليد المؤتمنة كوضع اليد في الودائع والقراض والمساقاة، وكأيدي الأوصياء على أموال اليتامى، والحكام على ذلك وأموال الغائبين والمجانين وكذا أيدي الأجراء في الإجارة مطلقا عند الشافعي ولو كان الأجير صانعا يؤثر بصنعته في الأعيان، أو على حمل الطعام الذي تتوق النفس إلى تناوله كالفواكه والأشربة والأطعمة المطبوخة طردا لقاعدة الأمانة في الإجارة واستثنى مالك من القاعدة المذكورة صورتين: ,بِمُؤْتَمَنَةٍ الْيَدُ الْمُؤْتَمَنَةُ كَوَضْعِ الْيَدِ فِي الْوَدَائِعِ وَالْقِرَاضِ وَالْمُسَاقَاةِ، وَكَأَيْدِي الْأَوْصِيَاءِ عَلَى أَمْوَالِ الْيَتَامَى، وَالْحُكَّامِ عَلَى ذَلِكَ وَأَمْوَالِ الْغَائِبِينَ وَالْمَجَانِينِ وَكَذَا أَيْدِي الْأُجَرَاءِ فِي الْإِجَارَةِ مُطْلَقًا عِنْدَ الشَّافِعِيِّ وَلَوْ كَانَ الْأَجِيرُ صَانِعًا يُؤَثِّرُ بِصَنْعَتِهِ فِي الْأَعْيَانِ، أَوْ عَلَى حَمْلِ الطَّعَامِ الَّذِي تَتُوقُ النَّفْسُ إِلَى تَنَاوُلِهِ كَالْفَوَاكِهِ وَالْأَشْرِبَةِ وَالْأَطْعِمَةِ الْمَطْبُوخَةِ طَرْدًا لِقَاعِدَةِ الْأَمَانَةُ فِي الْإِجَارَةِ وَاسْتَثْنَى مَالِكٌ مِنَ الْقَاعِدَةِ الْمَذْكُورَةِ صُورَتَيْنِ: ,بِمُؤْتَمَنَةِ الْيَدِ الْمُؤْتَمَنَةِ كَوَضْعِ الْيَدِ فِي الْوَدَائِعِ وَالْقِرَاضِ وَالْمُسَاقَاةِ، وَكَأَيْدِي الْأَوْصِيَاءِ عَلَى أَمْوَالِ الْيَتَامَى، وَالْحُكَّامِ عَلَى ذَلِكَ وَأَمْوَالِ الْغَائِبِينَ وَالْمَجَانِينِ وَكَذَا أَيْدِي الْأُجَرَاءِ فِي الْإِجَارَةِ مُطْلَقًا عِنْدَ الشَّافِعِيِّ وَلَوْ كَانَ الْأَجِيرُ صَانِعًا يُؤَثِّرُ بِصَنْعَتِهِ فِي الْأَعْيَانِ، أَوْ عَلَى حَمْلِ الطَّعَامِ الَّذِي تَتُوقُ النَّفْسُ إِلَى تَنَاوُلِهِ كَالْفَوَاكِهِ وَالْأَشْرِبَةِ وَالْأَطْعِمَةِ الْمَطْبُوخَةِ طَرْدًا لِقَاعِدَةِ الْأَمَانَةِ فِي الْإِجَارَةِ وَاسْتَثْنَى مَالِكٌ مِنَ الْقَاعِدَةِ الْمَذْكُورَةِ صُورَتَيْنِ:
"والثاني بوجه وعكسه، وهو كذلك من حيث الصحة وإن اختلفا من حيث الرجوع.
قال في المدونة ومن أخذ من الكفيل كفيلا لزمه ما لزم الكفيل ا ه.
وفي الشامل وإن كانا معا بمال غرمه الأول إن حل وغاب غريمه، فإن أعدم فالثاني فإن غاب الأول أيضا فأحضر الثاني أحدهما موسرا برئ وإلا غرم، ","وَالثَّانِي بِوَجْهٍ وَعَكْسَهُ، وَهُوَ كَذَلِكَ مِنْ حَيْثُ الصِّحَّةُ وَإِنِ اخْتَلَفَا مِنْ حَيْثُ الرُّجُوعُ.
قَالَ فِي الْمُدَوَّنَةِ وَمَنْ أَخَذَ مِنَ الْكَفِيلِ كَفِيلًا لَزِمَهُ مَا لَزِمَ الْكَفِيلَ ا ه.
وَفِي الشَّامِلِ وَإِنْ كَانَا مَعًا بِمَالٍ غَرِمَهُ الْأَوَّلُ إِنْ حَلَّ وَغَابَ غَرِيمُهُ، فَإِنْ أَعْدَمَ فَالثَّانِي فَإِنْ غَابَ الْأَوَّلُ أَيْضًا فَأَحْضَرَ الثَّانِي أَحَدَهُمَا مُوسِرًا بَرِئَ وَإِلَّا غَرِمَ، ","وَالثَّانِي بِوَجْهٍ وَعَكْسُهُ، وَهُوَ كَذَلِكَ مِنْ حَيْثُ الصِّحَّةُ وَإِنِ اخْتَلَفَا مِنْ حَيْثُ الرُّجُوعُ.
قَالَ فِي الْمُدَوَّنَةِ وَمَنْ أَخَذَ مِنَ الْكَفِيلِ كَفِيلًا لَزِمَهُ مَا لَزِمَ الْكَفِيلَ ا ه.
وَفِي الشَّامِلِ وَإِنْ كَانَا مَعًا بِمَالٍ غَرِمَهُ الْأَوَّلُ إِنْ حَلَّ وَغَابَ غَرِيمُهُ، فَإِنْ أَعْدَمَ فَالثَّانِي فَإِنْ غَابَ الْأَوَّلُ أَيْضًا فَأَحْضَرَ الثَّانِي أَحَدُهُمَا مُوسِرًا بَرِئَ وَإِلَّا غَرِمَ،"
لأن من استخلف فيها لم يسمعها بل سمع بعضها وبالسماع عبر الأصحاب وقضيته حقيقة السماع وعبارة الشامل حضر وسمع الخطبة وقال السبكي بعد نقله كلامهم وما احتجوا به وإذا تأملت هذا ظهر لك أن الشرط هنا حقيقة السماع ولا يكفي الحضور بخلاف المسألة المتقدمة يعني مسألة استخلاف الإمام في الصلاة من اقتدى به قبل حدثه لكن قال في المجموع تبعا للعمراني مراد الأصحاب هنا بالسماع الحضور، ,لِأَنَّ مَنِ اسْتُخْلِفَ فِيهَا لَمْ يَسْمَعْهَا بَلْ سَمِعَ بَعْضَهَا وَبِالسَّمَاعِ عَبَّرَ الْأَصْحَابُ وَقَضِيَّتُهُ حَقِيقَةُ السَّمَاعِ وَعِبَارَةُ الشَّامِلِ حَضَرَ وَسَمِعَ الْخُطْبَةَ وَقَالَ السُّبْكِيُّ بَعْدَ نَقْلِهِ كَلَامَهُمْ وَمَا احْتَجُّوا بِهِ وَإِذَا تَأَمَّلْت هَذَا ظَهَرَ لَكَ أَنَّ الشَّرْطَ هُنَا حَقِيقَةُ السَّمَاعِ وَلَا يَكْفِي الْحُضُورُ بِخِلَافِ الْمَسْأَلَةِ الْمُتَقَدِّمَةِ يَعْنِي مَسْأَلَةَ اسْتِخْلَافِ الْإِمَامِ فِي الصَّلَاةِ مَنِ اقْتَدَى بِهِ قَبْلَ حَدَثِهِ لَكِنْ قَالَ فِي الْمَجْمُوعِ تَبَعًا لِلْعِمْرَانِيِّ مُرَادُ الْأَصْحَابِ هُنَا بِالسَّمَاعِ الْحُضُورُ، ,لِأَنَّ مَنِ اسْتَخْلَفَ فِيهَا لَمْ يَسْمَعْهَا بَلْ سَمِعَ بَعْضَهَا وَبِالسَّمَاعِ عَبَّرَ الْأَصْحَابُ وَقَضِيَّتُهُ حَقِيقَةُ السَّمَاعِ وَعِبَارَةُ الشَّامِلِ حَضَرَ وَسَمِعَ الْخُطْبَةَ وَقَالَ السُّبْكِيُّ بَعْدَ نَقْلِهِ كَلَامَهُمْ وَمَا احْتَجُّوا بِهِ وَإِذَا تَأَمَّلْت هَذَا ظَهَرَ لَكَ أَنَّ الشَّرْطَ هُنَا حَقِيقَةُ السَّمَاعِ وَلَا يَكْفِي الْحُضُورُ بِخِلَافِ الْمَسْأَلَةِ الْمُتَقَدِّمَةِ يَعْنِي مَسْأَلَةَ اسْتِخْلَافِ الْإِمَامِ فِي الصَّلَاةِ مَنِ اقْتَدَى بِهِ قَبْلَ حَدَثِهِ لَكِنْ قَالَ فِي الْمَجْمُوعِ تَبَعًا لِلْعِمْرَانِيِّ مُرَادُ الْأَصْحَابِ هُنَا بِالسَّمَاعِ الْحُضُورُ،
"لو قال لجاريته يا سارقة أو يا آبقة أو يا زانية أو يا مجنونة أو قال هذه السارقة فعلت كذا ونحوها لا يكون إقرارا منه بقيام هذه الأوصاف حتى لو باعها ثم وجدها المشتري كذلك لم يردها على البائع بقوله ذلك كذا في مختار الفتاوى. (21/11)
","لَوْ قَالَ لِجَارِيَتِهِ يَا سَارِقَةُ أَوْ يَا آبِقَةُ أَوْ يَا زَانِيَةُ أَوْ يَا مَجْنُونَةُ أَوْ قَالَ هَذِهِ السَّارِقَةُ فَعَلَتْ كَذَا وَنَحْوَهَا لَا يَكُونُ إِقْرَارًا مِنْهُ بِقِيَامِ هَذِهِ الْأَوْصَافِ حَتَّى لَوْ بَاعَهَا ثُمَّ وَجَدَهَا الْمُشْتَرِي كَذَلِكَ لَمْ يَرُدَّهَا عَلَى الْبَائِعِ بِقَوْلِهِ ذَلِكَ كَذَا فِي مُخْتَارِ الْفَتَاوَى. (21/11)
",لَوْ قَالَ لِجَارِيَتِهِ يَا سَارِقَةُ أَوْ يَا آبِقَةُ أَوْ يَا زَانِيَةُ أَوْ يَا مَجْنُونَةُ أَوْ قَالَ هَذِهِ السَّارِقَةُ فَعَلَتْ كَذَا وَنَحْوِهَا لَا يَكُونُ إِقْرَارًا مِنْهُ بِقِيَامِ هَذِهِ الْأَوْصَافِ حَتَّى لَوْ بَاعَهَا ثُمَّ وَجَدَهَا الْمُشْتَرِي كَذَلِكَ لَمْ يَرُدَّهَا عَلَى الْبَائِعِ بِقَوْلِهِ ذَلِكَ كَذَا فِي مُخْتَارِ الْفَتَاوَى. (21/11)
"احترز بالقيد المذكور عن الاستئناف الذي بعد المائة والعشرين إذ لا يكون فيه إيجاب بنت لبون ولا إيجاب أربع حقاق لعدم نصابها فإنه لما زاد خمس وعشرون على المائة والعشرين صار كل النصاب مائة وخمسة وأربعين فهو نصاب بنت مخاض مع الحقتين ولما زادت عليها خمس وصارت مائة وخمسين وجبت ثلاث حقاق لأن في كل خمسين حقة ولا تستأنف الفريضة بل يجعل بعد ذلك كل عشرة عفوا فيجب في كل أربعين بنت لبون وفي كل خمسين حقة على وجه التخيير (والبخت والعراب (2/173)
","احْتَرَزَ بِالْقَيْدِ الْمَذْكُورِ عَنِ الِاسْتِئْنَافِ الَّذِي بَعْدَ الْمِائَةِ وَالْعِشْرِينَ إِذْ لَا يَكُونُ فِيهِ إِيجَابُ بِنْتِ لَبُونٍ وَلَا إِيجَابُ أَرْبَعِ حِقَاقٍ لِعَدَمِ نِصَابِهَا فَإِنَّهُ لَمَّا زَادَ خَمْسٌ وَعِشْرُونَ عَلَى الْمِائَةِ وَالْعِشْرِينَ صَارَ كُلُّ النِّصَابِ مِائَةً وَخَمْسَةً وَأَرْبَعِينَ فَهُوَ نِصَابُ بِنْتِ مَخَاضٍ مَعَ الْحِقَّتَيْنِ وَلَمَّا زَادَتْ عَلَيْهَا خَمْسٌ وَصَارَتْ مِائَةً وَخَمْسِينَ وَجَبَتْ ثَلَاثُ حِقَاقٍ لِأَنَّ فِي كُلِّ خَمْسِينَ حِقَّةً وَلَا تُسْتَأْنَفُ الْفَرِيضَةُ بَلْ يَجْعَلُ بَعْدَ ذَلِكَ كُلَّ عَشْرَةٍ عَفْوًا فَيَجِبُ فِي كُلِّ أَرْبَعِينَ بِنْتُ لَبُونٍ وَفِي كُلِّ خَمْسِينَ حِقَّةٌ عَلَى وَجْهِ التَّخْيِيرِ (وَالْبُخْتُ وَالْعِرَابُ (2/173)
",احْتَرَزَ بِالْقَيْدِ الْمَذْكُورِ عَنِ الِاسْتِئْنَافِ الَّذِي بَعْدَ الْمِائَةِ وَالْعِشْرِينَ إِذْ لَا يَكُونُ فِيهِ إِيجَابُ بِنْتِ لَبُونٍ وَلَا إِيجَابُ أَرْبَعِ حِقَاقٍ لِعَدَمِ نِصَابِهَا فَإِنَّهُ لَمَّا زَادَ خَمْسٌ وَعِشْرُونَ عَلَى الْمِائَةِ وَالْعِشْرِينَ صَارَ كُلُّ النِّصَابِ مِائَةً وَخَمْسَةً وَأَرْبَعِينَ فَهُوَ نِصَابُ بِنْتِ مَخَاضٍ مَعَ الْحِقَّتَيْنِ وَلَمَّا زَادَتْ عَلَيْهَا خَمْسٌ وَصَارَتْ مِائَةً وَخَمْسِينَ وَجَبَتْ ثَلَاثُ حِقَاقٍ لِأَنَّ فِي كُلِّ خَمْسِينَ حِقَّةً وَلَا تُسْتَأْنَفُ الْفَرِيضَةُ بَلْ يُجْعَلُ بَعْدَ ذَلِكَ كُلُّ عَشَرَةٍ عَفْوًا فَيَجِبُ فِي كُلِّ أَرْبَعِينَ بِنْتُ لَبُونٍ وَفِي كُلِّ خَمْسِينَ حِقَّةٌ عَلَى وَجْهِ التَّخْيِيرِ (وَالْبَخْتُ وَالْعِرَابُ (2/173)
"وقت إخراجها] : أي لا وقت الوجوب وهو العود ولا وقت الظهار.
قوله: [أو سكنى دار] : أي فإنها تباع عليه وإن لم تبع على المفلس، ","وَقْتَ إِخْرَاجِهَا] : أَيْ لَا وَقْتَ الْوُجُوبِ وَهُوَ الْعَوْدُ وَلَا وَقْتَ الظِّهَارِ.
قَوْلُهُ: [أَوْ سُكْنَى دَارٍ] : أَيْ فَإِنَّهَا تُبَاعُ عَلَيْهِ وَإِنْ لَمْ تُبَعْ عَلَى الْمُفْلِسِ، ","وَقْتُ إِخْرَاجِهَا] : أَيْ لَا وَقْتَ الْوُجُوبِ وَهُوَ الْعَوْدُ وَلَا وَقْتَ الظِّهَارِ.
قَوْلُهُ: [أَوْ سُكْنَى دَارٍ] : أَيْ فَإِنَّهَا تُبَاعُ عَلَيْهِ وَإِنْ لَمْ تُبَعْ عَلَى الْمُفْلِسِ،"
"وينبغي لمن دخل المسجد للصلاة أو غيرها أن ينوي الاعتكاف مدة لبثه فيه لا سيما إن كان صائما ذكر ابن الجوزي هذه المسألة في المنهاج، وكذلك ينبغي له قصد استقبال القبلة. (4/96)
فصل في حفر البئر في المسجد قال المروذي: سألت أبا عبد الله عن حفر البئر في المسجد قال: لا قلت: ","وَيَنْبَغِي لِمَنْ دَخَلَ الْمَسْجِدَ لِلصَّلَاةِ أَوْ غَيْرِهَا أَنْ يَنْوِيَ الِاعْتِكَافَ مُدَّةَ لُبْثِهِ فِيهِ لَا سِيَّمَا إِنْ كَانَ صَائِمًا ذَكَرَ ابْنُ الْجَوْزِيِّ هَذِهِ الْمَسْأَلَةَ فِي الْمِنْهَاجِ، وَكَذَلِكَ يَنْبَغِي لَهُ قَصْدُ اسْتِقْبَالِ الْقِبْلَةِ. (4/96)
فَصْلٌ فِي حَفْرِ الْبِئْرِ فِي الْمَسْجِدِ قَالَ الْمَرُّوذِيُّ: سَأَلْتُ أَبَا عَبْدِ اللَّهِ عَنْ حَفْرِ الْبِئْرِ فِي الْمَسْجِدِ قَالَ: لَا قُلْتُ: ","وَيَنْبَغِي لِمَنْ دَخَلَ الْمَسْجِدَ لِلصَّلَاةِ أَوْ غَيْرِهَا أَنْ يَنْوِيَ الِاعْتِكَافَ مُدَّةَ لُبْثِهِ فِيهِ لَا سِيَّمَا إِنْ كَانَ صَائِمًا ذَكَرَ ابْنُ الْجَوْزِيِّ هَذِهِ الْمَسْأَلَةَ فِي الْمِنْهَاجِ، وَكَذَلِكَ يَنْبَغِي لَهُ قَصْدُ اسْتِقْبَالِ الْقِبْلَةِ. (4/96)
فَصْلٌ فِي حَفْرِ الْبِئْرِ فِي الْمَسْجِدِ قَالَ الْمَرُّوذِيُّ: سَأَلْتُ أَبَا عَبْدِ اللَّهِ عَنْ حَفْرِ الْبِئْرِ فِي الْمَسْجِدِ قَالَ: لَا قُلْتُ:"
"إن موضع التحذيف من الوجه، وإن الجلوس بين السجدتين ركن قصير، ومنع النظر إلى وجه الحرة وكفيها، والأكثرون على خلاف ذلك.
ثم إنه قد يجزم في المحرر بشيء، ","إِنَّ مَوْضِعَ التَّحْذِيفِ مِنَ الْوَجْهِ، وَإِنَّ الْجُلُوسَ بَيْنَ السَّجْدَتَيْنِ رُكْنٌ قَصِيرٌ، وَمَنَعَ النَّظَرَ إِلَى وَجْهِ الْحُرَّةِ وَكَفَّيْهَا، وَالْأَكْثَرُونَ عَلَى خِلَافِ ذَلِكَ.
ثُمَّ إِنَّهُ قَدْ يَجْزِمُ فِي الْمُحَرَّرِ بِشَيْءٍ، ","إِنَّ مَوْضِعَ التَّحْذِيفِ مِنَ الْوَجْهِ، وَإِنَّ الْجُلُوسَ بَيْنَ السَّجْدَتَيْنِ رُكْنٌ قَصِيرٌ، وَمَنْعُ النَّظَرِ إِلَى وَجْهِ الْحُرَّةِ وَكَفَّيْهَا، وَالْأَكْثَرُونَ عَلَى خِلَافِ ذَلِكَ.
ثُمَّ إِنَّهُ قَدْ يَجْزِمُ فِي الْمُحَرَّرِ بِشَيْءٍ،"
"قوله: فيجب تمام إلخ) فهي مستثناة من التصحيح، وإن كانت محل الخلاف.
(قوله: كما يجب الاستمرار في صف القتال جزما) أشار به إلى أن الخلاف في تعيين فرض الكفاية في غير الجهاد أما هو (2/70)
فمتفق على تعينه بالشروع فيه، ","قَوْلُهُ: فَيَجِبُ تَمَامُ إِلَخْ) فَهِيَ مُسْتَثْنَاةٌ مِنَ التَّصْحِيحِ، وَإِنْ كَانَتْ مَحَلَّ الْخِلَافِ.
(قَوْلُهُ: كَمَا يَجِبُ الِاسْتِمْرَارُ فِي صَفِّ الْقِتَالِ جَزْمًا) أَشَارَ بِهِ إِلَى أَنَّ الْخِلَافَ فِي تَعْيِينِ فَرْضِ الْكِفَايَةِ فِي غَيْرِ الْجِهَادِ أَمَّا هُوَ (2/70)
فَمُتَّفَقٌ عَلَى تَعَيُّنِهِ بِالشُّرُوعِ فِيهِ، ","قَوْلُهُ: فَيَجِبُ تَمَامٌ إِلَخْ) فَهِيَ مُسْتَثْنَاةٌ مِنَ التَّصْحِيحِ، وَإِنْ كَانَتْ مَحَلَّ الْخِلَافِ.
(قَوْلُهُ: كَمَا يَجِبُ الِاسْتِمْرَارُ فِي صَفِّ الْقِتَالِ جَزْمًا) أَشَارَ بِهِ إِلَى أَنَّ الْخِلَافَ فِي تَعْيِينِ فَرْضِ الْكِفَايَةِ فِي غَيْرِ الْجِهَادِ أَمَّا هُوَ (2/70)
فَمُتَّفَقٌ عَلَى تَعَيُّنِهِ بِالشُّرُوعِ فِيهِ،"
نهى النبي صلى الله عليه وسلم عن الكالئ بالكالئ} ، وإن كان عينا فلأن السلم أخذ عاجل بآجل فلا بد من قبض أحد العوضين ليتحقق معنى الاسم ولأنه لا بد من تسليم رأس المال لينقلب المسلم إليه فيه فيقدر على التسليم ولذا قلنا لا يصح السلم إذا كان فيه خيار الشرط لهما أو لأحدهما؛ ,نَهَى النَّبِيُّ صَلَّى اللَّهُ عَلَيْهِ وَسَلَّمَ عَنِ الْكَالِئِ بِالْكَالِئِ} ، وَإِنْ كَانَ عَيْنًا فَلِأَنَّ السَّلَمَ أَخْذُ عَاجِلٍ بِآجِلٍ فَلَا بُدَّ مِنْ قَبْضِ أَحَدِ الْعِوَضَيْنِ لِيَتَحَقَّقَ مَعْنَى الِاسْمِ وَلِأَنَّهُ لَا بُدَّ مِنْ تَسْلِيمِ رَأْسِ الْمَالِ لِيَنْقَلِبَ الْمُسْلَمِ إِلَيْهِ فِيهِ فَيَقْدِرُ عَلَى التَّسْلِيمِ وَلِذَا قُلْنَا لَا يَصِحُّ السَّلَمُ إِذَا كَانَ فِيهِ خِيَارُ الشَّرْطِ لَهُمَا أَوْ لِأَحَدِهِمَا؛ ,نَهَى النَّبِيُّ صَلَّى اللَّهُ عَلَيْهِ وَسَلَّمَ عَنِ الْكَالِئِ بِالْكَالِئِ} ، وَإِنْ كَانَ عَيْنًا فَلِأَنَّ السَّلَمَ أَخْذُ عَاجِلٍ بِآجِلٍ فَلَا بُدَّ مِنْ قَبْضِ أَحَدِ الْعِوَضَيْنِ لِيَتَحَقَّقَ مَعْنَى الِاسْمِ وَلِأَنَّهُ لَا بُدَّ مِنْ تَسْلِيمِ رَأْسِ الْمَالِ لِيَنْقَلِبَ الْمُسْلَمُ إِلَيْهِ فِيهِ فَيَقْدِرُ عَلَى التَّسْلِيمِ وَلِذَا قُلْنَا لَا يَصِحُّ السَّلَمُ إِذَا كَانَ فِيهِ خِيَارُ الشَّرْطِ لَهُمَا أَوْ لِأَحَدِهِمَا؛
"وفي الصحيح {فإن لم تعرف فاستنفقها} وفي النسائي {فإن لم يأت صاحبها فهو مال لله يؤتيه من يشاء} فتضمنت هذه الأحاديث أن الحكم فيها بعد الحول خلافه قبله، وله أن يتصرف فيها لنفسه، والذي يقتضيه قول ابن القاسم في المدونة أن له أن ينتفع بها، غنيا كان أو فقيرا.
","وَفِي الصَّحِيحِ {فَإِنْ لَمْ تُعْرَفْ فَاسْتَنْفِقْهَا} وَفِي النَّسَائِيّ {فَإِنْ لَمْ يَأْتِ صَاحِبُهَا فَهُوَ مَالٌ لِلَّهِ يُؤْتِيهِ مَنْ يَشَاءُ} فَتَضَمَّنَتْ هَذِهِ الْأَحَادِيثُ أَنَّ الْحُكْمَ فِيهَا بَعْدَ الْحَوْلِ خِلَافُهُ قَبْلَهُ، وَلَهُ أَنْ يَتَصَرَّفَ فِيهَا لِنَفْسِهِ، وَالَّذِي يَقْتَضِيه قَوْلُ ابْنِ الْقَاسِمِ فِي الْمُدَوَّنَةِ أَنَّ لَهُ أَنْ يَنْتَفِعَ بِهَا، غَنِيًّا كَانَ أَوْ فَقِيرًا.
",وَفِي الصَّحِيحِ {فَإِنْ لَمْ تَعْرِفْ فَاسْتَنْفِقْهَا} وَفِي النَّسَائِيّ {فَإِنْ لَمْ يَأْتِ صَاحِبُهَا فَهُوَ مَالٌ لِلَّهِ يُؤْتِيهِ مَنْ يَشَاءُ} فَتَضَمَّنَتْ هَذِهِ الْأَحَادِيثُ أَنَّ الْحُكْمَ فِيهَا بَعْدَ الْحَوْلِ خِلَافُهُ قَبْلَهُ، وَلَهُ أَنْ يَتَصَرَّفَ فِيهَا لِنَفْسِهِ، وَالَّذِي يَقْتَضِيهِ قَوْلُ ابْنِ الْقَاسِمِ فِي الْمُدَوَّنَةِ أَنَّ لَهُ أَنْ يَنْتَفِعَ بِهَا، غَنِيًّا كَانَ أَوْ فَقِيرًا.
"فلو أني بعت من رجل ثوبا فسطاطيا أو فرقبيا بدينارين إلى شهر فأصبت معه ثوبا يبيعه من صنف ثوبي مثله في صنفه وذرعه قبل محل أجل ديني عليه من ثمن ثوبي فاشتريته منه بدينار نقدا أيصلح هذا أم لا؟ قال: لا بأس بهذا وليس الثياب في هذا بمنزلة الطعام.
قلت: ","فَلَوْ أَنِّي بِعْتُ مِنْ رَجُلٍ ثَوْبًا فُسْطَاطِيًّا أَوْ فُرْقُبِيًّا بِدِينَارَيْنِ إِلَى شَهْرٍ فَأَصَبْتُ مَعَهُ ثَوْبًا يَبِيعُهُ مِنْ صِنْفِ ثَوْبِي مِثْلَهُ فِي صِنْفِهِ وَذَرْعِهِ قَبْلَ مَحَلِّ أَجَلِ دَيْنِي عَلَيْهِ مَنْ ثَمَنِ ثَوْبِي فَاشْتَرَيْتُهُ مِنْهُ بِدِينَارٍ نَقْدًا أَيَصْلُحُ هَذَا أَمْ لَا؟ قَالَ: لَا بَأْسَ بِهَذَا وَلَيْسَ الثِّيَابُ فِي هَذَا بِمَنْزِلَةِ الطَّعَامِ.
قُلْتُ: ","فَلَوْ أَنِّي بِعْتُ مِنْ رَجُلٍ ثَوْبًا فُسْطَاطِيًّا أَوْ فَرْقَبِيًّا بِدِينَارَيْنِ إِلَى شَهْرٍ فَأَصَبْتُ مَعَهُ ثَوْبًا يَبِيعُهُ مِنْ صِنْفِ ثَوْبِي مِثْلَهُ فِي صِنْفِهِ وَذَرْعِهِ قَبْلَ مَحَلِّ أَجَلٍ دَيْنِي عَلَيْهِ مِنْ ثَمَنِ ثَوْبِي فَاشْتَرَيْتُهُ مِنْهُ بِدِينَارٍ نَقْدًا أَيَصْلُحُ هَذَا أَمْ لَا؟ قَالَ: لَا بَأْسَ بِهَذَا وَلَيْسَ الثِّيَابُ فِي هَذَا بِمَنْزِلَةِ الطَّعَامِ.
قُلْتُ:"
عليه مال فأدخل المطلوب ابنه في كفالة ذلك المال وقد راهق ولم يحتلم بطل بلا توقف على إجازته إذا بلغ إذ لا مجيز له حين وقوعه فلو بلغ وأقر بالكفالة قبل بلوغه بطل إقراره إذا أقر بكفالة باطلة ولو جددها بعد بلوغه يصح هذا لو كان الأب هو المديون، ,عَلَيْهِ مَالٌ فَأَدْخَلَ الْمَطْلُوبُ ابْنَهُ فِي كَفَالَةِ ذَلِكَ الْمَالِ وَقَدْ رَاهَقَ وَلَمْ يَحْتَلِمْ بَطَلَ بِلَا تَوَقُّفٍ عَلَى إِجَازَتِهِ إِذَا بَلَغَ إِذْ لَا مُجِيزَ لَهُ حِينَ وُقُوعِهِ فَلَوْ بَلَغَ وَأَقَرَّ بِالْكَفَالَةِ قَبْلَ بُلُوغِهِ بَطَلَ إِقْرَارُهُ إِذَا أَقَرَّ بِكَفَالَةٍ بَاطِلَةٍ وَلَوْ جَدَّدَهَا بَعْدَ بُلُوغِهِ يَصِحُّ هَذَا لَوْ كَانَ الْأَبُ هُوَ الْمَدْيُونُ، ,عَلَيْهِ مَالٌ فَأَدْخَلَ الْمَطْلُوبُ ابْنَهُ فِي كَفَالَةِ ذَلِكَ الْمَالِ وَقَدْ رَاهَقَ وَلَمْ يَحْتَلِمْ بَطَلَ بِلَا تَوَقُّفٍ عَلَى إِجَازَتِهِ إِذَا بَلَغَ إِذْ لَا مُجِيزَ لَهُ حِينَ وُقُوعِهِ فَلَوْ بَلَغَ وَأَقَرَّ بِالْكَفَالَةِ قَبْلَ بُلُوغِهِ بَطَلَ إِقْرَارُهُ إِذَا أَقَرَّ بِكَفَالَةٍ بَاطِلَةٍ وَلَوْ جَدَّدَهَا بَعْدَ بُلُوغِهِ يَصِحُّ هَذَا لَوْ كَانَ الْأَبُ هُوَ الْمَدْيُونَ،
"ا ه.
وقد يفرق من وجه آخر وهو أن المطعون قد يظن القتل ويستسلم كما هو الأفضل فلم ينسب إلى تقصير في الدفع فلا يفطر بوصول ما طعن به بخلاف ترك النخامة (5/299)
(فرع لو أدخل) الصائم (في أذنه أو إحليله) وهو مخرج البول من الذكر واللبن من ثدي (شيئا فوصل إلى الباطن أفطر) ","ا ه.
وَقَدْ يُفَرَّقُ مِنْ وَجْهٍ آخَرَ وَهُوَ أَنَّ الْمَطْعُونَ قَدْ يَظُنُّ الْقَتْلَ وَيَسْتَسْلِمُ كَمَا هُوَ الْأَفْضَلُ فَلَمْ يُنْسَبْ إِلَى تَقْصِيرٍ فِي الدَّفْعِ فَلَا يُفْطِرُ بِوُصُولِ مَا طُعِنَ بِهِ بِخِلَافِ تَرْكِ النُّخَامَةِ (5/299)
(فَرْعٌ لَوْ أَدْخَلَ) الصَّائِمُ (فِي أُذُنِهِ أَوْ إِحْلِيلِهِ) وَهُوَ مَخْرَجُ الْبَوْلِ مِنَ الذَّكَرِ وَاللَّبَنِ مِنْ ثَدْيٍ (شَيْئًا فَوَصَلَ إِلَى الْبَاطِنِ أَفْطَرَ) ","ا ه.
وَقَدْ يُفَرَّقُ مِنْ وَجْهٍ آخَرَ وَهُوَ أَنَّ الْمَطْعُونَ قَدْ يَظُنُّ الْقَتْلَ وَيَسْتَسْلِمُ كَمَا هُوَ الْأَفْضَلُ فَلَمْ يُنْسَبْ إِلَى تَقْصِيرٍ فِي الدَّفْعِ فَلَا يُفْطِرُ بِوُصُولِ مَا طَعَنَ بِهِ بِخِلَافِ تَرْكِ النُّخَامَةِ (5/299)
(فَرْعٌ لَوْ أَدْخَلَ) الصَّائِمُ (فِي أُذُنِهِ أَوْ إِحْلِيلِهِ) وَهُوَ مَخْرَجُ الْبَوْلِ مِنَ الذَّكَرِ وَاللَّبَنِ مِنْ ثَدْيٍ (شَيْئًا فَوَصَلَ إِلَى الْبَاطِنِ أَفْطَرَ)"
"الكلام في السعي بغير ما أنت فيه أخف منه في الطواف ومعنى ذلك أنه اشتغال بغير العبادة التي أمر بالإقبال عليها مع قصر مدتها أو مع تعلقها بالبيت فكان ذلك ممنوعا ومكروها لا سيما إذا أقبل على أمر الدنيا أو على ما لا يعني ولا فائدة في الاشتغال به.
(فرع) ","الْكَلَامُ فِي السَّعْيِ بِغَيْرِ مَا أَنْتَ فِيهِ أَخَفُّ مِنْهُ فِي الطَّوَافِ وَمَعْنَى ذَلِكَ أَنَّهُ اشْتِغَالٌ بِغَيْرِ الْعِبَادَةِ الَّتِي أُمِرَ بِالْإِقْبَالِ عَلَيْهَا مَعَ قِصَرِ مُدَّتِهَا أَوْ مَعَ تَعَلُّقِهَا بِالْبَيْتِ فَكَانَ ذَلِكَ مَمْنُوعًا وَمَكْرُوهًا لَا سِيَّمَا إِذَا أَقْبَلَ عَلَى أَمْرِ الدُّنْيَا أَوْ عَلَى مَا لَا يَعْنِي وَلَا فَائِدَةَ فِي الِاشْتِغَالِ بِهِ.
(فَرْعٌ) ","الْكَلَامُ فِي السَّعْيِ بِغَيْرِ مَا أَنْتَ فِيهِ أَخَفُّ مِنْهُ فِي الطَّوَافِ وَمَعْنَى ذَلِكَ أَنَّهُ اشْتِغَالٌ بِغَيْرِ الْعِبَادَةِ الَّتِي أُمِرَ بِالْإِقْبَالِ عَلَيْهَا مَعَ قِصَرِ مُدَّتِهَا أَوْ مَعَ تَعَلُّقِهَا بِالْبَيْتِ فَكَانَ ذَلِكَ مَمْنُوعًا وَمَكْرُوهًا لَا سِيَّمَا إِذَا أَقْبَلَ عَلَى أَمْرِ الدُّنْيَا أَوْ عَلَى مَا لَا يَعْنِي وَلَا فَائِدَةَ فِي الِاشْتِغَالِ بِهِ.
(فَرْعٌ)"
أي لا أذكر إلا وتذكر معي كما في صحيح ابن حبان ولقول الشافعي رضي الله عنه أحب أن يقدم المرء بين يدي خطبته أي بكسر الخاء وكل أمر طلبه غيرها حمد الله والثناء عليه والصلاة على النبي صلى الله عليه وسلم مغني (قوله إلا تبعا إلخ) ,أَيْ لَا أُذْكَرُ إِلَّا وَتُذْكَرُ مَعِي كَمَا فِي صَحِيحِ ابْنِ حِبَّانَ وَلِقَوْلِ الشَّافِعِيِّ رَضِيَ اللَّهُ عَنْهُ أُحِبُّ أَنْ يُقَدِّمَ الْمَرْءُ بَيْنَ يَدَيْ خِطْبَتِهِ أَيْ بِكَسْرِ الْخَاءِ وَكُلِّ أَمْرٍ طَلَبَهُ غَيْرَهَا حَمْدَ اللَّهِ وَالثَّنَاءَ عَلَيْهِ وَالصَّلَاةَ عَلَى النَّبِيِّ صَلَّى اللَّهُ عَلَيْهِ وَسَلَّمَ مُغْنِي (قَوْلُهُ إِلَّا تَبَعًا إِلَخْ) ,أَيْ لَا أَذْكُرُ إِلَّا وَتَذْكُرُ مَعِي كَمَا فِي صَحِيحِ ابْنِ حِبَّانَ وَلِقَوْلِ الشَّافِعِيِّ رَضِيَ اللَّهُ عَنْهُ أَحَبُّ أَنْ يُقَدِّمَ الْمَرْءُ بَيْنَ يَدَيْ خُطْبَتِهِ أَيْ بِكَسْرِ الْخَاءِ وَكُلُّ أَمْرٍ طَلَبَهُ غَيْرُهَا حَمْدُ اللَّهِ وَالثَّنَاءُ عَلَيْهِ وَالصَّلَاةُ عَلَى النَّبِيِّ صَلَّى اللَّهُ عَلَيْهِ وَسَلَّمَ مُغْنِي (قَوْلُهُ إِلَّا تَبَعًا إِلَخْ)
الإيجاب، والقبول] الإيجاب من البائع، والقبول من المشتري، والإيجاب مصدر أوجب أي أثبت، ولما كان البائع هو المبتدئ في الأصل عد مثبتا للبيع، وإن كان الإثبات، إنما يحصل من الجانبين ولا فرق في ذلك بين ما دل صريحا كبعت واشتريت أو التزاما كخذ وهات وعاوضتك هذا بهذا، وقوله: ,الْإِيجَابُ، وَالْقَبُولُ] الْإِيجَابُ مِنَ الْبَائِعِ، وَالْقَبُولُ مِنَ الْمُشْتَرِي، وَالْإِيجَابُ مَصْدَرُ أَوْجَبَ أَيْ أَثْبَتَ، وَلَمَّا كَانَ الْبَائِعُ هُوَ الْمُبْتَدِئَ فِي الْأَصْلِ عُدَّ مُثْبِتًا لِلْبَيْعِ، وَإِنْ كَانَ الْإِثْبَاتُ، إِنَّمَا يَحْصُلُ مِنَ الْجَانِبَيْنِ وَلَا فَرْقَ فِي ذَلِكَ بَيْنَ مَا دَلَّ صَرِيحًا كَبِعْتُ وَاشْتَرَيْت أَوِ الْتِزَامًا كَخُذْ وَهَاتِ وَعَاوَضْتُكَ هَذَا بِهَذَا، وَقَوْلُهُ: ,الْإِيجَابُ، وَالْقَبُولُ] الْإِيجَابُ مِنَ الْبَائِعِ، وَالْقَبُولُ مِنَ الْمُشْتَرِي، وَالْإِيجَابُ مَصْدَرُ أَوْجَبَ أَيْ أَثْبَتَ، وَلَمَّا كَانَ الْبَائِعُ هُوَ الْمُبْتَدِئُ فِي الْأَصْلِ عُدَّ مُثْبِتًا لِلْبَيْعِ، وَإِنْ كَانَ الْإِثْبَاتُ، إِنَّمَا يَحْصُلُ مِنَ الْجَانِبَيْنِ وَلَا فَرْقَ فِي ذَلِكَ بَيْنَ مَا دَلَّ صَرِيحًا كَبِعْت وَاشْتَرَيْت أَوْ الْتِزَامًا كَخُذْ وَهَاتِ وَعَاوَضْتُكَ هَذَا بِهَذَا، وَقَوْلُهُ:
"ينبغي وقبل تمام الحول إذ بتمامه استقر الأمر فلا أثر للعلم بعد ذلك وإلا لزم جواز الاسترداد مطلقا إذ من لازم الاسترداد حصول هذا العلم (13/131)
قول المتن (وإذا لم يقع المعجل زكاة) أي لعروض مانع وجبت ثانيا كما مر نعم لو عجل شاة من أربعين فتلفت في يد القابض لم يجب التجديد أي على المالك؛ ","يَنْبَغِي وَقَبْلَ تَمَامِ الْحَوْلِ إِذْ بِتَمَامِهِ اسْتَقَرَّ الْأَمْرُ فَلَا أَثَرَ لِلْعِلْمِ بَعْدَ ذَلِكَ وَإِلَّا لَزِمَ جَوَازُ الِاسْتِرْدَادِ مُطْلَقًا إِذْ مِنْ لَازِمِ الِاسْتِرْدَادِ حُصُولُ هَذَا الْعِلْمِ (13/131)
قَوْلُ الْمَتْنِ (وَإِذَا لَمْ يَقَعِ الْمُعَجَّلُ زَكَاةً) أَيْ لِعُرُوضِ مَانِعٍ وَجَبَتْ ثَانِيًا كَمَا مَرَّ نَعَمْ لَوْ عَجَّلَ شَاةً مِنْ أَرْبَعِينَ فَتَلِفَتْ فِي يَدِ الْقَابِضِ لَمْ يَجِبِ التَّجْدِيدُ أَيْ عَلَى الْمَالِكِ؛ ","يَنْبَغِي وَقَبْلَ تَمَامِ الْحَوْلِ إِذْ بِتَمَامِهِ اسْتَقَرَّ الْأَمْرُ فَلَا أَثَرَ لِلْعِلْمِ بَعْدَ ذَلِكَ وَإِلَّا لَزِمَ جَوَازُ الِاسْتِرْدَادِ مُطْلَقًا إِذْ مِنْ لَازِمِ الِاسْتِرْدَادِ حُصُولُ هَذَا الْعِلْمِ (13/131)
قَوْلُ الْمَتْنِ (وَإِذَا لَمْ يَقَعِ الْمُعَجَّلُ زَكَاةً) أَيْ لِعُرُوضِ مَانِعٍ وَجَبَتْ ثَانِيًا كَمَا مَرَّ نَعَمْ لَوْ عَجَّلَ شَاةً مِنْ أَرْبَعِينَ فَتَلِفَتْ فِي يَدِ الْقَابِضِ لَمْ يَجِبِ التَّجْدِيدُ أَيْ عَلَى الْمَالِكِ؛"
فإن تقايلا السلم لم يكن لرب السلم أن يشتري من المسلم إليه برأس المال شيئا حتى يقبضه كله لقوله صلى الله عليه وسلم {لا تأخذ إلا سلمك أو رأس مالك} ) يعني حالة البقاء وعند الفسخ، وهذا نص في ذلك (ولأنه أخذ شبها بالمبيع) (؛ لأن الإقالة بيع جديد في حق ثالث) ,فَإِنْ تَقَايَلَا السَّلَمَ لَمْ يَكُنْ لِرَبِّ السَّلَمِ أَنْ يَشْتَرِيَ مِنَ الْمُسْلَمِ إِلَيْهِ بِرَأْسِ الْمَالِ شَيْئًا حَتَّى يَقْبِضَهُ كُلَّهُ لِقَوْلِهِ صَلَّى اللَّهُ عَلَيْهِ وَسَلَّمَ {لَا تَأْخُذْ إِلَّا سَلَمَك أَوْ رَأْسَ مَالِكَ} ) يَعْنِي حَالَةَ الْبَقَاءِ وَعِنْدَ الْفَسْخِ، وَهَذَا نَصٌّ فِي ذَلِكَ (وَلِأَنَّهُ أَخَذَ شَبَهًا بِالْمَبِيعِ) (؛ لِأَنَّ الْإِقَالَةَ بَيْعُ جَدِيدٍ فِي حَقٍّ ثَالِثٍ) ,فَإِنْ تَقَايَلَا السَّلَمَ لَمْ يَكُنْ لِرَبِّ السَّلَمِ أَنْ يَشْتَرِيَ مِنَ الْمُسْلَمِ إِلَيْهِ بِرَأْسِ الْمَالِ شَيْئًا حَتَّى يَقْبِضَهُ كُلَّهُ لِقَوْلِهِ صَلَّى اللَّهُ عَلَيْهِ وَسَلَّمَ {لَا تَأْخُذْ إِلَّا سَلَمَكَ أَوْ رَأْسَ مَالِكَ} ) يَعْنِي حَالَةَ الْبَقَاءِ وَعِنْدَ الْفَسْخِ، وَهَذَا نَصٌّ فِي ذَلِكَ (وَلِأَنَّهُ أَخَذَ شَبَهًا بِالْمَبِيعِ) (؛ لِأَنَّ الْإِقَالَةَ بَيْعٌ جَدِيدٌ فِي حَقِّ ثَالِثٍ)
قال رحمه الله (ولو على الميت دين محيط بطل الصلح والقسمة) ؛ لأن الورثة لا يملكون التركة في هذه الحالة؛ لأن الدين المستغرق يمنع من دخول التركة في ملك الوارث؛ لأن حاجته مقدمة على الإرث، ,قَالَ رَحِمَهُ اللَّهُ (وَلَوْ عَلَى الْمَيِّتِ دَيْنٌ مُحِيطٌ بَطَلَ الصُّلْحُ وَالْقِسْمَةُ) ؛ لِأَنَّ الْوَرَثَةَ لَا يَمْلِكُونَ التَّرِكَةَ فِي هَذِهِ الْحَالَةِ؛ لِأَنَّ الدَّيْنَ الْمُسْتَغْرِقَ يَمْنَعُ مِنْ دُخُولِ التَّرِكَةِ فِي مِلْكِ الْوَارِثِ؛ لِأَنَّ حَاجَتَهُ مُقَدَّمَةٌ عَلَى الْإِرْثِ، ,قَالَ رَحِمَهُ اللَّهُ (وَلَوْ عَلَى الْمَيِّتِ دَيْنٌ مُحِيطٌ بَطَلَ الصُّلْحُ وَالْقِسْمَةُ) ؛ لِأَنَّ الْوَرَثَةَ لَا يَمْلِكُونَ التَّرِكَةَ فِي هَذِهِ الْحَالَةِ؛ لِأَنَّ الدَّيْنَ الْمُسْتَغْرِقَ يَمْنَعُ مِنْ دُخُولِ التَّرِكَةِ فِي مِلْكِ الْوَارِثِ؛ لِأَنَّ حَاجَتَهُ مُقَدَّمَةٌ عَلَى الْإِرْثِ،
"لأن المخالفة للدليل كما هنا واجبة فلتعذر مخالفة المعنى وإمكان موافقة اللفظ كانت الموافقة له تأدبا أي تأدب وتلقبان بالغراوين تشبيها لهما بالكوكب الأغر أي المضيء لشهرتهما وبالغريبتين؛ لأنه لا نظير لهما وبالعمريتين لقضاء عمر رضي الله عنه فيهما بذلك.
الشرح
(قوله وخرق الإجماع) هو حال وقوله إنما يحرم أي فلا إجماع حقيقة. (27/128)
(","لِأَنَّ الْمُخَالَفَةَ لِلدَّلِيلِ كَمَا هُنَا وَاجِبَةٌ فَلِتَعَذُّرِ مُخَالَفَةِ الْمَعْنَى وَإِمْكَانِ مُوَافَقَةِ اللَّفْظِ كَانَتِ الْمُوَافَقَةُ لَهُ تَأَدُّبًا أَيَّ تَأَدُّبٍ وَتُلَقَّبَانِ بِالْغَرَّاوَيْنِ تَشْبِيهًا لَهُمَا بِالْكَوْكَبِ الْأَغَرِّ أَيِ الْمُضِيءِ لِشُهْرَتِهِمَا وَبِالْغَرِيبَتَيْنِ؛ لِأَنَّهُ لَا نَظِيرَ لَهُمَا وَبِالْعُمْرِيَّتَيْنِ لِقَضَاءِ عُمَرَ رَضِيَ اللَّهُ عَنْهُ فِيهِمَا بِذَلِكَ.
الشَّرْحُ
(قَوْلُهُ وَخَرْقُ الْإِجْمَاعِ) هُوَ حَالٌ وَقَوْلُهُ إِنَّمَا يَحْرُمُ أَيْ فَلَا إِجْمَاعَ حَقِيقَةً. (27/128)
(","لِأَنَّ الْمُخَالَفَةَ لِلدَّلِيلِ كَمَا هُنَا وَاجِبَةٌ فَلِتَعَذُّرِ مُخَالَفَةِ الْمَعْنَى وَإِمْكَانِ مُوَافَقَةِ اللَّفْظِ كَانَتِ الْمُوَافَقَةُ لَهُ تَأَدُّبًا أَيْ تَأَدُّبٌ وَتُلَقَّبَانِ بِالْغَرَاوِينِ تَشْبِيهًا لَهُمَا بِالْكَوْكَبِ الْأَغَرِّ أَيِ الْمُضِيءِ لِشُهْرَتِهِمَا وَبِالْغَرِيبَتَيْنِ؛ لِأَنَّهُ لَا نَظِيرَ لَهُمَا وَبِالْعُمْرِيَّتَيْنِ لِقَضَاءِ عُمَرَ رَضِيَ اللَّهُ عَنْهُ فِيهِمَا بِذَلِكَ.
الشَّرْحُ
(قَوْلُهُ وَخَرْقُ الْإِجْمَاعِ) هُوَ حَالٌ وَقَوْلُهُ إِنَّمَا يَحْرُمُ أَيْ فَلَا إِجْمَاعَ حَقِيقَةً. (27/128)
("
"ولو بيعت هذه الدار وهذه الأرض مرة أخرى فليس لهم فيها الشفعة، (الهندية في الباب الثاني) والخليط في حق المبيع على وجهين (7/317)
أيضا: 1 - يكون بتقسيم المبيع المذكور بين الشركاء بعد أن كان مشتركا وعدم بقاء الاشتراك في نفس المبيع وبقائهم خلطاء في حق المبيع، انظر المادة، (66 1 1) 2 - ","وَلَوْ بِيعَتْ هَذِهِ الدَّارُ وَهَذِهِ الْأَرْضُ مَرَّةً أُخْرَى فَلَيْسَ لَهُمْ فِيهَا الشُّفْعَةُ، (الْهِنْدِيَّةُ فِي الْبَابِ الثَّانِي) وَالْخَلِيطُ فِي حَقِّ الْمَبِيعِ عَلَى وَجْهَيْنِ (7/317)
أَيْضًا: 1 - يَكُونُ بِتَقْسِيمِ الْمَبِيعِ الْمَذْكُورِ بَيْنَ الشُّرَكَاءِ بَعْدَ أَنْ كَانَ مُشْتَرَكًا وَعَدَمِ بَقَاءِ الِاشْتِرَاكِ فِي نَفْسِ الْمَبِيعِ وَبَقَائِهِمْ خُلَطَاءَ فِي حَقِّ الْمَبِيعِ، انْظُرِ الْمَادَّةَ، (66 1 1) 2 - ","وَلَوْ بِيعَتْ هَذِهِ الدَّارُ وَهَذِهِ الْأَرْضُ مَرَّةً أُخْرَى فَلَيْسَ لَهُمْ فِيهَا الشُّفْعَةُ، (الْهِنْدِيَّةُ فِي الْبَابِ الثَّانِي) وَالْخَلِيطُ فِي حَقِّ الْمَبِيعِ عَلَى وَجْهَيْنِ (7/317)
أَيْضًا: 1 - يَكُونُ بِتَقْسِيمِ الْمَبِيعِ الْمَذْكُورِ بَيْنَ الشُّرَكَاءِ بَعْدَ أَنْ كَانَ مُشْتَرَكًا وَعَدَمِ بَقَاءِ الِاشْتِرَاكِ فِي نَفْسِ الْمَبِيعِ وَبَقَائِهِمْ خُلَطَاءَ فِي حَقِّ الْمَبِيعِ، انْظُرِ الْمَادَّةَ، (66 1 1) 2 -"
"أي كهذا الدينار بهذه العشرة دراهم فيجد أحدهما مغشوشا بعد المفارقة أو الطول (قوله: تردد) أي طريقتان الأولى لابن الكاتب والثانية للخمي وأبي بكر بن عبد الرحمن وعلى الطريقة الأولى فالمعين كغير المعين، وأما على الثانية فليس المعين كغيره (11/112)
(وحيث نقض) الصرف أي حكمنا بنقضه وكان في الدنانير صغار وكبار (فأصغر دينار) ","أَيْ كَهَذَا الدِّينَارِ بِهَذِهِ الْعَشَرَةِ دَرَاهِمَ فَيَجِدُ أَحَدَهُمَا مَغْشُوشًا بَعْدَ الْمُفَارَقَةِ أَوِ الطُّولِ (قَوْلُهُ: تَرَدُّدٌ) أَيْ طَرِيقَتَانِ الْأُولَى لِابْنِ الْكَاتِبِ وَالثَّانِيَةُ لِلَّخْمِيِّ وَأَبِي بَكْرِ بْنِ عَبْدِ الرَّحْمَنِ وَعَلَى الطَّرِيقَةِ الْأُولَى فَالْمُعَيَّنُ كَغَيْرِ الْمُعَيَّنِ، وَأَمَّا عَلَى الثَّانِيَةِ فَلَيْسَ الْمُعَيَّنُ كَغَيْرِهِ (11/112)
(وَحَيْثُ نُقِضَ) الصَّرْفُ أَيْ حَكَمْنَا بِنَقْضِهِ وَكَانَ فِي الدَّنَانِيرِ صِغَارٌ وَكِبَارٌ (فَأَصْغَرُ دِينَارٍ) ","أَيْ كَهَذَا الدِّينَارِ بِهَذِهِ الْعَشَرَةِ دَرَاهِمَ فَيَجِدُ أَحَدَهُمَا مَغْشُوشًا بَعْدَ الْمُفَارَقَةِ أَوِ الطُّولِ (قَوْلُهُ: تَرَدُّدٌ) أَيْ طَرِيقَتَانِ الْأُولَى لِابْنِ الْكَاتِبِ وَالثَّانِيَةُ لِلَّخْمِيِّ وَأَبِي بَكْرِ بْنِ عَبْدِ الرَّحْمَنِ وَعَلَى الطَّرِيقَةِ الْأُولَى فَالْمُعَيَّنُ كَغَيْرِ الْمُعَيَّنِ، وَأَمَّا عَلَى الثَّانِيَةِ فَلَيْسَ الْمُعَيَّنُ كَغَيْرِهِ (11/112)
(وَحَيْثُ نُقِضَ) الصَّرْفُ أَيْ حَكَمْنَا بِنَقْضِهِ وَكَانَ فِي الدَّنَانِيرِ صِغَارٌ وَكِبَارٌ (فَأَصْغَرُ دِينَارٍ)"
"أي فضة غير مضروبة صكا (قيمتها أقل من عشرة مصكوكة لا يجب القطع) على ظاهر المذهب وروى الحسن عن أبي حنيفة أنه يقطع للإطلاق المذكور وأنت تعلم أن المطلق يقيد بالعرف (12/189)
والعادة (قوله والمعتبر وزن سبعة) يعني المعتبر في وزن الدراهم التي يقطع بعشرة منها ما يكون وزن عشرة وزن سبعة (كما قيل) ","أَيْ فِضَّةً غَيْرَ مَضْرُوبَةٍ صَكًّا (قِيمَتُهَا أَقَلُّ مِنْ عَشَرَةٍ مَصْكُوكَةٍ لَا يَجِبُ الْقَطْعُ) عَلَى ظَاهِرِ الْمَذْهَبِ وَرَوَى الْحَسَنُ عَنْ أَبِي حَنِيفَةَ أَنَّهُ يُقْطَعُ لِلْإِطْلَاقِ الْمَذْكُورِ وَأَنْتَ تَعْلَمُ أَنَّ الْمُطْلَقَ يُقَيَّدُ بِالْعُرْفِ (12/189)
وَالْعَادَةِ (قَوْلُهُ وَالْمُعْتَبَرُ وَزْنُ سَبْعَةٍ) يَعْنِي الْمُعْتَبَرُ فِي وَزْنِ الدَّرَاهِمِ الَّتِي يُقْطَعُ بِعَشَرَةٍ مِنْهَا مَا يَكُونُ وَزْنُ عَشَرَةٍ وَزْنَ سَبْعَةٍ (كَمَا قِيلَ) ","أَيْ فِضَّةٍ غَيْرِ مَضْرُوبَةٍ صَكًّا (قِيمَتُهَا أَقَلُّ مِنْ عَشَرَةٍ مَصْكُوكَةٍ لَا يَجِبُ الْقَطْعُ) عَلَى ظَاهِرِ الْمَذْهَبِ وَرَوَى الْحَسَنُ عَنْ أَبِي حَنِيفَةَ أَنَّهُ يُقْطَعُ لِلْإِطْلَاقِ الْمَذْكُورِ وَأَنْتَ تَعْلَمُ أَنَّ الْمُطْلَقَ يُقَيَّدُ بِالْعُرْفِ (12/189)
وَالْعَادَةِ (قَوْلُهُ وَالْمُعْتَبَرُ وَزْنُ سَبْعَةٍ) يَعْنِي الْمُعْتَبَرَ فِي وَزْنِ الدَّرَاهِمِ الَّتِي يُقْطَعُ بِعَشَرَةٍ مِنْهَا مَا يَكُونُ وَزْنُ عَشَرَةٍ وَزْنُ سَبْعَةٍ (كَمَا قِيلَ)"
بكسر الصاد كما بخطه (طريقان) طريق (طويل) أي مرحلتان (و) طريق (قصير) أي دونهما (فسلك الطويل لغرض كسهولة أو أمن) أو زيادة، ,بِكَسْرِ الصَّادِ كَمَا بِخَطِّهِ (طَرِيقَانِ) طَرِيقٌ (طَوِيلٌ) أَيْ مَرْحَلَتَانِ (وَ) طَرِيقٌ (قَصِيرٌ) أَيْ دُونَهُمَا (فَسَلَكَ الطَّوِيلَ لِغَرَضٍ كَسُهُولَةٍ أَوْ أَمْنٍ) أَوْ زِيَادَةٍ، ,بِكَسْرِ الصَّادِ كَمَا بِخَطِّهِ (طَرِيقَانِ) طَرِيقٌ (طَوِيلٌ) أَيْ مَرْحَلَتَانِ (وَ) طَرِيقٌ (قَصِيرٌ) أَيْ دُونَهُمَا (فَسَلَكَ الطَّوِيلَ لِغَرَضٍ كَسُهُولَةٍ أَوْ أَمْنٍ) أَوْ زِيَادَةٍ،
ويأمرهم بالرفق واللين في غير ضعف ولا تقصير فلا بد للقاضي من أعوان يكونون حوله ليزجروا من ينبغي زجره من المتخاصمين، وينبغي أن يخفف منه ما استطاع، وقد كان الحسن رضي الله عنه ينكر على القضاء اتخاذ الأعوان، فلما ولي القضاء وشوش عليه ما يقع من الناس عنده قال لا بد للسلطان من وزعة، ,وَيَأْمُرُهُمْ بِالرِّفْقِ وَاللِّينِ فِي غَيْرِ ضَعْفٍ وَلَا تَقْصِيرٍ فَلَا بُدَّ لِلْقَاضِي مِنْ أَعْوَانٍ يَكُونُونَ حَوْلَهُ لِيَزْجُرُوا مَنْ يَنْبَغِي زَجْرُهُ مِنَ الْمُتَخَاصِمِينَ، وَيَنْبَغِي أَنْ يُخَفِّفَ مِنْهُ مَا اسْتَطَاعَ، وَقَدْ كَانَ الْحَسَنُ رَضِيَ اللَّهُ عَنْهُ يُنْكِرُ عَلَى الْقَضَاءِ اتِّخَاذَ الْأَعْوَانِ، فَلَمَّا وَلِيَ الْقَضَاءَ وَشُوِّشَ عَلَيْهِ مَا يَقَعُ مِنَ النَّاسِ عِنْدَهُ قَالَ لَا بُدَّ لِلسُّلْطَانِ مِنْ وَزَعَةٍ، ,وَيَأْمُرُهُمْ بِالرِّفْقِ وَاللِّينِ فِي غَيْرِ ضَعْفٍ وَلَا تَقْصِيرٍ فَلَا بُدَّ لِلْقَاضِي مِنْ أَعْوَانٍ يَكُونُونَ حَوْلَهُ لِيَزْجُرُوا مَنْ يَنْبَغِي زَجْرُهُ مِنَ الْمُتَخَاصِمِينَ، وَيَنْبَغِي أَنْ يُخَفِّفَ مِنْهُ مَا اسْتَطَاعَ، وَقَدْ كَانَ الْحَسَنُ رَضِيَ اللَّهُ عَنْهُ يُنْكِرُ عَلَى الْقَضَاءِ اتِّخَاذَ الْأَعْوَانِ، فَلَمَّا وَلِيَ الْقَضَاءَ وَشَوَّشَ عَلَيْهِ مَا يَقَعُ مِنَ النَّاسِ عِنْدَهُ قَالَ لَا بُدَّ لِلسُّلْطَانِ مِنْ وَزْعَةٍ،
ينتقض بنقض عهده (عهد نسائه وأولاده) البالغين الموجودين، لأن النقض وجد منه دونهم، فاختص حكمه به ولو لم ينكروا عليه، إلا أن يلحقوا بدار الحرب وأما أولاده الصغار، فلا ينتقض عهدهم ولو لحقوا بدار الحرب ومن حملت به أمه وولدته بعد النقض، فإنه يسترق ويسبى، لعدم ثبوت الأمان له وإن نقض بعضهم دون بعض اختص حكم النقض بالناقض، ,يُنْتَقَضُ بِنَقْضِ عَهْدِهِ (عَهْدُ نِسَائِهِ وَأَوْلَادِهِ) الْبَالِغِينَ الْمَوْجُودِينَ، لِأَنَّ النَّقْضَ وُجِدَ مِنْهُ دُونَهُمْ، فَاخْتَصَّ حُكْمُهُ بِهِ وَلَوْ لَمْ يُنْكِرُوا عَلَيْهِ، إِلَّا أَنْ يَلْحَقُوا بِدَارِ الْحَرْبِ وَأَمَّا أَوْلَادُهُ الصِّغَارُ، فَلَا يُنْتَقَضُ عَهْدُهُمْ وَلَوْ لَحِقُوا بِدَارِ الْحَرْبِ وَمَنْ حَمَلَتْ بِهِ أُمُّهُ وَوَلَدَتْهُ بَعْدَ النَّقْضِ، فَإِنَّهُ يُسْتَرَقُّ وَيُسْبَى، لِعَدَمِ ثُبُوتِ الْأَمَانِ لَهُ وَإِنْ نَقَضَ بَعْضُهُمْ دُونَ بَعْضٍ اخْتَصَّ حُكْمُ النَّقْضِ بِالنَّاقِضِ، ,يُنْتَقَضُ بِنَقْضِ عَهْدِهِ (عَهْدُ نِسَائِهِ وَأَوْلَادِهِ) الْبَالِغِينَ الْمَوْجُودِينَ، لِأَنَّ النَّقْضَ وُجِدَ مِنْهُ دُونَهُمْ، فَاخْتَصَّ حُكْمُهُ بِهِ وَلَوْ لَمْ يُنْكِرُوا عَلَيْهِ، إِلَّا أَنْ يَلْحَقُوا بِدَارِ الْحَرْبِ وَأَمَّا أَوْلَادُهُ الصِّغَارُ، فَلَا يُنْتَقَضُ عَهْدُهُمْ وَلَوْ لَحِقُوا بِدَارِ الْحَرْبِ وَمَنْ حَمَلَتْ بِهِ أُمُّهُ وَوَلَدَتْهُ بَعْدَ النَّقْضِ، فَإِنَّهُ يُسْتَرَقُّ وَيُسْبَى، لِعَدَمِ ثُبُوتِ الْأَمَانِ لَهُ وَإِنْ نَقَضَ بَعْضُهُمْ دُونَ بَعْضٍ اخْتَصَّ حُكْمُ النَّقْضِ بِالنَّاقِضِ،
إنه لا خلاف بينهم في المعنى إنما هو خلاف زمان ففي زمن أبي حنيفة رضي الله عنه لم يكن لغير السلطان قدرة الإكراه ثم تغير الحال في زمانهما فغير الفتوى على حسب الحال، والله سبحانه وتعالى أعلم فأما البلوغ فليس بشرط لتحقق الإكراه حتى يتحقق من الصبي العاقل إذا كان مطاعا مسلطا، ,إِنَّهُ لَا خِلَافَ بَيْنَهُمْ فِي الْمَعْنَى إِنَّمَا هُوَ خِلَافُ زَمَانٍ فَفِي زَمَنِ أَبِي حَنِيفَةَ رَضِيَ اللَّهُ عَنْهُ لَمْ يَكُنْ لِغَيْرِ السُّلْطَانِ قُدْرَةُ الْإِكْرَاهِ ثُمَّ تَغَيَّرَ الْحَالُ فِي زَمَانِهِمَا فَغَيَّرَ الْفَتْوَى عَلَى حَسَبِ الْحَالِ، وَاللَّهُ سُبْحَانَهُ وَتَعَالَى أَعْلَمُ فَأَمَّا الْبُلُوغُ فَلَيْسَ بِشَرْطٍ لِتَحَقُّقِ الْإِكْرَاهِ حَتَّى يَتَحَقَّقَ مِنَ الصَّبِيِّ الْعَاقِلِ إِذَا كَانَ مُطَاعًا مُسَلَّطًا، ,إِنَّهُ لَا خِلَافَ بَيْنَهُمْ فِي الْمَعْنَى إِنَّمَا هُوَ خِلَافُ زَمَانٍ فَفِي زَمَنِ أَبِي حَنِيفَةَ رَضِيَ اللَّهُ عَنْهُ لَمْ يَكُنْ لِغَيْرِ السُّلْطَانِ قُدْرَةُ الْإِكْرَاهِ ثُمَّ تَغَيَّرَ الْحَالُ فِي زَمَانِهِمَا فَغَيَّرَ الْفَتْوَى عَلَى حَسَبِ الْحَالِ، وَاللَّهُ سُبْحَانَهُ وَتَعَالَى أَعْلَمُ فَأَمَّا الْبُلُوغُ فَلَيْسَ بِشَرْطٍ لِتَحَقُّقِ الْإِكْرَاهِ حَتَّى يَتَحَقَّقَ مِنَ الصَّبِيِّ الْعَاقِلِ إِذَا كَانَ مُطَاعًا مُسَلَّطًا،
وما ذكره القرافي من حل تناول يسيرها نقله في شرح المهذب عن المتولي في جواز تناول اليسير من الحشيش وهو مأخوذ من قول التنبيه وغيره وكل طاهر لا ضرر في أكله يجوز أكله ويؤيده قول الشيخين عن الإمام وإقراره يجوز أكل السم لمن لا يضره ويجوز بل يجب أكلها عند الإضرار إذا لم يجد غيرها وفارقت الخمر بأن شربها يزيد في العطش وأكل الحشيشة لا يزيد في الجوع وإنما غاية ما فيها إنها تغطي العقل وتغطيته جائزة لدواء، ,وَمَا ذَكَرَهُ الْقَرَافِيُّ مِنْ حِلِّ تَنَاوُلِ يَسِيرِهَا نَقَلَهُ فِي شَرْحِ الْمُهَذَّبِ عَنِ الْمُتَوَلَّيْ فِي جَوَازِ تَنَاوُلِ الْيَسِيرِ مِنَ الْحَشِيشِ وَهُوَ مَأْخُوذٌ مِنْ قَوْلِ التَّنْبِيهِ وَغَيْرِهِ وَكُلُّ طَاهِرٍ لَا ضَرَرَ فِي أَكْلِهِ يَجُوزُ أَكْلُهُ وَيُؤَيِّدُهُ قَوْلُ الشَّيْخَيْنِ عَنِ الْإِمَامِ وَإِقْرَارُهُ يُجَوِّزُ أَكْلَ السُّمِّ لِمَنْ لَا يَضُرُّهُ وَيَجُوزُ بَلْ يَجِبُ أَكْلُهَا عِنْدَ الْإِضْرَارِ إِذَا لَمْ يَجِدْ غَيْرَهَا وَفَارَقَتِ الْخَمْرُ بِأَنَّ شُرْبَهَا يَزِيدُ فِي الْعَطَشِ وَأَكْلُ الْحَشِيشَةِ لَا يَزِيدُ فِي الْجُوعِ وَإِنَّمَا غَايَةُ مَا فِيهَا إِنَّهَا تُغَطِّي الْعَقْلَ وَتَغْطِيَتُهُ جَائِزَةٌ لِدَوَاءٍ، ,وَمَا ذَكَرَهُ الْقَرَافِيُّ مِنْ حِلِّ تَنَاوُلِ يَسِيرِهَا نَقَلَهُ فِي شَرْحِ الْمُهَذَّبِ عَنِ الْمُتَوَلِّي فِي جَوَازِ تَنَاوُلِ الْيَسِيرِ مِنَ الْحَشِيشِ وَهُوَ مَأْخُوذٌ مِنْ قَوْلِ التَّنْبِيهِ وَغَيْرِهِ وَكُلُّ طَاهِرٍ لَا ضَرَرَ فِي أَكْلِهِ يَجُوزُ أَكْلُهُ وَيُؤَيِّدُهُ قَوْلُ الشَّيْخَيْنِ عَنِ الْإِمَامِ وَإِقْرَارُهُ يَجُوزُ أَكْلُ السُّمِّ لِمَنْ لَا يَضُرُّهُ وَيَجُوزُ بَلْ يَجِبُ أَكْلُهَا عِنْدَ الْإِضْرَارِ إِذَا لَمْ يَجِدْ غَيْرَهَا وَفَارَقَتِ الْخَمْرَ بِأَنَّ شُرْبَهَا يَزِيدُ فِي الْعَطَشِ وَأَكْلُ الْحَشِيشَةِ لَا يَزِيدُ فِي الْجُوعِ وَإِنَّمَا غَايَةُ مَا فِيهَا إِنَّهَا تُغَطِّي الْعَقْلَ وَتَغْطِيَتُهُ جَائِزَةٌ لِدَوَاءٍ،
"ولو استحقت الأولى والثالثة دون الثانية أعتق واحدة للثالث؛ لأن الثانية كفت عن الأولى والأصل أن الثاني يجزئ عما قبله لا عما بعده كذا في فتح القدير والبدائع وأفاد بالتشبيه (6/209)
أن هذه الكفارة مرتبة فالواجب العتق، فإن لم يجد فعليه صيام شهرين متتابعين، ","وَلَوِ اسْتَحَقَّتِ الْأُولَى وَالثَّالِثَةُ دُونَ الثَّانِيَةِ أَعْتَقَ وَاحِدَةً لِلثَّالِثِ؛ لِأَنَّ الثَّانِيَةَ كَفَتْ عَنِ الْأُولَى وَالْأَصْلُ أَنَّ الثَّانِيَ يُجْزِئُ عَمَّا قَبْلَهُ لَا عَمَّا بَعْدَهُ كَذَا فِي فَتْحِ الْقَدِيرِ وَالْبَدَائِعِ وَأَفَادَ بِالتَّشْبِيهِ (6/209)
أَنَّ هَذِهِ الْكَفَّارَةَ مُرَتَّبَةٌ فَالْوَاجِبُ الْعِتْقُ، فَإِنْ لَمْ يَجِدْ فَعَلَيْهِ صِيَامُ شَهْرَيْنِ مُتَتَابِعَيْنِ، ","وَلَوِ اسْتُحِقَّتِ الْأُولَى وَالثَّالِثَةُ دُونَ الثَّانِيَةِ أَعْتَقَ وَاحِدَةً لِلثَّالِثِ؛ لِأَنَّ الثَّانِيَةَ كَفَتْ عَنِ الْأُولَى وَالْأَصْلُ أَنَّ الثَّانِيَ يُجْزِئُ عَمَّا قَبْلَهُ لَا عَمَّا بَعْدَهُ كَذَا فِي فَتْحِ الْقَدِيرِ وَالْبَدَائِعِ وَأَفَادَ بِالتَّشْبِيهِ (6/209)
أَنَّ هَذِهِ الْكَفَّارَةَ مُرَتَّبَةٌ فَالْوَاجِبُ الْعِتْقُ، فَإِنْ لَمْ يَجِدْ فَعَلَيْهِ صِيَامُ شَهْرَيْنِ مُتَتَابِعَيْنِ،"
"وضربه على قبر المرأة أجوز منه على قبر الرجل لما يستر منها عند إقبارها، وقد ضربه عمر على قبر زينب بنت جحش.
وأما ضربه على قبر الرجل فأجيز، وكره خوف الرياء والسمعة فإن قصد بالبناء والتحويز التمييز جاز، وظاهره: ","وَضَرْبُهُ عَلَى قَبْرِ الْمَرْأَةِ أَجْوَزُ مِنْهُ عَلَى قَبْرِ الرَّجُلِ لِمَا يُسْتَرُ مِنْهَا عِنْدَ إِقْبَارِهَا، وَقَدْ ضَرَبَهُ عُمَرُ عَلَى قَبْرِ زَيْنَبَ بِنْتِ جَحْشٍ.
وَأَمَّا ضَرْبُهُ عَلَى قَبْرِ الرَّجُلِ فَأُجِيزَ، وَكُرِهَ خَوْفَ الرِّيَاءِ وَالسُّمْعَةِ فَإِنْ قَصَدَ بِالْبِنَاءِ وَالتَّحْوِيزِ التَّمْيِيزَ جَازَ، وَظَاهِرُهُ: ","وَضَرْبُهُ عَلَى قَبْرِ الْمَرْأَةِ أَجْوَزُ مِنْهُ عَلَى قَبْرِ الرَّجُلِ لِمَا يُسْتَرُ مِنْهَا عِنْدَ إِقْبَارِهَا، وَقَدْ ضَرَبَهُ عُمَرُ عَلَى قَبْرِ زَيْنَبَ بِنْتِ جَحْشٍ.
وَأَمَّا ضَرْبُهُ عَلَى قَبْرِ الرَّجُلِ فَأُجِيزَ، وَكُرِهَ خَوْفَ الرِّيَاءِ وَالسُّمْعَةِ فَإِنْ قَصَدَ بِالْبِنَاءِ وَالتَّحْوِيزِ التَّمْيِيزَ جَازَ، وَظَاهِرُهُ:"
أي العبد بذلك الخير ظاهر اللفظ المفضول لكن المناسب من حيث المعنى هو الخير مطلقا ولو فاضلا وهو الموافق لما في المنهاج الشيطان ربما يدعو إلى الخير لقصد الشر كالدعوة إلى المفضول للمنع عن الفاضل أو الدعوة إلى الخير ليجره إلى ذنب عظيم لا يفي خيره بذلك الشر من عجب أو غيره إلى آخر ما قال (إلى ذنب عظيم) ,أَيِ الْعَبْدُ بِذَلِكَ الْخَيْرِ ظَاهِرُ اللَّفْظِ الْمَفْضُولُ لَكِنِ الْمُنَاسِبُ مِنْ حَيْثُ الْمَعْنَى هُوَ الْخَيْرُ مُطْلَقًا وَلَوْ فَاضِلًا وَهُوَ الْمُوَافِقُ لِمَا فِي الْمِنْهَاجِ الشَّيْطَانُ رُبَّمَا يَدْعُو إِلَى الْخَيْرِ لِقَصْدِ الشَّرِّ كَالدَّعْوَةِ إِلَى الْمَفْضُولِ لِلْمَنْعِ عَنِ الْفَاضِلِ أَوِ الدَّعْوَةِ إِلَى الْخَيْرِ لِيَجُرَّهُ إِلَى ذَنْبٍ عَظِيمٍ لَا يَفِي خَيْرُهُ بِذَلِكَ الشَّرِّ مِنْ عَجَبٍ أَوْ غَيْرِهِ إِلَى آخِرِ مَا قَالَ (إِلَى ذَنْبٍ عَظِيمٍ) ,أَيِ الْعَبْدِ بِذَلِكَ الْخَيْرِ ظَاهِرُ اللَّفْظِ الْمَفْضُولِ لَكِنَّ الْمُنَاسِبَ مِنْ حَيْثُ الْمَعْنَى هُوَ الْخَيْرُ مُطْلَقًا وَلَوْ فَاضِلًا وَهُوَ الْمُوَافِقُ لِمَا فِي الْمِنْهَاجِ الشَّيْطَانُ رُبَّمَا يَدْعُو إِلَى الْخَيْرِ لِقَصْدِ الشَّرِّ كَالدَّعْوَةِ إِلَى الْمَفْضُولِ لِلْمَنْعِ عَنِ الْفَاضِلِ أَوِ الدَّعْوَةِ إِلَى الْخَيْرِ لِيَجُرَّهُ إِلَى ذَنْبٍ عَظِيمٍ لَا يَفِي خَيْرُهُ بِذَلِكَ الشَّرِّ مِنْ عَجَبٍ أَوْ غَيْرِهِ إِلَى آخِرِ مَا قَالَ (إِلَى ذَنْبٍ عَظِيمٍ)
"فإن رضي أمسك جاز ا ه.
من الشيخ سالم
الشرح
(15/11)
(قوله: من جانبين، أو أحدهما) راجع للمس والنبذ لا يخفى أن المعنى صحيح ولكن فعل الجاهلية يدل على واحد وهو البائع في المنابذة واللمس في المشتري فكان الرجلان يساومان السلعة فإذا لمسها المشتري، أو نبذها إليه البائع لزم البيع (قوله: ","فَإِنْ رَضِيَ أَمْسَكَ جَازَ ا ه.
مِنَ الشَّيْخِ سَالِمٍ
الشَّرْحُ
(15/11)
(قَوْلُهُ: مِنْ جَانِبَيْنِ، أَوْ أَحَدِهِمَا) رَاجِعٌ لِلَّمْسِ وَالنَّبْذِ لَا يَخْفَى أَنَّ الْمَعْنَى صَحِيحٌ وَلَكِنَّ فِعْلَ الْجَاهِلِيَّةِ يَدُلُّ عَلَى وَاحِدٍ وَهُوَ الْبَائِعُ فِي الْمُنَابَذَةِ وَاللَّمْسُ فِي الْمُشْتَرِي فَكَانَ الرَّجُلَانِ يُسَاوِمَانِ السِّلْعَةَ فَإِذَا لَمَسَهَا الْمُشْتَرِي، أَوْ نَبَذَهَا إِلَيْهِ الْبَائِعُ لَزِمَ الْبَيْعُ (قَوْلُهُ: ","فَإِنْ رَضِيَ أَمْسَكَ جَازَ ا ه.
مِنَ الشَّيْخِ سَالِمٍ
الشَّرْحُ
(15/11)
(قَوْلُهُ: مِنْ جَانِبَيْنِ، أَوْ أَحَدِهِمَا) رَاجِعٌ لِلْمَسِّ وَالنَّبْذِ لَا يَخْفَى أَنَّ الْمَعْنَى صَحِيحٌ وَلَكِنَّ فِعْلَ الْجَاهِلِيَّةِ يَدُلُّ عَلَى وَاحِدٍ وَهُوَ الْبَائِعُ فِي الْمُنَابَذَةِ وَاللَّمْسُ فِي الْمُشْتَرِي فَكَانَ الرَّجُلَانِ يُسَاوِمَانِ السِّلْعَةَ فَإِذَا لَمَسَهَا الْمُشْتَرِي، أَوْ نَبَذَهَا إِلَيْهِ الْبَائِعُ لَزِمَ الْبَيْعُ (قَوْلُهُ:"
لأن المراد بها اعتبار الإبانة بقوله الآتي وأبانه وكون الآتي مشتملا على زيادة على ما هنا من هذه الجهة لا ينافي أن ما هنا مشتمل على زيادة على الآتي من حيث شمول ما هنا دون الآتي بكسر من العضد ومن الفخذ وقوله وللتفريع أي بقوله فلو طلب الكوع مكن في الأصح وقوله الدافع إلخ لإفادة هذا التفريع ذلك الحكم (قوله: ,لِأَنَّ الْمُرَادَ بِهَا اعْتِبَارُ الْإِبَانَةِ بِقَوْلِهِ الْآتِي وَأَبَانَهُ وَكَوْنُ الْآتِي مُشْتَمِلًا عَلَى زِيَادَةٍ عَلَى مَا هُنَا مِنْ هَذِهِ الْجِهَةِ لَا يُنَافِي أَنَّ مَا هُنَا مُشْتَمِلٌ عَلَى زِيَادَةٍ عَلَى الْآتِي مِنْ حَيْثُ شُمُولُ مَا هُنَا دُونَ الْآتِي بِكَسْرٍ مِنَ الْعَضُدِ وَمِنَ الْفَخْذِ وَقَوْلُهُ وَلِلتَّفْرِيعِ أَيْ بِقَوْلِهِ فَلَوْ طَلَبَ الْكُوعَ مُكِّنَ فِي الْأَصَحِّ وَقَوْلُهُ الدَّافِعُ إِلَخْ لِإِفَادَةِ هَذَا التَّفْرِيعِ ذَلِكَ الْحُكْمَ (قَوْلُهُ: ,لِأَنَّ الْمُرَادَ بِهَا اعْتِبَارُ الْإِبَانَةِ بِقَوْلِهِ الْآتِي وَأَبَانَهُ وَكَوْنُ الْآتِي مُشْتَمِلًا عَلَى زِيَادَةٍ عَلَى مَا هُنَا مِنْ هَذِهِ الْجِهَةِ لَا يُنَافِي أَنَّ مَا هُنَا مُشْتَمِلٌ عَلَى زِيَادَةٍ عَلَى الْآتِي مِنْ حَيْثُ شُمُولُ مَا هُنَا دُونَ الْآتِي بِكَسْرٍ مِنَ الْعَضُدِ وَمِنَ الْفَخِذِ وَقَوْلُهُ وَلِلتَّفْرِيعِ أَيْ بِقَوْلِهِ فَلَوْ طَلَبَ الْكُوعَ مَكَّنَ فِي الْأَصَحِّ وَقَوْلُهُ الدَّافِعُ إِلَخْ لِإِفَادَةِ هَذَا التَّفْرِيعِ ذَلِكَ الْحُكْمَ (قَوْلُهُ:
شرط انعقاد وشرط صحة وشرط نفاذ وشرط لزوم فالأول أربعة أنواع في العاقد وفي نفس العقد وفي مكان العقد وفي المعقود عليه فشرائط العاقد: العقل فلا ينعقد بيع المجنون والصبي الذي لا يعقل، والعدد في العاقد فلا ينعقد بالوكيل من الجانبين إلا في الأب ووصيه، ,شَرْطُ انْعِقَادٍ وَشَرْطُ صِحَّةٍ وَشَرْطُ نَفَاذٍ وَشَرْطُ لُزُومٍ فَالْأَوَّلُ أَرْبَعَةُ أَنْوَاعٍ فِي الْعَاقِدِ وَفِي نَفْس الْعَقْدِ وَفِي مَكَانِ الْعَقْدِ وَفِي الْمَعْقُودِ عَلَيْهِ فَشَرَائِطُ الْعَاقِدِ: الْعَقْلُ فَلَا يَنْعَقِدُ بَيْعُ الْمَجْنُونِ وَالصَّبِيِّ الَّذِي لَا يَعْقِلُ، وَالْعَدَدُ فِي الْعَاقِدِ فَلَا يَنْعَقِدُ بِالْوَكِيلِ مِنَ الْجَانِبَيْنِ إِلَّا فِي الْأَبِ وَوَصِيِّهِ، ,شَرْطُ انْعِقَادٍ وَشَرْطُ صِحَّةٍ وَشَرْطُ نَفَاذٍ وَشَرْطُ لُزُومٍ فَالْأَوَّلُ أَرْبَعَةُ أَنْوَاعٍ فِي الْعَاقِدِ وَفِي نَفْسِ الْعَقْدِ وَفِي مَكَانِ الْعَقْدِ وَفِي الْمَعْقُودِ عَلَيْهِ فَشَرَائِطُ الْعَاقِدِ: الْعَقْلُ فَلَا يَنْعَقِدُ بَيْعُ الْمَجْنُونِ وَالصَّبِيِّ الَّذِي لَا يَعْقِلُ، وَالْعَدَدُ فِي الْعَاقِدِ فَلَا يَنْعَقِدُ بِالْوَكِيلِ مِنَ الْجَانِبَيْنِ إِلَّا فِي الْأَبِ وَوَصِيِّهِ،
"ولو قالت طلقني ثلاثا ثم قالت كذبت ما طلقني إلا واحدة أو ثنتين فلها التزوج به بغير تحليل قاله في الأنوار ووجهه أنها لم (15/44)
تبطل برجوعها حقا لغيرها
الشرح
(15/45)
(قوله يقبل قولها في التحليل) ","وَلَوْ قَالَتْ طَلَّقَنِي ثَلَاثًا ثُمَّ قَالَتْ كَذَبْت مَا طَلَّقَنِي إِلَّا وَاحِدَةً أَوْ ثِنْتَيْنِ فَلَهَا التَّزَوُّجُ بِهِ بِغَيْرِ تَحْلِيلٍ قَالَهُ فِي الْأَنْوَارِ وَوَجْهُهُ أَنَّهَا لَمْ (15/44)
تَبْطُلْ بِرُجُوعِهَا حَقًّا لِغَيْرِهَا
الشَّرْحُ
(15/45)
(قَوْلُهُ يُقْبَلُ قَوْلُهَا فِي التَّحْلِيلِ) ","وَلَوْ قَالَتْ طَلِّقْنِي ثَلَاثًا ثُمَّ قَالَتْ كَذَبْت مَا طَلَّقَنِي إِلَّا وَاحِدَةً أَوْ ثِنْتَيْنِ فَلَهَا التَّزَوُّجُ بِهِ بِغَيْرِ تَحْلِيلٍ قَالَهُ فِي الْأَنْوَارِ وَوَجْهُهُ أَنَّهَا لَمْ (15/44)
تَبْطُلْ بِرُجُوعِهَا حَقًّا لِغَيْرِهَا
الشَّرْحُ
(15/45)
(قَوْلُهُ يُقْبَلُ قَوْلُهَا فِي التَّحْلِيلِ)"
"حدثنا يعقوب حدثنا أبي عن ابن إسحاق حدثني محمد بن إبراهيم بن الحارث عن عمر بن الحكم بن ثوبان وكان ثقة عن أبو لاس الخزاعي قال حملنا رسول الله صلى الله عليه وسلم على إبل من إبل الصدقة ضعاف إلى الحج قال فقلنا له يا رسول الله إن هذه الإبل ضعاف نخشى أن لا تحملنا قال فقال رسول الله صلى الله عليه وسلم ما من بعير إلا في ذروته شيطان فاركبوهن واذكروا اسم الله عليهن كما أمرتم ثم امتهنوهن لأنفسكم فإنما يحمل الله عز وجل (29/459)
","حَدَّثَنَا يَعْقُوبُ حَدَّثَنَا أَبِي عَنِ ابْنِ إِسْحَاقَ حَدَّثَنِي مُحَمَّدُ بْنُ إِبْرَاهِيمَ بْنِ الْحَارِثِ عَنْ عُمَرَ بْنِ الْحَكَمِ بْنِ ثَوْبَانَ وَكَانَ ثِقَةً عَنِ أَبُو لَاسٍ الْخُزَاعِيِّ قَالَ حَمَلَنَا رَسُولُ اللَّهِ صَلَّى اللَّهُ عَلَيْهِ وَسَلَّمَ عَلَى إِبِلٍ مِنْ إِبِلِ الصَّدَقَةِ ضِعَافٍ إِلَى الْحَجِّ قَالَ فَقُلْنَا لَهُ يَا رَسُولَ اللَّهِ إِنَّ هَذِهِ الْإِبِلَ ضِعَافٌ نَخْشَى أَنْ لَا تَحْمِلَنَا قَالَ فَقَالَ رَسُولُ اللَّهِ صَلَّى اللَّهُ عَلَيْهِ وَسَلَّمَ مَا مِنْ بَعِيرٍ إِلَّا فِي ذُرْوَتِهِ شَيْطَانٌ فَارْكَبُوهُنَّ وَاذْكُرُوا اسْمَ اللَّهِ عَلَيْهِنَّ كَمَا أُمِرْتُمْ ثُمَّ امْتَهِنُوهُنَّ لِأَنْفُسِكُمْ فَإِنَّمَا يَحْمِلُ اللَّهُ عَزَّ وَجَلَّ (29/459)
",حَدَّثَنَا يَعْقُوبُ حَدَّثَنَا أَبِي عَنِ ابْنِ إِسْحَاقَ حَدَّثَنِي مُحَمَّدُ بْنُ إِبْرَاهِيمَ بْنِ الْحَارِثِ عَنْ عُمَرَ بْنِ الْحَكَمِ بْنِ ثَوْبَانَ وَكَانَ ثِقَةً عَنْ أَبُو لَاسٍ الْخُزَاعِيُّ قَالَ حَمَلَنَا رَسُولُ اللَّهِ صَلَّى اللَّهُ عَلَيْهِ وَسَلَّمَ عَلَى إِبِلٍ مِنْ إِبِلِ الصَّدَقَةِ ضِعَافٍ إِلَى الْحَجِّ قَالَ فَقُلْنَا لَهُ يَا رَسُولَ اللَّهِ إِنَّ هَذِهِ الْإِبِلَ ضِعَافٌ نَخْشَى أَنْ لَا تَحْمِلَنَا قَالَ فَقَالَ رَسُولُ اللَّهِ صَلَّى اللَّهُ عَلَيْهِ وَسَلَّمَ مَا مِنْ بَعِيرٍ إِلَّا فِي ذُرْوَتِهِ شَيْطَانٌ فَارْكَبُوهُنَّ وَاذْكُرُوا اسْمَ اللَّهِ عَلَيْهِنَّ كَمَا أُمِرْتُمْ ثُمَّ امْتَهِنُوهُنَّ لِأَنْفُسِكُمْ فَإِنَّمَا يَحْمِلُ اللَّهُ عَزَّ وَجَلَّ (29/459)
"لأنه يبصر بالعين الواحدة ما يبصر بالعينين، ولا يعمل بيد واحدة ما يعمل بيدين، ولا يسعى برجل واحدة سعيه برجلين قال، وأما السمع فيسأل عنه فإن كان يسمع بالأذن الواحدة كما يسمع بالأذنين فهو كالبصر، وإلا فهو كاليد والرجل.
(مسألة) ولو ضرب ضربة أذهبت نصف بصر إحدى عينيه، ثم ضرب ضربة أخرى أذهبت الصحيحة فقد قال أشهب له ثلثا الدية؛ ","لِأَنَّهُ يُبْصِرُ بِالْعَيْنِ الْوَاحِدَةِ مَا يُبْصِرُ بِالْعَيْنَيْنِ، وَلَا يَعْمَلُ بِيَدٍ وَاحِدَةٍ مَا يَعْمَلُ بِيَدَيْنِ، وَلَا يَسْعَى بِرِجْلٍ وَاحِدَةٍ سَعْيُهُ بِرِجْلَيْنِ قَالَ، وَأَمَّا السَّمْعُ فَيُسْأَلُ عَنْهُ فَإِنْ كَانَ يَسْمَعُ بِالْأُذُنِ الْوَاحِدَةِ كَمَا يَسْمَعُ بِالْأُذُنَيْنِ فَهُوَ كَالْبَصَرِ، وَإِلَّا فَهُوَ كَالْيَدِ وَالرِّجْلِ.
(مَسْأَلَةٌ) وَلَوْ ضُرِبَ ضَرْبَةً أَذْهَبَتْ نِصْفَ بَصَرِ إِحْدَى عَيْنَيْهِ، ثُمَّ ضُرِبَ ضَرْبَةً أُخْرَى أَذْهَبَتِ الصَّحِيحَةَ فَقَدْ قَالَ أَشْهَبُ لَهُ ثُلُثَا الدِّيَةِ؛ ","لِأَنَّهُ يُبْصِرُ بِالْعَيْنِ الْوَاحِدَةِ مَا يُبْصِرُ بِالْعَيْنَيْنِ، وَلَا يَعْمَلُ بِيَدٍ وَاحِدَةٍ مَا يَعْمَلُ بِيَدَيْنِ، وَلَا يَسْعَى بِرِجْلٍ وَاحِدَةٍ سَعْيَهُ بِرِجْلَيْنِ قَالَ، وَأَمَّا السَّمْعُ فَيُسْأَلُ عَنْهُ فَإِنْ كَانَ يَسْمَعُ بِالْأُذُنِ الْوَاحِدَةِ كَمَا يَسْمَعُ بِالْأُذُنَيْنِ فَهُوَ كَالْبَصَرِ، وَإِلَّا فَهُوَ كَالْيَدِ وَالرِّجْلِ.
(مَسْأَلَةٌ) وَلَوْ ضَرَبَ ضَرْبَةً أَذْهَبَتْ نِصْفَ بَصَرِ إِحْدَى عَيْنَيْهِ، ثُمَّ ضَرَبَ ضَرْبَةً أُخْرَى أَذْهَبَتِ الصَّحِيحَةَ فَقَدْ قَالَ أَشْهَبُ لَهُ ثُلُثَا الدِّيَةِ؛"
رواه مسلم وهو مبين لخبره الآتي (إلا في الحيعلتين فإنه يحولق) ,رَوَاهُ مُسْلِمٌ وَهُوَ مُبَيِّنٌ لِخَبَرِهِ الْآتِي (إِلَّا فِي الْحَيْعَلَتَيْنِ فَإِنَّهُ يُحَوْلِقُ) ,رَوَاهُ مُسْلِمٌ وَهُوَ مُبَيِّنٌ لِخَبَرِهِ الْآتِي (إِلَّا فِي الْحَيْعَلَتَيْنِ فَإِنَّهُ يُحَوَّلَقُ)
فإنه والحالة ما ذكر يصلي ما شاء بتلك النية، فلعل الغرض من هذا أنه لا يتعين حمل ما نواه على ركعة بل إن شاء اقتصر على ركعة أو يزيد كما يفهم من قول المصنف الآتي، ولا حصر للنفل المطلق، وقوله مع صحة الركعة المراد به أنه إذا أطلق النية لم يتعين حمله على الركعة وإن صحت نيتها استقلالا (قوله: ,فَإِنَّهُ وَالْحَالَةُ مَا ذُكِرَ يُصَلِّي مَا شَاءَ بِتِلْكَ النِّيَّةِ، فَلَعَلَّ الْغَرَضَ مِنْ هَذَا أَنَّهُ لَا يَتَعَيَّنُ حَمْلُ مَا نَوَاهُ عَلَى رَكْعَةٍ بَلْ إِنْ شَاءَ اقْتَصَرَ عَلَى رَكْعَةٍ أَوْ يَزِيدُ كَمَا يُفْهَمُ مِنْ قَوْلِ الْمُصَنِّفِ الْآتِي، وَلَا حَصْرَ لِلنَّفْلِ الْمُطْلَقِ، وَقَوْلُهُ مَعَ صِحَّةِ الرَّكْعَةِ الْمُرَادُ بِهِ أَنَّهُ إِذَا أَطْلَقَ النِّيَّةَ لَمْ يَتَعَيَّنْ حَمْلُهُ عَلَى الرَّكْعَةِ وَإِنْ صَحَّتْ نِيَّتُهَا اسْتِقْلَالًا (قَوْلُهُ: ,فَإِنَّهُ وَالْحَالَةُ مَا ذُكِرَ يُصَلِّي مَا شَاءَ بِتِلْكَ النِّيَّةِ، فَلَعَلَّ الْغَرَضَ مِنْ هَذَا أَنَّهُ لَا يَتَعَيَّنُ حَمْلُ مَا نَوَاهُ عَلَى رَكْعَةٍ بَلْ إِنْ شَاءَ اقْتَصَرَ عَلَى رَكْعَةٍ أَوْ يَزِيدُ كَمَا يُفْهَمُ مِنْ قَوْلِ الْمُصَنِّفِ الْآتِي، وَلَا حَصْرَ لِلنَّفْلِ الْمُطْلَقِ، وَقَوْلُهُ مَعَ صِحَّةِ الرَّكْعَةِ الْمُرَادُ بِهِ أَنَّهُ إِذَا أَطْلَقَ النِّيَّةَ لَمْ يَتَعَيَّنْ حَمْلُهُ عَلَى الرَّكْعَةِ وَإِنْ صَحَّتْ نِيَّتُهَا اسْتِقْلَالًا (قَوْلُهُ:
"حدثنا يحيى بن آدم قال حدثنا عصام بن قدامة البجلي قال حدثني مالك بن نمير الخزاعي عن أبيه قال رأيت رسول الله صلى الله عليه وسلم وهو قاعد في الصلاة قد وضع ذراعه اليمنى على فخذه اليمنى رافعا بأصبعه السبابة قد حناها شيئا وهو يدعو (25/200)
15867 - حدثنا وكيع حدثنا عصام بن قدامة عن مالك بن نمير الخزاعي (25/201)
","حَدَّثَنَا يَحْيَى بْنُ آدَمَ قَالَ حَدَّثَنَا عِصَامُ بْنُ قُدَامَةَ الْبَجَلِيُّ قَالَ حَدَّثَنِي مَالِكُ بْنُ نُمَيْرٍ الْخُزَاعِيُّ عَنْ أَبِيهِ قَالَ رَأَيْتُ رَسُولَ اللَّهِ صَلَّى اللَّهُ عَلَيْهِ وَسَلَّمَ وَهُوَ قَاعِدٌ فِي الصَّلَاةِ قَدْ وَضَعَ ذِرَاعَهُ الْيُمْنَى عَلَى فَخِذِهِ الْيُمْنَى رَافِعًا بِأُصْبُعِهِ السَّبَّابَةِ قَدْ حَنَاهَا شَيْئًا وَهُوَ يَدْعُو (25/200)
15867 - حَدَّثَنَا وَكِيعٌ حَدَّثَنَا عِصَامُ بْنُ قُدَامَةَ عَنْ مَالِكِ بْنِ نُمَيْرٍ الْخُزَاعِيِّ (25/201)
","حَدَّثَنَا يَحْيَى بْنُ آدَمَ قَالَ حَدَّثَنَا عِصَامُ بْنُ قُدَامَةَ الْبَجَلِيُّ قَالَ حَدَّثَنِي مَالِكُ بْنُ نُمَيْرٍ الْخُزَاعِيُّ عَنْ أَبِيهِ قَالَ رَأَيْتُ رَسُولَ اللَّهِ صَلَّى اللَّهُ عَلَيْهِ وَسَلَّمَ وَهُوَ قَاعِدٌ فِي الصَّلَاةِ قَدْ وَضَعَ ذِرَاعَهُ الْيُمْنَى عَلَى فَخِذِهِ الْيُمْنَى رَافِعًا بِأُصْبُعِهِ السَّبَّابَةِ قَدْ حَنَاهَا شَيْئًا وَهُوَ يَدْعُو (25/200)
15867 - حَدَّثَنَا وَكِيعٌ حَدَّثَنَا عِصَامُ بْنُ قُدَامَةَ عَنْ مَالِكِ بْنِ نُمَيْرٍ الْخُزَاعِيِّ (25/201)"
والتاء إما للنقل من الوصفية إلى الاسمية أو لاعتباره مؤنثا كما قالوا: في لفظ الحقيقة احتمالات، ورجح أنها إن كانت بمعنى الوصف أي ذات مؤنثة ثبت لها صفة التقديم، واعتبار معنى التقديم فيها لصحة إطلاق الاسم كالضاربة فإطلاقها على الطائفة المذكورة حقيقة إن كان باعتبار أنها من أفراد هذا المفهوم، ,وَالتَّاءُ إِمَّا لِلنَّقْلِ مِنَ الْوَصْفِيَّةِ إِلَى الِاسْمِيَّةِ أَوْ لِاعْتِبَارِهِ مُؤَنَّثًا كَمَا قَالُوا: فِي لَفْظِ الْحَقِيقَةِ احْتِمَالَاتٌ، وَرَجَحَ أَنَّهَا إِنْ كَانَتْ بِمَعْنَى الْوَصْفِ أَيْ ذَاتٍ مُؤَنَّثَةٍ ثَبَتَ لَهَا صِفَةُ التَّقْدِيمِ، وَاعْتِبَارُ مَعْنَى التَّقْدِيمِ فِيهَا لِصِحَّةِ إِطْلَاقِ الِاسْمِ كَالضَّارِبَةِ فَإِطْلَاقُهَا عَلَى الطَّائِفَةِ الْمَذْكُورَةِ حَقِيقَةٌ إِنْ كَانَ بِاعْتِبَارِ أَنَّهَا مِنْ أَفْرَادِ هَذَا الْمَفْهُومِ، ,وَالتَّاءُ إِمَّا لِلنَّقْلِ مِنَ الْوَصْفِيَّةِ إِلَى الِاسْمِيَّةِ أَوْ لِاعْتِبَارِهِ مُؤَنَّثًا كَمَا قَالُوا: فِي لَفْظِ الْحَقِيقَةِ احْتِمَالَاتٌ، وَرَجَّحَ أَنَّهَا إِنْ كَانَتْ بِمَعْنَى الْوَصْفِ أَيْ ذَاتٍ مُؤَنَّثَةٍ ثَبَتَ لَهَا صِفَةُ التَّقْدِيمِ، وَاعْتِبَارُ مَعْنَى التَّقْدِيمِ فِيهَا لِصِحَّةِ إِطْلَاقِ الِاسْمِ كَالضَّارِبَةِ فَإِطْلَاقُهَا عَلَى الطَّائِفَةِ الْمَذْكُورَةِ حَقِيقَةً إِنْ كَانَ بِاعْتِبَارِ أَنَّهَا مِنْ أَفْرَادِ هَذَا الْمَفْهُومِ،
وهذا؛ لأنه إذا كان معها ولد، فثبوت نسب الولد بمنزلة الشاهد لها في إبطال حق الغير فكذلك في دفع حكم الحجر عن تصرفه بخلاف ما إذا لم يكن معها ولد، فإنه لا شاهد له هنا فإقراره لها بحق العتق بمنزلة إقراره بحقيقة الحرية، فلا يقدر على بيعها بعد ذلك، ويسعى في قيمتها بعد موته كما لو أعتقها، ,وَهَذَا؛ لِأَنَّهُ إِذَا كَانَ مَعَهَا وَلَدٌ، فَثُبُوتُ نَسَبِ الْوَلَدِ بِمَنْزِلَةِ الشَّاهِدِ لَهَا فِي إِبْطَالِ حَقِّ الْغَيْرِ فَكَذَلِكَ فِي دَفْعِ حُكْمِ الْحَجْرِ عَنْ تَصَرُّفِهِ بِخِلَافِ مَا إِذَا لَمْ يَكُنْ مَعَهَا وَلَدٌ، فَإِنَّهُ لَا شَاهِدَ لَهُ هُنَا فَإِقْرَارُهُ لَهَا بِحَقِّ الْعِتْقِ بِمَنْزِلَةِ إِقْرَارِهِ بِحَقِيقَةِ الْحُرِّيَّةِ، فَلَا يَقْدِرُ عَلَى بَيْعِهَا بَعْدَ ذَلِكَ، وَيَسْعَى فِي قِيمَتِهَا بَعْدَ مَوْتِهِ كَمَا لَوْ أَعْتَقَهَا، ,وَهَذَا؛ لِأَنَّهُ إِذَا كَانَ مَعَهَا وَلَدٌ، فَثُبُوتُ نَسَبِ الْوَلَدِ بِمَنْزِلَةِ الشَّاهِدِ لَهَا فِي إِبْطَالِ حَقِّ الْغَيْرِ فَكَذَلِكَ فِي دَفْعِ حُكْمِ الْحَجْرِ عَنْ تَصَرُّفِهِ بِخِلَافِ مَا إِذَا لَمْ يَكُنْ مَعَهَا وَلَدٌ، فَإِنَّهُ لَا شَاهِدَ لَهُ هُنَا فَإِقْرَارُهُ لَهَا بِحَقِّ الْعِتْقِ بِمَنْزِلَةِ إِقْرَارِهِ بِحَقِيقَةِ الْحُرِّيَّةِ، فَلَا يَقْدِرُ عَلَى بَيْعِهَا بَعْدَ ذَلِكَ، وَيَسْعَى فِي قِيمَتِهَا بَعْدَ مَوْتِهِ كَمَا لَوْ أَعْتَقَهَا،
كقوله إن قمت فأنت طالق فلا تطلق حتى تقوم؛ لأن لو تستعمل شرطية كإن (و) إن قال لزوجته (إن دخلت الدار فأنت طالق؛ وإن دخلت ضرتك ف) متى (دخلت الأولى طلقت) لوجود الصفة، دخلت ضرتها أو لا و (لا) تطلق (الأخرى) بدخولها الدار؛ لأنه لم يعلق طلاقها (بدخولها، فإن أراد جعل الثاني) ,كَقَوْلِهِ إِنْ قُمْتِ فَأَنْتِ طَالِقٌ فَلَا تَطْلُقُ حَتَّى تَقُومَ؛ لِأَنَّ لَوْ تُسْتَعْمَلُ شَرْطِيَّةً كَإِنْ (وَ) إِنْ قَالَ لِزَوْجَتِهِ (إِنْ دَخَلْتِ الدَّارَ فَأَنْتِ طَالِقٌ؛ وَإِنْ دَخَلَتْ ضَرَّتُكِ فَ) مَتَى (دَخَلَتِ الْأُولَى طَلُقَتْ) لِوُجُودِ الصِّفَةِ، دَخَلَتْ ضَرَّتُهَا أَوْ لَا وَ (لَا) تَطْلُقُ (الْأُخْرَى) بِدُخُولِهَا الدَّارَ؛ لِأَنَّهُ لَمْ يُعَلِّقْ طَلَاقَهَا (بِدُخُولِهَا، فَإِنْ أَرَادَ جَعَلَ الثَّانِيَ) ,كَقَوْلِهِ إِنْ قُمْتِ فَأَنْتِ طَالِقٌ فَلَا تَطْلُقُ حَتَّى تَقُومَ؛ لِأَنَّ لَوْ تُسْتَعْمَلُ شَرْطِيَّةً كَإِنْ (وَ) إِنْ قَالَ لِزَوْجَتِهِ (إِنْ دَخَلْتِ الدَّارَ فَأَنْتِ طَالِقٌ؛ وَإِنْ دَخَلَتْ ضَرَّتُكِ فَ) مَتَى (دَخَلَتِ الْأُولَى طَلُقَتْ) لِوُجُودِ الصِّفَةِ، دَخَلَتْ ضَرَّتُهَا أَوْ لَا وَ (لَا) تَطْلُقُ (الْأُخْرَى) بِدُخُولِهَا الدَّارَ؛ لِأَنَّهُ لَمْ يُعَلِّقْ طَلَاقَهَا (بِدُخُولِهَا، فَإِنْ أَرَادَ جَعَلَ الثَّانِيَ)
"إنما قيد بالإذن لقوله الأوجه فإنه حيث لا إذن لا رجوع له بما أداه فالدين الذي ضمنه على غير حكمه حكم ما لزمه من الديون قطعا (قوله: لعدم استقرار ملكه) أي كل من الوارث والموصى له، أما الوارث فلاحتمال قبول الموصى له وأما الموصى له فلاحتمال عدم قبوله.
(قوله: في زمن الخيار) ","إِنَّمَا قَيَّدَ بِالْإِذْنِ لِقَوْلِهِ الْأَوْجَهُ فَإِنَّهُ حَيْثُ لَا إِذْنَ لَا رُجُوعَ لَهُ بِمَا أَدَّاهُ فَالدَّيْنُ الَّذِي ضَمِنَهُ عَلَى غَيْرِ حُكْمِهِ حُكْمُ مَا لَزِمَهُ مِنَ الدُّيُونِ قَطْعًا (قَوْلُهُ: لِعَدَمِ اسْتِقْرَارِ مِلْكِهِ) أَيْ كُلٍّ مِنَ الْوَارِثِ وَالْمُوصَى لَهُ، أَمَّا الْوَارِثُ فَلِاحْتِمَالِ قَبُولِ الْمُوصَى لَهُ وَأَمَّا الْمُوصَى لَهُ فَلِاحْتِمَالِ عَدَمِ قَبُولِهِ.
(قَوْلُهُ: فِي زَمَنِ الْخِيَارِ) ","إِنَّمَا قَيَّدَ بِالْإِذْنِ لِقَوْلِهِ الْأَوْجَهُ فَإِنَّهُ حَيْثُ لَا إِذْنَ لَا رُجُوعَ لَهُ بِمَا أَدَّاهُ فَالدَّيْنُ الَّذِي ضَمِنَهُ عَلَى غَيْرِ حُكْمِهِ حُكْمُ مَا لَزِمَهُ مِنَ الدُّيُونِ قَطْعًا (قَوْلُهُ: لِعَدَمِ اسْتِقْرَارِ مِلْكِهِ) أَيْ كُلٍّ مِنَ الْوَارِثِ وَالْمُوصَى لَهُ، أَمَّا الْوَارِثُ فَلِاحْتِمَالِ قَبُولِ الْمُوصَى لَهُ وَأَمَّا الْمُوصَى لَهُ فَلِاحْتِمَالِ عَدَمِ قَبُولِهِ.
(قَوْلُهُ: فِي زَمَنِ الْخِيَارِ)"
"عن فرخه معصية ومنها لو وقف على غصن في الحل، وأصل الشجرة في الحرم ورمى إلى صيد في الحل أو كان (7/289)
الغصن في الحرم والشجرة والصيد في الحل وينبغي أن يكون الواقف على الغصن حكمه كحكم الطائر إذا كان على الغصن فلا ضمان في الأولى وضمن في الثانية.
","عَنْ فَرْخِهِ مَعْصِيَةٌ وَمِنْهَا لَوْ وَقَفَ عَلَى غُصْنٍ فِي الْحِلِّ، وَأَصْلُ الشَّجَرَةِ فِي الْحَرَمِ وَرَمَى إِلَى صَيْدٍ فِي الْحِلِّ أَوْ كَانَ (7/289)
الْغُصْنُ فِي الْحَرَمِ وَالشَّجَرَةُ وَالصَّيْدُ فِي الْحِلِّ وَيَنْبَغِي أَنْ يَكُونَ الْوَاقِفُ عَلَى الْغُصْنِ حُكْمُهُ كَحُكْمِ الطَّائِرِ إِذَا كَانَ عَلَى الْغُصْنِ فَلَا ضَمَانَ فِي الْأُولَى وَضَمِنَ فِي الثَّانِيَةِ.
","عَنْ فَرْخِهِ مَعْصِيَةٌ وَمِنْهَا لَوْ وَقَفَ عَلَى غُصْنٍ فِي الْحِلِّ، وَأَصْلِ الشَّجَرَةِ فِي الْحَرَمِ وَرَمَى إِلَى صَيْدٍ فِي الْحِلِّ أَوْ كَانَ (7/289)
الْغُصْنُ فِي الْحَرَمِ وَالشَّجَرَةُ وَالصَّيْدُ فِي الْحِلِّ وَيَنْبَغِي أَنْ يَكُونَ الْوَاقِفُ عَلَى الْغُصْنِ حُكْمُهُ كَحُكْمِ الطَّائِرِ إِذَا كَانَ عَلَى الْغُصْنِ فَلَا ضَمَانَ فِي الْأُولَى وَضَمِنَ فِي الثَّانِيَةِ."
"أي: ولا تقيد ذلك بما قيدت به المسألة قبلها كما هو قضية إطلاقه، والمعنى يشهد بأنه مراده نعم لو كان الجرح قدر الدية فما أدري ماذا يقول بر (17/337)
(قوله: لوجود جهة الولاء بكل حال) ","أَيْ: وَلَا تُقَيَّدُ ذَلِكَ بِمَا قُيِّدَتْ بِهِ الْمَسْأَلَةُ قَبْلَهَا كَمَا هُوَ قَضِيَّةُ إِطْلَاقِهِ، وَالْمَعْنَى يَشْهَدُ بِأَنَّهُ مُرَادُهُ نَعَمْ لَوْ كَانَ الْجُرْحُ قَدْرَ الدِّيَةِ فَمَا أَدْرِي مَاذَا يَقُولُ بِرّ (17/337)
(قَوْلُهُ: لِوُجُودِ جِهَةِ الْوَلَاءِ بِكُلِّ حَالٍ) ","أَيْ: وَلَا تُقَيَّدُ ذَلِكَ بِمَا قُيِّدَتْ بِهِ الْمَسْأَلَةُ قَبْلَهَا كَمَا هُوَ قَضِيَّةُ إِطْلَاقِهِ، وَالْمَعْنَى يَشْهَدُ بِأَنَّهُ مُرَادُهُ نَعَمْ لَوْ كَانَ الْجُرْحُ قَدْرَ الدِّيَةِ فَمَا أَدْرِي مَاذَا يَقُولُ بِرّ (17/337)
(قَوْلُهُ: لِوُجُودِ جِهَةِ الْوَلَاءِ بِكُلِّ حَالٍ)"
وهذا استحسان والقياس أن لا يضمن في الوجهين وهو قول زفر والشافعي رحمهما الله؛ لأن الغصب في الحر لا يتحقق ألا ترى أنه لا يتحقق في المكاتب وإن كان صغيرا لكونه حرا يدا مع أنه رقيق رقبة فالحر يدا ورقبة أولى أن لا يضمن به وجه الاستحسان أن هذا ضمان إتلاف لا ضمان غصب، والصبي يضمن بالإتلاف، ,وَهَذَا اسْتِحْسَانٌ وَالْقِيَاسُ أَنْ لَا يَضْمَنَ فِي الْوَجْهَيْنِ وَهُوَ قَوْلُ زُفَرَ وَالشَّافِعِيِّ رَحِمَهُمَا اللَّهُ؛ لِأَنَّ الْغَصْبَ فِي الْحُرِّ لَا يَتَحَقَّقُ أَلَا تَرَى أَنَّهُ لَا يَتَحَقَّقُ فِي الْمُكَاتَبِ وَإِنْ كَانَ صَغِيرًا لِكَوْنِهِ حُرًّا يَدًا مَعَ أَنَّهُ رَقِيقٌ رَقَبَةً فَالْحُرُّ يَدًا وَرَقَبَةً أَوْلَى أَنْ لَا يَضْمَنَ بِهِ وَجْهُ الِاسْتِحْسَانِ أَنَّ هَذَا ضَمَانُ إِتْلَافٍ لَا ضَمَانُ غَصْبٍ، وَالصَّبِيُّ يَضْمَنُ بِالْإِتْلَافِ، ,وَهَذَا اسْتِحْسَانٌ وَالْقِيَاسُ أَنْ لَا يَضْمَنَ فِي الْوَجْهَيْنِ وَهُوَ قَوْلُ زُفَرَ وَالشَّافِعِيِّ رَحِمَهُمَا اللَّهُ؛ لِأَنَّ الْغَصْبَ فِي الْحُرِّ لَا يَتَحَقَّقُ أَلَا تَرَى أَنَّهُ لَا يَتَحَقَّقُ فِي الْمُكَاتَبِ وَإِنْ كَانَ صَغِيرًا لِكَوْنِهِ حُرًّا يَدًا مَعَ أَنَّهُ رَقِيقُ رَقَبَةٍ فَالْحُرُّ يَدًا وَرَقَبَةً أَوْلَى أَنْ لَا يَضْمَنَ بِهِ وَجْهُ الِاسْتِحْسَانِ أَنَّ هَذَا ضَمَانُ إِتْلَافٍ لَا ضَمَانُ غَصْبٍ، وَالصَّبِيُّ يَضْمَنُ بِالْإِتْلَافِ،
"للمضطر (قتاله) أي الممتنع مما ذكر عليه (ولا يجب) قتاله كالصائل بل أولى؛ ولأن عقل المالك ودينه يبعثانه على الإطعام، وهو واجب عليه فجاز أن يجعل الأمر موكولا إليه (لكن) إنما يجوز قتاله (على ما يدفع ضرورته) ، وهو ما يسد الرمق إلا أن يخشى الهلاك؛ لأن الضرورة تتقدر بقدرها.
(ولا يقتص منه) ","لِلْمُضْطَرِّ (قِتَالُهُ) أَيِ الْمُمْتَنِعِ مِمَّا ذُكِرَ عَلَيْهِ (وَلَا يَجِبُ) قِتَالُهُ كَالصَّائِلِ بَلْ أَوْلَى؛ وَلِأَنَّ عَقْلَ الْمَالِكِ وَدِينَهُ يَبْعَثَانِهِ عَلَى الْإِطْعَامِ، وَهُوَ وَاجِبٌ عَلَيْهِ فَجَازَ أَنْ يُجْعَلَ الْأَمْرُ مَوْكُولًا إِلَيْهِ (لَكِنْ) إِنَّمَا يَجُوزُ قِتَالُهُ (عَلَى مَا يَدْفَعُ ضَرُورَتَهُ) ، وَهُوَ مَا يَسُدُّ الرَّمَقَ إِلَّا أَنْ يُخْشَى الْهَلَاكُ؛ لِأَنَّ الضَّرُورَةَ تَتَقَدَّرُ بِقَدْرِهَا.
(وَلَا يُقْتَصُّ مِنْهُ) ","لِلْمُضْطَرِّ (قِتَالُهُ) أَيِ الْمُمْتَنِعُ مِمَّا ذُكِرَ عَلَيْهِ (وَلَا يَجِبُ) قِتَالُهُ كَالصَّائِلِ بَلْ أَوْلَى؛ وَلِأَنَّ عَقْلَ الْمَالِكِ وَدِينَهُ يَبْعَثَانِهِ عَلَى الْإِطْعَامِ، وَهُوَ وَاجِبٌ عَلَيْهِ فَجَازَ أَنْ يُجْعَلَ الْأَمْرُ مَوْكُولًا إِلَيْهِ (لَكِنْ) إِنَّمَا يَجُوزُ قِتَالُهُ (عَلَى مَا يَدْفَعُ ضَرُورَتَهُ) ، وَهُوَ مَا يَسُدُّ الرَّمَقَ إِلَّا أَنْ يَخْشَى الْهَلَاكَ؛ لِأَنَّ الضَّرُورَةَ تَتَقَدَّرُ بِقَدْرِهَا.
(وَلَا يُقْتَصُّ مِنْهُ)"
"فصل (في سنة المصافحة بين الرجال والنساء وما قيل في التقبيل والمعانقة) وتسن المصافحة في اللقاء للخبر قال الفضل بن زيادة صافحت أبا عبد الله غير مرة، وابتدأني بالمصافحة، ورأيته يصافح الناس كثيرا.
وقال إبراهيم بن سعيد الجوهري دخلت على أحمد بن حنبل أسلم عليه فمددت يدي إليه فصافحني.
فلما خرجت قال: ","فَصْلٌ (فِي سُنَّةِ الْمُصَافَحَةِ بَيْنَ الرِّجَالِ وَالنِّسَاءِ وَمَا قِيلَ فِي التَّقْبِيلِ وَالْمُعَانَقَةِ) وَتُسَنُّ الْمُصَافَحَةُ فِي اللِّقَاءِ لِلْخَبَرِ قَالَ الْفَضْلُ بْنُ زِيَادَةَ صَافَحْتُ أَبَا عَبْدِ اللَّهِ غَيْرَ مَرَّةٍ، وَابْتَدَأَنِي بِالْمُصَافَحَةِ، وَرَأَيْتُهُ يُصَافِحُ النَّاسَ كَثِيرًا.
وَقَالَ إِبْرَاهِيمُ بْنُ سَعِيدٍ الْجَوْهَرِيُّ دَخَلْتُ عَلَى أَحْمَدَ بْنِ حَنْبَلٍ أُسَلِّمُ عَلَيْهِ فَمَدَدْتُ يَدِي إِلَيْهِ فَصَافَحَنِي.
فَلَمَّا خَرَجْتُ قَالَ: ","فَصْلٌ (فِي سُنَّةِ الْمُصَافَحَةِ بَيْنَ الرِّجَالِ وَالنِّسَاءِ وَمَا قِيلَ فِي التَّقْبِيلِ وَالْمُعَانَقَةِ) وَتُسَنُّ الْمُصَافَحَةُ فِي اللِّقَاءِ لِلْخَبَرِ قَالَ الْفَضْلُ بْنُ زِيَادَةَ صَافَحْتُ أَبَا عَبْدِ اللَّهِ غَيْرَ مَرَّةٍ، وَابْتَدَأَنِي بِالْمُصَافَحَةِ، وَرَأَيْتُهُ يُصَافِحُ النَّاسَ كَثِيرًا.
وَقَالَ إِبْرَاهِيمُ بْنُ سَعِيدٍ الْجَوْهَرِيُّ دَخَلْتُ عَلَى أَحْمَدَ بْنِ حَنْبَلٍ أَسْلَمَ عَلَيْهِ فَمَدَدْتُ يَدِي إِلَيْهِ فَصَافَحَنِي.
فَلَمَّا خَرَجْتُ قَالَ:"
"لو ادعيا نكاح امرأة وهي ليست في يد أحدهما فأقرت لأحدهما فهي للمقر له فإن أقام الآخر بعد ذلك بينة على النكاح فصاحب البينة أولى ولو أقاما البينة بعد ما أقرت لأحدهما فإن وقتا فالأول أولى وإن لم يوقتا فالذي زكيت بينته أولى وإن لم تزك بينتهما أو زكيتا فعند بعض المشايخ رحمهم الله تعالى يقضى للذي أقرت له بالنكاح سابقا وهو الأقيس وعند بعضهم لا يقضى لواحد وإليه أشار في أدب القاضي في باب الشهادة على النكاح كذا في الفصول العمادية. (29/201)
","لَوِ ادَّعَيَا نِكَاحَ امْرَأَةٍ وَهِيَ لَيْسَتْ فِي يَدِ أَحَدِهِمَا فَأَقَرَّتْ لِأَحَدِهِمَا فَهِيَ لِلْمُقَرِّ لَهُ فَإِنْ أَقَامَ الْآخَرُ بَعْدَ ذَلِكَ بَيِّنَةً عَلَى النِّكَاحِ فَصَاحِبُ الْبَيِّنَةِ أَوْلَى وَلَوْ أَقَامَا الْبَيِّنَةَ بَعْدَ مَا أَقَرَّتْ لِأَحَدِهِمَا فَإِنْ وَقَّتَا فَالْأَوَّلُ أَوْلَى وَإِنْ لَمْ يُوَقِّتَا فَالَّذِي زُكِّيَتْ بَيِّنَتُهُ أَوْلَى وَإِنْ لَمْ تُزَكَّ بَيِّنَتُهُمَا أَوْ زُكِّيَتَا فَعِنْدَ بَعْضِ الْمَشَايِخِ رَحِمَهُمُ اللَّهُ تَعَالَى يُقْضَى لِلَّذِي أَقَرَّتْ لَهُ بِالنِّكَاحِ سَابِقًا وَهُوَ الْأَقْيَسُ وَعِنْدَ بَعْضِهِمْ لَا يُقْضَى لِوَاحِدٍ وَإِلَيْهِ أَشَارَ فِي أَدَبِ الْقَاضِي فِي بَابِ الشَّهَادَةِ عَلَى النِّكَاحِ كَذَا فِي الْفُصُولِ الْعِمَادِيَّةِ. (29/201)
",لَوِ ادَّعَيَا نِكَاحَ امْرَأَةٍ وَهِيَ لَيْسَتْ فِي يَدِ أَحَدِهِمَا فَأَقَرَّتْ لِأَحَدِهِمَا فَهِيَ لِلْمُقَرِّ لَهُ فَإِنْ أَقَامَ الْآخَرُ بَعْدَ ذَلِكَ بَيِّنَةً عَلَى النِّكَاحِ فَصَاحِبُ الْبَيِّنَةِ أَوْلَى وَلَوْ أَقَامَا الْبَيِّنَةَ بَعْدَ مَا أَقَرَّتْ لِأَحَدِهِمَا فَإِنْ وَقَّتَا فَالْأَوَّلُ أَوْلَى وَإِنْ لَمْ يُوَقِّتَا فَالَّذِي زُكِّيَتْ بَيِّنَتُهُ أَوْلَى وَإِنْ لَمْ تُزَكَّ بَيِّنَتُهُمَا أَوْ زُكِّيَتَا فَعِنْدَ بَعْضِ الْمَشَايِخِ رَحِمَهُمُ اللَّهُ تَعَالَى يُقْضَى لِلَّذِي أَقَرَّتْ لَهُ بِالنِّكَاحِ سَابِقًا وَهُوَ الْأَقْيَسُ وَعِنْدَ بَعْضِهِمْ لَا يُقْضَى لِوَاحِدٍ وَإِلَيْهِ أَشَارَ فِي أَدَبِ الْقَاضِي فِي بَابِ الشَّهَادَةِ عَلَى النِّكَاحِ كَذَا فِي الْفُصُولِ الْعِمَادِيَّةِ. (29/201)
محمد بن يعقوب حدثنا بحر بن نصر حدثنا ابن وهب أخبرنى يونس عن ابن شهاب عن سعيد بن المسيب وأبى سلمة بن عبد الرحمن أن أبا هريرة قال: ,مُحَمَّدُ بْنُ يَعْقُوبَ حَدَّثَنَا بَحْرُ بْنُ نَصْرٍ حَدَّثَنَا ابْنُ وَهْبٍ أَخْبَرَنِى يُونُسُ عَنِ ابْنِ شِهَابٍ عَنْ سَعِيدِ بْنِ الْمُسَيَّبِ وَأَبِى سَلَمَةَ بْنِ عَبْدِ الرَّحْمَنِ أَنَّ أَبَا هُرَيْرَةَ قَالَ: ,مُحَمَّدُ بْنُ يَعْقُوبَ حَدَّثَنَا بَحْرُ بْنُ نَصْرٍ حَدَّثَنَا ابْنُ وَهْبٍ أَخْبَرَنِى يُونُسُ عَنِ ابْنِ شِهَابٍ عَنْ سَعِيدِ بْنِ الْمُسَيَّبِ وَأَبِى سَلَمَةَ بْنِ عَبْدِ الرَّحْمَنِ أَنَّ أَبَا هُرَيْرَةَ قَالَ:
"فإذا كان الثمر لم يزهر فالبيع غير جائز (انظر المادة السابقة) وكذلك بيع الحنطة في سنبلها بغير جنسها صحيح والبائع ملزم بحصاد الحنطة ودراسها وتسليمها للمشتري بعد ذلك.
مثال ذلك: لو قال البائع: ","فَإِذَا كَانَ الثَّمَرُ لَمْ يُزْهِرْ فَالْبَيْعُ غَيْرُ جَائِزٍ (انْظُرِ الْمَادَّةَ السَّابِقَةَ) وَكَذَلِكَ بَيْعُ الْحِنْطَةِ فِي سُنْبُلِهَا بِغَيْرِ جِنْسِهَا صَحِيحٌ وَالْبَائِعُ مُلْزَمٌ بِحَصَادِ الْحِنْطَةِ وَدِرَاسِهَا وَتَسْلِيمِهَا لِلْمُشْتَرِي بَعْدَ ذَلِكَ.
مِثَالُ ذَلِكَ: لَوْ قَالَ الْبَائِعُ: ","فَإِذَا كَانَ الثَّمَرُ لَمْ يُزْهِرْ فَالْبَيْعُ غَيْرُ جَائِزٍ (انْظُرِ الْمَادَّةَ السَّابِقَةَ) وَكَذَلِكَ بَيْعُ الْحِنْطَةِ فِي سُنْبُلِهَا بِغَيْرِ جِنْسِهَا صَحِيحٌ وَالْبَائِعُ مُلْزَمٌ بِحَصَادِ الْحِنْطَةِ وَدِرَاسِهَا وَتَسْلِيمِهَا لِلْمُشْتَرِي بَعْدَ ذَلِكَ.
مِثَالُ ذَلِكَ: لَوْ قَالَ الْبَائِعُ:"
"حدثنا عبد الرزاق أخبرنا معمر عن أيوب عن ابن أبي مليكة أو غيره أن عائشة قالت ما كان خلق أبغض إلى أصحاب رسول الله صلى الله عليه وسلم من الكذب ولقد كان الرجل يكذب عند رسول الله صلى الله عليه وسلم الكذبة فما يزال في نفسه عليه حتى يعلم أن قد أحدث منها توبة (42/100)
25184 - ","حَدَّثَنَا عَبْدُ الرَّزَّاقِ أَخْبَرَنَا مَعْمَرٌ عَنْ أَيُّوبَ عَنِ ابْنِ أَبِي مُلَيْكَةَ أَوْ غَيْرِهِ أَنَّ عَائِشَةَ قَالَتْ مَا كَانَ خُلُقٌ أَبْغَضَ إِلَى أَصْحَابِ رَسُولِ اللَّهِ صَلَّى اللَّهُ عَلَيْهِ وَسَلَّمَ مِنَ الْكَذِبِ وَلَقَدْ كَانَ الرَّجُلُ يَكْذِبُ عِنْدَ رَسُولِ اللَّهِ صَلَّى اللَّهُ عَلَيْهِ وَسَلَّمَ الْكَذِبَةَ فَمَا يَزَالُ فِي نَفْسِهِ عَلَيْهِ حَتَّى يَعْلَمَ أَنْ قَدْ أَحْدَثَ مِنْهَا تَوْبَةً (42/100)
25184 - ","حَدَّثَنَا عَبْدُ الرَّزَّاقِ أَخْبَرَنَا مَعْمَرٌ عَنْ أَيُّوبَ عَنِ ابْنِ أَبِي مُلَيْكَةَ أَوْ غَيْرِهِ أَنَّ عَائِشَةَ قَالَتْ مَا كَانَ خُلُقٌ أَبْغَضَ إِلَى أَصْحَابِ رَسُولِ اللَّهِ صَلَّى اللَّهُ عَلَيْهِ وَسَلَّمَ مِنَ الْكَذِبِ وَلَقَدْ كَانَ الرَّجُلُ يَكْذِبُ عِنْدَ رَسُولِ اللَّهِ صَلَّى اللَّهُ عَلَيْهِ وَسَلَّمَ الْكَذِبَةَ فَمَا يَزَالُ فِي نَفْسِهِ عَلَيْهِ حَتَّى يَعْلَمَ أَنْ قَدْ أَحْدَثَ مِنْهَا تَوْبَةً (42/100)
25184 -"
"لأنه شرب ما يعلم أن صاحبه لا يرغب فيه، ولا يمنعه منه، وأمسك عليه ما يعلم رغبته فيه فكان ذلك دليل علمه، وإمساكه على صاحبه ما يحتاج إليه صاحبه، ولا يحرم تناول الصيد بخلاف ما لو أكل من لحمه. (14/51)
وعن إبراهيم رحمه الله في كلب المجوسي أو بازيه يصيد به المسلم قال: ","لِأَنَّهُ شَرِبَ مَا يَعْلَمُ أَنَّ صَاحِبَهُ لَا يَرْغَبُ فِيهِ، وَلَا يَمْنَعُهُ مِنْهُ، وَأَمْسَكَ عَلَيْهِ مَا يَعْلَمُ رَغْبَتَهُ فِيهِ فَكَانَ ذَلِكَ دَلِيلَ عِلْمِهِ، وَإِمْسَاكه عَلَى صَاحِبِهِ مَا يَحْتَاجُ إِلَيْهِ صَاحِبُهُ، وَلَا يَحْرُمُ تَنَاوُلُ الصَّيْدِ بِخِلَافِ مَا لَوْ أَكَلَ مِنْ لَحْمِهِ. (14/51)
وَعَنْ إِبْرَاهِيمَ رَحِمَهُ اللَّهُ فِي كَلْبِ الْمَجُوسِيِّ أَوْ بَازِيهِ يَصِيدُ بِهِ الْمُسْلِمُ قَالَ: ","لِأَنَّهُ شَرِبَ مَا يَعْلَمُ أَنَّ صَاحِبَهُ لَا يَرْغَبُ فِيهِ، وَلَا يَمْنَعُهُ مِنْهُ، وَأَمْسَكَ عَلَيْهِ مَا يَعْلَمُ رَغْبَتَهُ فِيهِ فَكَانَ ذَلِكَ دَلِيلَ عِلْمِهِ، وَإِمْسَاكُهُ عَلَى صَاحِبِهِ مَا يَحْتَاجُ إِلَيْهِ صَاحِبُهُ، وَلَا يَحْرُمُ تَنَاوُلُ الصَّيْدِ بِخِلَافِ مَا لَوْ أَكَلَ مِنْ لَحْمِهِ. (14/51)
وَعَنْ إِبْرَاهِيمَ رَحِمَهُ اللَّهُ فِي كَلْبِ الْمَجُوسِيِّ أَوْ بَازِيهِ يَصِيدُ بِهِ الْمُسْلِمُ قَالَ:"
بأن الحرم محمول على حقيقته الشرعية وهي ما عدا الحل والمراد بأحجاره الحجارة الموجودة فيه من الحصى وغيره تعظيما له، وعبارة الدميري بعد قول المنهاج بماء أو حجر دخل في إطلاقه ماء زمزم وقد تقدم في جوازه بذلك ثلاثة أوجه لكن لو استنجى به أجزأ بالإجماع، ,بِأَنَّ الْحَرَمَ مَحْمُولٌ عَلَى حَقِيقَتِهِ الشَّرْعِيَّةِ وَهِيَ مَا عَدَا الْحِلَّ وَالْمُرَادُ بِأَحْجَارِهِ الْحِجَارَةُ الْمَوْجُودَةُ فِيهِ مِنَ الْحَصَى وَغَيْرِهِ تَعْظِيمًا لَهُ، وَعِبَارَةُ الدَّمِيرِيِّ بَعْدَ قَوْلِ الْمِنْهَاجِ بِمَاءٍ أَوْ حَجَرٍ دَخَلَ فِي إِطْلَاقِهِ مَاءُ زَمْزَمَ وَقَدْ تَقَدَّمَ فِي جَوَازِهِ بِذَلِكَ ثَلَاثَةُ أَوْجُهٍ لَكِنْ لَوِ اسْتَنْجَى بِهِ أَجْزَأَ بِالْإِجْمَاعِ، ,بِأَنَّ الْحَرَمَ مَحْمُولٌ عَلَى حَقِيقَتِهِ الشَّرْعِيَّةِ وَهِيَ مَا عَدَا الْحِلَّ وَالْمُرَادُ بِأَحْجَارِهِ الْحِجَارَةُ الْمَوْجُودَةُ فِيهِ مِنَ الْحَصَى وَغَيْرِهِ تَعْظِيمًا لَهُ، وَعِبَارَةُ الدَّمِيرِيِّ بَعْدَ قَوْلِ الْمِنْهَاجِ بِمَاءٍ أَوْ حَجَرٍ دَخَلَ فِي إِطْلَاقِهِ مَاءُ زَمْزَمَ وَقَدْ تَقَدَّمَ فِي جَوَازِهِ بِذَلِكَ ثَلَاثَةُ أَوْجُهٍ لَكِنْ لَوِ اسْتَنْجَى بِهِ أَجْزَأَ بِالْإِجْمَاعِ،
"ظاهره ولو كان وارثا ويخرج به غير الوصي من الورثة ويمكن الفرق بين هذه وما قبلها بأنه هنا لما عين للكفن عينا وعلقه بخصوصها كان ذلك آكد مما لو قال أعطوا زيدا كذا من الدراهم مثلا فغلظ على الوصي حيث خالف غرض الموصي فألزم بقضاء الدين من ماله ولو وارثا.
","ظَاهِرُهُ وَلَوْ كَانَ وَارِثًا وَيَخْرُجُ بِهِ غَيْرُ الْوَصِيِّ مِنَ الْوَرَثَةِ وَيُمْكِنُ الْفَرْقُ بَيْنَ هَذِهِ وَمَا قَبْلَهَا بِأَنَّهُ هُنَا لَمَّا عَيَّنَ لِلْكَفَنِ عَيْنًا وَعَلَّقَهُ بِخُصُوصِهَا كَانَ ذَلِكَ آكَدُ مِمَّا لَوْ قَالَ أَعْطُوا زَيْدًا كَذَا مِنَ الدَّرَاهِمِ مَثَلًا فَغَلَّظَ عَلَى الْوَصِيِّ حَيْثُ خَالَفَ غَرَضَ الْمُوصِي فَأُلْزِمَ بِقَضَاءِ الدَّيْنِ مِنْ مَالِهِ وَلَوْ وَارِثًا.
",ظَاهِرُهُ وَلَوْ كَانَ وَارِثًا وَيَخْرُجُ بِهِ غَيْرُ الْوَصِيِّ مِنَ الْوَرَثَةِ وَيُمْكِنُ الْفَرْقُ بَيْنَ هَذِهِ وَمَا قَبْلَهَا بِأَنَّهُ هُنَا لَمَّا عَيَّنَ لِلْكَفَنِ عَيْنًا وَعَلَّقَهُ بِخُصُوصِهَا كَانَ ذَلِكَ آكَدَ مِمَّا لَوْ قَالَ أَعْطُوا زَيْدًا كَذَا مِنَ الدَّرَاهِمِ مَثَلًا فَغَلُظَ عَلَى الْوَصِيِّ حَيْثُ خَالَفَ غَرَضَ الْمُوصِي فَأُلْزِمَ بِقَضَاءِ الدَّيْنِ مِنْ مَالِهِ وَلَوْ وَارِثًا.
"ولو كان كما ذكر النجدي لقال بشرط أن يكون الحرير مغلوبا في الظهور، ثم إنا لا ندري على ماذا فرعه، فإن لعلمائنا قولين في الأغلبية هل هي في الوزن أو الظهور كما أطلق الخلاف في الفروع وأطلقه ابن تميم وصاحب الفائق وجماعة كما مر.
وقال الحجاوي في لغة إقناعه: الخز ثياب تنسج من صوف وإبريسم، ","وَلَوْ كَانَ كَمَا ذَكَرَ النَّجْدِيُّ لَقَالَ بِشَرْطِ أَنْ يَكُونَ الْحَرِيرُ مَغْلُوبًا فِي الظُّهُورِ، ثُمَّ إِنَّا لَا نَدْرِي عَلَى مَاذَا فَرَّعَهُ، فَإِنَّ لِعُلَمَائِنَا قَوْلَيْنِ فِي الْأَغْلَبِيَّةِ هَلْ هِيَ فِي الْوَزْنِ أَوِ الظُّهُورِ كَمَا أَطْلَقَ الْخِلَافَ فِي الْفُرُوعِ وَأَطْلَقَهُ ابْنُ تَمِيمٍ وَصَاحِبُ الْفَائِقِ وَجَمَاعَةٌ كَمَا مَرَّ.
وَقَالَ الْحَجَّاوِيُّ فِي لُغَةِ إِقْنَاعِهِ: الْخَزُّ ثِيَابٌ تُنْسَجُ مِنْ صُوفٍ وَإِبْرَيْسَمٍ، ","وَلَوْ كَانَ كَمَا ذَكَرَ النَّجْدِيُّ لَقَالَ بِشَرْطِ أَنْ يَكُونَ الْحَرِيرُ مَغْلُوبًا فِي الظُّهُورِ، ثُمَّ إِنَّا لَا نَدْرِي عَلَى مَاذَا فَرَّعَهُ، فَإِنَّ لِعُلَمَائِنَا قَوْلَيْنِ فِي الْأَغْلَبِيَّةِ هَلْ هِيَ فِي الْوَزْنِ أَوِ الظُّهُورِ كَمَا أُطْلِقَ الْخِلَافُ فِي الْفُرُوعِ وَأَطْلَقَهُ ابْنُ تَمِيمٍ وَصَاحِبُ الْفَائِقِ وَجَمَاعَةٌ كَمَا مَرَّ.
وَقَالَ الْحَجَّاوِيُّ فِي لُغَةِ إِقْنَاعِهِ: الْخَزُّ ثِيَابٌ تُنْسَجُ مِنْ صُوفٍ وَإِبْرَيْسَمٍ،"
"وكذلك في اللؤلؤ عنده ذكره في الجامع الصغير.
أما السمك فهو من الصيود، وليس في صيد البر شيء على من أخذه فكذلك في صيد البحر.
","وَكَذَلِكَ فِي اللُّؤْلُؤِ عِنْدَهُ ذَكَرَهُ فِي الْجَامِعِ الصَّغِيرِ.
أَمَّا السَّمَكُ فَهُوَ مِنَ الصَّيُودِ، وَلَيْسَ فِي صَيْدِ الْبَرِّ شَيْءٌ عَلَى مَنْ أَخَذَهُ فَكَذَلِكَ فِي صَيْدِ الْبَحْرِ.
","وَكَذَلِكَ فِي اللُّؤْلُؤِ عِنْدَهُ ذَكَرَهُ فِي الْجَامِعِ الصَّغِيرِ.
أَمَّا السَّمَكُ فَهُوَ مِنَ الصُّيُودِ، وَلَيْسَ فِي صَيْدِ الْبَرِّ شَيْءٌ عَلَى مَنْ أَخَذَهُ فَكَذَلِكَ فِي صَيْدِ الْبَحْرِ."
"ويسير الحاج، وهو متوجه إلى المزدلفة في سكينة، ويكثر من التلبية والدعاء.
فإذا وصل إلى المزدلفة صلى بها المغرب ثلاث ركعات. وصلى العشاء قصرا ركعتين وجمع بين الصلاتين جمع تأخير، بأذان واحد، وإقامتين.
ويبيت الحاج بالمزدلفة، ويصلي صلاة الصبح بها، ولو توجه من ليلته إلى منى لا حرج فيه، ولا شيء عليه، ","وَيَسِيرُ الْحَاجُّ، وَهُوَ مُتَوَجِّهٌ إِلَى الْمُزْدَلِفَةِ فِي سَكِينَةٍ، وَيُكْثِرُ مِنَ التَّلْبِيَةِ وَالدُّعَاءِ.
فَإِذَا وَصَلَ إِلَى الْمُزْدَلِفَةِ صَلَّى بِهَا الْمَغْرِبَ ثَلَاثَ رَكَعَاتٍ. وَصَلَّى الْعِشَاءَ قَصْرًا رَكْعَتَيْنِ وَجَمَعَ بَيْنَ الصَّلَاتَيْنِ جَمْعَ تَأْخِيرٍ، بِأَذَانٍ وَاحِدٍ، وَإِقَامَتَيْنِ.
وَيَبِيتُ الْحَاجُّ بِالْمُزْدَلِفَةِ، وَيُصَلِّي صَلَاةَ الصُّبْحِ بِهَا، وَلَوْ تَوَجَّهَ مِنْ لَيْلَتِهِ إِلَى مِنًى لَا حَرَجَ فِيهِ، وَلَا شَيْءَ عَلَيْهِ، ","وَيَسِيرُ الْحَاجُّ، وَهُوَ مُتَوَجِّهٌ إِلَى الْمُزْدَلِفَةِ فِي سَكِينَةٍ، وَيُكْثِرُ مِنَ التَّلْبِيَةِ وَالدُّعَاءِ.
فَإِذَا وَصَلَ إِلَى الْمُزْدَلِفَةِ صَلَّى بِهَا الْمَغْرِبَ ثَلَاثَ رَكَعَاتٍ. وَصَلَّى الْعِشَاءَ قَصْرًا رَكْعَتَيْنِ وَجَمَعَ بَيْنَ الصَّلَاتَيْنِ جَمْعَ تَأْخِيرٍ، بِأَذَانٍ وَاحِدٍ، وَإِقَامَتَيْنِ.
وَيَبِيتُ الْحَاجُّ بِالْمُزْدَلِفَةِ، وَيُصَلِّي صَلَاةَ الصُّبْحِ بِهَا، وَلَوْ تَوَجَّهَ مِنْ لَيْلَتِهِ إِلَى مِنًى لَا حَرَجَ فِيهِ، وَلَا شَيْءَ عَلَيْهِ،"
"وإن تعذرت إعارته بأن خرج عن الصلاحية لذلك لضعفه ونحوه باعه وصرف ثمنه في ذلك إقامة للبدل مقام المبدل، ولا يقسمه بين مستحقي الوقف؛ لأنه من عين الوقف، ولا حق لهم في العين الموقوفة، لأنها حق الله تعالى وحقهم في الغلة فقط.
واعلم أن عدم جواز بيعه إلا إذا تعذر الانتفاع به إنما هو فيما ورد عليه وقف الواقف، ","وَإِنْ تَعَذَّرَتْ إِعَارَتُهُ بِأَنْ خَرَجَ عَنِ الصَّلَاحِيَةِ لِذَلِكَ لِضَعْفِهِ وَنَحْوِهِ بَاعَهُ وَصَرَفَ ثَمَنَهُ فِي ذَلِكَ إِقَامَةً لِلْبَدَلِ مَقَامَ الْمُبْدَلِ، وَلَا يَقْسِمُهُ بَيْنَ مُسْتَحِقِّي الْوَقْفِ؛ لِأَنَّهُ مِنْ عَيْنِ الْوَقْفِ، وَلَا حَقَّ لَهُمْ فِي الْعَيْنِ الْمَوْقُوفَةِ، لِأَنَّهَا حَقُّ اللَّهِ تَعَالَى وَحَقُّهُمْ فِي الْغَلَّةِ فَقَطْ.
وَاعْلَمْ أَنَّ عَدَمَ جَوَازِ بَيْعِهِ إِلَّا إِذَا تَعَذَّرَ الِانْتِفَاعُ بِهِ إِنَّمَا هُوَ فِيمَا وَرَدَ عَلَيْهِ وَقْفُ الْوَاقِفِ، ","وَإِنْ تَعَذَّرَتْ إِعَارَتُهُ بِأَنْ خَرَجَ عَنِ الصَّلَاحِيَّةِ لِذَلِكَ لِضَعْفِهِ وَنَحْوِهِ بَاعَهُ وَصَرَفَ ثَمَنَهُ فِي ذَلِكَ إِقَامَةً لِلْبَدَلِ مَقَامَ الْمُبْدَلِ، وَلَا يَقْسِمُهُ بَيْنَ مُسْتَحِقِّي الْوَقْفِ؛ لِأَنَّهُ مِنْ عَيْنِ الْوَقْفِ، وَلَا حَقَّ لَهُمْ فِي الْعَيْنِ الْمَوْقُوفَةِ، لِأَنَّهَا حَقُّ اللَّهِ تَعَالَى وَحَقُّهُمْ فِي الْغَلَّةِ فَقَطْ.
وَاعْلَمْ أَنَّ عَدَمَ جَوَازِ بَيْعِهِ إِلَّا إِذَا تَعَذَّرَ الِانْتِفَاعُ بِهِ إِنَّمَا هُوَ فِيمَا وَرَدَ عَلَيْهِ وَقْفُ الْوَاقِفِ،"
ولو حلف لا يطلق غريمه فهل هو كلا أفارقه أو لا أخلي سبيله حتى يحنث بإذنه له في المفارقة وبعدم اتباعه المقدور عليه إذا هرب، الأوجه فيما سوى مسألة الهرب الثاني وفيها عدم الحنث لأن المتبادر لا أباشر إطلاقه وبالإذن باشره بخلاف عدم اتباعه إذا هرب (وإن فارقه) الحالف (أو وقف حتى ذهب) ,وَلَوْ حَلَفَ لَا يُطْلِقُ غَرِيمَهُ فَهَلْ هُوَ كَلَا أُفَارِقُهُ أَوْ لَا أُخَلِّي سَبِيلَهُ حَتَّى يَحْنَثَ بِإِذْنِهِ لَهُ فِي الْمُفَارَقَةِ وَبِعَدَمِ اتِّبَاعِهِ الْمَقْدُورِ عَلَيْهِ إِذَا هَرَبَ، الْأَوْجَهُ فِيمَا سِوَى مَسْأَلَةِ الْهَرَبِ الثَّانِي وَفِيهَا عَدَمُ الْحِنْثِ لِأَنَّ الْمُتَبَادَرَ لَا أُبَاشِرُ إِطْلَاقَهُ وَبِالْإِذْنِ بَاشَرَهُ بِخِلَافِ عَدَمِ اتِّبَاعِهِ إِذَا هَرَبَ (وَإِنْ فَارَقَهُ) الْحَالِفُ (أَوْ وَقَفَ حَتَّى ذَهَبَ) ,وَلَوْ حَلَفَ لَا يُطَلِّقُ غَرِيمَهُ فَهَلْ هُوَ كَلَا أُفَارِقُهُ أَوْ لَا أُخَلِّي سَبِيلَهُ حَتَّى يَحْنَثَ بِإِذْنِهِ لَهُ فِي الْمُفَارَقَةِ وَبِعَدَمِ اتِّبَاعِهِ الْمَقْدُورَ عَلَيْهِ إِذَا هَرَبَ، الْأَوْجَهُ فِيمَا سِوَى مَسْأَلَةِ الْهَرَبِ الثَّانِي وَفِيهَا عَدَمُ الْحِنْثِ لِأَنَّ الْمُتَبَادِرَ لَا أُبَاشِرُ إِطْلَاقَهُ وَبِالْإِذْنِ بَاشَرَهُ بِخِلَافِ عَدَمِ اتِّبَاعِهِ إِذَا هَرَبَ (وَإِنْ فَارَقَهُ) الْحَالِفُ (أَوْ وَقَفَ حَتَّى ذَهَبَ)
"وبه صرح أبو الحسن في العتق الثاني لأنه يبطل حوز الهبة ولأنها قد تحمل فيلزم إخدام أم الولد، وهذا هو المعتمد وإن اعتمد بعض الشارحين قول ابن الماجشون بجواز وطء المخدمة سنة.
فإن قلت ما الفرق بينها وبين (6/397)
المؤجرة التي يجوز وطؤها قاله في معين الحكام وظاهر ولو طالت المدة فلا يكفي الإيجار في حلية وطء محرمة الجمع.
","وَبِهِ صَرَّحَ أَبُو الْحَسَنِ فِي الْعِتْقِ الثَّانِي لِأَنَّهُ يُبْطِلُ حَوْزَ الْهِبَةِ وَلِأَنَّهَا قَدْ تَحْمِلُ فَيَلْزَمُ إِخْدَامُ أُمِّ الْوَلَدِ، وَهَذَا هُوَ الْمُعْتَمَدُ وَإِنِ اعْتَمَدَ بَعْضُ الشَّارِحِينَ قَوْلَ ابْنِ الْمَاجِشُونِ بِجَوَازِ وَطْءِ الْمُخْدَمَةِ سَنَةً.
فَإِنْ قُلْت مَا الْفَرْقُ بَيْنَهَا وَبَيْنَ (6/397)
الْمُؤَجَّرَةِ الَّتِي يَجُوزُ وَطْؤُهَا قَالَهُ فِي مُعِينِ الْحُكَّامِ وَظَاهِرٌ وَلَوْ طَالَتِ الْمُدَّةُ فَلَا يَكْفِي الْإِيجَارُ فِي حِلِّيَّةٌ وَطْءِ مُحَرَّمَةِ الْجَمْعِ.
","وَبِهِ صَرَّحَ أَبُو الْحَسَنِ فِي الْعِتْقِ الثَّانِي لِأَنَّهُ يُبْطِلُ حَوْزَ الْهِبَةِ وَلِأَنَّهَا قَدْ تَحْمِلُ فَيَلْزَمُ إِخْدَامُ أُمِّ الْوَلَدِ، وَهَذَا هُوَ الْمُعْتَمَدُ وَإِنِ اعْتَمَدَ بَعْضُ الشَّارِحِينَ قَوْلَ ابْنِ الْمَاجِشُونِ بِجَوَازِ وَطْءِ الْمُخْدَمَةِ سُنَّةً.
فَإِنْ قُلْت مَا الْفَرْقُ بَيْنَهَا وَبَيْنَ (6/397)
الْمُؤَجَّرَةِ الَّتِي يَجُوزُ وَطْؤُهَا قَالَهُ فِي مُعِينِ الْحُكَّامِ وَظَاهِرٌ وَلَوْ طَالَتِ الْمُدَّةُ فَلَا يَكْفِي الْإِيجَارُ فِي حِلِّيَّةِ وَطْءِ مُحَرَّمَةِ الْجَمْعِ."
"احلق شعر رأسك لجوز أن يكون اسم الرأس مقصورا على جارحة مخصوصة أو يتعدى ذلك إلى ما يدخل تحت اسم الرأس على وجه التبع كالوجه وغيره فأزال الإشكال بأن أشار له إلى ما يباح له حلقه وهو شعر رأسه.
(فصل) ولم يذكر في هذا الحديث إلا أنه أمره بالإطعام والصيام ولم يذكر النسك قال: ","احْلِقْ شَعْرَ رَأْسِكَ لَجَوَّزَ أَنْ يَكُونَ اسْمُ الرَّأْسِ مَقْصُورًا عَلَى جَارِحَةٍ مَخْصُوصَةٍ أَوْ يَتَعَدَّى ذَلِكَ إِلَى مَا يَدْخُلُ تَحْتَ اسْمِ الرَّأْسِ عَلَى وَجْهِ التَّبَعِ كَالْوَجْهِ وَغَيْرِهِ فَأَزَالَ الْإِشْكَالَ بِأَنْ أَشَارَ لَهُ إِلَى مَا يُبَاحُ لَهُ حَلْقُهُ وَهُوَ شَعْرُ رَأْسِهِ.
(فَصْلٌ) وَلَمْ يَذْكُرْ فِي هَذَا الْحَدِيثِ إِلَّا أَنَّهُ أَمَرَهُ بِالْإِطْعَامِ وَالصِّيَامِ وَلَمْ يَذْكُرِ النُّسُكَ قَالَ: ","احْلِقْ شَعْرَ رَأْسِكَ لِجَوَّزَ أَنْ يَكُونَ اسْمُ الرَّأْسِ مَقْصُورًا عَلَى جَارِحَةٍ مَخْصُوصَةٍ أَوْ يَتَعَدَّى ذَلِكَ إِلَى مَا يَدْخُلُ تَحْتَ اسْمِ الرَّأْسِ عَلَى وَجْهِ التَّبَعِ كَالْوَجْهِ وَغَيْرِهِ فَأَزَالَ الْإِشْكَالَ بِأَنْ أَشَارَ لَهُ إِلَى مَا يُبَاحُ لَهُ حَلْقُهُ وَهُوَ شَعْرُ رَأْسِهِ.
(فَصْلٌ) وَلَمْ يَذْكُرْ فِي هَذَا الْحَدِيثِ إِلَّا أَنَّهُ أَمَرَهُ بِالْإِطْعَامِ وَالصِّيَامِ وَلَمْ يَذْكُرِ النُّسُكَ قَالَ:"
"قال عبد الله بن صوريا الأعور لرسول الله صلى الله عليه وسلم: ما الهدى إلا ما نحن عليه فاتبعنا يا محمد تهتدي، وقالت النصارى مثل ذلك، فأنزل الله: تلك أمة قد خلت لها ما كسبت ولكم ما كسبتم ولا تسألون عما كانوا يعملون .
قال تعالى:
{","قَالَ عَبْدُ اللَّهِ بْنِ صُورِيَّا الْأَعْوَرُ لِرَسُولِ اللَّهِ صَلَّى اللَّهُ عَلَيْهِ وَسَلَّمَ: مَا الْهُدَى إِلَا مَا نَحْنُ عَلَيْهِ فَاتَّبِعْنَا يَا مُحَمَّدُ تَهْتَدِي، وَقَالَتِ النَّصَارَى مِثْلَ ذَلِكَ، فَأَنْزَلَ اللَّهُ: تِلْكَ أُمَّةٌ قَدْ خَلَتْ لَهَا مَا كَسَبَتْ وَلَكُمْ مَا كَسَبْتُمْ وَلَا تُسْأَلُونَ عَمَّا كَانُوا يَعْمَلُونَ .
قَالَ تعَالى:
{","قَالَ عَبْدُ اللَّهِ بْنُ صُورِيَّا الْأَعْوَرُ لِرَسُولِ اللَّهِ صَلَّى اللَّهُ عَلَيْهِ وَسَلَّمَ: مَا الْهُدَى إِلَّا مَا نَحْنُ عَلَيْهِ فَاتَّبِعْنَا يَا مُحَمَّدُ تَهْتَدِي، وَقَالَتِ النَّصَارَى مِثْلَ ذَلِكَ، فَأَنْزَلَ اللَّهُ: تِلْكَ أُمَّةٌ قَدْ خَلَتْ لَهَا مَا كَسَبَتْ وَلَكُمْ مَا كَسَبْتُمْ وَلَا تُسْأَلُونَ عَمَّا كَانُوا يَعْمَلُونَ .
قَالَ تَعَالَى:
{"
بل لا يحتمله لفظه بوجه فالذي يتجه أنه كما لو أطلق فتلزمه السبعة لما علم مما تقرر أنها مدلول اللفظ ما لم يصرف عنه لمعنى يحتمله ويؤخذ من تعليله للاثني عشر بما ذكر أنه فيما عداها من المركب المزجي كثلاثة عشر درهما وسدسا يلزمه خمسة عشر وسدس؛ ,بَلْ لَا يَحْتَمِلُهُ لَفْظُهُ بِوَجْهٍ فَالَّذِي يُتَّجَهُ أَنَّهُ كَمَا لَوْ أَطْلَقَ فَتَلْزَمُهُ السَّبْعَةُ لِمَا عُلِمَ مِمَّا تَقَرَّرَ أَنَّهَا مَدْلُولُ اللَّفْظِ مَا لَمْ يُصْرَفْ عَنْهُ لِمَعْنًى يَحْتَمِلُهُ وَيُؤْخَذُ مِنْ تَعْلِيلِهِ لِلِاثْنَيْ عَشَرَ بِمَا ذُكِرَ أَنَّهُ فِيمَا عَدَاهَا مِنَ الْمُرَكَّبِ الْمَزْجِيِّ كَثَلَاثَةَ عَشَرَ دِرْهَمًا وَسُدُسًا يَلْزَمُهُ خَمْسَةَ عَشَرَ وَسُدُسٌ؛ ,بَلْ لَا يَحْتَمِلُهُ لَفْظُهُ بِوَجْهٍ فَالَّذِي يُتَّجَهُ أَنَّهُ كَمَا لَوْ أَطْلَقَ فَتَلْزَمُهُ السَّبْعَةُ لِمَا عُلِمَ مِمَّا تَقَرَّرَ أَنَّهَا مَدْلُولُ اللَّفْظِ مَا لَمْ يُصْرَفْ عَنْهُ لِمَعْنًى يَحْتَمِلُهُ وَيُؤْخَذُ مِنْ تَعْلِيلِهِ لِلِاثْنَيْ عَشَرَ بِمَا ذُكِرَ أَنَّهُ فِيمَا عَدَاهَا مِنَ الْمُرَكَّبِ الْمَزِجِيِّ كَثَلَاثَةَ عَشَرَ دِرْهَمًا وَسُدُسًا يَلْزَمُهُ خَمْسَةَ عَشَرَ وَسُدُسٌ؛
"وقاله طائفة من العلماء (فيكفر إن لم يصمه كحلفه عليه) أي كحلفه ليصومن رمضان فيكفر إن لم يصمه (وعند الأكثر لا) ينعقد النذر في واجب لأن النذر التزام ولا يصح التزام ما هو لازم (كلله علي صوم أمس ونحوه من المحال) لأنه لا يتصور انعقاده ولا الوفاء به أشبه اليمين على المستحيل.
","وَقَالَهُ طَائِفَةٌ مِنَ الْعُلَمَاءِ (فَيُكَفِّرُ إِنْ لَمْ يَصُمْهُ كَحَلِفِهِ عَلَيْهِ) أَيْ كَحَلِفِهِ لَيَصُومَنَّ رَمَضَانَ فَيُكَفِّرُ إِنْ لَمْ يَصُمْهُ (وَعِنْدَ الْأَكْثَرِ لَا) يَنْعَقِدُ النَّذْرُ فِي وَاجِبٍ لِأَنَّ النَّذْرَ الْتِزَامٌ وَلَا يَصِحُّ الْتِزَامُ مَا هُوَ لَازِمٌ (كَلِلَّهِ عَلَيَّ صَوْمُ أَمْسِ وَنَحْوِهِ مِنَ الْمُحَالِ) لِأَنَّهُ لَا يُتَصَوَّرُ انْعِقَادُهُ وَلَا الْوَفَاءُ بِهِ أَشْبَهَ الْيَمِينَ عَلَى الْمُسْتَحِيلِ.
",وَقَالَهُ طَائِفَةٌ مِنَ الْعُلَمَاءِ (فَيُكَفِّرُ إِنْ لَمْ يَصُمْهُ كَحَلِفِهِ عَلَيْهِ) أَيْ كَحَلِفِهِ لَيَصُومَنَّ رَمَضَانَ فَيُكَفِّرُ إِنْ لَمْ يَصُمْهُ (وَعِنْدَ الْأَكْثَرِ لَا) يَنْعَقِدُ النَّذْرُ فِي وَاجِبٍ لِأَنَّ النَّذْرَ الْتِزَامٌ وَلَا يَصِحُّ الْتِزَامُ مَا هُوَ لَازِمٌ (كَلِلَّهِ عَلَيَّ صَوْمُ أَمْسِ وَنَحْوِهِ مِنَ الْمُحَالِ) لِأَنَّهُ لَا يُتَصَوَّرُ انْعِقَادُهُ وَلَا الْوَفَاءُ بِهِ أَشْبَهَ الْيَمِينَ عَلَى الْمُسْتَحِيلِ.
"بجميع ما أملك وبنصف مهر المثل أو على سكنى دار موقوفة أو على أن يرد آبقها يجب مهر المثل هكذا في العتابية (7/193)
","بِجَمِيعِ مَا أَمْلِكُ وَبِنِصْفِ مَهْرِ الْمِثْلِ أَوْ عَلَى سُكْنَى دَارٍ مَوْقُوفَةٍ أَوْ عَلَى أَنْ يَرُدَّ آبِقَهَا يَجِبُ مَهْرُ الْمِثْلِ هَكَذَا فِي الْعَتَّابِيَّةِ (7/193)
",بِجَمِيعِ مَا أَمْلِكُ وَبِنِصْفِ مَهْرِ الْمِثْلِ أَوْ عَلَى سُكْنَى دَارٍ مَوْقُوفَةٍ أَوْ عَلَى أَنْ يَرُدَّ آبِقَهَا يَجِبُ مَهْرُ الْمِثْلِ هَكَذَا فِي الْعَتَّابِيَّةِ (7/193)
لأنه صلى الله عليه وسلم كان إذا سافر فأراد أن يتطوع استقبل بناقته القبلة فكبر ثم صلى حيث وجهه ركابه} رواه أبو داود بإسناد حسن وليكون ابتداء صلاته بصفة الكمال ثم يخفف دواما للمشقة كما في النية في العبادة هذا (إن كانت الدابة سهلة غير مقطورة) بأن كانت واقفة أو سائرة وزمامها بيده (أو يستطيع) ,لِأَنَّهُ صَلَّى اللَّهُ عَلَيْهِ وَسَلَّمَ كَانَ إِذَا سَافَرَ فَأَرَادَ أَنْ يَتَطَوَّعَ اسْتَقْبَلَ بِنَاقَتِهِ الْقِبْلَةَ فَكَبَّرَ ثُمَّ صَلَّى حَيْثُ وَجَّهَهُ رِكَابُهُ} رَوَاهُ أَبُو دَاوُدَ بِإِسْنَادٍ حَسَنٍ وَلِيَكُونَ ابْتِدَاءُ صَلَاتِهِ بِصِفَةِ الْكَمَالِ ثُمَّ يُخَفِّفُ دَوَامًا لِلْمَشَقَّةِ كَمَا فِي النِّيَّةِ فِي الْعِبَادَةِ هَذَا (إِنْ كَانَتِ الدَّابَّةُ سَهْلَةً غَيْرَ مَقْطُورَةٍ) بِأَنْ كَانَتْ وَاقِفَةً أَوْ سَائِرَةً وَزِمَامُهَا بِيَدِهِ (أَوْ يَسْتَطِيعُ) ,لِأَنَّهُ صَلَّى اللَّهُ عَلَيْهِ وَسَلَّمَ كَانَ إِذَا سَافَرَ فَأَرَادَ أَنْ يَتَطَوَّعَ اسْتَقْبَلَ بِنَاقَتِهِ الْقِبْلَةَ فَكَبَّرَ ثُمَّ صَلَّى حَيْثُ وَجَّهَهُ رِكَابُهُ} رَوَاهُ أَبُو دَاوُدَ بِإِسْنَادٍ حَسَنٍ وَلِيَكُونَ ابْتِدَاءُ صَلَاتِهِ بِصِفَةِ الْكَمَالِ ثُمَّ يُخَفِّفُ دَوَامًا لِلْمَشَقَّةِ كَمَا فِي النِّيَّةِ فِي الْعِبَادَةِ هَذَا (إِنْ كَانَتِ الدَّابَّةُ سَهْلَةً غَيْرَ مَقْطُورَةٍ) بِأَنْ كَانَتْ وَاقِفَةً أَوْ سَائِرَةً وَزِمَامُهَا بِيَدِهِ (أَوْ يَسْتَطِيعُ)
"قالوا وهذا نزوع من ابن القاسم إلى مذهب أشهب في جمع الجنسين بالسهم على التراضي وابن القاسم لم يجزه، وقد يقال لا نزوع لشرطه في منع الجمع احتمال كل صنف القسم وإلا جاز كما هنا، والله أعلم.
وقال سحنون المراد بها قسم المراضاة والله سبحانه وتعالى أعلم. (15/293)
باب) القراض توكيل على تجر، وفي نقد مضروب، مسلم بجزء من ربحه
الشرح
(15/294)
","قَالُوا وَهَذَا نُزُوعٌ مِنَ ابْنِ الْقَاسِمِ إِلَى مَذْهَبِ أَشْهَبَ فِي جَمْعِ الْجِنْسَيْنِ بِالسَّهْمِ عَلَى التَّرَاضِي وَابْنُ الْقَاسِمِ لَمْ يُجِزْهُ، وَقَدْ يُقَالُ لَا نُزُوعَ لِشَرْطِهِ فِي مَنْعِ الْجَمْعِ احْتِمَالَ كُلِّ صِنْفٍ الْقَسْمَ وَإِلَّا جَازَ كَمَا هُنَا، وَاللَّهُ أَعْلَمُ.
وَقَالَ سَحْنُونٌ الْمُرَادُ بِهَا قَسْمُ الْمُرَاضَاةِ وَاللَّهُ سُبْحَانَهُ وَتَعَالَى أَعْلَمُ. (15/293)
بَابٌ) الْقِرَاضُ تَوْكِيلٌ عَلَى تَجْرٍ، وَفِي نَقْدٍ مَضْرُوبٍ، مُسَلَّمٍ بِجُزْءٍ مِنْ رِبْحِهِ
الشَّرْحُ
(15/294)
","قَالُوا وَهَذَا نُزُوعٌ مِنَ ابْنِ الْقَاسِمِ إِلَى مَذْهَبِ أَشْهَبَ فِي جَمْعِ الْجِنْسَيْنِ بِالسَّهْمِ عَلَى التَّرَاضِي وَابْنُ الْقَاسِمِ لَمْ يُجِزْهُ، وَقَدْ يُقَالُ لَا نُزُوعَ لِشَرْطِهِ فِي مَنْعِ الْجَمْعِ احْتِمَالُ كُلِّ صِنْفٍ الْقَسْمَ وَإِلَّا جَازَ كَمَا هُنَا، وَاللَّهُ أَعْلَمُ.
وَقَالَ سَحْنُونٌ الْمُرَادُ بِهَا قَسْمُ الْمُرَاضَاةِ وَاللَّهُ سُبْحَانَهُ وَتَعَالَى أَعْلَمُ. (15/293)
بَابٌ) الْقِرَاضُ تَوْكِيلٌ عَلَى تَجْرٍ، وَفِي نَقْدٍ مَضْرُوبٍ، مُسَلَّمٌ بِجُزْءٍ مِنْ رِبْحِهِ
الشَّرْحُ
(15/294)"
ورد بأن شرط إلخ ومن ثم رد شيخنا الزيادي تبعا لحج ما قاله البلقيني بعين ما قاله الشارح ردا على الإسنوي، اللهم إلا أن يحمل ما قاله البلقيني على ما لو تخاصما في مال أنكره أحدهما وادعاه الآخر فلا يخالف ما رد به على الإسنوي (قوله: ولو ادعيا على واحد أنه رهنهما عبده) ,وَرُدَّ بِأَنَّ شَرْطَ إِلَخْ وَمِنْ ثَمَّ رَدَّ شَيْخُنَا الزِّيَادِيُّ تَبَعًا لحج مَا قَالَهُ الْبُلْقِينِيُّ بِعَيْنِ مَا قَالَهُ الشَّارِحُ رَدًّا عَلَى الْإِسْنَوِيِّ، اللَّهُمَّ إِلَّا أَنْ يُحْمَلَ مَا قَالَهُ الْبُلْقِينِيُّ عَلَى مَا لَوْ تَخَاصَمَا فِي مَالٍ أَنْكَرَهُ أَحَدُهُمَا وَادَّعَاهُ الْآخَرُ فَلَا يُخَالِفُ مَا رُدَّ بِهِ عَلَى الْإِسْنَوِيِّ (قَوْلُهُ: وَلَوِ ادَّعَيَا عَلَى وَاحِدٍ أَنَّهُ رَهَنَهُمَا عَبْدَهُ) ,وَرُدَّ بِأَنَّ شَرْطَ إِلَخْ وَمِنْ ثَمَّ رَدَّ شَيْخُنَا الزِّيَادِيُّ تَبَعًا لِحَجّ مَا قَالَهُ الْبُلْقِينِيُّ بِعَيْنِ مَا قَالَهُ الشَّارِحُ رَدًّا عَلَى الْإِسْنَوِيِّ، اللَّهُمَّ إِلَّا أَنْ يُحْمَلَ مَا قَالَهُ الْبُلْقِينِيُّ عَلَى مَا لَوْ تَخَاصَمَا فِي مَالٍ أَنْكَرَهُ أَحَدُهُمَا وَادَّعَاهُ الْآخَرُ فَلَا يُخَالِفُ مَا رَدَّ بِهِ عَلَى الْإِسْنَوِيِّ (قَوْلُهُ: وَلَوِ ادَّعَيَا عَلَى وَاحِدٍ أَنَّهُ رَهَنَهُمَا عَبْدَهُ)
لأنه لو حلف لا يأكل طعاما فأكل خبزا أو فاكهة أو غير ذلك مما يؤكل على وجه التطعم كان حانثا، وإن أكل ماله طعم لكن لا يؤكل على وجه التطعم كالسقمونيا ونحو ذلك لا يحنث في يمينه كذا في الخانية، ,لِأَنَّهُ لَوْ حَلَفَ لَا يَأْكُلُ طَعَامًا فَأَكَلَ خُبْزًا أَوْ فَاكِهَةً أَوْ غَيْرَ ذَلِكَ مِمَّا يُؤْكَلُ عَلَى وَجْهِ التَّطَعُّمِ كَانَ حَانِثًا، وَإِنْ أَكَلَ مَالَهُ طَعْمٌ لَكِنْ لَا يُؤْكَلُ عَلَى وَجْهِ التَّطَعُّمِ كَالسَّقَمُونْيَا وَنَحْوِ ذَلِكَ لَا يَحْنَثُ فِي يَمِينِهِ كَذَا فِي الْخَانِيَّةِ، ,لِأَنَّهُ لَوْ حَلَفَ لَا يَأْكُلُ طَعَامًا فَأَكَلَ خُبْزًا أَوْ فَاكِهَةً أَوْ غَيْرَ ذَلِكَ مِمَّا يُؤْكَلُ عَلَى وَجْهِ التَّطَعُّمِ كَانَ حَانِثًا، وَإِنْ أَكَلَ مَالَهُ طَعْمٌ لَكِنْ لَا يُؤْكَلُ عَلَى وَجْهِ التَّطَعُّمِ كَالسَّقْمُونْيَا وَنَحْوِ ذَلِكَ لَا يَحْنَثُ فِي يَمِينِهِ كَذَا فِي الْخَانِيَّةِ،
"ولا يقال قد يجتنبها في غير هذه بزنا أو شبهة أو إحرام أو اعتكافه أو إيلاء أو ظهار أو تخيير أو تمليك لأن المراد تجنبها لغير معنى طرأ على بضعها أو عليها وقيل لا.
(أو زوال ملك) عن السابقة (بعتق) لها ناجز بل (وإن لأجل) ","وَلَا يُقَالُ قَدْ يَجْتَنِبُهَا فِي غَيْرِ هَذِهِ بِزِنًا أَوْ شُبْهَةٍ أَوْ إِحْرَامٍ أَوِ اعْتِكَافِهِ أَوْ إِيلَاءٍ أَوْ ظِهَارٍ أَوْ تَخْيِيرٍ أَوْ تَمْلِيكٍ لِأَنَّ الْمُرَادَ تَجَنُّبُهَا لِغَيْرِ مَعْنًى طَرَأَ عَلَى بُضْعِهَا أَوْ عَلَيْهَا وَقِيلَ لَا.
(أَوْ زَوَالِ مِلْكٍ) عَنِ السَّابِقَةِ (بِعِتْقٍ) لَهَا نَاجِزٍ بَلْ (وَإِنْ لِأَجَلٍ) ","وَلَا يُقَالُ قَدْ يَجْتَنِبُهَا فِي غَيْرِ هَذِهِ بِزِنًا أَوْ شُبْهَةٍ أَوْ إِحْرَامٍ أَوِ اعْتِكَافِهِ أَوْ إِيلَاءٍ أَوْ ظِهَارٍ أَوْ تَخْيِيرٍ أَوْ تَمْلِيكٍ لِأَنَّ الْمُرَادَ تَجَنُّبُهَا لِغَيْرِ مَعْنًى طَرَأَ عَلَى بُضْعِهَا أَوْ عَلَيْهَا وَقِيلَ لَا.
(أَوْ زَوَالِ مِلْكٍ) عَنِ السَّابِقَةِ (بِعِتْقٍ) لَهَا نَاجِزٍ بَلْ (وَإِنْ لِأَجَلٍ)"
"فقال اللخمي: لا زكاة على القاصر ولابن عرفة استظهار انظره في شروح خليل.
[قوله: ووقع الاتفاق في المواشي] اعلم أنه إذا (3/488)
كان فيها الوسط فلا إشكال في أخذه، ","فَقَالَ اللَّخْمِيُّ: لَا زَكَاةَ عَلَى الْقَاصِرِ وَلِابْنِ عَرَفَةَ اسْتِظْهَارٌ انْظُرْهُ فِي شُرُوحِ خَلِيلٍ.
[قَوْلُهُ: وَوَقَعَ الِاتِّفَاقُ فِي الْمَوَاشِي] اعْلَمْ أَنَّهُ إِذَا (3/488)
كَانَ فِيهَا الْوَسَطُ فَلَا إِشْكَالَ فِي أَخْذِهِ، ","فَقَالَ اللَّخْمِيُّ: لَا زَكَاةَ عَلَى الْقَاصِرِ وَلِابْنِ عَرَفَةَ اسْتِظْهَارٌ انْظُرْهُ فِي شُرُوحِ خَلِيلٍ.
[قَوْلُهُ: وَوَقَعَ الِاتِّفَاقُ فِي الْمَوَاشِي] اعْلَمْ أَنَّهُ إِذَا (3/488)
كَانَ فِيهَا الْوَسَطُ فَلَا إِشْكَالَ فِي أَخْذِهِ،"
"قال: سألت الحسن، عن قوله: لنكفرن عنهم سيئاتهم ، قال: هم المهاجرون.
قوله تعالى: ولنجزينهم
18008- أحمد بن سنان، ثنا أبو معاوية، عن إسماعيل بن شفيع، عن أبي مالك، عن ابن عباس، في قوله: ولنجزينهم ، قال: إذا جاءوا إلى الله جزاهم أجرهم بأحسن ما كانوا يعلمون.
قوله تعالى: ولنجزينهم أحسن الذي كانوا يعملون (11/394)
18009- ","قَالَ: سَأَلْتُ الْحَسَنَ، عَنْ قَوْلِهِ: لَنُكَفِّرَنَّ عَنْهُمْ سَيِّئَاتِهِمْ ، قَالَ: هُمُ الْمُهَاجِرُونَ.
قَوْلُهُ تَعَالَى: وَلَنَجْزِيَنَّهُمْ
18008- أَحْمَدُ بْنُ سِنَانٍ، ثنَا أَبُو مُعَاوِيَةَ، عَنْ إِسْمَاعِيلَ بْنِ شَفِيعٍ، عَنْ أَبِي مَالِكٍ، عَنِ ابْنِ عَبَّاسٍ، فِي قَوْلِهِ: وَلَنَجْزِيَنَّهُمْ ، قَالَ: إِذَا جَاءُوا إِلَى اللَّهِ جَزَاهُمْ أَجْرَهُمْ بِأَحْسَنِ مَا كَانُوا يَعْلَمُونَ.
قَوْلُهُ تَعَالَى: وَلَنَجْزِيَنَّهُمْ أَحْسَنَ الذِّي كَانُوا يَعْمَلُونَ (11/394)
18009- ","قَالَ: سَأَلْتُ الْحَسَنَ، عَنْ قَوْلِهِ: لَنُكَفِّرَنَّ عَنْهُمْ سَيِّئَاتِهِمْ ، قَالَ: هُمُ الْمُهَاجِرُونَ.
قَوْلُهُ تَعَالَى: وَلَنَجْزِيَنَّهُمْ
18008- أَحْمَدُ بْنُ سِنَانٍ، ثنَا أَبُو مُعَاوِيَةَ، عَنْ إِسْمَاعِيلَ بْنِ شُفَيْعٍ، عَنْ أَبِي مَالِكٍ، عَنِ ابْنِ عَبَّاسٍ، فِي قَوْلِهِ: وَلَنَجْزِيَنَّهُمْ ، قَالَ: إِذَا جَاءُوا إِلَى اللَّهِ جَزَاهُمْ أَجْرَهُمْ بِأَحْسَنِ مَا كَانُوا يَعْلَمُونَ.
قَوْلُهُ تَعَالَى: وَلَنَجْزِيَنَّهُمْ أَحْسَنَ الَّذِي كَانُوا يَعْمَلُونَ (11/394)
18009-"
حل فيه فالكثير أولى ولو بمعفو عنه في الصلاة أو لم يمكن الاحتراز منه كروث فار، ومثل الطعام الماء المضاف كماء العجين أو سكر حيث حلت فيه النجاسة بعد الإضافة وإلا اعتبر التغير (ك) طعام (جامد) وهو الذي إذا أخذ منه شيء لا يتراد بسرعة كثريد وسمن وعسل جامدين فينجس (إن أمكن السريان) ,حَلَّ فِيهِ فَالْكَثِيرُ أَوْلَى وَلَوْ بِمَعْفُوٍّ عَنْهُ فِي الصَّلَاةِ أَوْ لَمْ يُمْكِنِ الِاحْتِرَازُ مِنْهُ كَرَوْثِ فَارٍ، وَمِثْلُ الطَّعَامِ الْمَاءُ الْمُضَافُ كَمَاءِ الْعَجِينِ أَوْ سُكَّرٍ حَيْثُ حَلَّتْ فِيهِ النَّجَاسَةُ بَعْدَ الْإِضَافَةِ وَإِلَّا اعْتُبِرَ التَّغَيُّرُ (كَ) طَعَامٍ (جَامِدٍ) وَهُوَ الَّذِي إِذَا أُخِذَ مِنْهُ شَيْءٌ لَا يَتَرَادُّ بِسُرْعَةٍ كَثَرِيدٍ وَسَمْنٍ وَعَسَلٍ جَامِدَيْنِ فَيَنْجُسُ (إِنْ أَمْكَنَ السَّرَيَانُ) ,حَلَّ فِيهِ فَالْكَثِيرُ أَوْلَى وَلَوْ بِمَعْفُوٍّ عَنْهُ فِي الصَّلَاةِ أَوْ لَمْ يُمْكِنِ الِاحْتِرَازُ مِنْهُ كَرَوْثِ فَارٍ، وَمِثْلُ الطَّعَامِ الْمَاءُ الْمُضَافُ كَمَاءِ الْعَجِينِ أَوْ سُكَّرٍ حَيْثُ حَلَّتْ فِيهِ النَّجَاسَةُ بَعْدَ الْإِضَافَةِ وَإِلَّا اعْتُبِرَ التَّغَيُّرُ (كَ) طَعَامٍ (جَامِدٍ) وَهُوَ الَّذِي إِذَا أُخِذَ مِنْهُ شَيْءٌ لَا يُتْرَادُ بِسُرْعَةٍ كَثَرِيدٍ وَسَمْنٍ وَعَسَلٍ جَامِدَيْنِ فَيَنْجَسُ (إِنْ أَمْكَنَ السَّرَيَانُ)
"فإذا لم يأخذ الأجرة لم تحصل فائدة الفسخ (وإن بنى من اكترى أو غرسا) أي: وإن بنى المكتري أو غرس في أرض اكتراها للبناء أو الغراس، ثم (10/199)
فسخت الإجارة بإفلاسه، (والغرماء اتفقوا والمفلسا) بنصبه، بأنه مفعول معه أي: والحالة أن الغرماء اتفقوا مع المفلس (في القلع) أي على قلع البناء والغراس (يقلع) ؛ ","فَإِذَا لَمْ يَأْخُذِ الْأُجْرَةَ لَمْ تَحْصُلْ فَائِدَةُ الْفَسْخِ (وَإِنْ بَنَى مَنِ اكْتَرَى أَوْ غَرَسَا) أَيْ: وَإِنْ بَنَى الْمُكْتَرِي أَوْ غَرَسَ فِي أَرْضٍ اكْتَرَاهَا لِلْبِنَاءِ أَوِ الْغِرَاسِ، ثُمَّ (10/199)
فُسِخَتِ الْإِجَارَةُ بِإِفْلَاسِهِ، (وَالْغُرَمَاءُ اتَّفَقُوا وَالْمُفْلِسَا) بِنَصْبِهِ، بِأَنَّهُ مَفْعُولٌ مَعَهُ أَيْ: وَالْحَالَةُ أَنَّ الْغُرَمَاءَ اتَّفَقُوا مَعَ الْمُفْلِسِ (فِي الْقَلْعِ) أَيْ عَلَى قَلْعِ الْبِنَاءِ وَالْغِرَاسِ (يُقْلَعْ) ؛ ","فَإِذَا لَمْ يَأْخُذِ الْأُجْرَةَ لَمْ تَحْصُلْ فَائِدَةُ الْفَسْخِ (وَإِنْ بَنَى مَنِ اكْتَرَى أَوْ غَرْسًا) أَيْ: وَإِنْ بَنَى الْمُكْتَرِي أَوْ غَرَسَ فِي أَرْضٍ اكْتَرَاهَا لِلْبِنَاءِ أَوِ الْغِرَاسِ، ثُمَّ (10/199)
فُسِخَتِ الْإِجَارَةُ بِإِفْلَاسِهِ، (وَالْغُرَمَاءُ اتَّفَقُوا وَالْمُفْلِسَا) بِنَصْبِهِ، بِأَنَّهُ مَفْعُولُ مَعَهُ أَيْ: وَالْحَالَةُ أَنَّ الْغُرَمَاءَ اتَّفَقُوا مَعَ الْمُفْلِسِ (فِي الْقَلْعِ) أَيْ عَلَى قَلْعِ الْبِنَاءِ وَالْغِرَاسِ (يُقْلَعُ) ؛"
"لأنه قد يرى ما لا يراه) أي إن كان مخالفا له في مذهبه أو كان مجتهدا، ومنه يعلم أنه لا يتم به الرد على الزركشي؛ لأنه إنما اكتفى بعدم التفصيل في الموافق، نعم قوله وقد ينسى بعضها يرد على الزركشي.
[فرع] لو شهدوا على إقراره بالزنى فإن قال ما أقررت فلا يقبل؛ ","لِأَنَّهُ قَدْ يَرَى مَا لَا يَرَاهُ) أَيْ إِنْ كَانَ مُخَالِفًا لَهُ فِي مَذْهَبِهِ أَوْ كَانَ مُجْتَهِدًا، وَمِنْهُ يُعْلَمُ أَنَّهُ لَا يَتِمُّ بِهِ الرَّدُّ عَلَى الزَّرْكَشِيّ؛ لِأَنَّهُ إِنَّمَا اكْتَفَى بِعَدَمِ التَّفْصِيلِ فِي الْمُوَافِقِ، نَعَمْ قَوْلُهُ وَقَدْ يَنْسَى بَعْضَهَا يَرُدُّ عَلَى الزَّرْكَشِيّ.
[فَرْعٌ] لَوْ شَهِدُوا عَلَى إِقْرَارِهِ بِالزِّنَى فَإِنْ قَالَ مَا أَقْرَرْتُ فَلَا يُقْبَلُ؛ ","لِأَنَّهُ قَدْ يَرَى مَا لَا يَرَاهُ) أَيْ إِنْ كَانَ مُخَالِفًا لَهُ فِي مَذْهَبِهِ أَوْ كَانَ مُجْتَهِدًا، وَمِنْهُ يُعْلَمُ أَنَّهُ لَا يَتِمُّ بِهِ الرَّدُّ عَلَى الزَّرْكَشِيِّ؛ لِأَنَّهُ إِنَّمَا اكْتَفَى بِعَدَمِ التَّفْصِيلِ فِي الْمُوَافِقِ، نَعَمْ قَوْلُهُ وَقَدْ يَنْسَى بَعْضَهَا يَرُدُّ عَلَى الزَّرْكَشِيِّ.
[فَرْعٌ] لَوْ شَهِدُوا عَلَى إِقْرَارِهِ بِالزِّنَى فَإِنْ قَالَ مَا أَقْرَرْت فَلَا يُقْبَلُ؛"
"الشرح
(19/63)
(قوله وهو المشهور) ومقابله ما رواه ابن القاسم في شريكين أكتريا أرضا ثم أكرى أحدهما حصته من غيره أن شريكه أولى بها (قوله وجود في الأعيان) ","الشَّرْحُ
(19/63)
(قَوْلُهُ وَهُوَ الْمَشْهُورُ) وَمُقَابِلُهُ مَا رَوَاهُ ابْنُ الْقَاسِمِ فِي شَرِيكَيْنِ أَكْتَرَيَا أَرْضًا ثُمَّ أَكْرَى أَحَدُهُمَا حِصَّتَهُ مِنْ غَيْرِهِ أَنَّ شَرِيكَهُ أَوْلَى بِهَا (قَوْلُهُ وُجُودٌ فِي الْأَعْيَانِ) ","الشَّرْحُ
(19/63)
(قَوْلُهُ وَهُوَ الْمَشْهُورُ) وَمُقَابِلُهُ مَا رَوَاهُ ابْنُ الْقَاسِمِ فِي شَرِيكَيْنِ أَكْتَرَيَا أَرْضًا ثُمَّ أَكْرَى أَحَدُهُمَا حِصَّتَهُ مِنْ غَيْرِهِ أَنَّ شَرِيكَهُ أَوْلَى بِهَا (قَوْلُهُ وُجُودٌ فِي الْأَعْيَانِ)"
"وما حلف حالف بالله يمين صبر فأدخل فيها مثل جناح بعوضة إلا جعله الله نكتة في قلبه إلى يوم القيامة} .
وأخرج البزار بسند فيه ضعيف {أكبر الكبائر: الإشراك بالله وعقوق الوالدين ومنع فضل الماء ومنع الفحل} .
وأخرج ابن مردويه بسند فيه ضعف أيضا: {أكبر الكبائر عند الله يوم القيامة: الإشراك بالله، ","وَمَا حَلَفَ حَالِفٌ بِاللَّهِ يَمِينَ صَبْرٍ فَأَدْخَلَ فِيهَا مِثْلَ جَنَاحِ بَعُوضَةٍ إِلَّا جَعَلَهُ اللَّهُ نُكْتَةً فِي قَلْبِهِ إِلَى يَوْمِ الْقِيَامَةِ} .
وَأَخْرَجَ الْبَزَّارُ بِسَنَدٍ فِيهِ ضَعِيفٌ {أَكْبَرُ الْكَبَائِرِ: الْإِشْرَاكُ بِاللَّهِ وَعُقُوقُ الْوَالِدَيْنِ وَمَنْعُ فَضْلِ الْمَاءِ وَمَنْعُ الْفَحْلِ} .
وَأَخْرَجَ ابْنُ مَرْدُوَيْهِ بِسَنَدٍ فِيهِ ضَعْفٌ أَيْضًا: {أَكْبَرُ الْكَبَائِرِ عِنْدَ اللَّهِ يَوْمَ الْقِيَامَةِ: الْإِشْرَاكُ بِاللَّهِ، ","وَمَا حَلَفَ حَالِفٌ بِاللَّهِ يَمِينَ صَبْرٍ فَأَدْخَلَ فِيهَا مِثْلَ جَنَاحِ بَعُوضَةٍ إِلَّا جَعَلَهُ اللَّهُ نُكْتَةً فِي قَلْبِهِ إِلَى يَوْمِ الْقِيَامَةِ} .
وَأَخْرَجَ الْبَزَّارُ بِسَنَدٍ فِيهِ ضَعِيفٌ {أَكْبَرُ الْكَبَائِرِ: الْإِشْرَاكُ بِاللَّهِ وَعُقُوقُ الْوَالِدَيْنِ وَمَنْعُ فَضْلِ الْمَاءِ وَمَنْعُ الْفَحْلِ} .
وَأَخْرَجَ ابْنُ مَرْدُوَيْهِ بِسَنَدٍ فِيهِ ضَعْفٌ أَيْضًا: {أَكْبَرُ الْكَبَائِرِ عِنْدَ اللَّهِ يَوْمَ الْقِيَامَةِ: الْإِشْرَاكُ بِاللَّهِ،"
"وإن فاتته الصلاة مع الإمام بها) أي: بمزدلفة (أو بعرفة جمع وحده) لفعل ابن عمر (ثم يبيت بها حتى يصبح ويصلي الفجر) لقول جابر ثم {اضطجع رسول الله صلى الله عليه وسلم حتى طلع الفجر فصلى الفجر حين تبين له الصبح بأذان وإقامة} . (7/247)
(وله الدفع قبل الإمام وليس له الدفع قبل نصف الليل ويباح) ","وَإِنْ فَاتَتْهُ الصَّلَاةُ مَعَ الْإِمَامِ بِهَا) أَيْ: بِمُزْدَلِفَةَ (أَوْ بِعَرَفَةَ جَمَعَ وَحْدَهُ) لِفِعْلِ ابْنِ عُمَرَ (ثُمَّ يَبِيتُ بِهَا حَتَّى يُصْبِحَ وَيُصَلِّيَ الْفَجْرَ) لِقَوْلِ جَابِرٍ ثُمَّ {اضْطَجَعَ رَسُولُ اللَّهِ صَلَّى اللَّهُ عَلَيْهِ وَسَلَّمَ حَتَّى طَلَعَ الْفَجْرُ فَصَلَّى الْفَجْرَ حِينَ تَبَيَّنَ لَهُ الصُّبْحُ بِأَذَانٍ وَإِقَامَةٍ} . (7/247)
(وَلَهُ الدَّفْعُ قَبْلَ الْإِمَامِ وَلَيْسَ لَهُ الدَّفْعُ قَبْلَ نِصْفِ اللَّيْلِ وَيُبَاحُ) ","وَإِنْ فَاتَتْهُ الصَّلَاةُ مَعَ الْإِمَامِ بِهَا) أَيْ: بِمُزْدَلِفَةَ (أَوْ بِعَرَفَةَ جَمَعَ وَحْدَهُ) لِفِعْلِ ابْنِ عُمَرَ (ثُمَّ يَبِيتُ بِهَا حَتَّى يُصْبِحَ وَيُصَلِّيَ الْفَجْرَ) لِقَوْلِ جَابِرٍ ثُمَّ {اضْطَجَعَ رَسُولُ اللَّهِ صَلَّى اللَّهُ عَلَيْهِ وَسَلَّمَ حَتَّى طَلَعَ الْفَجْرُ فَصَلَّى الْفَجْرَ حِينَ تَبَيَّنَ لَهُ الصُّبْحُ بِأَذَانٍ وَإِقَامَةٍ} . (7/247)
(وَلَهُ الدَّفْعُ قَبْلَ الْإِمَامِ وَلَيْسَ لَهُ الدَّفْعُ قَبْلَ نِصْفِ اللَّيْلِ وَيُبَاحُ)"
"كما في الترمذي عن علي بن أبي طالب رضي الله عنه، عن رسول الله صلى الله عليه وسلم أنه: كان إذا قام إلى الصلاة المكتوبة رفع يديه.. الحديث، إلى قوله: ويقول عند انصرافه من الصلاة: اللهم اغفر لي ما قدمت وما أخرت، وما أسررت وما أعلنت، أنت إلهي لا إله إلا أنت، حسن صحيح.
","كَمَا فِي التِّرْمِذِيِّ عَنْ عَلِيِّ بْنِ أَبِي طَالِبٍ رَضِيَ اللَّهُ عَنْهُ، عَنْ رَسُولِ اللَّهِ صَلَّى اللَّهُ عَلَيْهِ وَسَلَّمَ أَنَّهُ: كَانَ إِذَا قَامَ إِلَى الصَّلَاةِ الْمَكْتُوبَةِ رَفَعَ يَدَيْهِ.. الْحَدِيثَ، إِلَى قَوْلِهِ: وَيَقُولُ عِنْدَ انْصِرَافِهِ مِنَ الصَّلَاةِ: اللَّهُمَّ اغْفِرْ لِي مَا قَدَّمْتُ وَمَا أَخَّرْتُ، وَمَا أَسْرَرْتُ وَمَا أَعْلَنْتُ، أَنْتَ إِلَهِي لَا إِلَهَ إِلَّا أَنْتَ، حَسَنٌ صَحِيحٌ.
",كَمَا فِي التِّرْمِذِيِّ عَنْ عَلِيِّ بْنِ أَبِي طَالِبٍ رَضِيَ اللَّهُ عَنْهُ، عَنْ رَسُولِ اللَّهِ صَلَّى اللَّهُ عَلَيْهِ وَسَلَّمَ أَنَّهُ: كَانَ إِذَا قَامَ إِلَى الصَّلَاةِ الْمَكْتُوبَةِ رَفَعَ يَدَيْهِ.. الْحَدِيثَ، إِلَى قَوْلِهِ: وَيَقُولُ عِنْدَ انْصِرَافِهِ مِنَ الصَّلَاةِ: اللَّهُمَّ اغْفِرْ لِي مَا قَدَّمْتُ وَمَا أَخَّرْتُ، وَمَا أَسْرَرْتُ وَمَا أَعْلَنْتُ، أَنْتَ إِلَهِي لَا إِلَهَ إِلَّا أَنْتَ، حَسَنٌ صَحِيحٌ.
وإذا لم يوجد منه السوق بقي على الأصل ولا تجوز إضافته إليه لعدم الفعل منه مباشرة وتسبيبا بخلاف ما إذا أرسل الكلب إلى صيد حيث يؤكل ما أصابه وإن لم يكن سائقا له حقيقة ولا حكما؛ لأن الحاجة مست إلى الاصطياد به فأضيف إلى المرسل ما دام الكلب في تلك الجهة ولم يفتر عنها إذ لا طريق إلى الاصطياد سواه، ,وَإِذَا لَمْ يُوجَدْ مِنْهُ السَّوْقُ بَقِيَ عَلَى الْأَصْلِ وَلَا تَجُوزُ إِضَافَتُهُ إِلَيْهِ لِعَدَمِ الْفِعْلِ مِنْهُ مُبَاشَرَةً وَتَسْبِيبًا بِخِلَافِ مَا إِذَا أَرْسَلَ الْكَلْبَ إِلَى صَيْدٍ حَيْثُ يُؤْكَلُ مَا أَصَابَهُ وَإِنْ لَمْ يَكُنْ سَائِقًا لَهُ حَقِيقَةً وَلَا حُكْمًا؛ لِأَنَّ الْحَاجَةَ مَسَّتْ إِلَى الِاصْطِيَادِ بِهِ فَأُضِيفَ إِلَى الْمُرْسِلِ مَا دَامَ الْكَلْبُ فِي تِلْكَ الْجِهَةِ وَلَمْ يُفَتَّرْ عَنْهَا إِذْ لَا طَرِيقَ إِلَى الِاصْطِيَادِ سِوَاهُ، ,وَإِذَا لَمْ يُوجَدْ مِنْهُ السُّوقُ بَقِيَ عَلَى الْأَصْلِ وَلَا تَجُوزُ إِضَافَتُهُ إِلَيْهِ لِعَدَمِ الْفِعْلِ مِنْهُ مُبَاشَرَةً وَتَسْبِيبًا بِخِلَافِ مَا إِذَا أَرْسَلَ الْكَلْبَ إِلَى صَيْدٍ حَيْثُ يُؤْكَلُ مَا أَصَابَهُ وَإِنْ لَمْ يَكُنْ سَائِقًا لَهُ حَقِيقَةً وَلَا حُكْمًا؛ لِأَنَّ الْحَاجَةَ مُسْتٍ إِلَى الِاصْطِيَادِ بِهِ فَأُضِيفَ إِلَى الْمُرْسَلِ مَا دَامَ الْكَلْبُ فِي تِلْكَ الْجِهَةِ وَلَمْ يَفْتَرِ عَنْهَا إِذْ لَا طَرِيقَ إِلَى الِاصْطِيَادِ سِوَاهُ،
صدق الشخص (الزائر منهما) أي الزوجين في شأن الوطء في الخلوة ثيبا كانت أو بكرا، إثباتا أو نفيا، على البدلية، فإن زارته صدقت في دعوى وطئه، ,صُدِّقَ الشَّخْصُ (الزَّائِرُ مِنْهُمَا) أَيِ الزَّوْجَيْنِ فِي شَأْنِ الْوَطْءِ فِي الْخَلْوَةِ ثَيِّبًا كَانَتْ أَوْ بِكْرًا، إِثْبَاتًا أَوْ نَفْيًا، عَلَى الْبَدَلِيَّةِ، فَإِنْ زَارَتْهُ صُدِّقَتْ فِي دَعْوَى وَطْئِهِ، ,صَدَقَ الشَّخْصُ (الزَّائِرُ مِنْهُمَا) أَيِ الزَّوْجَيْنِ فِي شَأْنِ الْوَطْءِ فِي الْخَلْوَةِ ثَيِّبًا كَانَتْ أَوْ بِكْرًا، إِثْبَاتًا أَوْ نَفْيًا، عَلَى الْبَدَلِيَّةِ، فَإِنْ زَارَتْهُ صُدِّقَتْ فِي دَعْوَى وَطْئِهِ،
"الذي كان تصرفه في ردته تغليظا عليه بقطع ثوابه بخلاف المريض. (21/154)
(وإن لحق) المرتد (بدار حرب فهو وما معه كحربي لكل أحد قتله بغير استتابة وأخذ ما معه) من مال لأنه صار حربيا (وما بدارنا من أملاكه فملكه ثابت فيه يصير فيئا من حين موته) لكونه لا وارث له كما تقدم (وإن لحق) ","الَّذِي كَانَ تَصَرُّفُهُ فِي رِدَّتِهِ تَغْلِيظًا عَلَيْهِ بِقَطْعِ ثَوَابِهِ بِخِلَافِ الْمَرِيضِ. (21/154)
(وَإِنْ لَحِقَ) الْمُرْتَدُّ (بِدَارِ حَرْبٍ فَهُوَ وَمَا مَعَهُ كَحَرْبِيٍّ لِكُلِّ أَحَدٍ قَتْلُهُ بِغَيْرِ اسْتِتَابَةٍ وَأَخْذُ مَا مَعَهُ) مِنْ مَالٍ لِأَنَّهُ صَارَ حَرْبِيًّا (وَمَا بِدَارِنَا مِنْ أَمْلَاكِهِ فَمُلْكُهُ ثَابِتٌ فِيهِ يَصِيرُ فَيْئًا مِنْ حِينِ مَوْتِهِ) لِكَوْنِهِ لَا وَارِثَ لَهُ كَمَا تَقَدَّمَ (وَإِنْ لَحِقَ) ","الَّذِي كَانَ تَصَرُّفُهُ فِي رِدَّتِهِ تَغْلِيظًا عَلَيْهِ بِقَطْعِ ثَوَابِهِ بِخِلَافِ الْمَرِيضِ. (21/154)
(وَإِنْ لَحِقَ) الْمُرْتَدُّ (بِدَارِ حَرْبٍ فَهُوَ وَمَا مَعَهُ كَحَرْبِيٍّ لِكُلِّ أَحَدٍ قَتْلُهُ بِغَيْرِ اسْتِتَابَةٍ وَأَخْذُ مَا مَعَهُ) مِنْ مَالٍ لِأَنَّهُ صَارَ حَرْبِيًّا (وَمَا بِدَارِنَا مِنْ أَمْلَاكِهِ فَمِلْكُهُ ثَابِتٌ فِيهِ يَصِيرُ فَيْئًا مِنْ حِينِ مَوْتِهِ) لِكَوْنِهِ لَا وَارِثَ لَهُ كَمَا تَقَدَّمَ (وَإِنْ لَحِقَ)"
"وكذا الرسالة إليه والرسالة منه إلى القاضي، وكذا في الترجمة عن الشاهد وغيره عند أبي حنيفة وأبي يوسف، وبه قال مالك وأحمد في رواية.
وعند محمد لا بد من اثنين، وبه قال الشافعي وأحمد في رواية لمحمد أن التزكية في معنى الشهادة، ","وَكَذَا الرِّسَالَةُ إِلَيْهِ وَالرِّسَالَةُ مِنْهُ إِلَى الْقَاضِي، وَكَذَا فِي التَّرْجَمَةِ عَنِ الشَّاهِدِ وَغَيْرِهِ عِنْدَ أَبِي حَنِيفَةَ وَأَبِي يُوسُفَ، وَبِهِ قَالَ مَالِكٌ وَأَحْمَدُ فِي رِوَايَةٍ.
وَعِنْدَ مُحَمَّدٍ لَا بُدَّ مِنَ اثْنَيْنِ، وَبِهِ قَالَ الشَّافِعِيُّ وَأَحْمَدُ فِي رِوَايَةٍ لِمُحَمَّدٍ أَنَّ التَّزْكِيَةَ فِي مَعْنَى الشَّهَادَةِ، ","وَكَذَا الرِّسَالَةُ إِلَيْهِ وَالرِّسَالَةُ مِنْهُ إِلَى الْقَاضِي، وَكَذَا فِي التَّرْجَمَةِ عَنِ الشَّاهِدِ وَغَيْرِهِ عِنْدَ أَبِي حَنِيفَةَ وَأَبِي يُوسُفَ، وَبِهِ قَالَ مَالِكٌ وَأَحْمَدُ فِي رِوَايَةٍ.
وَعِنْدَ مُحَمَّدٍ لَا بُدَّ مِنَ اثْنَيْنِ، وَبِهِ قَالَ الشَّافِعِيُّ وَأَحْمَدُ فِي رِوَايَةٍ لِمُحَمَّدٍ أَنَّ التَّزْكِيَةَ فِي مَعْنَى الشَّهَادَةِ،"
"ثم) بعد تمام التشهد والدعاء توقع تسليمة بأن (تقول السلام عليكم) بالتعريف والترتيب وصيغة الجمع.
قال خليل: وسلام عرف بأل، فلو قال: عليكم السلام أو سلامي عليكم أو سلام الله عليكم أو أسقط أل لم يجزه، ولو قال: ","ثُمَّ) بَعْدَ تَمَامِ التَّشَهُّدِ وَالدُّعَاءِ تُوقِعُ تَسْلِيمَةً بِأَنْ (تَقُولَ السَّلَامُ عَلَيْكُمْ) بِالتَّعْرِيفِ وَالتَّرْتِيبِ وَصِيغَةِ الْجَمْعِ.
قَالَ خَلِيلٌ: وَسَلَامٌ عُرِّفَ بِأَلْ، فَلَوْ قَالَ: عَلَيْكُمُ السَّلَامُ أَوْ سَلَامِي عَلَيْكُمْ أَوْ سَلَامُ اللَّهِ عَلَيْكُمْ أَوْ أَسْقَطَ أَلْ لَمْ يُجْزِهِ، وَلَوْ قَالَ: ","ثُمَّ) بَعْدَ تَمَامِ التَّشَهُّدِ وَالدُّعَاءِ تَوَقَّعَ تَسْلِيمَةً بِأَنْ (تَقُولَ السَّلَامُ عَلَيْكُمْ) بِالتَّعْرِيفِ وَالتَّرْتِيبِ وَصِيغَةِ الْجَمْعِ.
قَالَ خَلِيلٌ: وَسَلَامٌ عُرِفَ بِأَلْ، فَلَوْ قَالَ: عَلَيْكُمُ السَّلَامُ أَوْ سَلَامِي عَلَيْكُمْ أَوْ سَلَامُ اللَّهِ عَلَيْكُمْ أَوْ أَسْقَطَ أَلْ لَمْ يُجْزِهِ، وَلَوْ قَالَ:"
"وينبغي أن يعلم أن قولنا القرآن اسم للكل والبعض مرادنا بالألف واللام مطلق الماهية، فإن أراد السائل لفظ القرآن المقترن بالألف واللام عند الإطلاق فجوابه أنه الكل لا البعض لا من حيث (4/261)
كونه اسما للكل بل بقرينتين إحداهما: دخول الألف واللام والثانية: عن العهد وعن إرادة الماهية، ","وَيَنْبَغِي أَنْ يَعْلَمَ أَنَّ قَوْلَنَا الْقُرْآنَ اسْمٌ لِلْكُلِّ وَالْبَعْضِ مُرَادُنَا بِالْأَلِفِ وَاللَّامِ مُطْلَقُ الْمَاهِيَّةِ، فَإِنْ أَرَادَ السَّائِلُ لَفْظَ الْقُرْآنِ الْمُقْتَرِنِ بِالْأَلِفِ وَاللَّامِ عِنْدَ الْإِطْلَاقِ فَجَوَابُهُ أَنَّهُ الْكُلُّ لَا الْبَعْضُ لَا مِنْ حَيْثُ (4/261)
كَوْنُهُ اسْمًا لِلْكُلِّ بَلْ بِقَرِينَتَيْنِ إِحْدَاهُمَا: دُخُولُ الْأَلِفِ وَاللَّامِ وَالثَّانِيَةُ: عَنِ الْعَهْدِ وَعَنْ إِرَادَةِ الْمَاهِيَّةِ، ","وَيَنْبَغِي أَنْ يُعْلَمَ أَنَّ قَوْلَنَا الْقُرْآنُ اسْمٌ لِلْكُلِّ وَالْبَعْضُ مُرَادُنَا بِالْأَلِفِ وَاللَّامِ مُطْلَقُ الْمَاهِيَّةِ، فَإِنْ أَرَادَ السَّائِلُ لَفْظَ الْقُرْآنِ الْمُقْتَرِنَ بِالْأَلِفِ وَاللَّامِ عِنْدَ الْإِطْلَاقِ فَجَوَابُهُ أَنَّهُ الْكُلُّ لَا الْبَعْضُ لَا مِنْ حَيْثُ (4/261)
كَوْنُهُ اسْمًا لِلْكُلِّ بَلْ بِقَرِينَتَيْنِ إِحْدَاهُمَا: دُخُولُ الْأَلِفِ وَاللَّامِ وَالثَّانِيَةُ: عَنِ الْعَهْدِ وَعَنْ إِرَادَةِ الْمَاهِيَّةِ،"
"أيهما أكثر أخذا للقرآن، فإذا أشير له إلى أحدهما قدمه في اللحد وقال: أنا شهيد على هؤلاء يوم القيامة، وأمر بدفنهم في دمائهم ولم يغسلهم} زاد البخاري والترمذي ولم يصل عليهم قال النسائي: لا أعلم أحدا تابع الليث من أصحاب الزهري على هذا (3/435)
الإسناد، ","أَيُّهُمَا أَكْثَرُ أَخْذًا لِلْقُرْآنِ، فَإِذَا أُشِيرَ لَهُ إِلَى أَحَدِهِمَا قَدَّمَهُ فِي اللَّحْدِ وَقَالَ: أَنَا شَهِيدٌ عَلَى هَؤُلَاءِ يَوْمَ الْقِيَامَةِ، وَأَمَرَ بِدَفْنِهِمْ فِي دِمَائِهِمْ وَلَمْ يُغَسِّلْهُمْ} زَادَ الْبُخَارِيُّ وَالتِّرْمِذِيُّ وَلَمْ يُصَلِّ عَلَيْهِمْ قَالَ النَّسَائِيّ: لَا أَعْلَمُ أَحَدًا تَابَعَ اللَّيْثَ مِنْ أَصْحَابِ الزُّهْرِيِّ عَلَى هَذَا (3/435)
الْإِسْنَادِ، ","أَيُّهُمَا أَكْثَرُ أَخْذًا لِلْقُرْآنِ، فَإِذَا أُشِيرَ لَهُ إِلَى أَحَدِهِمَا قَدَّمَهُ فِي اللَّحْدِ وَقَالَ: أَنَا شَهِيدٌ عَلَى هَؤُلَاءِ يَوْمَ الْقِيَامَةِ، وَأَمَرَ بِدَفْنِهِمْ فِي دِمَائِهِمْ وَلَمْ يُغَسِّلْهُمْ} زَادَ الْبُخَارِيُّ وَالتِّرْمِذِيُّ وَلَمْ يُصَلِّ عَلَيْهِمْ قَالَ النَّسَائِيُّ: لَا أَعْلَمُ أَحَدًا تَابَعَ اللَّيْثَ مِنْ أَصْحَابِ الزُّهْرِيِّ عَلَى هَذَا (3/435)
الْإِسْنَادِ،"
"والمحصن مكلف حر مسلم عفيف عن وطء يحد به، وتبطل العفة بوطء محرم مملوكة على المذهب، لا زوجته في عدة شبهة وأمة ولده ومنكوحته بلا ولي في الأصح
الشرح
(14/177)
ثم شرع في موجب القذف وهو الحد فقال (ويحد قاذف محصن) ثمانين جلدة لقوله تعالى: {والذين يرمون المحصنات} الآية، وسيأتي بيان الحد وشرطه في بابه (ويعزر غيره) ","وَالْمُحْصَنُ مُكَلَّفٌ حُرٌّ مُسْلِمٌ عَفِيفٌ عَنْ وَطْءٍ يُحَدُّ بِهِ، وَتَبْطُلُ الْعِفَّةُ بِوَطْءِ مَحْرَمٍ مَمْلُوكَةٍ عَلَى الْمَذْهَبِ، لَا زَوْجَتِهِ فِي عِدَّةِ شُبْهَةٍ وَأَمَةِ وَلَدِهِ وَمَنْكُوحَتِهِ بِلَا وَلِيٍّ فِي الْأَصَحِّ
الشَّرْحُ
(14/177)
ثُمَّ شَرَعَ فِي مُوجِبِ الْقَذْفِ وَهُوَ الْحَدُّ فَقَالَ (وَيُحَدُّ قَاذِفُ مُحْصَنٍ) ثَمَانِينَ جَلْدَةً لِقَوْلِهِ تَعَالَى: {وَالَّذِينَ يَرْمُونَ الْمُحْصَنَاتِ} الْآيَةَ، وَسَيَأْتِي بَيَانُ الْحَدِّ وَشَرْطُهُ فِي بَابِهِ (وَيُعَزَّرُ غَيْرُهُ) ","وَالْمُحْصَنُ مُكَلَّفٌ حُرٌّ مُسْلِمٌ عَفِيفٌ عَنْ وَطْءٍ يُحَدُّ بِهِ، وَتَبْطُلُ الْعِفَّةُ بِوَطْءِ مَحْرَمٍ مَمْلُوكَةً عَلَى الْمَذْهَبِ، لَا زَوْجَتَهُ فِي عِدَّةِ شُبْهَةٍ وَأَمَةِ وَلَدِهِ وَمَنْكُوحَتِهِ بِلَا وَلِيٍّ فِي الْأَصَحِّ
الشَّرْحُ
(14/177)
ثُمَّ شَرَعَ فِي مُوجِبِ الْقَذْفِ وَهُوَ الْحَدُّ فَقَالَ (وَيُحَدُّ قَاذِفٌ مُحْصَنٌ) ثَمَانِينَ جَلْدَةً لِقَوْلِهِ تَعَالَى: {وَالَّذِينَ يَرْمُونَ الْمُحْصَنَاتِ} الْآيَةَ، وَسَيَأْتِي بَيَانُ الْحَدِّ وَشَرْطِهِ فِي بَابِهِ (وَيُعَزَّرُ غَيْرُهُ)"
لأنها تبطل بالإعراض وترك الطلبين أو أحدهما مع القدرة إعراض على ما تقدم والأصل في هذا الباب أن تسليم الشفعة قبل البيع لا يصح وأن من ثبت له الحق إذا أسقطه بعد ثبوته له سقط علم بثبوته له أو لم يعلم وتعبير المؤلف بترك الطلب أولى من تعبير صاحب الهداية بترك الإشهاد؛ ,لِأَنَّهَا تَبْطُلُ بِالْإِعْرَاضِ وَتَرْكُ الطَّلَبَيْنِ أَوْ أَحَدِهِمَا مَعَ الْقُدْرَةِ إِعْرَاضٌ عَلَى مَا تَقَدَّمَ وَالْأَصْلُ فِي هَذَا الْبَابِ أَنَّ تَسْلِيمَ الشُّفْعَةِ قَبْلَ الْبَيْعِ لَا يَصِحُّ وَأَنَّ مَنْ ثَبَتَ لَهُ الْحَقُّ إِذَا أَسْقَطَهُ بَعْدَ ثُبُوتِهِ لَهُ سَقَطَ عَلِمَ بِثُبُوتِهِ لَهُ أَوْ لَمْ يَعْلَمْ وَتَعْبِيرُ الْمُؤَلِّفِ بِتَرْكِ الطَّلَبِ أَوْلَى مِنْ تَعْبِيرِ صَاحِبِ الْهِدَايَةِ بِتَرْكِ الْإِشْهَادِ؛ ,لِأَنَّهَا تَبْطُلُ بِالْإِعْرَاضِ وَتَرْكِ الطَّلَبَيْنِ أَوْ أَحَدِهِمَا مَعَ الْقُدْرَةِ إِعْرَاضٌ عَلَى مَا تَقَدَّمَ وَالْأَصْلُ فِي هَذَا الْبَابِ أَنَّ تَسْلِيمَ الشُّفْعَةِ قَبْلَ الْبَيْعِ لَا يَصِحُّ وَأَنَّ مَنْ ثَبَتَ لَهُ الْحَقُّ إِذَا أَسْقَطَهُ بَعْدَ ثُبُوتِهِ لَهُ سَقَطَ عُلِمَ بِثُبُوتِهِ لَهُ أَوْ لَمْ يُعْلَمْ وَتَعْبِيرُ الْمُؤَلِّفِ بِتَرْكِ الطَّلَبِ أَوْلَى مِنْ تَعْبِيرِ صَاحِبِ الْهِدَايَةِ بِتَرْكِ الْإِشْهَادِ؛
حمدني عبدي يقول العبد: الرحمن الرحيم يقول الله تعالى: أثنى علي عبدي يقول العبد: مالك يوم الدين يقول تعالى: مجدني عبدي يقول العبد: إياك نعبد وإياك نستعين يقول الله تعالى فهذه الآية بيني وبين عبدي ولعبدي ما سأل يقول العبد: اهدنا الصراط المستقيم صراط الذين أنعمت عليهم غير المغضوب عليهم ولا الضالين يقول الله: ,حَمِدَنِي عَبْدِي يَقُولُ الْعَبْدُ: الرَّحْمَنُ الرَّحِيمُ يَقُولُ اللَّهُ تَعَالَى: أَثْنَى عَلَيَّ عَبْدِي يَقُولُ الْعَبْدُ: مَالِكِ يَوْمِ الدِّينِ يَقُولُ تَعَالَى: مَجَّدَنِي عَبْدِي يَقُولُ الْعَبْدُ: إِيَّاكَ نَعْبُدُ وَإِيَّاكَ نَسْتَعِينُ يَقُولُ اللَّهُ تَعَالَى فَهَذِهِ الْآيَةُ بَيْنِي وَبَيْنَ عَبْدِي وَلِعَبْدِي مَا سَأَلَ يَقُولُ الْعَبْدُ: اهْدِنَا الصِّرَاطَ الْمُسْتَقِيمَ صِرَاطَ الَّذِينَ أَنْعَمْتَ عَلَيْهِمْ غَيْرِ الْمَغْضُوبِ عَلَيْهِمْ وَلَا الضَّالِّينَ يَقُولُ اللَّهُ: ,حَمِدَنِي عَبْدِي يَقُولُ الْعَبْدُ: الرَّحْمَنُ الرَّحِيمُ يَقُولُ اللَّهُ تَعَالَى: أَثْنَى عَلَيَّ عَبْدِي يَقُولُ الْعَبْدُ: مَالِكِ يَوْمِ الدِّينِ يَقُولُ تَعَالَى: مَجَّدَنِي عَبْدِي يَقُولُ الْعَبْدُ: إِيَّاكَ نَعْبُدُ وَإِيَّاكَ نَسْتَعِينُ يَقُولُ اللَّهُ تَعَالَى فَهَذِهِ الْآيَةُ بَيْنِي وَبَيْنَ عَبْدِي وَلِعَبْدِي مَا سَأَلَ يَقُولُ الْعَبْدُ: اهْدِنَا الصِّرَاطَ الْمُسْتَقِيمَ صِرَاطَ الَّذِينَ أَنْعَمْتَ عَلَيْهِمْ غَيْرِ الْمَغْضُوبِ عَلَيْهِمْ وَلَا الضَّالِّينَ يَقُولُ اللَّهُ:
"ولم يبين المبهم في حديث ابن عمر، وهو عويمر كما تقدم، وما ذكره الخطيب من أن عويمرا هو ابن الحارث ينبغي النظر فيه فإن في سنن أبي داود من حديث سهل بن سعد تسميته عويمر بن أشقر العجلاني.
وقال ابن عبد البر في الاستيعاب عويمر بن أبيض العجلاني الأنصاري صاحب اللعان، ","وَلَمْ يُبَيَّنِ الْمُبْهَمُ فِي حَدِيثِ ابْنِ عُمَرَ، وَهُوَ عُوَيْمِرٌ كَمَا تَقَدَّمَ، وَمَا ذَكَرَهُ الْخَطِيبُ مِنْ أَنَّ عُوَيْمِرًا هُوَ ابْنُ الْحَارِثِ يَنْبَغِي النَّظَرُ فِيهِ فَإِنَّ فِي سُنَنِ أَبِي دَاوُدَ مِنْ حَدِيثِ سَهْلِ بْنِ سَعْدٍ تَسْمِيَتَهُ عُوَيْمِرَ بْنَ أَشْقَرَ الْعَجْلَانِيُّ.
وَقَالَ ابْنُ عَبْدِ الْبَرِّ فِي الِاسْتِيعَابِ عُوَيْمِرُ بْنُ أَبْيَضَ الْعَجْلَانِيُّ الْأَنْصَارِيُّ صَاحِبُ اللِّعَانِ، ","وَلَمْ يُبَيِّنِ الْمُبْهَمَ فِي حَدِيثِ ابْنِ عُمَرَ، وَهُوَ عُوَيْمِرٌ كَمَا تَقَدَّمَ، وَمَا ذَكَرَهُ الْخَطِيبُ مِنْ أَنَّ عُوَيْمِرًا هُوَ ابْنُ الْحَارِثِ يَنْبَغِي النَّظَرُ فِيهِ فَإِنَّ فِي سُنَنِ أَبِي دَاوُدَ مِنْ حَدِيثِ سَهْلِ بْنِ سَعْدٍ تَسْمِيَتَهُ عُوَيْمِرَ بْنَ أَشْقَرَ الْعَجْلَانِيِّ.
وَقَالَ ابْنُ عَبْدِ الْبَرِّ فِي الِاسْتِيعَابِ عُوَيْمِرُ بْنُ أَبْيَضَ الْعَجْلَانِيُّ الْأَنْصَارِيُّ صَاحِبُ اللِّعَانِ،"
المرهون فيه لأن المرتهن أخذه وثيقة بدينه والشأن أنه لا يتوثق إلا بمقدار دينه أو أكثر، ,الْمَرْهُونِ فِيهِ لِأَنَّ الْمُرْتَهِنَ أَخَذَهُ وَثِيقَةً بِدَيْنِهِ وَالشَّأْنُ أَنَّهُ لَا يَتَوَثَّقُ إِلَّا بِمِقْدَارِ دِينِهِ أَوْ أَكْثَرَ، ,الْمَرْهُونِ فِيهِ لِأَنَّ الْمُرْتَهِنَ أَخَذَهُ وَثِيقَةً بِدَيْنِهِ وَالشَّأْنُ أَنَّهُ لَا يَتَوَثَّقُ إِلَّا بِمِقْدَارِ دَيْنِهِ أَوْ أَكْثَرَ،
المنع (في الاسمي بالنقل) عن أهل اللغة إن كان لغويا، وعن أهل الشرع إن كان شرعيا، وعلى هذا القياس فإذا أتى الحاد به فقد تم مطلوبه (وفي) منع الحد (الحقيقي العجز لازم) للحاد لكن (لا لما قيل لا يكتسب الحد) الحقيقي (ببرهان) أي بالحد الأوسط مع ما تقيد به ويقال في توجيهه (للاستغناء عنه) ,الْمَنْعُ (فِي الِاسْمِيِّ بِالنَّقْلِ) عَنْ أَهْلِ اللُّغَةِ إِنْ كَانَ لُغَوِيًّا، وَعَنْ أَهْلِ الشَّرْعِ إِنْ كَانَ شَرْعِيًّا، وَعَلَى هَذَا الْقِيَاسُ فَإِذَا أَتَى الْحَادُّ بِهِ فَقَدْ تَمَّ مَطْلُوبُهُ (وَفِي) مَنْعِ الْحَدِّ (الْحَقِيقِيِّ الْعَجْزُ لَازِمٌ) لِلْحَادِّ لَكِنْ (لَا لِمَا قِيلَ لَا يُكْتَسَبُ الْحَدُّ) الْحَقِيقِيُّ (بِبُرْهَانٍ) أَيْ بِالْحَدِّ الْأَوْسَطِ مَعَ مَا تَقَيَّدَ بِهِ وَيُقَالُ فِي تَوْجِيهِهِ (لِلِاسْتِغْنَاءِ عَنْهُ) ,الْمَنْعُ (فِي الِاسْمِيِّ بِالنَّقْلِ) عَنْ أَهْلِ اللُّغَةِ إِنْ كَانَ لُغَوِيًّا، وَعَنْ أَهْلِ الشَّرْعِ إِنْ كَانَ شَرْعِيًّا، وَعَلَى هَذَا الْقِيَاسِ فَإِذَا أَتَى الْحَادُّ بِهِ فَقَدْ تَمَّ مَطْلُوبُهُ (وَفِي) مَنْعِ الْحَدِّ (الْحَقِيقِيِّ الْعَجْزُ لَازِمٌ) لِلْحَادِّ لَكِنْ (لَا لِمَا قِيلَ لَا يُكْتَسَبُ الْحَدُّ) الْحَقِيقِيُّ (بِبُرْهَانٍ) أَيْ بِالْحَدِّ الْأَوْسَطِ مَعَ مَا تَقَيَّدَ بِهِ وَيُقَالُ فِي تَوْجِيهِهِ (لِلِاسْتِغْنَاءِ عَنْهُ)
"أي المشتري فيضمن ثمنه ولو كانت قيمته أكثر.
ابن عرفة أشهب إن كان الخيار للمبتاع غرم الأقل منهما، فإن كان الثمن فبدون يمين، وإن كان القيمة فبعد يمينه، وإن كان الخيار لهما فالظاهر تغليب جانب البائع.
وعطف على المشبه في ضمان الثمن مشبها آخر فيه فقال: (وكغيبة) شخص (بائع) على مبيعه بخيار وادعى تلفه أو ضياعه (والخيار) ","أَيِ الْمُشْتَرِي فَيَضْمَنُ ثَمَنَهُ وَلَوْ كَانَتْ قِيمَتُهُ أَكْثَرَ.
ابْنُ عَرَفَةَ أَشْهَبُ إِنْ كَانَ الْخِيَارُ لِلْمُبْتَاعِ غَرِمَ الْأَقَلَّ مِنْهُمَا، فَإِنْ كَانَ الثَّمَنَ فَبِدُونِ يَمِينٍ، وَإِنْ كَانَ الْقِيمَةَ فَبَعْدَ يَمِينِهِ، وَإِنْ كَانَ الْخِيَارُ لَهُمَا فَالظَّاهِرُ تَغْلِيبُ جَانِبِ الْبَائِعِ.
وَعَطَفَ عَلَى الْمُشَبَّهِ فِي ضَمَانِ الثَّمَنِ مُشَبَّهًا آخَرَ فِيهِ فَقَالَ: (وَكَغَيْبَةِ) شَخْصٍ (بَائِعٍ) عَلَى مَبِيعِهِ بِخِيَارٍ وَادَّعَى تَلَفَهُ أَوْ ضَيَاعَهُ (وَالْخِيَارُ) ","أَيِ الْمُشْتَرِي فَيَضْمَنُ ثَمَنَهُ وَلَوْ كَانَتْ قِيمَتُهُ أَكْثَرَ.
ابْنُ عَرَفَةَ أَشْهَبُ إِنْ كَانَ الْخِيَارُ لِلْمُبْتَاعِ غَرِمَ الْأَقَلَّ مِنْهُمَا، فَإِنْ كَانَ الثَّمَنُ فَبِدُونِ يَمِينٍ، وَإِنْ كَانَ الْقِيمَةُ فَبَعْدَ يَمِينِهِ، وَإِنْ كَانَ الْخِيَارُ لَهُمَا فَالظَّاهِرُ تَغْلِيبُ جَانِبِ الْبَائِعِ.
وَعَطَفَ عَلَى الْمُشَبَّهِ فِي ضَمَانِ الثَّمَنِ مُشَبَّهًا آخَرَ فِيهِ فَقَالَ: (وَكَغَيْبَةِ) شَخْصٍ (بَائِعٍ) عَلَى مَبِيعِهِ بِخِيَارٍ وَادَّعَى تَلَفَهُ أَوْ ضَيَاعَهُ (وَالْخِيَارُ)"
"لأنه ما من حقيقة يكشفها أي علم إلا وأثرت معرفة الإنسان بنفسه وبالعالم من حوله، وبالتالي معرفته بخالقه وخالق هذا الكون.
123
المصادر
1 القرآن الكريم.
2 إبراهيم، زكريا: ""مشكلات فلسفية (1) مشكلة الحرية، مكتبة مصر، 3 شارع كامل صدقي، الفجالة، 1971 م.
3 الأمين، الشيخ علي عبد الرحمن: ""عوامل انتشار الإسلام"" مجلة التوجيه الاجتماعي في الإسلام، ","لِأَنَّهُ مَا مِنْ حَقِيقَةٍ يَكْشِفُهَا أَيُّ عِلْمٍ إِلَّا وَأَثْرَتْ مَعْرِفَةَ الْإِنْسَانِ بِنَفْسِهِ وَبِالْعَالَمِ مِنْ حَوْلِهِ، وَبِالتَّالِي مَعْرِفَتَهُ بِخَالِقِهِ وَخَالِقِ هَذَا الْكَوْنِ.
123
الْمَصَادِرُ
1 الْقُرْآنُ الْكَرِيمُ.
2 إِبْرَاهِيمُ، زَكَرِيَّا: ""مُشْكِلَاتٌ فَلْسَفِيَّةٌ (1) مُشْكِلَةُ الْحُرِّيَّةِ، مَكْتَبَةُ مِصْرَ، 3 شَارِعُ كَامِلِ صِدْقِي، الْفَجَّالَةُ، 1971 م.
3 الْأَمِينُ، الشَّيْخُ عَلِيُّ عَبْدِ الرَّحْمَنِ: ""عَوَامِلُ انْتِشَارِ الْإِسْلَامِ"" مَجَلَّةُ التَّوْجِيهِ الِاجْتِمَاعِيِّ فِي الْإِسْلَامِ، ","لِأَنَّهُ مَا مِنْ حَقِيقَةٍ يَكْشِفُهَا أَيُّ عِلْمٍ إِلَّا وَأَثَّرَتْ مَعْرِفَةُ الْإِنْسَانِ بِنَفْسِهِ وَبِالْعَالَمِ مِنْ حَوْلِهِ، وَبِالتَّالِي مَعْرِفَتُهُ بِخَالِقِهِ وَخَالِقِ هَذَا الْكَوْنِ.
123
الْمَصَادِرُ
1 الْقُرْآنُ الْكَرِيمُ.
2 إِبْرَاهِيمُ، زَكَرِيَّا: ""مُشْكِلَاتٌ فَلْسَفِيَّةٌ (1) مُشْكِلَةُ الْحُرِّيَّةِ، مَكْتَبَةُ مِصْرَ، 3 شَارِعُ كَامِلٍ صِدْقِيٍّ، الْفُجَالَةُ، 1971 م.
3 الْأَمِينُ، الشَّيْخُ عَلِيٌّ عَبْدُ الرَّحْمَنِ: ""عَوَامِلُ انْتِشَارِ الْإِسْلَامِ"" مَجَلَّةُ التَّوْجِيهِ الِاجْتِمَاعِيِّ فِي الْإِسْلَامِ،"
"لأن البراءة كالاستيفاء ولا يسقط حقه في الحبس بالرهن ولا بالكفيل ويسقط بحوالة البائع على المشتري بالثمن اتفاقا.
وكذا بحوالة المشتري البائع به على رجل عند أبي يوسف للبراءة كالإيفاء وفرق محمد بينهما ببقاء مطالبة البائع فيما إذا كان محتالا وبسقوطها فيما إذا كان محيلا، وكذا فرق محمد في الرهن، ","لِأَنَّ الْبَرَاءَةَ كَالِاسْتِيفَاءِ وَلَا يَسْقُطُ حَقُّهُ فِي الْحَبْسِ بِالرَّهْنِ وَلَا بِالْكَفِيلِ وَيَسْقُطُ بِحَوَالَةِ الْبَائِعِ عَلَى الْمُشْتَرِي بِالثَّمَنِ اتِّفَاقًا.
وَكَذَا بِحَوَالَةِ الْمُشْتَرِي الْبَائِعَ بِهِ عَلَى رَجُلٍ عِنْدَ أَبِي يُوسُفَ لِلْبَرَاءَةِ كَالْإِيفَاءِ وَفَرَّقَ مُحَمَّدٌ بَيْنَهُمَا بِبَقَاءِ مُطَالَبَةِ الْبَائِعِ فِيمَا إِذَا كَانَ مُحْتَالًا وَبِسُقُوطِهَا فِيمَا إِذَا كَانَ مُحِيلًا، وَكَذَا فَرَّقَ مُحَمَّدٌ فِي الرَّهْنِ، ","لِأَنَّ الْبَرَاءَةَ كَالِاسْتِيفَاءِ وَلَا يَسْقُطُ حَقُّهُ فِي الْحَبْسِ بِالرَّهْنِ وَلَا بِالْكَفِيلِ وَيَسْقُطُ بِحَوَالَةِ الْبَائِعِ عَلَى الْمُشْتَرِي بِالثَّمَنِ اتِّفَاقًا.
وَكَذَا بِحَوَالَةِ الْمُشْتَرِي الْبَائِعَ بِهِ عَلَى رَجُلٍ عِنْدَ أَبِي يُوسُفَ لِلْبَرَاءَةِ كَالْإِيفَاءِ وَفَرَّقَ مُحَمَّدٌ بَيْنَهُمَا بِبَقَاءِ مُطَالَبَةِ الْبَائِعِ فِيمَا إِذَا كَانَ مُحْتَالًا وَبِسُقُوطِهَا فِيمَا إِذَا كَانَ مُحِيلًا، وَكَذَا فَرَّقَ مُحَمَّدٌ فِي الرَّهْنِ،"
عمومات القصاص من نحو قوله تبارك وتعالى {كتب عليكم القصاص في القتلى} ، وقوله سبحانه، وتعالى {، وكتبنا عليهم فيها أن النفس بالنفس} ، وقوله جلت عظمته {، ومن قتل مظلوما فقد جعلنا لوليه سلطانا} من غير فصل بين قتيل وقتيل، ونفس ونفس، ومظلوم ومظلوم، فمن ادعى التخصيص والتقييد فعليه الدليل، ,عُمُومَاتُ الْقِصَاصِ مِنْ نَحْوِ قَوْلِهِ تَبَارَكَ وَتَعَالَى {كُتِبَ عَلَيْكُمُ الْقِصَاصُ فِي الْقَتْلَى} ، وَقَوْلِهِ سُبْحَانَهُ، وَتَعَالَى {، وَكَتَبْنَا عَلَيْهِمْ فِيهَا أَنَّ النَّفْسَ بِالنَّفْسِ} ، وَقَوْلِهِ جَلَّتْ عَظَمَتُهُ {، وَمَنْ قُتِلَ مَظْلُومًا فَقَدْ جَعَلْنَا لِوَلِيِّهِ سُلْطَانًا} مِنْ غَيْرِ فَصْلٍ بَيْنَ قَتِيلٍ وَقَتِيلٍ، وَنَفْسٍ وَنَفْسٍ، وَمَظْلُومٍ وَمَظْلُومٍ، فَمَنِ ادَّعَى التَّخْصِيصَ وَالتَّقْيِيدَ فَعَلَيْهِ الدَّلِيلُ، ,عُمُومَاتُ الْقِصَاصِ مِنْ نَحْوِ قَوْلِهِ تَبَارَكَ وَتَعَالَى {كُتِبَ عَلَيْكُمُ الْقِصَاصُ فِي الْقَتْلَى} ، وَقَوْلِهِ سُبْحَانَهُ، وَتَعَالَى {، وَكَتَبْنَا عَلَيْهِمْ فِيهَا أَنَّ النَّفْسَ بِالنَّفْسِ} ، وَقَوْلِهِ جَلَّتْ عَظَمَتُهُ {، وَمَنْ قُتِلَ مَظْلُومًا فَقَدْ جَعَلْنَا لِوَلِيِّهِ سُلْطَانًا} مِنْ غَيْرِ فَصْلٍ بَيْنَ قَتِيلٍ وَقَتِيلٍ، وَنَفْسٍ وَنَفْسٍ، وَمَظْلُومٍ وَمَظْلُومٍ، فَمَنِ ادَّعَى التَّخْصِيصَ وَالتَّقْيِيدَ فَعَلَيْهِ الدَّلِيلُ،
"محمد بن يعقوب حدثنا يحيى بن أبى طالب أخبرنا يزيد بن هارون أخبرنا قيس بن الربيع عن أبى إسحاق الشيباني عن الشعبي قال: كتب ابن عباس إلى علي رضي الله عنهما من البصرة فى ستة إخوة وجد فكتب إليه علي رضي الله عنه أن أعطه سبع المال. (6/249)
12813- ","مُحَمَّدُ بْنُ يَعْقُوبَ حَدَّثَنَا يَحْيَى بْنُ أَبِى طَالِبٍ أَخْبَرَنَا يَزِيدُ بْنُ هَارُونَ أَخْبَرَنَا قَيْسُ بْنُ الرَّبِيعِ عَنْ أَبِى إِسْحَاقَ الشَّيْبَانِيِّ عَنِ الشَّعْبِيِّ قَالَ: كَتَبَ ابْنُ عَبَّاسٍ إِلَى عَلِيٍّ رَضِيَ اللَّهُ عَنْهُمَا مِنَ الْبَصْرَةِ فِى سِتَّةِ إِخْوَةٍ وَجَدٍّ فَكَتَبَ إِلَيْهِ عَلِيٌّ رَضِيَ اللَّهُ عَنْهُ أَنْ أَعْطِهِ سُبُعَ الْمَالِ. (6/249)
12813- ","مُحَمَّدُ بْنُ يَعْقُوبَ حَدَّثَنَا يَحْيَى بْنُ أَبِى طَالِبٍ أَخْبَرَنَا يَزِيدُ بْنُ هَارُونَ أَخْبَرَنَا قَيْسُ بْنُ الرَّبِيعِ عَنْ أَبِى إِسْحَاقَ الشَّيْبَانِيِّ عَنِ الشَّعْبِيِّ قَالَ: كَتَبَ ابْنُ عَبَّاسٍ إِلَى عَلِيٍّ رَضِيَ اللَّهُ عَنْهُمَا مِنَ الْبَصْرَةِ فِى سِتَّةِ إِخْوَةٍ وَجَدَ فَكَتَبَ إِلَيْهِ عَلِيٌّ رَضِيَ اللَّهُ عَنْهُ أَنْ أَعْطِهِ سُبُعَ الْمَالِ. (6/249)
12813-"
ثم هل المراد بمن عليه الإنفاق من عليه ما يفعل حتى لو تدافعا الأب والأم وكانا فقيرين لم يلزم الإحضان واحدا منهما وإن لم يكن بعدهما مستحق أو المراد من عليه الإنفاق لو كان موسرا فيلزم الإحضان الأب في الصورة المذكورة؛ لأنه مقدم على الأم في وجوب الإنفاق فيه نظر، ,ثُمَّ هَلِ الْمُرَادُ بِمَنْ عَلَيْهِ الْإِنْفَاقُ مَنْ عَلَيْهِ مَا يُفْعَلُ حَتَّى لَوْ تَدَافَعَا الْأَبُ وَالْأُمُّ وَكَانَا فَقِيرَيْنِ لَمْ يَلْزَمِ الْإِحْضَانُ وَاحِدًا مِنْهُمَا وَإِنْ لَمْ يَكُنْ بَعْدَهُمَا مُسْتَحِقٌّ أَوِ الْمُرَادُ مَنْ عَلَيْهِ الْإِنْفَاقُ لَوْ كَانَ مُوسِرًا فَيَلْزَمُ الْإِحْضَانُ الْأَبَ فِي الصُّورَةِ الْمَذْكُورَةِ؛ لِأَنَّهُ مُقَدَّمٌ عَلَى الْأُمِّ فِي وُجُوبِ الْإِنْفَاقِ فِيهِ نَظَرٌ، ,ثُمَّ هَلِ الْمُرَادُ بِمَنْ عَلَيْهِ الْإِنْفَاقُ مَنْ عَلَيْهِ مَا يَفْعَلُ حَتَّى لَوْ تَدَافَعَا الْأَبُ وَالْأُمُّ وَكَانَا فَقِيرَيْنِ لَمْ يَلْزَمِ الْإِحْضَانُ وَاحِدًا مِنْهُمَا وَإِنْ لَمْ يَكُنْ بَعْدَهُمَا مُسْتَحِقٌّ أَوِ الْمُرَادُ مَنْ عَلَيْهِ الْإِنْفَاقُ لَوْ كَانَ مُوسِرًا فَيَلْزَمُ الْإِحْضَانُ الْأَبَ فِي الصُّورَةِ الْمَذْكُورَةِ؛ لِأَنَّهُ مُقَدَّمٌ عَلَى الْأُمِّ فِي وُجُوبِ الْإِنْفَاقِ فِيهِ نَظَرٌ،
"والأقرب أخذا من نص للبويطي إلخ) ربما يوهم أن هذا الأخذ له وليس كذلك، فإن هذا الأخذ وما بعده إلى آخر السوادة جواب للشهاب حج، وهو الذي سئل عن هذه المسألة كما يعلم بمراجعة تحفته (17/475)
(ولو) (أكرى جمالا) عينا أو ذمة (وهرب وتركها عند المكتري) فلا خيار لإمكان الاستيفاء بما في قوله (راجع) ","وَالْأَقْرَبُ أَخْذًا مِنْ نَصٍّ لِلْبُوَيْطِيِّ إِلَخْ) رُبَّمَا يُوهِمُ أَنَّ هَذَا الْأَخْذَ لَهُ وَلَيْسَ كَذَلِكَ، فَإِنَّ هَذَا الْأَخْذَ وَمَا بَعْدَهُ إِلَى آخِرِ السَّوَادَةِ جَوَابٌ لِلشِّهَابِ حَجّ، وَهُوَ الَّذِي سُئِلَ عَنْ هَذِهِ الْمَسْأَلَةِ كَمَا يُعْلَمُ بِمُرَاجَعَةِ تُحْفَتِهِ (17/475)
(وَلَوْ) (أَكْرَى جَمَّالًا) عَيْنًا أَوْ ذِمَّةً (وَهَرَبَ وَتَرَكَهَا عِنْدَ الْمُكْتَرِي) فَلَا خِيَارَ لِإِمْكَانِ الِاسْتِيفَاءِ بِمَا فِي قَوْلِهِ (رَاجَعَ) ","وَالْأَقْرَبُ أَخْذًا مِنْ نَصٍّ لِلْبُوَيْطِيِّ إِلَخْ) رُبَّمَا يُوهِمُ أَنَّ هَذَا الْأَخْذَ لَهُ وَلَيْسَ كَذَلِكَ، فَإِنَّ هَذَا الْأَخْذَ وَمَا بَعْدَهُ إِلَى آخِرِ السَّوَادَةِ جَوَابٌ لِلشِّهَابِ حَجّ، وَهُوَ الَّذِي سُئِلَ عَنْ هَذِهِ الْمَسْأَلَةِ كَمَا يُعْلَمُ بِمُرَاجَعَةِ تُحْفَتِهِ (17/475)
(وَلَوْ) (أَكْرَى جَمَّالًا) عَيْنًا أَوْ ذِمَّةً (وَهَرَبَ وَتَرَكَهَا عِنْدَ الْمُكْتَرِي) فَلَا خِيَارَ لِإِمْكَانِ الِاسْتِيفَاءِ بِمَا فِي قَوْلِهِ (رَاجِعْ)"
وغيرهما والشرع أبطل الوصية في الزائد يكون ذكره لغوا فلا تعتبر في حق الضرب، بخلاف ما إذا لم تكن مقدرة بأنه أي شيء من المال كما في الصور المذكورة فإنه ليس في العبارة ما يكون مبطلا للوصية، كما إذا أوصى بخمسين درهما، واتفق أن ماله مائة درهم فإن الوصية لا تكون باطلة بالكلية، ,وَغَيْرِهِمَا وَالشَّرْعُ أَبْطَلَ الْوَصِيَّةَ فِي الزَّائِدِ يَكُونُ ذِكْرُهُ لَغْوًا فَلَا تُعْتَبَرُ فِي حَقِّ الضَّرْبِ، بِخِلَافِ مَا إِذَا لَمْ تَكُنْ مُقَدَّرَةً بِأَنَّهُ أَيُّ شَيْءٍ مِنَ الْمَالِ كَمَا فِي الصُّوَرِ الْمَذْكُورَةِ فَإِنَّهُ لَيْسَ فِي الْعِبَارَةِ مَا يَكُونُ مُبْطِلًا لِلْوَصِيَّةِ، كَمَا إِذَا أَوْصَى بِخَمْسِينَ دِرْهَمًا، وَاتَّفَقَ أَنَّ مَالَهُ مِائَةُ دِرْهَمٍ فَإِنَّ الْوَصِيَّةَ لَا تَكُونُ بَاطِلَةً بِالْكُلِّيَّةِ، ,وَغَيْرِهِمَا وَالشَّرْعُ أَبْطَلَ الْوَصِيَّةَ فِي الزَّائِدِ يَكُونُ ذِكْرُهُ لَغْوًا فَلَا تُعْتَبَرُ فِي حَقِّ الضَّرْبِ، بِخِلَافِ مَا إِذَا لَمْ تَكُنْ مُقَدَّرَةً بِأَنَّهُ أَيُّ شَيْءٍ مِنَ الْمَالِ كَمَا فِي الصُّوَرِ الْمَذْكُورَةِ فَإِنَّهُ لَيْسَ فِي الْعِبَارَةِ مَا يَكُونُ مُبْطِلًا لِلْوَصِيَّةِ، كَمَا إِذَا أَوْصَى بِخَمْسِينَ دِرْهَمًا، وَاتَّفَقَ أَنَّ مَالَهُ مِائَةُ دِرْهَمٍ فَإِنَّ الْوَصِيَّةَ لَا تَكُونُ بَاطِلَةً بِالْكُلِّيَّةِ،
"أي؛ لأن حق المستحقين شائع فأي قدر باعه كان حقه وحقهم نهاية ومغني (قوله فيتخير) إلى قوله وبه يعلم في النهاية والمغني (قوله فيتخير المشتري إلخ) أي وإن أخرجها من محل آخر؛ لأنه وإن فعل ذلك فالعقد لا ينقلب صحيحا في قدرها مغني زاد النهاية فإن أجاز المشتري في الباقي لزمه قسطه من الثمن ا ه.
(","أَيْ؛ لِأَنَّ حَقَّ الْمُسْتَحِقِّينَ شَائِعٌ فَأَيُّ قَدْرٍ بَاعَهُ كَانَ حَقَّهُ وَحَقَّهُمْ نِهَايَةٌ وَمُغْنِي (قَوْلُهُ فَيَتَخَيَّرُ) إِلَى قَوْلِهِ وَبِهِ يُعْلَمُ فِي النِّهَايَةِ وَالْمُغْنِي (قَوْلُهُ فَيَتَخَيَّرُ الْمُشْتَرِي إِلَخْ) أَيْ وَإِنْ أَخْرَجَهَا مِنْ مَحَلٍّ آخَرَ؛ لِأَنَّهُ وَإِنْ فَعَلَ ذَلِكَ فَالْعَقْدُ لَا يَنْقَلِبُ صَحِيحًا فِي قَدْرِهَا مُغْنِي زَادَ النِّهَايَةُ فَإِنْ أَجَازَ الْمُشْتَرِي فِي الْبَاقِي لَزِمَهُ قِسْطُهُ مِنَ الثَّمَنِ ا ه.
(","أَيْ؛ لِأَنَّ حَقَّ الْمُسْتَحِقِّينَ شَائِعٌ فَأَيُّ قَدْرٍ بَاعَهُ كَانَ حَقَّهُ وَحَقُّهُمْ نِهَايَةٌ وَمُغْنِي (قَوْلُهُ فَيَتَخَيَّرُ) إِلَى قَوْلِهِ وَبِهِ يُعْلَمُ فِي النِّهَايَةِ وَالْمُغْنِي (قَوْلُهُ فَيَتَخَيَّرُ الْمُشْتَرِي إِلَخْ) أَيْ وَإِنْ أَخْرَجَهَا مِنْ مَحَلٍّ آخَرَ؛ لِأَنَّهُ وَإِنْ فَعَلَ ذَلِكَ فَالْعَقْدُ لَا يَنْقَلِبُ صَحِيحًا فِي قَدْرِهَا مُغْنِي زَادَ النِّهَايَةُ فَإِنْ أَجَازَ الْمُشْتَرِي فِي الْبَاقِي لَزِمَهُ قِسْطُهُ مِنَ الثَّمَنِ ا ه.
("
"وقد بينا أن حق المرتد لا يعود في المستهلك.
3971 - ولو كان مكان المرتد مرتدة، والمسألة بحالها، لا سبيل لها على مالها ولا على عبدها المأسور، إن كان أسر معها أو قبلها أو بعدها؛ لأنها حين أسرت فقد صارت فيئا، وذلك بمنزلة موتها في حكم الملك، أسلمت أو لم تسلم، فكان حق الأخذ لورثتها.
فإن جاءت مسلمة، ","وَقَدْ بَيَّنَّا أَنَّ حَقَّ الْمُرْتَدِّ لَا يَعُودُ فِي الْمُسْتَهْلَكِ.
3971 - وَلَوْ كَانَ مَكَانَ الْمُرْتَدِّ مُرْتَدَّةٌ، وَالْمَسْأَلَةُ بِحَالِهَا، لَا سَبِيلَ لَهَا عَلَى مَالِهَا وَلَا عَلَى عَبْدِهَا الْمَأْسُورِ، إِنْ كَانَ أُسِرَ مَعَهَا أَوْ قَبْلَهَا أَوْ بَعْدَهَا؛ لِأَنَّهَا حِينَ أُسِرَتْ فَقَدْ صَارَتْ فَيْئًا، وَذَلِكَ بِمَنْزِلَةِ مَوْتِهَا فِي حُكْمِ الْمِلْكِ، أَسْلَمَتْ أَوْ لَمْ تُسْلِمْ، فَكَانَ حَقُّ الْأَخْذِ لِوَرَثَتِهَا.
فَإِنْ جَاءَتْ مُسْلِمَةً، ","وَقَدْ بَيَّنَّا أَنَّ حَقَّ الْمُرْتَدِّ لَا يَعُودُ فِي الْمُسْتَهْلَكِ.
3971 - وَلَوْ كَانَ مَكَانَ الْمُرْتَدِّ مُرْتَدَّةٌ، وَالْمَسْأَلَةُ بِحَالِهَا، لَا سَبِيلَ لَهَا عَلَى مَالِهَا وَلَا عَلَى عَبْدِهَا الْمَأْسُورِ، إِنْ كَانَ أُسِرَ مَعَهَا أَوْ قَبْلَهَا أَوْ بَعْدَهَا؛ لِأَنَّهَا حِينَ أُسِرَتْ فَقَدْ صَارَتْ فَيْئًا، وَذَلِكَ بِمَنْزِلَةِ مَوْتِهَا فِي حُكْمِ الْمِلْكِ، أَسْلَمَتْ أَوْ لَمْ تُسْلِمْ، فَكَانَ حَقُّ الْأَخْذِ لِوَرَثَتِهَا.
فَإِنْ جَاءَتْ مُسْلِمَةً،"
نص كلام المازري بعد ما ذكر ما في الموضعين من المدونة اعتقد بعض أشياخي يعني اللخمي أنه اختلاف قول على الإطلاق وليس كذلك إنما هو اختلاف في شهادة بعادة؛ لأنه أشار في المدونة إلى أن المقدار من الزمان الذي لا يمضي إلا وقد تغير الحيوان بتغيره في ذاته أو سوقه معتبر اتفاقا، ,نَصُّ كَلَامِ الْمَازِرِيِّ بَعْدَ مَا ذَكَرَ مَا فِي الْمَوْضِعَيْنِ مِنَ الْمُدَوَّنَةِ اعْتَقَدَ بَعْضُ أَشْيَاخِي يَعْنِي اللَّخْمِيَّ أَنَّهُ اخْتِلَافُ قَوْلٍ عَلَى الْإِطْلَاقِ وَلَيْسَ كَذَلِكَ إِنَّمَا هُوَ اخْتِلَافٌ فِي شَهَادَةٍ بِعَادَةٍ؛ لِأَنَّهُ أَشَارَ فِي الْمُدَوَّنَةِ إِلَى أَنَّ الْمِقْدَارَ مِنَ الزَّمَانِ الَّذِي لَا يَمْضِي إِلَّا وَقَدْ تَغَيَّرَ الْحَيَوَانُ بِتَغَيُّرِهِ فِي ذَاتِهِ أَوْ سُوقِهِ مُعْتَبَرٌ اتِّفَاقًا، ,نَصُّ كَلَامِ الْمَازِرِيِّ بَعْدَ مَا ذَكَرَ مَا فِي الْمَوْضِعَيْنِ مِنَ الْمُدَوَّنَةِ اعْتَقَدَ بَعْضُ أَشْيَاخِي يَعْنِي اللَّخْمِيَّ أَنَّهُ اخْتِلَافُ قَوْلٍ عَلَى الْإِطْلَاقِ وَلَيْسَ كَذَلِكَ إِنَّمَا هُوَ اخْتِلَافٌ فِي شَهَادَةٍ بِعَادَةٍ؛ لِأَنَّهُ أَشَارَ فِي الْمُدَوَّنَةِ إِلَى أَنَّ الْمِقْدَارَ مِنَ الزَّمَانِ الَّذِي لَا يَمْضِي إِلَّا وَقَدْ تَغَيَّرَ الْحَيَوَانُ بِتَغَيُّرِهِ فِي ذَاتِهِ أَوْ سَوْقُهُ مُعْتَبَرٌ اتِّفَاقًا،
"فإذا مات إنسان وخلف عقارا وحيوانا وعرضا فإن كل نوع يقسم على حدته ولا يضم لغيره هذا إن احتمل القسم فإن لم يحتمله بيع وقسم ثمنه ولا يضم لغيره إلا إذا تراضى الورثة على جمعه مع غيره وإلا جمع فقول الشارح لكن الذي لا يحتمله يفرد ليباع أي ويقسم ثمنه وقوله أو يقابل به غيره في التقويم أي فإذا تراضوا على جمع ما لا يحتمل القسم من الأنواع لغيره فإنه (15/152)
","فَإِذَا مَاتَ إِنْسَانٌ وَخَلَّفَ عَقَارًا وَحَيَوَانًا وَعَرْضًا فَإِنَّ كُلَّ نَوْعٍ يُقْسَمُ عَلَى حِدَتِهِ وَلَا يُضَمُّ لِغَيْرِهِ هَذَا إِنِ احْتَمَلَ الْقَسْمَ فَإِنْ لَمْ يَحْتَمِلْهُ بِيعَ وَقُسِّمَ ثَمَنُهُ وَلَا يَضُمُّ لِغَيْرِهِ إِلَّا إِذَا تَرَاضَى الْوَرَثَةُ عَلَى جَمْعِهِ مَعَ غَيْرِهِ وَإِلَّا جُمِعَ فَقَوْلُ الشَّارِحِ لَكِنَّ الَّذِي لَا يَحْتَمِلُهُ يُفْرَدُ لِيُبَاعَ أَيْ وَيُقَسَّمُ ثَمَنُهُ وَقَوْلُهُ أَوْ يُقَابَلُ بِهِ غَيْرُهُ فِي التَّقْوِيمِ أَيْ فَإِذَا تُرَاضُوا عَلَى جَمْعِ مَا لَا يَحْتَمِلُ الْقَسْمَ مِنَ الْأَنْوَاعِ لِغَيْرِهِ فَإِنَّهُ (15/152)
",فَإِذَا مَاتَ إِنْسَانٌ وَخَلَّفَ عَقَارًا وَحَيَوَانًا وَعَرْضًا فَإِنَّ كُلَّ نَوْعٍ يُقْسَمُ عَلَى حِدَتِهِ وَلَا يُضَمُّ لِغَيْرِهِ هَذَا إِنِ احْتَمَلَ الْقَسْمَ فَإِنْ لَمْ يَحْتَمِلْهُ بِيعَ وَقُسِمَ ثَمَنُهُ وَلَا يُضَمُّ لِغَيْرِهِ إِلَّا إِذَا تَرَاضَى الْوَرَثَةُ عَلَى جَمْعِهِ مَعَ غَيْرِهِ وَإِلَّا جُمِعَ فَقَوْلُ الشَّارِحِ لَكِنَّ الَّذِي لَا يَحْتَمِلُهُ يُفْرَدُ لِيُبَاعَ أَيْ وَيُقْسَمَ ثَمَنُهُ وَقَوْلُهُ أَوْ يُقَابَلَ بِهِ غَيْرُهُ فِي التَّقْوِيمِ أَيْ فَإِذَا تَرَاضَوْا عَلَى جَمْعِ مَا لَا يَحْتَمِلُ الْقَسْمَ مِنَ الْأَنْوَاعِ لِغَيْرِهِ فَإِنَّهُ (15/152)
شخص (ذي حيض) أو نفاس ولو في ردة إذا طهرتا كما مر وإن استجلب بدواء، وتقدم الكلام على حكم قضائها في الباب المار (أو) ذي (جنون أو إغماء) أو سكر أو عته أو نحو ذلك بعد إفاقته حيث لم يكن متعديا لخبر {رفع القلم عن ثلاثة: ,شَخْصٍ (ذِي حَيْضٍ) أَوْ نِفَاسٍ وَلَوْ فِي رِدَّةٍ إِذَا طَهُرَتَا كَمَا مَرَّ وَإِنِ اسْتَجْلَبَ بِدَوَاءٍ، وَتَقَدَّمَ الْكَلَامُ عَلَى حُكْمِ قَضَائِهَا فِي الْبَابِ الْمَارِّ (أَوْ) ذِي (جُنُونٍ أَوْ إِغْمَاءٍ) أَوْ سُكْرٍ أَوْ عَتَهٍ أَوْ نَحْوِ ذَلِكَ بَعْدَ إِفَاقَتِهِ حَيْثُ لَمْ يَكُنْ مُتَعَدِّيًا لِخَبَرِ {رُفِعَ الْقَلَمُ عَنْ ثَلَاثَةٍ: ,شَخْصٍ (ذِي حَيْضٍ) أَوْ نِفَاسٍ وَلَوْ فِي رِدَّةٍ إِذَا طَهُرَتَا كَمَا مَرَّ وَإِنِ اسْتُجْلِبَ بِدَوَاءٍ، وَتَقَدَّمَ الْكَلَامُ عَلَى حُكْمِ قَضَائِهَا فِي الْبَابِ الْمَارِّ (أَوْ) ذِي (جُنُونٍ أَوْ إِغْمَاءٍ) أَوْ سُكْرٍ أَوْ عَتَهٍ أَوْ نَحْوِ ذَلِكَ بَعْدَ إِفَاقَتِهِ حَيْثُ لَمْ يَكُنْ مُتَعَدِّيًا لِخَبَرِ {رُفِعَ الْقَلَمُ عَنْ ثَلَاثَةٍ:
"كتكليف الميت والجماد والبهائم فلا يصح التكليف بالإجماع قاله القاضي أبو بكر، وإمام الحرمين في التلخيص عند الكلام على ما لا يتم الواجب إلا به فهو واجب. (2/6)
السابعة تكرر في كلامهم في هذه المسألة التمسك بقضية أبي لهب وأبي جهل.
وقال المازري: إنما خص الأصوليون ذكر أبي لهب بذلك مع أن سائر الكفار ممن لم يؤمن كذلك، ","كَتَكْلِيفِ الْمَيِّتِ وَالْجَمَادِ وَالْبَهَائِمِ فَلَا يَصِحُّ التَّكْلِيفُ بِالْإِجْمَاعِ قَالَهُ الْقَاضِي أَبُو بَكْرٍ، وَإِمَامُ الْحَرَمَيْنِ فِي التَّلْخِيصِ عِنْدَ الْكَلَامِ عَلَى مَا لَا يَتِمُّ الْوَاجِبُ إِلَّا بِهِ فَهُوَ وَاجِبٌ. (2/6)
السَّابِعَةُ تَكَرَّرَ فِي كَلَامِهِمْ فِي هَذِهِ الْمَسْأَلَةِ التَّمَسُّكُ بِقَضِيَّةِ أَبِي لَهَبٍ وَأَبِي جَهْلٍ.
وَقَالَ الْمَازِرِيُّ: إِنَّمَا خَصَّ الْأُصُولِيُّونَ ذِكْرَ أَبِي لَهَبٍ بِذَلِكَ مَعَ أَنَّ سَائِرَ الْكُفَّارِ مِمَّنْ لَمْ يُؤْمِنْ كَذَلِكَ، ","كَتَكْلِيفِ الْمَيِّتِ وَالْجَمَادِ وَالْبَهَائِمِ فَلَا يَصِحُّ التَّكْلِيفُ بِالْإِجْمَاعِ قَالَهُ الْقَاضِي أَبُو بَكْرٍ، وَإِمَامُ الْحَرَمَيْنِ فِي التَّلْخِيصِ عِنْدَ الْكَلَامِ عَلَى مَا لَا يَتِمُّ الْوَاجِبُ إِلَّا بِهِ فَهُوَ وَاجِبٌ. (2/6)
السَّابِعَةُ تَكَرَّرَ فِي كَلَامِهِمْ فِي هَذِهِ الْمَسْأَلَةِ التَّمَسُّكُ بِقَضِيَّةِ أَبِي لَهَبٍ وَأَبِي جَهْلٍ.
وَقَالَ الْمَازِرِيُّ: إِنَّمَا خَصَّ الْأُصُولِيُّونَ ذِكْرَ أَبِي لَهَبٍ بِذَلِكَ مَعَ أَنَّ سَائِرَ الْكُفَّارِ مِمَّنْ لَمْ يُؤْمَنْ كَذَلِكَ،"
ونحن لم ندع إفادة اللام المذكورة للحصر إفادتها له حقيقة مطلقا في كل مورد بل على هذا الوجه التفصيلي، ولم يصرح به للعلم به، وقد ظهر من هذا أنه يصح أيضا القول بالحصر بناء على أن اللام للحقيقة كما نص عليه غير واحد، وعدم صحة نفي كون اللام في مثل: ,وَنَحْنُ لَمْ نَدَّعِ إِفَادَةَ اللَّامِ الْمَذْكُورَةِ لِلْحَصْرِ إِفَادَتَهَا لَهُ حَقِيقَةً مُطْلَقًا فِي كُلِّ مَوْرِدٍ بَلْ عَلَى هَذَا الْوَجْهِ التَّفْصِيلِيِّ، وَلَمْ يُصَرِّحْ بِهِ لِلْعِلْمِ بِهِ، وَقَدْ ظَهَرَ مِنْ هَذَا أَنَّهُ يَصِحُّ أَيْضًا الْقَوْلُ بِالْحَصْرِ بِنَاءً عَلَى أَنَّ اللَّامَ لِلْحَقِيقَةِ كَمَا نَصَّ عَلَيْهِ غَيْرُ وَاحِدٍ، وَعَدَمُ صِحَّةِ نَفْيِ كَوْنِ اللَّامِ فِي مِثْلِ: ,وَنَحْنُ لَمْ نَدَعْ إِفَادَةَ اللَّامِ الْمَذْكُورَةِ لِلْحَصْرِ إِفَادَتَهَا لَهُ حَقِيقَةً مُطْلَقًا فِي كُلِّ مَوْرِدٍ بَلْ عَلَى هَذَا الْوَجْهِ التَّفْصِيلِيِّ، وَلَمْ يُصَرِّحْ بِهِ لِلْعِلْمِ بِهِ، وَقَدْ ظَهَرَ مِنْ هَذَا أَنَّهُ يَصِحُّ أَيْضًا الْقَوْلُ بِالْحَصْرِ بِنَاءً عَلَى أَنَّ اللَّامَ لِلْحَقِيقَةِ كَمَا نَصَّ عَلَيْهِ غَيْرُ وَاحِدٍ، وَعَدَمُ صِحَّةِ نَفْيِ كَوْنِ اللَّامِ فِي مِثْلِ:
"أي وإن كان بيننا وبين الروم موادعة لأنا لم نغدرهم إنما أخذنا مالا خرج عن ملكهم ولو كان بيننا وبين كل من الطائفتين موادعة فاقتتلوا فغلبت إحداهما فإن لنا أن نشتري المغنوم من مال الطائفة الأخرى من الغانمين لما ذكرنا وفي الخلاصة والإحراز بدار الحرب شرط أما بدارهم فلا ولو كان بيننا وبين كل من الطائفتين موادعة واقتتلوا في دارنا لا نشتري من الغانمين شيئا لأنهم لم يملكوه لعدم الإحراز فيكون شراؤنا غدرا بالآخرين فإنه على ملكهم وأما لو اقتتلت طائفتان في بلدة واحد فهل (9/350)
","أَيْ وَإِنْ كَانَ بَيْنَنَا وَبَيْنَ الرُّومِ مُوَادَعَةٌ لِأَنَّا لَمْ نَغْدِرُهُمْ إِنَّمَا أَخَذْنَا مَالًا خَرَجَ عَنْ مَلِكِهِمْ وَلَوْ كَانَ بَيْنَنَا وَبَيْنَ كُلٍّ مِنَ الطَّائِفَتَيْنِ مُوَادَعَةٌ فَاقْتَتَلُوا فَغَلَبَتْ إِحْدَاهُمَا فَإِنَّ لَنَا أَنْ نَشْتَرِيَ الْمَغْنُومَ مِنْ مَالِ الطَّائِفَةِ الْأُخْرَى مِنَ الْغَانِمِينَ لِمَا ذَكَرْنَا وَفِي الْخُلَاصَةِ وَالْإِحْرَازُ بِدَارِ الْحَرْبِ شَرْطٌ أَمَّا بِدَارِهِمْ فَلَا وَلَوْ كَانَ بَيْنَنَا وَبَيْنَ كُلٍّ مِنَ الطَّائِفَتَيْنِ مُوَادَعَةٌ وَاقْتَتَلُوا فِي دَارِنَا لَا نَشْتَرِي مِنَ الْغَانِمِينَ شَيْئًا لِأَنَّهُمْ لَمْ يَمْلِكُوهُ لِعَدَمِ الْإِحْرَازِ فَيَكُونُ شِرَاؤُنَا غَدْرًا بِالْآخَرِينَ فَإِنَّهُ عَلَى مِلْكِهِمْ وَأَمَّا لَوِ اقْتَتَلَتْ طَائِفَتَانِ فِي بَلْدَةٍ وَاحِدٍ فَهَلْ (9/350)
",أَيْ وَإِنْ كَانَ بَيْنَنَا وَبَيْنَ الرُّومِ مُوَادَعَةٌ لِأَنَّا لَمْ نَغْدِرْهُمْ إِنَّمَا أَخَذْنَا مَالًا خَرَجَ عَنْ مِلْكِهِمْ وَلَوْ كَانَ بَيْنَنَا وَبَيْنَ كُلٍّ مِنَ الطَّائِفَتَيْنِ مُوَادَعَةٌ فَاقْتَتَلُوا فَغَلَبَتْ إِحْدَاهُمَا فَإِنَّ لَنَا أَنْ نَشْتَرِيَ الْمَغْنُومَ مِنْ مَالِ الطَّائِفَةِ الْأُخْرَى مِنَ الْغَانِمِينَ لِمَا ذَكَرْنَا وَفِي الْخُلَاصَةِ وَالْإِحْرَازُ بِدَارِ الْحَرْبِ شَرْطٌ أَمَّا بِدَارِهِمْ فَلَا وَلَوْ كَانَ بَيْنَنَا وَبَيْنَ كُلٍّ مِنَ الطَّائِفَتَيْنِ مُوَادَعَةٌ وَاقْتَتَلُوا فِي دَارِنَا لَا نَشْتَرِي مِنَ الْغَانِمِينَ شَيْئًا لِأَنَّهُمْ لَمْ يَمْلِكُوهُ لِعَدَمِ الْإِحْرَازِ فَيَكُونُ شِرَاؤُنَا غَدْرًا بِالْآخَرِينَ فَإِنَّهُ عَلَى مِلْكِهِمْ وَأَمَّا لَوِ اقْتَتَلَتْ طَائِفَتَانِ فِي بَلْدَةٍ وَاحِدٍ فَهَلْ (9/350)
"لأن في المزارعة استئجار الأرض واستئجار العامل إن كان البذر من رب الأرض. (26/394)
وإذا دفع الرجلان إلى الرجلين نخلا لهما معاملة هذه السنة على أن يقوما عليه فما خرج فللعاملين نصفه: لواحد منهما بعينه ثلثا ذلك النصف، وللآخر ثلثه، والباقي بين صاحبي النخل نصفان - فهو جائز على ما اشترطوا؛ ","لِأَنَّ فِي الْمُزَارَعَةِ اسْتِئْجَارَ الْأَرْضِ وَاسْتِئْجَارَ الْعَامِلِ إِنْ كَانَ الْبَذْرُ مِنْ رَبِّ الْأَرْضِ. (26/394)
وَإِذَا دَفَعَ الرَّجُلَانِ إِلَى الرَّجُلَيْنِ نَخْلًا لَهُمَا مُعَامَلَةً هَذِهِ السَّنَةَ عَلَى أَنْ يَقُومَا عَلَيْهِ فَمَا خَرَجَ فَلِلْعَامِلَيْنِ نِصْفُهُ: لِوَاحِدٍ مِنْهُمَا بِعَيْنِهِ ثُلُثَا ذَلِكَ النِّصْفِ، وَلِلْآخَرِ ثُلُثُهُ، وَالْبَاقِي بَيْنَ صَاحِبَيِ النَّخْلِ نِصْفَانِ - فَهُوَ جَائِزٌ عَلَى مَا اشْتَرَطُوا؛ ","لِأَنَّ فِي الْمُزَارَعَةِ اسْتِئْجَارَ الْأَرْضِ وَاسْتِئْجَارَ الْعَامِلِ إِنْ كَانَ الْبَذْرُ مِنْ رَبِّ الْأَرْضِ. (26/394)
وَإِذَا دَفَعَ الرَّجُلَانِ إِلَى الرَّجُلَيْنِ نَخْلًا لَهُمَا مُعَامَلَةَ هَذِهِ السَّنَةِ عَلَى أَنْ يَقُومَا عَلَيْهِ فَمَا خَرَجَ فَلِلْعَامِلَيْنِ نِصْفُهُ: لِوَاحِدٍ مِنْهُمَا بِعَيْنِهِ ثُلُثَا ذَلِكَ النِّصْفِ، وَلِلْآخَرِ ثُلُثُهُ، وَالْبَاقِي بَيْنَ صَاحِبَيِ النَّخْلِ نِصْفَانِ - فَهُوَ جَائِزٌ عَلَى مَا اشْتَرَطُوا؛"
"فرع عليه) أي مالك نحل (أن يبقي للنحل من العسل) في الكوارة (قدر حاجتها إن لم يكفها غيره) ، وإلا فلا يلزمه ذلك قال الرافعي: وقد قيل يشوي دجاجة ويعلقها بباب الكوارة فتأكل منها. (18/247)
(وعليه) أي مالك دود قز إما (تحصيل ورق التوت لدود القز و) إما (تخليته) أي الدود (لا كله) ","فَرْعٌ عَلَيْهِ) أَيْ مَالِكِ نَحْلٍ (أَنْ يُبْقِيَ لِلنَّحْلِ مِنَ الْعَسَلِ) فِي الْكِوَارَةِ (قَدْرَ حَاجَتِهَا إِنْ لَمْ يَكْفِهَا غَيْرُهُ) ، وَإِلَّا فَلَا يَلْزَمُهُ ذَلِكَ قَالَ الرَّافِعِيُّ: وَقَدْ قِيلَ يَشْوِي دَجَاجَةً وَيُعَلِّقُهَا بِبَابِ الْكِوَارَةِ فَتَأْكُلُ مِنْهَا. (18/247)
(وَعَلَيْهِ) أَيْ مَالِكِ دُودِ قَزٍّ إِمَّا (تَحْصِيلُ وَرَقِ التُّوتِ لِدُودِ الْقَزِّ وَ) إِمَّا (تَخْلِيَتُهُ) أَيِ الدُّودِ (لَا كُلِّهِ) ","فَرَّعَ عَلَيْهِ) أَيْ مَالِكٍ نَحْلٌ (أَنْ يُبْقِيَ لِلنَّحْلِ مِنَ الْعَسَلِ) فِي الْكَوَارَةِ (قَدْرَ حَاجَتِهَا إِنْ لَمْ يَكْفِهَا غَيْرُهُ) ، وَإِلَّا فَلَا يَلْزَمُهُ ذَلِكَ قَالَ الرَّافِعِيُّ: وَقَدْ قِيلَ يَشْوِي دَجَاجَةً وَيُعَلِّقُهَا بِبَابِ الْكَوَارَةِ فَتَأْكُلُ مِنْهَا. (18/247)
(وَعَلَيْهِ) أَيْ مَالِكٍ دُودُ قَزٍّ إِمَّا (تَحْصِيلُ وَرَقِ التُّوتِ لِدُودِ الْقَزِّ وَ) إِمَّا (تَخْلِيَتُهُ) أَيِ الدُّودِ (لَا كُلُّهُ)"
"مجللا : عاما وزاد بعد قوله: والبلاد : والبهائم، والخلق .
والباقي مثله سواء، ولم نقف له على إسناد، ولا (2/308)
وصله البيهقي في مصنفاته بل رواه في المعرفة من طريق الشافعي، قال: ويروى عن سالم به، ثم قال: ","مُجَلَّلًا : عَامًا وَزَادَ بَعْدَ قَوْلِهِ: وَالْبِلَادِ : وَالْبَهَائِمِ، وَالْخَلْقِ .
وَالْبَاقِي مِثْلُهُ سَوَاءً، وَلَمْ نَقِفْ لَهُ عَلَى إِسْنَادٍ، وَلَا (2/308)
وَصَلَهُ الْبَيْهَقِيُّ فِي مُصَنَّفَاتِهِ بَلْ رَوَاهُ فِي الْمَعْرِفَةِ مِنْ طَرِيقِ الشَّافِعِيِّ، قَالَ: وَيُرْوَى عَنْ سَالِمٍ بِهِ، ثُمَّ قَالَ: ","مُجَلَّلًا : عَامًّا وَزَادَ بَعْدَ قَوْلِهِ: وَالْبِلَادِ : وَالْبَهَائِمِ، وَالْخَلْقِ .
وَالْبَاقِي مِثْلُهُ سَوَاءٌ، وَلَمْ نَقِفْ لَهُ عَلَى إِسْنَادٍ، وَلَا (2/308)
وَصَلَهُ الْبَيْهَقِيُّ فِي مُصَنَّفَاتِهِ بَلْ رَوَاهُ فِي الْمَعْرِفَةِ مِنْ طَرِيقِ الشَّافِعِيِّ، قَالَ: وَيُرْوَى عَنْ سَالِمٍ بِهِ، ثُمَّ قَالَ:"
"قال الرملي: ويقضى عليه بالنكول عندهما. (22/470)
(و) كذا (يستحلف السارق) لأجل المال (فإن نكل ضمن ولم يقطع) وإن أقر بها قطع، وقالوا: يستحلف في التعزير كما بسطه في الدرر.
وفي الفصول: ادعى نكاحها فحيلة دفع يمينها أن تتزوج فلا تحلف.
وفي الخانية لا استحلاف في إحدى وثلاثين مسألة.
الشرح
(22/471)
(قوله وكذا يستحلف السارق) ","قَالَ الرَّمْلِيُّ: وَيُقْضَى عَلَيْهِ بِالنُّكُولِ عِنْدَهُمَا. (22/470)
(وَ) كَذَا (يُسْتَحْلَفُ السَّارِقُ) لِأَجْلِ الْمَالِ (فَإِنْ نَكَلَ ضَمِنَ وَلَمْ يُقْطَعْ) وَإِنْ أَقَرَّ بِهَا قُطِعَ، وَقَالُوا: يُسْتَحْلَفُ فِي التَّعْزِيرِ كَمَا بَسَطَهُ فِي الدُّرَرِ.
وَفِي الْفُصُولِ: ادَّعَى نِكَاحَهَا فَحِيلَةُ دَفْعِ يَمِينِهَا أَنْ تَتَزَوَّجَ فَلَا تَحْلِفُ.
وَفِي الْخَانِيَّةِ لَا اسْتِحْلَافَ فِي إِحْدَى وَثَلَاثِينَ مَسْأَلَةً.
الشَّرْحُ
(22/471)
(قَوْلُهُ وَكَذَا يُسْتَحْلَفُ السَّارِقُ) ","قَالَ الرَّمْلِيُّ: وَيُقْضَى عَلَيْهِ بِالنُّكُولِ عِنْدَهُمَا. (22/470)
(وَ) كَذَا (يُسْتَحْلَفُ السَّارِقُ) لِأَجْلِ الْمَالِ (فَإِنْ نَكَلَ ضَمِنَ وَلَمْ يُقْطَعْ) وَإِنْ أَقَرَّ بِهَا قُطِعَ، وَقَالُوا: يُسْتَحْلَفُ فِي التَّعْزِيرِ كَمَا بَسَطَهُ فِي الدُّرَرِ.
وَفِي الْفُصُولِ: ادَّعَى نِكَاحَهَا فَحِيلَةُ دَفْعِ يَمِينِهَا أَنْ تَتَزَوَّجَ فَلَا تَحْلِفُ.
وَفِي الْخَانِيَّةِ لَا اسْتِحْلَافَ فِي إِحْدَى وَثَلَثِينَ مَسْأَلَةً.
الشَّرْحُ
(22/471)
(قَوْلُهُ وَكَذَا يُسْتَحْلَفُ السَّارِقُ)"
"يجوز لمن هي بيده أن (يمسكها) قبل إعلام ربها بها؛ لأنه لم يأتمنه عليها؛ وإنما حصل مال غيره بيده، بمنزلة من أطارت الريح إلى داره ثوبا، وعلم به، فإن أخر ذلك مع الإمكان؛ ضمن.
قاله في الشرح (بلا إذن) من مالكها (لزوال حكم الائتمان) بمجرد موت المورث (فإن تلفت) الوديعة عند وارث (قبل إمكان ذلك) - ","يَجُوزُ لِمَنْ هِيَ بِيَدِهِ أَنْ (يُمْسِكَهَا) قَبْلَ إِعْلَامِ رَبِّهَا بِهَا؛ لِأَنَّهُ لَمْ يَأْتَمِنْهُ عَلَيْهَا؛ وَإِنَّمَا حَصَّلَ مَالَ غَيْرِهِ بِيَدِهِ، بِمَنْزِلَةِ مَنْ أَطَارَتِ الرِّيحُ إِلَى دَارِهِ ثَوْبًا، وَعَلِمَ بِهِ، فَإِنْ أَخَّرَ ذَلِكَ مَعَ الْإِمْكَانِ؛ ضَمِنَ.
قَالَهُ فِي الشَّرْحِ (بِلَا إِذْنٍ) مِنْ مَالِكِهَا (لِزَوَالِ حُكْمِ الِائْتِمَانِ) بِمُجَرَّدِ مَوْتِ الْمُوَرِّثِ (فَإِنْ تَلِفَتْ) الْوَدِيعَةُ عِنْدَ وَارِثٍ (قَبْلَ إِمْكَانِ ذَلِكَ) - ","يَجُوزُ لِمَنْ هِيَ بِيَدِهِ أَنْ (يُمْسِكَهَا) قَبْلَ إِعْلَامِ رَبِّهَا بِهَا؛ لِأَنَّهُ لَمْ يَأْتَمِنْهُ عَلَيْهَا؛ وَإِنَّمَا حَصَلَ مَالُ غَيْرِهِ بِيَدِهِ، بِمَنْزِلَةِ مَنْ أَطَارَتِ الرِّيحُ إِلَى دَارِهِ ثَوْبًا، وَعَلِمَ بِهِ، فَإِنْ أَخَّرَ ذَلِكَ مَعَ الْإِمْكَانِ؛ ضَمِنَ.
قَالَهُ فِي الشَّرْحِ (بِلَا إِذْنٍ) مِنْ مَالِكِهَا (لِزَوَالِ حُكْمِ الِائْتِمَانِ) بِمُجَرَّدِ مَوْتِ الْمُوَرِّثِ (فَإِنْ تَلِفَتْ) الْوَدِيعَةُ عِنْدَ وَارِثٍ (قَبْلَ إِمْكَانِ ذَلِكَ) -"
فلو لم يصح البيع لم يجز رسول الله صلى الله عليه وسلم إعتاقها ولأن البيع بالخمر والخنزير منعقد لوجود الركن من الأهل مضافا إلى المحل أما الركن فقد حصل لوجود مبادلة المال بالمال، وأما الأهل فلأن العاقد حر عاقل بالغ، ,فَلَوْ لَمْ يَصِحَّ الْبَيْعُ لَمْ يُجِزْ رَسُولُ اللَّهِ صَلَّى اللَّهُ عَلَيْهِ وَسَلَّمَ إِعْتَاقَهَا وَلِأَنَّ الْبَيْعَ بِالْخَمْرِ وَالْخِنْزِيرِ مُنْعَقِدٌ لِوُجُودِ الرُّكْنِ مِنَ الْأَهْلِ مُضَافًا إِلَى الْمَحِلِّ أَمَّا الرُّكْنُ فَقَدْ حَصَلَ لِوُجُودِ مُبَادَلَةِ الْمَالِ بِالْمَالِ، وَأَمَّا الْأَهْلُ فَلِأَنَّ الْعَاقِدَ حُرٌّ عَاقِلٌ بَالِغٌ، ,فَلَوْ لَمْ يَصِحَّ الْبَيْعُ لَمْ يُجِزْ رَسُولُ اللَّهِ صَلَّى اللَّهُ عَلَيْهِ وَسَلَّمَ إِعْتَاقَهَا وَلِأَنَّ الْبَيْعَ بِالْخَمْرِ وَالْخِنْزِيرِ مُنْعَقِدٌ لِوُجُودِ الرُّكْنِ مِنَ الْأَهْلِ مُضَافًا إِلَى الْمَحَلِّ أَمَّا الرُّكْنُ فَقَدْ حَصَلَ لِوُجُودِ مُبَادَلَةِ الْمَالِ بِالْمَالِ، وَأَمَّا الْأَهْلُ فَلِأَنَّ الْعَاقِدَ حُرٌّ عَاقِلٌ بَالِغٌ،
"لتفعل كذا من قصره على فعله، والجعالة فيها شائبة توكيل كما علم مما مر وصرحوا به فنظروا إلى أن الغرض تحصيل المقصود لا عين محصله على ما مر فيه من التفصيل فتأمله، والله سبحانه وتعالى أعلم. (7/464)
(وسئل) ","لِتَفْعَلْ كَذَا مِنْ قَصْرِهِ عَلَى فِعْلِهِ، وَالْجِعَالَةُ فِيهَا شَائِبَةُ تَوْكِيلٍ كَمَا عُلِمَ مِمَّا مَرَّ وَصَرَّحُوا بِهِ فَنَظَرُوا إِلَى أَنَّ الْغَرَضَ تَحْصِيلُ الْمَقْصُودِ لَا عَيْنُ مُحَصِّلِهِ عَلَى مَا مَرَّ فِيهِ مِنَ التَّفْصِيلِ فَتَأَمَّلْهُ، وَاللَّهُ سُبْحَانَهُ وَتَعَالَى أَعْلَمُ. (7/464)
(وَسُئِلَ) ","لِتَفْعَلَ كَذَا مِنْ قَصْرِهِ عَلَى فِعْلِهِ، وَالْجَعَالَةُ فِيهَا شَائِبَةُ تَوْكِيلٍ كَمَا عُلِمَ مِمَّا مَرَّ وَصَرَّحُوا بِهِ فَنَظَرُوا إِلَى أَنَّ الْغَرَضَ تَحْصِيلُ الْمَقْصُودِ لَا عَيْنُ مُحَصِّلِهِ عَلَى مَا مَرَّ فِيهِ مِنَ التَّفْصِيلِ فَتَأَمَّلْهُ، وَاللَّهُ سُبْحَانَهُ وَتَعَالَى أَعْلَمُ. (7/464)
(وَسُئِلَ)"
"عبارة المغني لعدم المال فيها ولما فيها من الغرر إذ لا يدري أن صاحبه يكسب أم لا ولأن كل واحد منهما متميز ببدنه ومنافعه فيختص بفوائده كما لو اشتركا في ماشيتهما وهي متميزة ليكون الدر والنسل بينهما وقياسا (21/399)
على الاصطياد والاحتطاب ا ه.
(قوله من تفاوضا) أي مأخوذ إلخ (وقوله من قوم فوضى) ","عِبَارَةُ الْمُغْنِي لِعَدَمِ الْمَالِ فِيهَا وَلِمَا فِيهَا مِنَ الْغَرَرِ إِذْ لَا يَدْرِي أَنَّ صَاحِبَهُ يَكْسِبُ أَمْ لَا وَلِأَنَّ كُلَّ وَاحِدٍ مِنْهُمَا مُتَمَيِّزٌ بِبَدَنِهِ وَمَنَافِعِهِ فَيَخْتَصُّ بِفَوَائِدِهِ كَمَا لَوِ اشْتَرَكَا فِي مَاشِيَتِهِمَا وَهِيَ مُتَمَيِّزَةٌ لِيَكُونَ الدَّرُّ وَالنَّسْلُ بَيْنَهُمَا وَقِيَاسًا (21/399)
عَلَى الِاصْطِيَادِ وَالِاحْتِطَابِ ا ه.
(قَوْلُهُ مَنْ تَفَاوَضَا) أَيْ مَأْخُوذُ إِلَخْ (وَقَوْلُهُ مِنْ قَوْمٍ فَوْضَى) ","عِبَارَةُ الْمُغْنِي لِعَدَمِ الْمَالِ فِيهَا وَلِمَا فِيهَا مِنَ الْغَرَرِ إِذْ لَا يَدْرِي أَنَّ صَاحِبَهُ يَكْسِبُ أَمْ لَا وَلِأَنَّ كُلَّ وَاحِدٍ مِنْهُمَا مُتَمَيِّزٌ بِبَدَنِهِ وَمَنَافِعِهِ فَيَخْتَصُّ بِفَوَائِدِهِ كَمَا لَوِ اشْتَرَكَا فِي مَاشِيَتِهِمَا وَهِيَ مُتَمَيِّزَةٌ لِيَكُونَ الدَّرُّ وَالنَّسْلُ بَيْنَهُمَا وَقِيَاسًا (21/399)
عَلَى الِاصْطِيَادِ وَالِاحْتِطَابِ ا ه.
(قَوْلُهُ مَنْ تَفَاوَضَا) أَيْ مَأْخُوذٌ إِلَخْ (وَقَوْلُهُ مَنْ قَوَّمَ فَوْضَى)"
وانعقد الإجماع بعد الآخرين وفي الباب حديث {إنما الماء من الماء} مع حديث أبي بن كعب عن رسول الله صلى الله عليه وسلم في {الرجل يأتي أهله ثم لا ينزل قال يغسل ذكره ويتوضأ} وفيه الحديث الآخر {إذا جلس بين شعبها الأربع ثم جهدها فقد وجب الغسل، وإن لم ينزل} قال العلماء العمل على هذا الحديث، ,وَانْعَقَدَ الْإِجْمَاعُ بَعْدَ الْآخَرِينَ وَفِي الْبَابِ حَدِيثُ {إِنَّمَا الْمَاءُ مِنَ الْمَاءِ} مَعَ حَدِيثِ أُبَيِّ بْنِ كَعْبٍ عَنْ رَسُولِ اللَّهِ صَلَّى اللَّهُ عَلَيْهِ وَسَلَّمَ فِي {الرَّجُلِ يَأْتِي أَهْلَهُ ثُمَّ لَا يُنْزِلُ قَالَ يَغْسِلُ ذَكَرَهُ وَيَتَوَضَّأُ} وَفِيهِ الْحَدِيثُ الْآخَرُ {إِذَا جَلَسَ بَيْنَ شُعَبِهَا الْأَرْبَعِ ثُمَّ جَهَدَهَا فَقَدْ وَجَبَ الْغُسْلُ، وَإِنْ لَمْ يُنْزِلْ} قَالَ الْعُلَمَاءُ الْعَمَلُ عَلَى هَذَا الْحَدِيثِ، ,وَانْعَقَدَ الْإِجْمَاعُ بَعْدَ الْآخَرِينَ وَفِي الْبَابِ حَدِيثُ {إِنَّمَا الْمَاءُ مِنَ الْمَاءِ} مَعَ حَدِيثِ أُبَيِّ بْنِ كَعْبٍ عَنْ رَسُولِ اللَّهِ صَلَّى اللَّهُ عَلَيْهِ وَسَلَّمَ فِي {الرَّجُلِ يَأْتِي أَهْلَهُ ثُمَّ لَا يَنْزِلُ قَالَ يَغْسِلُ ذَكَرَهُ وَيَتَوَضَّأُ} وَفِيهِ الْحَدِيثُ الْآخَرُ {إِذَا جَلَسَ بَيْنَ شُعَبِهَا الْأَرْبَعِ ثُمَّ جَهَدَهَا فَقَدْ وَجَبَ الْغُسْلُ، وَإِنْ لَمْ يَنْزِلْ} قَالَ الْعُلَمَاءُ الْعَمَلُ عَلَى هَذَا الْحَدِيثِ،
وإنما عتق على الزوجة لأنها قبلته وهي تعلم أن عتقه لها لازم (وهل إن رشدت وصوب أو مطلقا لم يعلم الولي تأويلان) الذي لابن يونس بعد ما ذكر ما في الواضحة أنه لا فرق بين البكر والثيب ونحوه في التنبيهات، تأول بعض الناس أن ذلك إنما يصح في الثيب، ,وَإِنَّمَا عَتَقَ عَلَى الزَّوْجَةِ لِأَنَّهَا قَبِلَتْهُ وَهِيَ تَعْلَمُ أَنَّ عِتْقَهُ لَهَا لَازِمٌ (وَهَلْ إِنْ رَشَدَتْ وَصَوَّبَ أَوْ مُطْلَقًا لَمْ يَعْلَمِ الْوَلِيُّ تَأْوِيلَانِ) الَّذِي لِابْنِ يُونُسَ بَعْدَ مَا ذَكَرَ مَا فِي الْوَاضِحَةِ أَنَّهُ لَا فَرْقَ بَيْنَ الْبِكْرِ وَالثَّيِّبِ وَنَحْوُهُ فِي التَّنْبِيهَاتِ، تَأَوَّلَ بَعْضُ النَّاسِ أَنَّ ذَلِكَ إِنَّمَا يَصِحُّ فِي الثَّيِّبِ، ,وَإِنَّمَا عَتَقَ عَلَى الزَّوْجَةِ لِأَنَّهَا قَبِلَتْهُ وَهِيَ تَعْلَمُ أَنَّ عِتْقَهُ لَهَا لَازِمٌ (وَهَلْ إِنْ رَشَدَتْ وَصَوَّبَ أَوْ مُطْلَقًا لَمْ يَعْلَمِ الْوَلِيُّ تَأْوِيلَانِ) الَّذِي لِابْنِ يُونُسَ بَعْدَ مَا ذَكَرَ مَا فِي الْوَاضِحَةِ أَنَّهُ لَا فَرْقَ بَيْنَ الْبِكْرِ وَالثَّيِّبِ وَنَحْوِهِ فِي التَّنْبِيهَاتِ، تَأَوَّلَ بَعْضُ النَّاسِ أَنَّ ذَلِكَ إِنَّمَا يَصِحُّ فِي الثَّيِّبِ،
أي حيث لم يمكنه الاستقبال وإتمام الأركان في هودج ونحوه كما سيأتي ا ه عميرة (قوله وصوب حل سفر إلخ) المراد بصوب المقصد جهته، فلا يضر الانحراف عن العين، ولو بلا حاجة وكذا عن الجهة لانعطاف الطريق أو لنحو زحمة أو غبار، وكذا إذا غلبته الدابة أو انحرف ناسيا أو جاهلا إن عاد عن قرب، ,أَيْ حَيْثُ لَمْ يُمْكِنْهُ الِاسْتِقْبَالُ وَإِتْمَامُ الْأَرْكَانِ فِي هَوْدَجٍ وَنَحْوِهِ كَمَا سَيَأْتِي ا ه عَمِيرَةُ (قَوْلُهُ وَصَوْبُ حِلِّ سَفَرٍ إِلَخْ) الْمُرَادُ بِصَوْبِ الْمَقْصِدِ جِهَتُهُ، فَلَا يَضُرُّ الِانْحِرَافُ عَنِ الْعَيْنِ، وَلَوْ بِلَا حَاجَةٍ وَكَذَا عَنِ الْجِهَةِ لِانْعِطَافِ الطَّرِيقِ أَوْ لِنَحْوِ زَحْمَةٍ أَوْ غُبَارٍ، وَكَذَا إِذَا غَلَبَتْهُ الدَّابَّةُ أَوِ انْحَرَفَ نَاسِيًا أَوْ جَاهِلًا إِنْ عَادَ عَنْ قُرْبٍ، ,أَيْ حَيْثُ لَمْ يُمْكِنْهُ الِاسْتِقْبَالُ وَإِتْمَامُ الْأَرْكَانِ فِي هَوْدَجٍ وَنَحْوِهِ كَمَا سَيَأْتِي ا ه عَمِيرَةُ (قَوْلُهُ وَصَوْبِ حِلِّ سَفَرٍ إِلَخْ) الْمُرَادُ بِصَوْبِ الْمَقْصِدِ جِهَتُهُ، فَلَا يَضُرُّ الِانْحِرَافُ عَنِ الْعَيْنِ، وَلَوْ بِلَا حَاجَةٍ وَكَذَا عَنِ الْجِهَةِ لِانْعِطَافِ الطَّرِيقِ أَوْ لِنَحْوِ زَحْمَةٍ أَوْ غُبَارٍ، وَكَذَا إِذَا غَلَبَتْهُ الدَّابَّةُ أَوِ انْحَرَفَ نَاسِيًا أَوْ جَاهِلًا إِنْ عَادَ عَنْ قُرْبٍ،
"لأن ذلك يؤدي إلى التفاضل بين القمح والشعير وقال سحنون ليس لهما أن يتركاه للغاصب ويأخذا الطعام المختلط على التساوي ولا على القيمة.
(مسألة) ","لِأَنَّ ذَلِكَ يُؤَدِّي إِلَى التَّفَاضُلِ بَيْنَ الْقَمْحِ وَالشَّعِيرِ وَقَالَ سَحْنُونٌ لَيْسَ لَهُمَا أَنْ يَتْرُكَاهُ لِلْغَاصِبِ وَيَأْخُذَا الطَّعَامَ الْمُخْتَلَطَ عَلَى التَّسَاوِي وَلَا عَلَى الْقِيمَةِ.
(مَسْأَلَةٌ) ","لِأَنَّ ذَلِكَ يُؤَدِّي إِلَى التَّفَاضُلِ بَيْنَ الْقَمْحِ وَالشَّعِيرِ وَقَالَ سَحْنُونٌ لَيْسَ لَهُمَا أَنْ يَتْرُكَاهُ لِلْغَاصِبِ وَيَأْخُذَا الطَّعَامَ الْمُخْتَلِطَ عَلَى التَّسَاوِي وَلَا عَلَى الْقِيمَةِ.
(مَسْأَلَةٌ)"
"وكذا رده تلميذه في منح الغفار بأنه لما تكلم بعرفهم فقد تكلم بلفظ موضوع باعتبار العرف لمعنى معلوم فهو متكلم بحقيقة عرفية وبه يوجد صلاحية اللفظ لذلك واعتباره بقوله اسقني الماء...
إلخ غير معتبر كما لا يخفى ا ه.
وكذا قال المقدسي ولا يخفى أن اللفظ صريح. (9/213)
","وَكَذَا رَدَّهُ تِلْمِيذُهُ فِي مِنَحِ الْغَفَّارِ بِأَنَّهُ لَمَّا تَكَلَّمَ بِعُرْفِهِمْ فَقَدْ تَكَلَّمَ بِلَفْظٍ مَوْضُوعٍ بِاعْتِبَارِ الْعُرْفِ لِمَعْنًى مَعْلُومٍ فَهُوَ مُتَكَلِّمٌ بِحَقِيقَةٍ عُرْفِيَّةٍ وَبِهِ يُوجَدُ صَلَاحِيَةُ اللَّفْظِ لِذَلِكَ وَاعْتِبَارُهُ بِقَوْلِهِ اسْقِنِي الْمَاءَ...
إِلَخْ غَيْرُ مُعْتَبَرٍ كَمَا لَا يَخْفَى ا ه.
وَكَذَا قَالَ الْمَقْدِسِيَّ وَلَا يَخْفَى أَنَّ اللَّفْظَ صَرِيحٌ. (9/213)
","وَكَذَا رَدَّهُ تِلْمِيذُهُ فِي مَنْحِ الْغَفَّارِ بِأَنَّهُ لَمَّا تَكَلَّمَ بِعُرْفِهِمْ فَقَدْ تَكَلَّمَ بِلَفْظٍ مَوْضُوعٍ بِاعْتِبَارِ الْعُرْفِ لِمَعْنًى مَعْلُومٍ فَهُوَ مُتَكَلِّمٌ بِحَقِيقَةٍ عُرْفِيَّةٍ وَبِهِ يُوجَدُ صَلَاحِيَّةُ اللَّفْظِ لِذَلِكَ وَاعْتِبَارُهُ بِقَوْلِهِ اسْقِنِي الْمَاءَ...
إِلَخْ غَيْرُ مُعْتَبَرٍ كَمَا لَا يَخْفَى ا ه.
وَكَذَا قَالَ الْمَقْدِسِيُّ وَلَا يَخْفَى أَنَّ اللَّفْظَ صَرِيحٌ. (9/213)"
"حدثنا يونس حدثنا محمد بن زياد البرجمي قال سمعت ثابتا البناني يحدث عن أنس بن مالك قال قال رسول الله صلى الله عليه وسلم من كان له ثلاث بنات أو ثلاث أخوات اتقى الله عز وجل وأقام عليهن كان معي في الجنة هكذا وأشار بأصابعه الأربع (20/47)
12594 - ","حَدَّثَنَا يُونُسُ حَدَّثَنَا مُحَمَّدُ بْنُ زِيَادٍ الْبُرْجُمِيُّ قَالَ سَمِعْتُ ثَابِتًا الْبُنَانِيَّ يُحَدِّثُ عَنْ أَنَسِ بْنِ مَالِكٍ قَالَ قَالَ رَسُولُ اللَّهِ صَلَّى اللَّهُ عَلَيْهِ وَسَلَّمَ مَنْ كَانَ لَهُ ثَلَاثُ بَنَاتٍ أَوْ ثَلَاثُ أَخَوَاتٍ اتَّقَى اللَّهَ عَزَّ وَجَلَّ وَأَقَامَ عَلَيْهِنَّ كَانَ مَعِي فِي الْجَنَّةِ هَكَذَا وَأَشَارَ بِأَصَابِعِهِ الْأَرْبَعِ (20/47)
12594 - ","حَدَّثَنَا يُونُسُ حَدَّثَنَا مُحَمَّدُ بْنُ زِيَادٍ الْبُرْجُمِيُّ قَالَ سَمِعْتُ ثَابِتًا الْبُنَانِيَّ يُحَدِّثُ عَنْ أَنَسِ بْنِ مَالِكٍ قَالَ قَالَ رَسُولُ اللَّهِ صَلَّى اللَّهُ عَلَيْهِ وَسَلَّمَ مَنْ كَانَ لَهُ ثَلَاثُ بَنَاتٍ أَوْ ثَلَاثُ أَخَوَاتٍ اتَّقَى اللَّهَ عَزَّ وَجَلَّ وَأَقَامَ عَلَيْهِنَّ كَانَ مَعِي فِي الْجَنَّةِ هَكَذَا وَأَشَارَ بِأَصَابِعِهِ الْأَرْبَعِ (20/47)
12594 -"
قوله: والفضل) مبتدأ (قوله: لشاهد) أي: حاضر خبر وهل المراد بشهود تحرم الإمام أن يكون حاضرا في مكان الصلاة، أو سماعه وإن لم يكن في مكانه؟ فيه نظر ولو تعارض إدراك فضيلة التحرم والصف الأول فأيهما أفضل فيه نظر ويحتمل مراعاة الصف الأول (قوله: والأصل فيه إلخ) ,قَوْلُهُ: وَالْفَضْلُ) مُبْتَدَأٌ (قَوْلُهُ: لِشَاهِدٍ) أَيْ: حَاضِرٍ خَبَرٌ وَهَلِ الْمُرَادُ بِشُهُودِ تَحَرُّمِ الْإِمَامِ أَنْ يَكُونَ حَاضِرًا فِي مَكَانِ الصَّلَاةِ، أَوْ سَمَاعِهِ وَإِنْ لَمْ يَكُنْ فِي مَكَانِهِ؟ فِيهِ نَظَرٌ وَلَوْ تَعَارَضَ إِدْرَاكُ فَضِيلَةِ التَّحَرُّمِ وَالصَّفِّ الْأَوَّلِ فَأَيُّهُمَا أَفْضَلُ فِيهِ نَظَرٌ وَيُحْتَمَلُ مُرَاعَاةُ الصَّفِّ الْأَوَّلِ (قَوْلُهُ: وَالْأَصْلُ فِيهِ إِلَخْ) ,قَوْلُهُ: وَالْفَضْلُ) مُبْتَدَأٌ (قَوْلُهُ: لِشَاهِدٍ) أَيْ: حَاضِرٍ خَبَرٌ وَهَلِ الْمُرَادُ بِشُهُودِ تَحَرُّمِ الْإِمَامِ أَنْ يَكُونَ حَاضِرًا فِي مَكَانِ الصَّلَاةِ، أَوْ سَمَاعِهِ وَإِنْ لَمْ يَكُنْ فِي مَكَانِهِ؟ فِيهِ نَظَرٌ وَلَوْ تَعَارَضَ إِدْرَاكُ فَضِيلَةِ التَّحَرُّمِ وَالصَّفِّ الْأَوَّلِ فَأَيُّهُمَا أَفْضَلُ فِيهِ نَظَرٌ وَيُحْتَمَلُ مُرَاعَاةُ الصَّفِّ الْأَوَّلِ (قَوْلُهُ: وَالْأَصْلُ فِيهِ إِلَخْ)
"وكذا ظاهر كلامه آخر الشهادات حيث قال: كحساب وشبهه بكفيل بالمال كأن أراد إقامة ثان أو لإقامة بينة فبالحميل بالوجه على قاعدته الأكثرية من رجوع القيد لما بعد الكاف.
وفي التوضيح: آخر الشهادات ما هو صريح في أن الحميل بالمال ولفظه فأما المطلوب إذا أجل لدفع البينة فللطالب أخذ حميل بالمال .
(المازري) .
","وَكَذَا ظَاهِرُ كَلَامِهِ آخِرَ الشَّهَادَاتِ حَيْثُ قَالَ: كَحِسَابٍ وَشِبْهِهِ بِكَفِيلٍ بِالْمَالِ كَأَنْ أَرَادَ إِقَامَةَ ثَانٍ أَوْ لِإِقَامَةِ بَيِّنَةٍ فَبِالْحَمِيلِ بِالْوَجْهِ عَلَى قَاعِدَتِهِ الْأَكْثَرِيَّةِ مِنْ رُجُوعِ الْقَيْدِ لِمَا بَعْدَ الْكَافِ.
وَفِي التَّوْضِيحِ: آخِرِ الشَّهَادَاتِ مَا هُوَ صَرِيحٌ فِي أَنَّ الْحَمِيلَ بِالْمَالِ وَلَفْظُهُ فَأَمَّا الْمَطْلُوبُ إِذَا أُجِّلَ لِدَفْعِ الْبَيِّنَةِ فَلِلطَّالِبِ أَخْذُ حَمِيلٍ بِالْمَالِ .
(الْمَازِرِيُّ) .
","وَكَذَا ظَاهِرُ كَلَامِهِ آخِرَ الشَّهَادَاتِ حَيْثُ قَالَ: كَحِسَابٍ وَشَبَهِهِ بِكَفِيلٍ بِالْمَالِ كَأَنْ أَرَادَ إِقَامَةَ ثَانٍ أَوْ لِإِقَامَةِ بَيِّنَةٍ فَبِالْحَمِيلِ بِالْوَجْهِ عَلَى قَاعِدَتِهِ الْأَكْثَرِيَّةِ مِنْ رُجُوعِ الْقَيْدِ لِمَا بَعْدَ الْكَافِ.
وَفِي التَّوْضِيحِ: آخِرَ الشَّهَادَاتِ مَا هُوَ صَرِيحٌ فِي أَنَّ الْحَمِيلَ بِالْمَالِ وَلَفْظُهُ فَأَمَّا الْمَطْلُوبُ إِذَا أُجِّلَ لِدَفْعِ الْبَيِّنَةِ فَلِلطَّالِبِ أَخْذُ حَمِيلٍ بِالْمَالِ .
(الْمَازِرِيُّ) ."
فكذلك في الاستحقاق بالرد فيسقط اعتبار ذلك فيرد على أهل القرابة جميعا على قدر أنصبائهم، ثم الحاصل أن الرد به على سبعة نفر الابنة وابنة الابن والأم والجدة والأخت لأب وأم والأخت لأب وولد الأم ذكرا كان، أو أنثى، وقد يكون الرد على واحد منهم، وقد يكون على اثنين، وقد يكون على ثلاثة، ,فَكَذَلِكَ فِي الِاسْتِحْقَاقِ بِالرَّدِّ فَيَسْقُطُ اعْتِبَارُ ذَلِكَ فَيَرُدُّ عَلَى أَهْلِ الْقَرَابَةِ جَمِيعًا عَلَى قَدْرِ أَنْصِبَائِهِمْ، ثُمَّ الْحَاصِلُ أَنَّ الرَّدَّ بِهِ عَلَى سَبْعَةِ نَفَرٍ الِابْنَةِ وَابْنَةِ الِابْنِ وَالْأُمِّ وَالْجَدَّةِ وَالْأُخْتِ لِأَبٍ وَأُمٍّ وَالْأُخْتِ لِأَبٍ وَوَلَدِ الْأُمِّ ذَكَرًا كَانَ، أَوْ أُنْثَى، وَقَدْ يَكُونُ الرَّدُّ عَلَى وَاحِدٍ مِنْهُمْ، وَقَدْ يَكُونُ عَلَى اثْنَيْنِ، وَقَدْ يَكُونُ عَلَى ثَلَاثَةٍ، ,فَكَذَلِكَ فِي الِاسْتِحْقَاقِ بِالرَّدِّ فَيَسْقُطُ اعْتِبَارُ ذَلِكَ فَيُرَدُّ عَلَى أَهْلِ الْقَرَابَةِ جَمِيعًا عَلَى قَدْرِ أَنْصِبَائِهِمْ، ثُمَّ الْحَاصِلُ أَنَّ الرَّدَّ بِهِ عَلَى سَبْعَةِ نَفَرٍ الِابْنَةُ وَابْنَةُ الِابْنِ وَالْأُمُّ وَالْجَدَّةُ وَالْأُخْتُ لِأَبٍ وَأُمٍّ وَالْأُخْتُ لِأَبٍ وَوَلَدُ الْأُمِّ ذَكَرًا كَانَ، أَوْ أُنْثَى، وَقَدْ يَكُونُ الرَّدُّ عَلَى وَاحِدٍ مِنْهُمْ، وَقَدْ يَكُونُ عَلَى اثْنَيْنِ، وَقَدْ يَكُونُ عَلَى ثَلَاثَةٍ،
"وكذلك العتاق بجعل. (12/243)
ولو قال لرجل في صحة أو مرض: إذا مت فأعتق عبدي هذا إن شئت أو قال إذا مت فأمر عبدي هذا في العتق بيدك أو قال: جعلت عتق عبدي هذا بيدك بعد موتي فلم يقبل الذي جعل إليه ذلك في مجلسه حتى قام منه كان له أن يعتقه بعد ذلك من ثلثه، ","وَكَذَلِكَ الْعَتَاقُ بِجَعْلٍ. (12/243)
وَلَوْ قَالَ لِرَجُلٍ فِي صِحَّةٍ أَوْ مَرَضٍ: إِذَا مِتُّ فَأَعْتِقْ عَبْدِي هَذَا إِنْ شِئْتَ أَوْ قَالَ إِذَا مِتُّ فَأَمْرُ عَبْدِي هَذَا فِي الْعِتْقِ بِيَدِكَ أَوْ قَالَ: جَعَلْتُ عِتْقَ عَبْدِي هَذَا بِيَدِكَ بَعْدَ مَوْتِي فَلَمْ يَقْبَلِ الَّذِي جُعِلَ إِلَيْهِ ذَلِكَ فِي مَجْلِسِهِ حَتَّى قَامَ مِنْهُ كَانَ لَهُ أَنْ يُعْتِقَهُ بَعْدَ ذَلِكَ مِنْ ثُلُثِهِ، ","وَكَذَلِكَ الْعَتَاقُ بِجُعْلٍ. (12/243)
وَلَوْ قَالَ لِرَجُلٍ فِي صِحَّةٍ أَوْ مَرَضٍ: إِذَا مِتُّ فَأَعْتِقْ عَبْدِي هَذَا إِنْ شِئْتَ أَوْ قَالَ إِذَا مِتُّ فَأَمْرُ عَبْدِي هَذَا فِي الْعِتْقِ بِيَدِكَ أَوْ قَالَ: جَعَلْتُ عِتْقَ عَبْدِي هَذَا بِيَدِكَ بَعْدَ مَوْتِي فَلَمْ يَقْبَلِ الَّذِي جُعِلَ إِلَيْهِ ذَلِكَ فِي مَجْلِسِهِ حَتَّى قَامَ مِنْهُ كَانَ لَهُ أَنْ يُعْتِقَهُ بَعْدَ ذَلِكَ مِنْ ثُلُثِهِ،"
"قال ابن الرفعة: ولم تفرق الأصحاب بين أن يكون المحل رطبا أو يابسا، ولو قيل بوجوبه عند ترطب المحل لم يبعد كما قيل به في دخان النجاسة وهو مردود، فقد قال الجرجاني إنه مكروه، وصرح الشيخ نصر بتأثيم فاعله والمعتمد الأول، وعلم من ذلك عدم الاستحباب منه أيضا وإن كان المحل رطبا كما أوضحته في شرح العباب.
","قَالَ ابْنُ الرِّفْعَةَ: وَلَمْ تُفَرِّقِ الْأَصْحَابُ بَيْنَ أَنْ يَكُونَ الْمَحَلُّ رَطْبًا أَوْ يَابِسًا، وَلَوْ قِيلَ بِوُجُوبِهِ عِنْدَ تَرَطُّبِ الْمَحَلِّ لَمْ يَبْعُدْ كَمَا قِيلَ بِهِ فِي دُخَانِ النَّجَاسَةِ وَهُوَ مَرْدُودٌ، فَقَدْ قَالَ الْجُرْجَانِيُّ إِنَّهُ مَكْرُوهٌ، وَصَرَّحَ الشَّيْخُ نَصْرٌ بِتَأْثِيمِ فَاعِلِهِ وَالْمُعْتَمَدُ الْأَوَّلُ، وَعُلِمَ مِنْ ذَلِكَ عَدَمُ الِاسْتِحْبَابِ مِنْهُ أَيْضًا وَإِنْ كَانَ الْمَحَلُّ رَطْبًا كَمَا أَوْضَحْته فِي شَرْحِ الْعُبَابِ.
",قَالَ ابْنُ الرِّفْعَةِ: وَلَمْ تُفَرِّقِ الْأَصْحَابُ بَيْنَ أَنْ يَكُونَ الْمَحَلُّ رَطْبًا أَوْ يَابِسًا، وَلَوْ قِيلَ بِوُجُوبِهِ عِنْدَ تَرَطُّبِ الْمَحَلِّ لَمْ يَبْعُدْ كَمَا قِيلَ بِهِ فِي دُخَانِ النَّجَاسَةِ وَهُوَ مَرْدُودٌ، فَقَدْ قَالَ الْجُرْجَانِيُّ إِنَّهُ مَكْرُوهٌ، وَصَرَّحَ الشَّيْخُ نَصْرٌ بِتَأْثِيمِ فَاعِلِهِ وَالْمُعْتَمَدُ الْأَوَّلُ، وَعُلِمَ مِنْ ذَلِكَ عَدَمُ الِاسْتِحْبَابِ مِنْهُ أَيْضًا وَإِنْ كَانَ الْمَحَلُّ رَطْبًا كَمَا أَوْضَحْته فِي شَرْحِ الْعُبَابِ.
"وأما لو كان الصيال على حرمه فقضية البناء على وجوب الدفع أنه لا يلزمه الهرب ويدعهم، بل يلزمه الثبات إذا أمن على نفسه وإن أمكنه الهرب بهم فكالهرب والتحصن بنفسه وأولى الوجوب انتهت، فهما مسألتان: الأولى: ما إذا أمكنه الهرب (39/242)
بنفسه دون البضع: ","وَأَمَّا لَوْ كَانَ الصِّيَالُ عَلَى حَرَمِهِ فَقَضِيَّةُ الْبِنَاءِ عَلَى وُجُوبِ الدَّفْعِ أَنَّهُ لَا يَلْزَمُهُ الْهَرَبُ وَيَدَعُهُمْ، بَلْ يَلْزَمُهُ الثَّبَاتُ إِذَا أَمِنَ عَلَى نَفْسِهِ وَإِنْ أَمْكَنَهُ الْهَرَبُ بِهِمْ فَكَالْهَرَبِ وَالتَّحَصُّنِ بِنَفْسِهِ وَأَوْلَى الْوُجُوبُ انْتَهَتْ، فَهُمَا مَسْأَلَتَانِ: الْأُولَى: مَا إِذَا أَمْكَنَهُ الْهَرَبُ (39/242)
بِنَفْسِهِ دُونَ الْبُضْعِ: ","وَأَمَّا لَوْ كَانَ الصِّيَالُ عَلَى حَرَمِهِ فَقَضِيَّةُ الْبِنَاءِ عَلَى وُجُوبِ الدَّفْعِ أَنَّهُ لَا يَلْزَمُهُ الْهَرَبُ وَيَدَعُهُمْ، بَلْ يَلْزَمُهُ الثَّبَاتُ إِذَا أَمِنَ عَلَى نَفْسِهِ وَإِنْ أَمْكَنَهُ الْهَرَبُ بِهِمْ فَكَالْهَرَبِ وَالتَّحَصُّنِ بِنَفْسِهِ وَأَوْلَى الْوُجُوبُ انْتَهَتْ، فَهُمَا مَسْأَلَتَانِ: الْأُولَى: مَا إِذَا أَمْكَنَهُ الْهَرَبُ (39/242)
بِنَفْسِهِ دُونَ الْبُضْعِ:"
"وتقبل فيما سوى ذلك. (12/353)
في كفالة الأخرس قلت: هل تجوز كفالة الأخرس في قول مالك أم لا؟ قال: لا أقوم على حفظ قول مالك، إلا أن الذي بلغنا عن مالك أنه قال: ما أثبتت البينة أن الأخرس قد فهمه من طلاقه وشرائه، إن ذلك جائز عليه، وكذلك مسألتك. (12/354)
في الرجل يقر في مرضه بالكفالة لوارث أو غير وارث قلت: ","وَتُقْبَلُ فِيمَا سِوَى ذَلِكَ. (12/353)
فِي كَفَالَةِ الْأَخْرَسِ قُلْتُ: هَلْ تَجُوزُ كَفَالَةُ الْأَخْرَسِ فِي قَوْلِ مَالِكٍ أَمْ لَا؟ قَالَ: لَا أَقُومُ عَلَى حِفْظِ قَوْلِ مَالِكٍ، إِلَّا أَنَّ الَّذِي بَلَغَنَا عَنْ مَالِكٍ أَنَّهُ قَالَ: مَا أَثْبَتَتِ الْبَيِّنَةُ أَنَّ الْأَخْرَسَ قَدْ فَهِمَهُ مِنْ طَلَاقِهِ وَشِرَائِهِ، إِنَّ ذَلِكَ جَائِزٌ عَلَيْهِ، وَكَذَلِكَ مَسْأَلَتُكَ. (12/354)
فِي الرَّجُلِ يُقِرُّ فِي مَرَضِهِ بِالْكَفَالَةِ لِوَارِثٍ أَوْ غَيْرِ وَارِثٍ قُلْتُ: ","وَتُقْبَلُ فِيمَا سِوَى ذَلِكَ. (12/353)
فِي كَفَالَةِ الْأَخْرَسِ قُلْتُ: هَلْ تَجُوزُ كَفَالَةُ الْأَخْرَسِ فِي قَوْلِ مَالِكٍ أَمْ لَا؟ قَالَ: لَا أَقُومُ عَلَى حِفْظِ قَوْلِ مَالِكٍ، إِلَّا أَنَّ الَّذِي بَلَغَنَا عَنْ مَالِكٍ أَنَّهُ قَالَ: مَا أَثْبَتَتِ الْبَيِّنَةُ أَنَّ الْأَخْرَسَ قَدْ فَهِمَهُ مِنْ طَلَاقِهِ وَشِرَائِهِ، إِنَّ ذَلِكَ جَائِزٌ عَلَيْهِ، وَكَذَلِكَ مَسْأَلَتُك. (12/354)
فِي الرَّجُلِ يُقِرُّ فِي مَرَضِهِ بِالْكَفَالَةِ لِوَارِثٍ أَوْ غَيْرِ وَارِثٍ قُلْتُ:"
"وهو المراد في مثل هذه الحالة، وعلى هذا الاعتبار يجب اللعان دون الحد على المرأة لوجود القذف منه وعدمه منها فجاء ما قلنا.
الشرح
(7/288)
(ومن قال لامرأته يا زانية فقالت لا بل أنت) على ما ذكره في الكتاب ظاهر (قوله لأن المحدود في القذف ليس بأهل للعان) ","وَهُوَ الْمُرَادُ فِي مِثْلِ هَذِهِ الْحَالَةِ، وَعَلَى هَذَا الِاعْتِبَارِ يَجِبُ اللِّعَانُ دُونَ الْحَدِّ عَلَى الْمَرْأَةِ لِوُجُودِ الْقَذْفِ مِنْهُ وَعَدَمِهِ مِنْهَا فَجَاءَ مَا قُلْنَا.
الشَّرْحُ
(7/288)
(وَمَنْ قَالَ لِامْرَأَتِهِ يَا زَانِيَةُ فَقَالَتْ لَا بَلْ أَنْتَ) عَلَى مَا ذَكَرَهُ فِي الْكِتَابِ ظَاهِرٌ (قَوْلُهُ لِأَنَّ الْمَحْدُودَ فِي الْقَذْفِ لَيْسَ بِأَهْلٍ لِلِّعَانِ) ","وَهُوَ الْمُرَادُ فِي مِثْلِ هَذِهِ الْحَالَةِ، وَعَلَى هَذَا الِاعْتِبَارِ يَجِبُ اللِّعَانُ دُونَ الْحَدِّ عَلَى الْمَرْأَةِ لِوُجُودِ الْقَذْفِ مِنْهُ وَعَدَمِهِ مِنْهَا فَجَاءَ مَا قُلْنَا.
الشَّرْحُ
(7/288)
(وَمَنْ قَالَ لِامْرَأَتِهِ يَا زَانِيَةُ فَقَالَتْ لَا بَلْ أَنْتِ) عَلَى مَا ذَكَرَهُ فِي الْكِتَابِ ظَاهِرٌ (قَوْلُهُ لِأَنَّ الْمَحْدُودَ فِي الْقَذْفِ لَيْسَ بِأَهْلٍ لِلِّعَانِ)"
لكن إن كانت التي مع الرأس في صورة التفاوت أقل حلا بلا خلاف، فإن ذلك يجري مجرى الذكاة، وإن كان العكس حلا أيضا خلافا لأبي حنيفة وهو إحدى الروايتين عن أحمد واحتج الأصحاب عليه بالقياس على ما سلمه (ولو أبان منه) أي الصيد (عضوا) كيده (بجرح مذفف) أي مسرع للقتل فمات في الحال (حل العضو والبدن) ,لَكِنْ إِنْ كَانَتِ الَّتِي مَعَ الرَّأْسِ فِي صُورَةِ التَّفَاوُتِ أَقَلَّ حَلَّا بِلَا خِلَافٍ، فَإِنَّ ذَلِكَ يَجْرِي مَجْرَى الذَّكَاةِ، وَإِنْ كَانَ الْعَكْسُ حَلَّا أَيْضًا خِلَافًا لِأَبِي حَنِيفَةَ وَهُوَ إِحْدَى الرِّوَايَتَيْنِ عَنْ أَحْمَدَ وَاحْتَجَّ الْأَصْحَابُ عَلَيْهِ بِالْقِيَاسِ عَلَى مَا سَلَّمَهُ (وَلَوْ أَبَانَ مِنْهُ) أَيِ الصَّيْدِ (عُضْوًا) كَيَدِهِ (بِجُرْحٍ مُذَفِّفٍ) أَيْ مُسْرِعٍ لِلْقَتْلِ فَمَاتَ فِي الْحَالِ (حَلَّ الْعُضْوُ وَالْبَدَنُ) ,لَكِنْ إِنْ كَانَتِ الَّتِي مَعَ الرَّأْسِ فِي صُورَةِ التَّفَاوُتِ أَقَلَّ حِلًّا بِلَا خِلَافٍ، فَإِنَّ ذَلِكَ يَجْرِي مَجْرَى الذَّكَاةِ، وَإِنْ كَانَ الْعَكْسُ حِلًّا أَيْضًا خِلَافًا لِأَبِي حَنِيفَةَ وَهُوَ إِحْدَى الرِّوَايَتَيْنِ عَنْ أَحْمَدَ وَاحْتَجَّ الْأَصْحَابُ عَلَيْهِ بِالْقِيَاسِ عَلَى مَا سَلَّمَهُ (وَلَوْ أَبَانَ مِنْهُ) أَيِ الصَّيْدِ (عُضْوًا) كَيَدِهِ (بِجُرْحٍ مُذَفَّفٍ) أَيْ مُسْرِعٍ لِلْقَتْلِ فَمَاتَ فِي الْحَالِ (حَلَّ الْعُضْوُ وَالْبَدَنُ)
"في الانتهاء كما دل عليه كلام أصله (كمستنقعه) فيكون نقله من وظيفة المالك (أو كالكناسة) (12/182)
فيكون من وظيفة المستأجر (وجهان) ","فِي الِانْتِهَاءِ كَمَا دَلَّ عَلَيْهِ كَلَامُ أَصْلِهِ (كَمُسْتَنْقَعِهِ) فَيَكُونَ نَقْلُهُ مِنْ وَظِيفَةِ الْمَالِكِ (أَوْ كَالْكُنَاسَةِ) (12/182)
فَيَكُونَ مِنْ وَظِيفَةِ الْمُسْتَأْجِرِ (وَجْهَانِ) ","فِي الِانْتِهَاءِ كَمَا دَلَّ عَلَيْهِ كَلَامُ أَصْلِهِ (كَمُسْتَنْقِعِهِ) فَيَكُونُ نَقْلُهُ مِنْ وَظِيفَةِ الْمَالِكِ (أَوْ كَالْكُنَاسَةِ) (12/182)
فَيَكُونُ مِنْ وَظِيفَةِ الْمُسْتَأْجِرِ (وَجْهَانِ)"
"كما لا يعتد بمضي أمثال قدر العدة قبل زوال النكاح بخلافهما ولهذا لو أتت بعد استبرائها، بولد لستة أشهر فصاعدا لحق السيد بخلافهما سم بالمعنى.
قوله: (المتقدم فيها) أي من كون الاستبراء بحيضة أو شهر أو وضع الحمل.
قوله: (لم يلزمها استبراء) أي بالنسبة للتزويج بخلافه لحل الوارث، ","كَمَا لَا يُعْتَدُّ بِمُضِيِّ أَمْثَالِ قَدْرِ الْعِدَّةِ قَبْلَ زَوَالِ النِّكَاحِ بِخِلَافِهِمَا وَلِهَذَا لَوْ أَتَتْ بَعْدَ اسْتِبْرَائِهَا، بِوَلَدٍ لِسِتَّةِ أَشْهُرٍ فَصَاعِدًا لِحَقِّ السَّيِّدِ بِخِلَافِهِمَا سم بِالْمَعْنَى.
قَوْلُهُ: (الْمُتَقَدِّمِ فِيهَا) أَيْ مِنْ كَوْنِ الِاسْتِبْرَاءِ بِحَيْضَةٍ أَوْ شَهْرٍ أَوْ وَضْعِ الْحَمْلِ.
قَوْلُهُ: (لَمْ يَلْزَمْهَا اسْتِبْرَاءٌ) أَيْ بِالنِّسْبَةِ لِلتَّزْوِيجِ بِخِلَافِهِ لِحِلِّ الْوَارِثِ، ","كَمَا لَا يُعْتَدُّ بِمُضِيِّ أَمْثَالِ قَدْرِ الْعِدَّةِ قَبْلَ زَوَالِ النِّكَاحِ بِخِلَافِهِمَا وَلِهَذَا لَوْ أَتَتْ بَعْدَ اسْتِبْرَائِهَا، بِوَلَدٍ لِسِتَّةِ أَشْهُرٍ فَصَاعِدًا لِحَقِّ السَّيِّدِ بِخِلَافِهِمَا سم بِالْمَعْنَى.
قَوْلُهُ: (الْمُتَقَدِّمُ فِيهَا) أَيْ مِنْ كَوْنِ الِاسْتِبْرَاءِ بِحَيْضَةٍ أَوْ شَهْرٍ أَوْ وَضْعِ الْحَمْلِ.
قَوْلُهُ: (لَمْ يَلْزَمْهَا اسْتِبْرَاءٌ) أَيْ بِالنِّسْبَةِ لِلتَّزْوِيجِ بِخِلَافِهِ لِحِلِّ الْوَارِثِ،"
"وبالفرق بعد التسليم بأنه إذا قال ابتداء أقلتك العقد في هذا العبد بألف درهم ولم يكن بينهما عقد أصلا تعذر تصحيحها بيعا لأن الإقالة إنما أضيفت إلى ما لا وجود له فتبطل في مخرجها، وما نحن فيه ليس كذلك لأنها أضيفت إلى (9/231)
ما له وجود: ","وَبِالْفَرْقِ بَعْدَ التَّسْلِيمِ بِأَنَّهُ إِذَا قَالَ ابْتِدَاءً أَقَلْتُك الْعَقْدَ فِي هَذَا الْعَبْدِ بِأَلْفِ دِرْهَمٍ وَلَمْ يَكُنْ بَيْنَهُمَا عَقْدٌ أَصْلًا تَعَذَّرَ تَصْحِيحُهَا بَيْعًا لِأَنَّ الْإِقَالَةَ إِنَّمَا أُضِيفَتْ إِلَى مَا لَا وُجُودَ لَهُ فَتَبْطُلُ فِي مَخْرَجِهَا، وَمَا نَحْنُ فِيهِ لَيْسَ كَذَلِكَ لِأَنَّهَا أُضِيفَتْ إِلَى (9/231)
مَا لَهُ وُجُودٌ: ","وَبِالْفَرْقِ بَعْدَ التَّسْلِيمِ بِأَنَّهُ إِذَا قَالَ ابْتِدَاءً أَقَلْتُكَ الْعَقْدَ فِي هَذَا الْعَبْدِ بِأَلْفِ دِرْهَمٍ وَلَمْ يَكُنْ بَيْنَهُمَا عَقْدٌ أَصْلًا تَعَذَّرَ تَصْحِيحُهَا بَيْعًا لِأَنَّ الْإِقَالَةَ إِنَّمَا أُضِيفَتْ إِلَى مَا لَا وُجُودَ لَهُ فَتَبْطُلُ فِي مَخْرَجِهَا، وَمَا نَحْنُ فِيهِ لَيْسَ كَذَلِكَ لِأَنَّهَا أُضِيفَتْ إِلَى (9/231)
مَا لَهُ وُجُودٌ:"
"عبارة الروض فإن لم تكن بينة أو تعارضتا وأسقطناهما فالقائف فأفهم قول وأسقطناهما أنهما قد لا يسقطان فانظر صورته مع ما في الهامش عن شرح المنهج والروض أنه لا ترجيح في المؤرختين بتاريخين مختلفتين إلا أن يصور بأن تشهد إحداهما بأنه ولد على فراشه من سنتين والأخرى بأنه ولد على فراش الآخر من سنة.
(قوله: ","عِبَارَةُ الرَّوْضِ فَإِنْ لَمْ تَكُنْ بَيِّنَةٌ أَوْ تَعَارَضَتَا وَأَسْقَطْنَاهُمَا فَالْقَائِفُ فَأَفْهَمَ قَوْلُ وَأَسْقَطْنَاهُمَا أَنَّهُمَا قَدْ لَا يَسْقُطَانِ فَانْظُرْ صُورَتَهُ مَعَ مَا فِي الْهَامِشِ عَنْ شَرْحِ الْمَنْهَجِ وَالرَّوْضِ أَنَّهُ لَا تَرْجِيحَ فِي الْمُؤَرَّخَتَيْنِ بِتَارِيخَيْنِ مُخْتَلِفَتَيْنِ إِلَّا أَنْ يُصَوَّرَ بِأَنْ تَشْهَدَ إِحْدَاهُمَا بِأَنَّهُ وُلِدَ عَلَى فِرَاشِهِ مِنْ سَنَتَيْنِ وَالْأُخْرَى بِأَنَّهُ وُلِدَ عَلَى فِرَاشِ الْآخَرِ مِنْ سَنَةٍ.
(قَوْلُهُ: ","عِبَارَةُ الرَّوْضِ فَإِنْ لَمْ تَكُنْ بَيِّنَةٌ أَوْ تَعَارَضَتَا وَأَسْقَطْنَاهُمَا فَالْقَائِفُ فَأَفْهَمَ قَوْلُ وَأَسْقَطْنَاهُمَا أَنَّهُمَا قَدْ لَا يَسْقُطَانِ فَانْظُرْ صُورَتَهُ مَعَ مَا فِي الْهَامِشِ عَنْ شَرْحِ الْمَنْهَجِ وَالرَّوْضِ أَنَّهُ لَا تَرْجِيحَ فِي الْمُؤَرَّخَتَيْنِ بِتَارِيخَيْنِ مُخْتَلِفَتَيْنِ إِلَّا أَنْ يُصَوَّرَ بِأَنْ تَشْهَدَ إِحْدَاهُمَا بِأَنَّهُ وُلِدَ عَلَى فِرَاشِهِ مِنْ سَنَتَيْنِ وَالْأُخْرَى بِأَنَّهُ وُلِدَ عَلَى فِرَاشِ الْآخَرِ مِنْ سَنَةٍ.
(قَوْلُهُ:"
وما في العتابية من الاكتفاء بسكوت العبد عند البيع في رجوع المشتري عليه فهو مخالف لما في سائر الكتب وإن غلط فيه بعض من تصدر للإفتاء بدار السلطنة العلية وأفتى بخلافه كما أفاده الأنقروي في منهوات فتاويه وأفاد بقوله: اشترني أنه لو قال له أجنبي اشتره فإنه عبد فلا رجوع بحال كما في جامع الفصولين وغيره (قوله لزيد) ,وَمَا فِي الْعَتَّابِيَّةِ مِنَ الِاكْتِفَاءِ بِسُكُوتِ الْعَبْدِ عِنْدَ الْبَيْعِ فِي رُجُوعِ الْمُشْتَرِي عَلَيْهِ فَهُوَ مُخَالِفٌ لِمَا فِي سَائِرِ الْكُتُبِ وَإِنْ غَلِطَ فِيهِ بَعْضُ مَنْ تَصَدَّرَ لِلْإِفْتَاءِ بِدَارِ السَّلْطَنَةِ الْعَلِيَّةِ وَأَفْتَى بِخِلَافِهِ كَمَا أَفَادَهُ الْأَنْقِرَوِيُّ فِي مُنْهَوَاتِ فَتَاوِيهِ وَأَفَادَ بِقَوْلِهِ: اشْتَرِنِي أَنَّهُ لَوْ قَالَ لَهُ أَجْنَبِيٌّ اشْتَرِهِ فَإِنَّهُ عَبْدٌ فَلَا رُجُوعَ بِحَالٍ كَمَا فِي جَامِعِ الْفُصُولَيْنِ وَغَيْرِهِ (قَوْلُهُ لِزَيْدٍ) ,وَمَا فِي الْعَتَّابِيَّةِ مِنَ الِاكْتِفَاءِ بِسُكُوتِ الْعَبْدِ عِنْدَ الْبَيْعِ فِي رُجُوعِ الْمُشْتَرِي عَلَيْهِ فَهُوَ مُخَالِفٌ لِمَا فِي سَائِرِ الْكُتُبِ وَإِنْ غَلِطَ فِيهِ بَعْضُ مَنْ تَصَدَّرَ لِلْإِفْتَاءِ بِدَارِ السَّلْطَنَةِ الْعَلِيَّةِ وَأَفْتَى بِخِلَافِهِ كَمَا أَفَادَهُ الْأَنْقِرْوِيُّ فِي مُنْهُوَاتِ فَتَاوِيهِ وَأَفَادَ بِقَوْلِهِ: اشْتَرِنِي أَنَّهُ لَوْ قَالَ لَهُ أَجْنَبِيٌّ اشْتَرِهِ فَإِنَّهُ عَبْدٌ فَلَا رُجُوعَ بِحَالٍ كَمَا فِي جَامِعِ الْفُصُولَيْنِ وَغَيْرِهِ (قَوْلُهُ لِزَيْدٍ)
"يلزم تزكية وتعديل شهود الفرع والأصل سرا وعلنا فلذلك لو حكم القاضي بشهادتهم بدون أن يزكيهم فلا ينفذ حكمه (علي أفندي وشرح الزيلعي) .
الخاتمة صورة إعلام بثبوت دين بناء على الشهادة على الشهادة 18 - إن الشيخ محمد أفندي عواد من أهالي قرية الفالوجي التابعة قضاء غزة قدم دعواه في محضر السيد محمود أفندي أبي بكر وادعى عليه وقرر دعواه قائلا: ","يَلْزَمُ تَزْكِيَةُ وَتَعْدِيلُ شُهُودِ الْفَرْعِ وَالْأَصْلِ سِرًّا وَعَلَنًا فَلِذَلِكَ لَوْ حَكَمَ الْقَاضِي بِشَهَادَتِهِمْ بِدُونِ أَنْ يُزَكِّيَهُمْ فَلَا يَنْفُذُ حُكْمُهُ (عَلِيٌّ أَفَنْدِي وَشَرْحُ الزَّيْلَعِيّ) .
الْخَاتِمَةُ صُورَةُ إِعْلَامٍ بِثُبُوتِ دِينٍ بِنَاءً عَلَى الشَّهَادَةِ عَلَى الشَّهَادَةِ 18 - إِنَّ الشَّيْخَ مُحَمَّدْ أَفَنْدِي عَوَّادْ مِنْ أَهَالِي قَرْيَةِ الْفَالُوجِيِّ التَّابِعَةِ قَضَاءَ غَزَّةَ قَدَّمَ دَعْوَاهُ فِي مَحْضَرِ السَّيِّدِ مَحْمُودْ أَفَنْدِي أَبِي بَكْرٍ وَادَّعَى عَلَيْهِ وَقَرَّرَ دَعْوَاهُ قَائِلًا: ","يَلْزَمُ تَزْكِيَةُ وَتَعْدِيلُ شُهُودِ الْفَرْعِ وَالْأَصْلِ سِرًّا وَعَلَنًا فَلِذَلِكَ لَوْ حَكَمَ الْقَاضِي بِشَهَادَتِهِمْ بِدُونِ أَنْ يُزَكِّيَهُمْ فَلَا يَنْفُذُ حُكْمُهُ (عَلِيٌّ أَفَنْدِي وَشَرْحُ الزَّيْلَعِيِّ) .
الْخَاتِمَةُ صُورَةُ إِعْلَامٍ بِثُبُوتِ دَيْنٍ بِنَاءً عَلَى الشَّهَادَةِ عَلَى الشَّهَادَةِ 18 - إِنَّ الشَّيْخَ مُحَمَّدَ أَفَنْدِي عَوَّادٍ مِنْ أَهَالِي قَرْيَةِ الْفَالُوجِيِّ التَّابِعَةِ قَضَاءَ غَزَّةَ قَدَّمَ دَعْوَاهُ فِي مَحْضَرِ السَّيِّدِ مَحْمُودٍ أَفَنْدِي أَبِي بَكْرٍ وَادَّعَى عَلَيْهِ وَقَرَّرَ دَعْوَاهُ قَائِلًا:"
"وقوله أو قدرة إلخ يشير به إلى أن شبه العمد يدخل الفعل فيه بحسب اسم الكبيرة لقدرته على الفعل بخلاف الخطأ فإنه لم يفعله باختياره.
وكذلك ما سقط القصاص فيه للشبهة كبيرة، وإنما سقط القصاص لمانع.
وقد قال الهروي قبل ذلك: ","وَقَوْلُهُ أَوْ قُدْرَةً إِلَخْ يُشِيرُ بِهِ إِلَى أَنَّ شِبْهَ الْعَمْدِ يَدْخُلُ الْفِعْلُ فِيهِ بِحَسَبِ اسْمِ الْكَبِيرَةِ لِقُدْرَتِهِ عَلَى الْفِعْلِ بِخِلَافِ الْخَطَأِ فَإِنَّهُ لَمْ يَفْعَلْهُ بِاخْتِيَارِهِ.
وَكَذَلِكَ مَا سَقَطَ الْقِصَاصُ فِيهِ لِلشُّبْهَةِ كَبِيرَةٌ، وَإِنَّمَا سَقَطَ الْقِصَاصُ لِمَانِعٍ.
وَقَدْ قَالَ الْهَرَوِيُّ قَبْلَ ذَلِكَ: ","وَقَوْلُهُ أَوْ قُدْرَةٍ إِلَخْ يُشِيرُ بِهِ إِلَى أَنَّ شَبَهَ الْعَمْدِ يُدْخِلُ الْفِعْلَ فِيهِ بِحَسَبِ اسْمِ الْكَبِيرَةِ لِقُدْرَتِهِ عَلَى الْفِعْلِ بِخِلَافِ الْخَطَأِ فَإِنَّهُ لَمْ يَفْعَلْهُ بِاخْتِيَارِهِ.
وَكَذَلِكَ مَا سَقَطَ الْقِصَاصُ فِيهِ لِلشُّبْهَةِ كَبِيرَةٌ، وَإِنَّمَا سَقَطَ الْقِصَاصُ لِمَانِعٍ.
وَقَدْ قَالَ الْهَرَوِيُّ قَبْلَ ذَلِكَ:"
"لأنه إذا وجب الانتظار له إلى أن يجيء ويفرغ من شفعته مع بعد زمان الانتظار فلأن يجب الانتظار له إلى فراغه من شفعته عند حضوره أولى لحصول الانفصال بينهما في زمان قليل تأمل تفهم.
(قوله وقال الشافعي: لا شفعة بالجوار لقوله عليه الصلاة والسلام {الشفعة فيما لم يقسم، فإن وقعت الحدود وصرفت الطرق فلا شفعة} ) ","لِأَنَّهُ إِذَا وَجَبَ الِانْتِظَارُ لَهُ إِلَى أَنْ يَجِيءَ وَيَفْرُغَ مِنْ شُفْعَتِهِ مَعَ بُعْدِ زَمَانِ الِانْتِظَارِ فَلَأَنْ يَجِبَ الِانْتِظَارُ لَهُ إِلَى فَرَاغِهِ مِنْ شُفْعَتِهِ عِنْدَ حُضُورِهِ أَوْلَى لِحُصُولِ الِانْفِصَالِ بَيْنَهُمَا فِي زَمَانٍ قَلِيلٍ تَأَمَّلْ تَفْهَمْ.
(قَوْلُهُ وَقَالَ الشَّافِعِيُّ: لَا شُفْعَةَ بِالْجِوَارِ لِقَوْلِهِ عَلَيْهِ الصَّلَاةُ وَالسَّلَامُ {الشُّفْعَةُ فِيمَا لَمْ يُقْسَمْ، فَإِنْ وَقَعَتِ الْحُدُودُ وَصُرِفَتِ الطُّرُقُ فَلَا شُفْعَةَ} ) ","لِأَنَّهُ إِذَا وَجَبَ الِانْتِظَارُ لَهُ إِلَى أَنْ يَجِيءَ وَيَفْرُغَ مِنْ شُفْعَتِهِ مَعَ بُعْدِ زَمَانِ الِانْتِظَارِ فَلَأَنْ يَجِبَ الِانْتِظَارُ لَهُ إِلَى فَرَاغِهِ مِنْ شُفْعَتِهِ عِنْدَ حُضُورِهِ أَوْلَى لِحُصُولِ الِانْفِصَالِ بَيْنَهُمَا فِي زَمَانٍ قَلِيلٍ تَأَمَّلْ تَفْهَمْ.
(قَوْلُهُ وَقَالَ الشَّافِعِيُّ: لَا شُفْعَةَ بِالْجِوَارِ لِقَوْلِهِ عَلَيْهِ الصَّلَاةُ وَالسَّلَامُ {الشُّفْعَةُ فِيمَا لَمْ يُقْسَمْ، فَإِنْ وَقَعَتِ الْحُدُودُ وَصُرِفَتِ الطُّرُقُ فَلَا شُفْعَةَ} )"
"كذا مخصص (جار) ومجرور (نحو على أنه وبشرط أنه ونحوه) كقوله: لكن إن كان كذا فكذا (فلو تعقب) الشرط ونحوه (جملا عاد إلى الكل) لعدم المخصص له بإحداها.
قال في القواعد الأصولية فعود الصفة للكل لا فرق بين أن تكون متقدمة أو متأخرة.
قال بعض المتأخرين أو متوسطة والمختار رجوعها إلى ما وليته (7/165)
(","كَذَا مُخَصِّصٌ (جَارٌّ) وَمَجْرُورٌ (نَحْوُ عَلَى أَنَّهُ وَبِشَرْطِ أَنَّهُ وَنَحْوُهُ) كَقَوْلِهِ: لَكِنْ إِنْ كَانَ كَذَا فَكَذَا (فَلَوْ تَعَقَّبَ) الشَّرْطُ وَنَحْوَهُ (جُمَلًا عَادَ إِلَى الْكُلِّ) لِعَدَمِ الْمُخَصِّصِ لَهُ بِإِحْدَاهَا.
قَالَ فِي الْقَوَاعِدِ الْأُصُولِيَّةِ فَعَوْدُ الصِّفَةِ لِلْكُلِّ لَا فَرْقَ بَيْنَ أَنْ تَكُونَ مُتَقَدِّمَةً أَوْ مُتَأَخِّرَةً.
قَالَ بَعْضُ الْمُتَأَخِّرِينَ أَوْ مُتَوَسِّطَةً وَالْمُخْتَارُ رُجُوعُهَا إِلَى مَا وَلِيَتْهُ (7/165)
(","كَذَا مُخَصَّصٌ (جَارٌّ) وَمَجْرُورٌ (نَحْوُ عَلَى أَنَّهُ وَبِشَرْطِ أَنَّهُ وَنَحْوِهِ) كَقَوْلِهِ: لَكِنْ إِنْ كَانَ كَذَا فَكَذَا (فَلَوْ تَعَقَّبَ) الشَّرْطُ وَنَحْوُهُ (جُمَلًا عَادَ إِلَى الْكُلِّ) لِعَدَمِ الْمُخَصَّصِ لَهُ بِإِحْدَاهَا.
قَالَ فِي الْقَوَاعِدِ الْأُصُولِيَّةِ فَعَوْدُ الصِّفَةِ لِلْكُلِّ لَا فَرْقَ بَيْنَ أَنْ تَكُونَ مُتَقَدِّمَةً أَوْ مُتَأَخِّرَةً.
قَالَ بَعْضُ الْمُتَأَخِّرِينَ أَوْ مُتَوَسِّطَةً وَالْمُخْتَارُ رُجُوعُهَا إِلَى مَا وَلِيَتْهُ (7/165)
("
وإن وجد فيه تعيينه وعلم المرتهن بإسلامه عجل الحق عند بعض القرويين ولم يعجل عند ابن محرز وإن وجد فيه عدم تعيينه وعدم علمه بإسلامه فإنه يعجل الحق عند ابن محرز ويأتي برهن ثقة عند بعض القرويين فالصور أربع: ,وَإِنْ وَجَدَ فِيهِ تَعْيِينَهُ وَعَلِمَ الْمُرْتَهِنُ بِإِسْلَامِهِ عَجَّلَ الْحَقَّ عِنْدَ بَعْضِ الْقَرَوِيِّينَ وَلَمْ يُعَجِّلْ عِنْدَ ابْنِ مُحْرِزٍ وَإِنْ وُجِدَ فِيهِ عَدَمُ تَعْيِينِهِ وَعَدَمُ عِلْمِهِ بِإِسْلَامِهِ فَإِنَّهُ يُعَجِّلُ الْحَقَّ عِنْدَ ابْنِ مُحْرِزٍ وَيَأْتِي بِرَهْنٍ ثِقَةٍ عِنْدَ بَعْضِ الْقَرَوِيِّينَ فَالصُّوَرُ أَرْبَعٌ: ,وَإِنْ وُجِدَ فِيهِ تَعْيِينُهُ وَعَلِمَ الْمُرْتَهِنُ بِإِسْلَامِهِ عُجِّلَ الْحَقُّ عِنْدَ بَعْضِ الْقَرَوِيِّينَ وَلَمْ يُعَجَّلْ عِنْدَ ابْنِ مُحْرِزٍ وَإِنْ وُجِدَ فِيهِ عَدَمُ تَعْيِينِهِ وَعَدَمُ عِلْمِهِ بِإِسْلَامِهِ فَإِنَّهُ يُعَجَّلُ الْحَقُّ عِنْدَ ابْنِ مُحْرِزٍ وَيَأْتِي بِرَهْنٍ ثِقَةٍ عِنْدَ بَعْضِ الْقَرَوِيِّينَ فَالصُّوَرُ أَرْبَعٌ:
وأما الماشي فتبطل صلاته إن وطئ نجاسة عمدا ولو يابسة وإن لم يجد عنها معدلا كما جزم به ابن المقري واقتضاه كلام التحقيق بخلاف وطئها ناسيا وهي يابسة للجهل بها مع مفارقتها حالا فأشبهت ما لو وقعت عليه فنحاها حالا فإن كانت معفوا عنها كذرق طيور عمت بها البلوى ولا رطوبة، ,وَأَمَّا الْمَاشِي فَتَبْطُلُ صَلَاتُهُ إِنْ وَطِئَ نَجَاسَةً عَمْدًا وَلَوْ يَابِسَةً وَإِنْ لَمْ يَجِدْ عَنْهَا مَعْدِلًا كَمَا جَزَمَ بِهِ ابْنُ الْمُقْرِي وَاقْتَضَاهُ كَلَامُ التَّحْقِيقِ بِخِلَافِ وَطْئِهَا نَاسِيًا وَهِيَ يَابِسَةٌ لِلْجَهْلِ بِهَا مَعَ مُفَارَقَتِهَا حَالًا فَأَشْبَهَتْ مَا لَوْ وَقَعَتْ عَلَيْهِ فَنَحَّاهَا حَالًا فَإِنْ كَانَتْ مَعْفُوًّا عَنْهَا كَذَرْقِ طُيُورٍ عَمَّتْ بِهَا الْبَلْوَى وَلَا رُطُوبَةَ، ,وَأَمَّا الْمَاشِي فَتَبْطُلُ صَلَاتُهُ إِنْ وَطِئَ نَجَاسَةً عَمْدًا وَلَوْ يَابِسَةً وَإِنْ لَمْ يَجِدْ عَنْهَا مَعْدِلًا كَمَا جَزَمَ بِهِ ابْنُ الْمُقْرِي وَاقْتَضَاهُ كَلَامُ التَّحْقِيقِ بِخِلَافِ وَطْئِهَا نَاسِيًا وَهِيَ يَابِسَةٌ لِلْجَهْلِ بِهَا مَعَ مُفَارَقَتِهَا حَالًا فَأَشْبَهَتْ مَا لَوْ وَقَعَتْ عَلَيْهِ فَنَحَّاهَا حَالًا فَإِنْ كَانَتْ مَعْفُوًّا عَنْهَا كَذَرْقِ طُيُورٍ عَمَّتْ بِهَا الْبَلْوَى وَلَا رُطُوبَةَ،
"أخرى وقطع الأديم وفي أخرى والأكتاف وفي أخرى والأضلاع وفي أخرى والأقتاب.
والرقاع جمع رقعة وقد تكون من جلد أو رق أو كاغد، والأكتاف جمع كتف وهو العظم الذي للبعير أو الشاة كانوا إذا جف كتبوا عليه والأقتاب جمع قتب وهو الخشب الذي يوضع على ظهر البعير ليركب عليه ذكره السيوطي في الإتقان.
(","أُخْرَى وَقِطَعُ الْأَدِيمِ وَفِي أُخْرَى وَالْأَكْتَافُ وَفِي أُخْرَى وَالْأَضْلَاعُ وَفِي أُخْرَى وَالْأَقْتَابُ.
وَالرِّقَاعُ جَمْعُ رُقْعَةٍ وَقَدْ تَكُونُ مِنْ جِلْدٍ أَوْ رَقٍّ أَوْ كَاغِدٍ، وَالْأَكْتَافُ جَمْعُ كَتِفٍ وَهُوَ الْعَظْمُ الَّذِي لِلْبَعِيرِ أَوِ الشَّاةِ كَانُوا إِذَا جَفَّ كَتَبُوا عَلَيْهِ وَالْأَقْتَابُ جَمْعُ قَتَبٍ وَهُوَ الْخَشَبُ الَّذِي يُوضَعُ عَلَى ظَهْرِ الْبَعِيرِ لِيَرْكَبَ عَلَيْهِ ذَكَرَهُ السُّيُوطِيّ فِي الْإِتْقَانِ.
(","أُخْرَى وَقِطَعُ الْأَدِيمِ وَفِي أُخْرَى وَالْأَكْتَافِ وَفِي أُخْرَى وَالْأَضْلَاعِ وَفِي أُخْرَى وَالْأَقْتَابِ.
وَالرِّقَاعُ جَمْعُ رُقْعَةٍ وَقَدْ تَكُونُ مِنْ جِلْدٍ أَوْ رِقٍّ أَوْ كَاغِدٍ، وَالْأَكْتَافُ جَمْعُ كَتِفٍ وَهُوَ الْعَظْمُ الَّذِي لِلْبَعِيرِ أَوِ الشَّاةِ كَانُوا إِذَا جَفَّ كَتَبُوا عَلَيْهِ وَالْأَقْتَابُ جَمْعُ قَتَبٍ وَهُوَ الْخَشَبُ الَّذِي يُوضَعُ عَلَى ظَهْرِ الْبَعِيرِ لِيَرْكَبَ عَلَيْهِ ذَكَرَهُ السُّيُوطِيّ فِي الْإِتْقَانِ.
("
وذكر في السير الكبير أن المسلم إذا أراد أن يحمل على جمع من المشركين، وهو يعلم أنه لا ينكي فيهم، وأنه يقتل لم يسعه ذلك؛ لأنه يكون ملقيا نفسه في التهلكة من غير، فائدة، ولو أراد أن يمنع قوما من، فسقة المسلمين عن منكر اجتمعوا عليه، وهو يعلم أنهم لا يمتنعون بسببه، ,وَذَكَرَ فِي السِّيَرِ الْكَبِيرِ أَنَّ الْمُسْلِمَ إِذَا أَرَادَ أَنْ يَحْمِلَ عَلَى جَمْعٍ مِنَ الْمُشْرِكِينَ، وَهُوَ يَعْلَمُ أَنَّهُ لَا يَنْكِي فِيهِمْ، وَأَنَّهُ يُقْتَلُ لَمْ يَسَعْهُ ذَلِكَ؛ لِأَنَّهُ يَكُونُ مُلْقِيًا نَفْسَهُ فِي التَّهْلُكَةِ مِنْ غَيْرِ، فَائِدَةٍ، وَلَوْ أَرَادَ أَنْ يَمْنَعَ قَوْمًا مِنْ، فَسَقَةِ الْمُسْلِمِينَ عَنْ مُنْكِرٍ اجْتَمَعُوا عَلَيْهِ، وَهُوَ يَعْلَمُ أَنَّهُمْ لَا يَمْتَنِعُونَ بِسَبَبِهِ، ,وَذَكَرَ فِي السِّيَرِ الْكَبِيرِ أَنَّ الْمُسْلِمَ إِذَا أَرَادَ أَنْ يَحْمِلَ عَلَى جَمْعٍ مِنَ الْمُشْرِكِينَ، وَهُوَ يَعْلَمُ أَنَّهُ لَا يَنْكِي فِيهِمْ، وَأَنَّهُ يُقْتَلُ لَمْ يَسَعْهُ ذَلِكَ؛ لِأَنَّهُ يَكُونُ مُلْقِيًا نَفْسَهُ فِي التَّهْلُكَةِ مِنْ غَيْرِ، فَائِدَةٍ، وَلَوْ أَرَادَ أَنْ يَمْنَعَ قَوْمًا مِنْ، فَسَقَةِ الْمُسْلِمِينَ عَنْ مُنْكَرٍ اجْتَمَعُوا عَلَيْهِ، وَهُوَ يَعْلَمُ أَنَّهُمْ لَا يَمْتَنِعُونَ بِسَبَبِهِ،
"أن رسول الله صلى الله عليه وسلم مر برجل في المسجد منبطحا لوجهه فضربه برجله وقال قم نومة جهنمية} .
وعن {يعيش بن طخفة بن قيس الغفاري قال: كان أبي من أصحاب الصفة فقال رسول الله صلى الله عليه وسلم: انطلقوا بنا إلى بيت عائشة، فانطلقنا فقال: ","أَنَّ رَسُولَ اللَّهِ صَلَّى اللَّهُ عَلَيْهِ وَسَلَّمَ مَرَّ بِرَجُلٍ فِي الْمَسْجِدِ مُنْبَطِحًا لِوَجْهِهِ فَضَرَبَهُ بِرِجْلِهِ وَقَالَ قُمْ نَوْمَةٌ جَهَنَّمِيَّةٌ} .
وَعَنْ {يَعِيشَ بْنِ طِخْفَةَ بْنِ قَيْسٍ الْغِفَارِيِّ قَالَ: كَانَ أَبِي مِنْ أَصْحَابِ الصُّفَّةِ فَقَالَ رَسُولُ اللَّهِ صَلَّى اللَّهُ عَلَيْهِ وَسَلَّمَ: انْطَلِقُوا بِنَا إِلَى بَيْتِ عَائِشَةَ، فَانْطَلَقْنَا فَقَالَ: ","أَنَّ رَسُولَ اللَّهِ صَلَّى اللَّهُ عَلَيْهِ وَسَلَّمَ مَرَّ بِرَجُلٍ فِي الْمَسْجِدِ مُنْبَطِحًا لِوَجْهِهِ فَضَرَبَهُ بِرِجْلِهِ وَقَالَ قُمْ نَوْمَةً جَهَنَّمِيَّةً} .
وَعَنْ {يَعِيشِ بْنِ طَخْفَةَ بْنِ قَيْسٍ الْغِفَارِيِّ قَالَ: كَانَ أَبِي مِنْ أَصْحَابِ الصُّفَّةِ فَقَالَ رَسُولُ اللَّهِ صَلَّى اللَّهُ عَلَيْهِ وَسَلَّمَ: انْطَلِقُوا بِنَا إِلَى بَيْتِ عَائِشَةَ، فَانْطَلَقْنَا فَقَالَ:"
"لخبر مسلم {من اقتطع شبرا من الأرض ظلما طوقه الله تعالى إياه يوم القيامة من سبع أرضين} وقيده جماعة بما يبلغ قيمته ربع مثقال كما يقطع به في السرقة وخرج بغصب المال غصب غيره كغصب كلب فصغيرة.
(والفرار من الزحف) ","لِخَبَرِ مُسْلِمٍ {مَنِ اقْتَطَعَ شِبْرًا مِنَ الْأَرْضِ ظُلْمًا طَوَّقَهُ اللَّهُ تَعَالَى إِيَّاهُ يَوْمَ الْقِيَامَةِ مِنْ سَبْعِ أَرَضِينَ} وَقَيَّدَهُ جَمَاعَةٌ بِمَا يَبْلُغُ قِيمَتَهُ رُبْعَ مِثْقَالٍ كَمَا يُقْطَعُ بِهِ فِي السَّرِقَةِ وَخَرَجَ بِغَصْبِ الْمَالِ غَصْبُ غَيْرِهِ كَغَصْبِ كَلْبٍ فَصَغِيرَةٌ.
(وَالْفِرَارَ مِنَ الزَّحْفِ) ","لِخَبَرِ مُسْلِمٍ {مَنِ اقْتَطَعَ شِبْرًا مِنَ الْأَرْضِ ظُلْمًا طَوَّقَهُ اللَّهُ تَعَالَى إِيَّاهُ يَوْمَ الْقِيَامَةِ مِنْ سَبْعِ أَرَضِينَ} وَقَيَّدَهُ جَمَاعَةٌ بِمَا يَبْلُغُ قِيمَتُهُ رُبْعَ مِثْقَالٍ كَمَا يُقْطَعُ بِهِ فِي السَّرِقَةِ وَخَرَجَ بِغَصْبِ الْمَالِ غَصْبُ غَيْرِهِ كَغَصْبِ كَلْبٍ فَصَغِيرَةٌ.
(وَالْفِرَارُ مِنَ الزَّحْفِ)"
"والنظر قوي جدا انتهى.
","وَالنَّظَرُ قَوِيٌّ جِدًّا انْتَهَى.
",وَالنَّظَرُ قَوِيٌّ جِدًّا انْتَهَى.
لأن سبب المنع بيع مال الربا بأصله المشتمل عليه ولم يوجد ذلك هنا، ويصح بيع لبن شاة بشاة حلب لبنها وإن بقي فيها لبن لا يقصد حلبه، فإن قصد لكثرته أو باع ذات لبن مأكولة بذات لبن كذلك من جنسها لم يصح، إذ اللبن في الضرع يأخذ قسطا من الثمن بدليل أنه يجب التمر في مقابلته في المصراة، ,لِأَنَّ سَبَبَ الْمَنْعِ بَيْعُ مَالِ الرِّبَا بِأَصْلِهِ الْمُشْتَمِلِ عَلَيْهِ وَلَمْ يُوجَدْ ذَلِكَ هُنَا، وَيَصِحُّ بَيْعُ لَبَنِ شَاةٍ بِشَاةٍ حُلِبَ لَبَنُهَا وَإِنْ بَقِيَ فِيهَا لَبَنٌ لَا يُقْصَدُ حَلْبُهُ، فَإِنْ قُصِدَ لِكَثْرَتِهِ أَوْ بَاعَ ذَاتَ لَبَنٍ مَأْكُولَةً بِذَاتِ لَبَنٍ كَذَلِكَ مِنْ جِنْسِهَا لَمْ يَصِحَّ، إِذِ اللَّبَنُ فِي الضَّرْعِ يَأْخُذُ قِسْطًا مِنَ الثَّمَنِ بِدَلِيلِ أَنَّهُ يَجِبُ التَّمْرُ فِي مُقَابَلَتِهِ فِي الْمُصَرَّاةِ، ,لِأَنَّ سَبَبَ الْمَنْعِ بَيْعُ مَالِ الرِّبَا بِأَصْلِهِ الْمُشْتَمِلِ عَلَيْهِ وَلَمْ يُوجَدْ ذَلِكَ هُنَا، وَيَصِحُّ بَيْعُ لَبَنِ شَاةٍ بِشَاةٍ حَلَبَ لَبَنَهَا وَإِنْ بَقِيَ فِيهَا لَبَنٌ لَا يُقْصَدُ حَلْبُهُ، فَإِنْ قُصِدَ لِكَثْرَتِهِ أَوْ بَاعَ ذَاتَ لَبَنٍ مَأْكُولَةٍ بِذَاتِ لَبَنٍ كَذَلِكَ مِنْ جِنْسِهَا لَمْ يَصِحَّ، إِذِ اللَّبَنُ فِي الضَّرْعِ يَأْخُذُ قِسْطًا مِنَ الثَّمَنِ بِدَلِيلِ أَنَّهُ يَجِبُ التَّمْرُ فِي مُقَابَلَتِهِ فِي الْمُصَرَّاةِ،
"بمثل حديث رافع بن خديج.
6257 حدثنا أبو داود الحراني، وأبو قلابة، قالا: حدثنا وهب بن جرير، قال: حدثنا شعبة، عن سعيد بن مسروق، عن عباية بن رفاعة، عن جده رافع بن خديج، قال: قلنا: يا رسول الله! إنا لاقو العدو غدا وليست معنا مدى، فقال: ","بِمِثْلِ حَدِيثِ رَافِعِ بْنِ خَدِيجٍ.
6257 حَدَّثَنَا أَبُو دَاوُدَ الْحَرَّانِيُّ، وَأَبُو قِلَابَةَ، قَالَا: حَدَّثَنَا وَهْبُ بْنُ جَرِيرٍ، قَالَ: حَدَّثَنَا شُعْبَةُ، عَنْ سَعِيدِ بْنِ مَسْرُوقٍ، عَنْ عَبَايَةَ بْنِ رِفَاعَةَ، عَنْ جَدِّهِ رَافِعِ بْنِ خَدِيجٍ، قَالَ: قُلْنَا: يَا رَسُولَ اللَّهِ! إِنَّا لَاقُو الْعَدُوِّ غَدًا وَلَيْسَتْ مَعَنَا مُدًى، فَقَالَ: ","بِمِثْلِ حَدِيثِ رَافِعِ بْنِ خَدِيجٍ.
6257 حَدَّثَنَا أَبُو دَاوُدَ الْحَرَّانِيُّ، وَأَبُو قِلَابَةَ، قَالَا: حَدَّثَنَا وَهْبُ بْنُ جَرِيرٍ، قَالَ: حَدَّثَنَا شُعْبَةُ، عَنْ سَعِيدِ بْنِ مَسْرُوقٍ، عَنْ عَبَايَةَ بْنِ رِفَاعَةَ، عَنْ جَدِّهِ رَافِعِ بْنِ خَدِيجٍ، قَالَ: قُلْنَا: يَا رَسُولَ اللَّهِ! إِنَّا لَاقُو الْعَدُوَّ غَدًا وَلَيْسَتْ مَعَنَا مُدًى، فَقَالَ:"
صح نصا قياسا على ما يأتي. (10/310) ، (أو عينا) - أي: العاقدان - (زمنا وأجرة) ؛ كمن استأجر دابة عشرة أيام بعشرة دراهم، (وما زاد فلكل يوم كذا؛ صح) نصا، ونقل ابن منصور عنه فيمن اكترى دابة من مكة إلى جدة بكذا، فإن ذهب إلى عرفات؛ فبكذا؛ فلا بأس؛ لأن لكل عمل عوضا معلوما، ,صَحَّ نَصًّا قِيَاسًا عَلَى مَا يَأْتِي. (10/310) ، (أَوْ عَيْنًا) - أَيْ: الْعَاقِدَانِ - (زَمَنًا وَأُجْرَةً) ؛ كَمَنِ اسْتَأْجَرَ دَابَّةً عَشَرَةَ أَيَّامٍ بِعَشَرَةِ دَرَاهِمَ، (وَمَا زَادَ فَلِكُلٍّ يَوْمٍ كَذَا؛ صَحَّ) نَصًّا، وَنَقَلَ ابْنُ مَنْصُورٍ عَنْهُ فِيمَنِ اكْتَرَى دَابَّةً مِنْ مَكَّةَ إِلَى جُدَّةَ بِكَذَا، فَإِنْ ذَهَبَ إِلَى عَرَفَاتٍ؛ فَبِكَذَا؛ فَلَا بَأْسَ؛ لِأَنَّ لِكُلِّ عَمَلٍ عِوَضًا مَعْلُومًا، ,صَحَّ نَصًّا قِيَاسًا عَلَى مَا يَأْتِي. (10/310) ، (أَوْ عَيَّنَا) - أَيْ: الْعَاقِدَانِ - (زَمَنًا وَأُجْرَةً) ؛ كَمَنِ اسْتَأْجَرَ دَابَّةً عَشَرَةَ أَيَّامٍ بِعَشَرَةِ دَرَاهِمَ، (وَمَا زَادَ فَلِكُلِّ يَوْمٍ كَذَا؛ صَحَّ) نَصًّا، وَنَقَلَ ابْنُ مَنْصُورٍ عَنْهُ فِيمَنِ اكْتَرَى دَابَّةً مِنْ مَكَّةَ إِلَى جُدَّةَ بِكَذَا، فَإِنْ ذَهَبَ إِلَى عَرَفَاتٍ؛ فَبِكَذَا؛ فَلَا بَأْسَ؛ لِأَنَّ لِكُلِّ عَمَلٍ عِوَضًا مَعْلُومًا،
"حور مقصورات في الخيام
عن ابن عباس، رضي الله عنهما، في قوله: حور مقصورات ، حور بيض، مقصورات ، محبوسات في الخيام ، قال: في بيوت اللؤلؤ
عن ابن عباس، رضي الله عنهما، قال: الحور سود الحدق
عن أبي الأحوص، قال: قال عمر بن الخطاب، رضي الله عنه: ","حُورٌ مَقْصُورَاتٌ فِي الْخِيَامِ
عَنِ ابْنِ عَبَّاسٍ، رَضِيَ اللَّهُ عَنْهُمَا، فِي قَوْلِهِ: حُورٌ مَقْصُورَاتٌ ، حُورٌ بِيضٌ، مَقْصُورَاتٌ ، مَحْبُوسَاتٌ فِي الْخِيَامِ ، قَالَ: فِي بُيُوتِ اللُّؤْلُؤِ
عَنِ ابْنِ عَبَّاسٍ، رَضِيَ اللَّهُ عَنْهُمَا، قَالَ: الْحُورُ سُودُ الْحَدَقِ
عَنْ أَبِي الْأَحْوَصِ، قَالَ: قَالَ عُمَرُ بْنُ الْخَطَّابِ، رَضِيَ اللَّهُ عَنْهُ: ","حُورٌ مَقْصُورَاتٌ فِي الْخِيَامِ
عَنِ ابْنِ عَبَّاسٍ، رَضِيَ اللَّهُ عَنْهُمَا، فِي قَوْلِهِ: حُورٌ مَقْصُورَاتٌ ، حُورٌ بِيضٌ، مَقْصُورَاتٌ ، مَحْبُوسَاتٌ فِي الْخِيَامِ ، قَالَ: فِي بُيُوتِ اللُّؤْلُؤِ
عَنِ ابْنِ عَبَّاسٍ، رَضِيَ اللَّهُ عَنْهُمَا، قَالَ: الْحُورُ سُودُ الْحَدَقِ
عَنْ أَبِي الْأَحْوَصِ، قَالَ: قَالَ عُمَرُ بْنُ الْخَطَّابِ، رَضِيَ اللَّهُ عَنْهُ:"
"أي لو زوجه رجل فأنكر توكيله لأنه في الحقيقة إنكار للنكاح وقد مر (قوله: لا يمين على واحد منهما) لأنه لو عمل ما اتفقا عليه فللمتصنع أخذه وتركه كما هو مذكور آخر السلم، فمن باب أولى إذا اختلفا ط. (18/143)
","أَيْ لَوْ زَوَّجَهُ رَجُلٌ فَأَنْكَرَ تَوْكِيلَهُ لِأَنَّهُ فِي الْحَقِيقَةِ إِنْكَارٌ لِلنِّكَاحِ وَقَدْ مَرَّ (قَوْلُهُ: لَا يَمِينَ عَلَى وَاحِدٍ مِنْهُمَا) لِأَنَّهُ لَوْ عَمِلَ مَا اتَّفَقَا عَلَيْهِ فَلِلْمُتَصَنِّعِ أَخْذُهُ وَتَرْكُهُ كَمَا هُوَ مَذْكُورٌ آخِرَ السَّلَمِ، فَمِنْ بَابٍ أَوْلَى إِذَا اخْتَلَفَا ط. (18/143)
",أَيْ لَوْ زَوَّجَهُ رَجُلٌ فَأَنْكَرَ تَوْكِيلَهُ لِأَنَّهُ فِي الْحَقِيقَةِ إِنْكَارٌ لِلنِّكَاحِ وَقَدْ مَرَّ (قَوْلُهُ: لَا يَمِينَ عَلَى وَاحِدٍ مِنْهُمَا) لِأَنَّهُ لَوْ عَمِلَ مَا اتَّفَقَا عَلَيْهِ فَلِلْمُتَصَنِّعِ أَخْذُهُ وَتَرْكُهُ كَمَا هُوَ مَذْكُورٌ آخِرَ السَّلَمِ، فَمِنْ بَابِ أَوْلَى إِذَا اخْتَلَفَا ط. (18/143)
"أو لا أجامع فرجك أو نصفك الأسفل، ولا إيلاء في غير ذلك من الأعضاء، أو الأجزاء كيدك ورجلك وربعك ونصفك ولم يرد الأسفل.
قوله: (وهي بكر) وإن كانت غوراء وعلم حالها، ولا تحصل الفيئة إلا بزوال بكارتها كما يأتي قوله: (وكذا في الثالث) هو المعتمد ومعنى التديين ما مر، ","أَوْ لَا أُجَامِعُ فَرْجَكِ أَوْ نِصْفَكِ الْأَسْفَلَ، وَلَا إِيلَاءَ فِي غَيْرِ ذَلِكَ مِنَ الْأَعْضَاءِ، أَوِ الْأَجْزَاءِ كَيَدِكِ وَرِجْلِكِ وَرُبُعِكِ وَنِصْفِكِ وَلَمْ يُرِدِ الْأَسْفَلَ.
قَوْلُهُ: (وَهِيَ بِكْرٌ) وَإِنْ كَانَتْ غَوْرَاءَ وَعَلِمَ حَالَهَا، وَلَا تَحْصُلُ الْفَيْئَةُ إِلَّا بِزَوَالِ بَكَارَتِهَا كَمَا يَأْتِي قَوْلُهُ: (وَكَذَا فِي الثَّالِثِ) هُوَ الْمُعْتَمَدُ وَمَعْنَى التَّدْيِينِ مَا مَرَّ، ","أَوْ لَا أُجَامِعُ فَرْجَكِ أَوْ نِصْفَكِ الْأَسْفَلَ، وَلَا إِيلَاءَ فِي غَيْرِ ذَلِكَ مِنَ الْأَعْضَاءِ، أَوِ الْأَجْزَاءِ كَيَدِكِ وَرِجْلِكِ وَرُبْعِكِ وَنِصْفِكِ وَلَمْ يَرِدِ الْأَسْفَلُ.
قَوْلُهُ: (وَهِيَ بِكْرٌ) وَإِنْ كَانَتْ غَوْرَاءَ وَعُلِمَ حَالُهَا، وَلَا تَحْصُلُ الْفَيْئَةُ إِلَّا بِزَوَالِ بَكَارَتِهَا كَمَا يَأْتِي قَوْلُهُ: (وَكَذَا فِي الثَّالِثِ) هُوَ الْمُعْتَمَدُ وَمَعْنَى التَّدْيِينِ مَا مَرَّ،"
وكذا لو بعثه في شغل لبلد بعيد أو أذن له في حج أو غزو ولم يتعرض لإذنه له في الشراء وشراء المبعض في نوبته صحيح لا في غيرها بغير إذن وإن قصد نفسه فيما يظهر، ,وَكَذَا لَوْ بَعَثَهُ فِي شُغْلٍ لِبَلَدٍ بَعِيدٍ أَوْ أَذِنَ لَهُ فِي حَجٍّ أَوْ غَزْوٍ وَلَمْ يَتَعَرَّضْ لِإِذْنِهِ لَهُ فِي الشِّرَاءِ وَشِرَاءُ الْمُبَعَّضِ فِي نَوْبَتِهِ صَحِيحٌ لَا فِي غَيْرِهَا بِغَيْرِ إِذْنٍ وَإِنْ قَصَدَ نَفْسَهُ فِيمَا يَظْهَرُ، ,وَكَذَا لَوْ بَعَثَهُ فِي شُغْلٍ لِبَلَدٍ بَعِيدٍ أَوْ أَذِنَ لَهُ فِي حَجٍّ أَوْ غَزْوٍ وَلَمْ يَتَعَرَّضْ لِإِذْنِهِ لَهُ فِي الشِّرَاءِ وَشِرَاءُ الْمُبَعَّضِ فِي نَوْبَتِهِ صَحِيحٌ لَا فِي غَيْرِهَا بِغَيْرِ إِذْنٍ وَإِنْ قَصَدَ نَفْسَهُ فِيمَا يَظْهَرُ،
"وإن كانوا عبيدا لأهل الحرب لم يلتفت إلى قولهم.
لأن الحق فيهم لمواليهم، ووجوب الرد لحق المولى فحكمهم كحكم سائر الأموال ترد عليهم العين.
فإن تعذر عليهم ذلك، أو خيف الضيعة على شيء من ذلك، ","وَإِنْ كَانُوا عَبِيدًا لِأَهْلِ الْحَرْبِ لَمْ يُلْتَفَتْ إِلَى قَوْلِهِمْ.
لِأَنَّ الْحَقَّ فِيهِمْ لِمَوَالِيهِمْ، وَوُجُوبُ الرَّدِّ لَحِقَ الْمَوْلَى فَحُكْمُهُمْ كَحُكْمِ سَائِرِ الْأَمْوَالِ تُرَدُّ عَلَيْهِمِ الْعَيْنُ.
فَإِنْ تَعَذَّرَ عَلَيْهِمْ ذَلِكَ، أَوْ خِيفَ الضَّيْعَةُ عَلَى شَيْءٍ مِنْ ذَلِكَ، ","وَإِنْ كَانُوا عَبِيدًا لِأَهْلِ الْحَرْبِ لَمْ يُلْتَفَتْ إِلَى قَوْلِهِمْ.
لِأَنَّ الْحَقَّ فِيهِمْ لِمَوَالِيهِمْ، وَوُجُوبُ الرَّدِّ لِحَقِّ الْمَوْلَى فَحُكْمُهُمْ كَحُكْمِ سَائِرِ الْأَمْوَالِ تُرَدُّ عَلَيْهِمِ الْعَيْنُ.
فَإِنْ تَعَذَّرَ عَلَيْهِمْ ذَلِكَ، أَوْ خِيفَ الضَّيْعَةُ عَلَى شَيْءٍ مِنْ ذَلِكَ،"
"ابن يونس: قول ابن القاسم أصوب لأنه فعل مخلوق لا يقدر على دفعه كالجراد (وتعييبها كذلك) اللخمي: إن عابها السموم ولم يسقط منها شيئا فله الرد بالعيب أو يتمسك ولا شيء له، وإن كان مع إسقاطه ثلثها رجع بمناب الساقط وله في الباقي حكم العيب، إما أن يتماسك به بجميع ما ينوبه من الثمن أو يرد بالعيب.
","ابْنُ يُونُسَ: قَوْلُ ابْنِ الْقَاسِمِ أَصْوَبُ لِأَنَّهُ فِعْلُ مَخْلُوقٍ لَا يَقْدِرُ عَلَى دَفْعِهِ كَالْجَرَادِ (وَتَعْيِيبُهَا كَذَلِكَ) اللَّخْمِيِّ: إِنْ عَابَهَا السُّمُومُ وَلَمْ يُسْقِطْ مِنْهَا شَيْئًا فَلَهُ الرَّدُّ بِالْعَيْبِ أَوْ يَتَمَسَّكُ وَلَا شَيْءَ لَهُ، وَإِنْ كَانَ مَعَ إِسْقَاطِهِ ثُلُثَهَا رَجَعَ بِمَنَابِ السَّاقِطِ وَلَهُ فِي الْبَاقِي حُكْمُ الْعَيْبِ، إِمَّا أَنْ يَتَمَاسَكَ بِهِ بِجَمِيعِ مَا يَنُوبُهُ مِنَ الثَّمَنِ أَوْ يَرُدُّ بِالْعَيْبِ.
",ابْنُ يُونُسَ: قَوْلُ ابْنِ الْقَاسِمِ أَصْوَبُ لِأَنَّهُ فِعْلُ مَخْلُوقٍ لَا يَقْدِرُ عَلَى دَفْعِهِ كَالْجَرَادِ (وَتَعْيِيبُهَا كَذَلِكَ) اللَّخْمِيِّ: إِنْ عَابَهَا السُّمُومُ وَلَمْ يَسْقُطْ مِنْهَا شَيْئًا فَلَهُ الرَّدُّ بِالْعَيْبِ أَوْ يَتَمَسَّكُ وَلَا شَيْءَ لَهُ، وَإِنْ كَانَ مَعَ إِسْقَاطِهِ ثُلُثَهَا رَجَعَ بِمَنَابِ السَّاقِطِ وَلَهُ فِي الْبَاقِي حُكْمُ الْعَيْبِ، إِمَّا أَنْ يَتَمَاسَكَ بِهِ بِجَمِيعِ مَا يَنُوبُهُ مِنَ الثَّمَنِ أَوْ يَرُدُّ بِالْعَيْبِ.
"فالحق فيها واحد، هو المكلف، وما عداه باطل.
فمن أصابه أصاب الحق، ومن أخطأه فهو كافر.
وإن كان في غير ذلك، كما في مسألة الرؤية وخلق القرآن، وكما في وجوب متابعة الإجماع والعمل بخبر الواحد، فقد أطلق الشافعي عليه اسم (الكفر) ، فمن أصحابه من أجراه على ظاهره، ومنهم من أوله على كفران النعم، ","فَالْحَقُّ فِيهَا وَاحِدٌ، هُوَ الْمُكَلَّفُ، وَمَا عَدَاهُ بَاطِلٌ.
فَمَنْ أَصَابَهُ أَصَابَ الْحَقَّ، وَمَنْ أَخْطَأَهُ فَهُوَ كَافِرٌ.
وَإِنْ كَانَ فِي غَيْرِ ذَلِكَ، كَمَا فِي مَسْأَلَةِ الرُّؤْيَةِ وَخَلْقِ الْقُرْآنِ، وَكَمَا فِي وُجُوبِ مُتَابَعَةِ الْإِجْمَاعِ وَالْعَمَلِ بِخَبَرِ الْوَاحِدِ، فَقَدْ أَطْلَقَ الشَّافِعِيُّ عَلَيْهِ اسْمَ (الْكُفْرِ) ، فَمِنْ أَصْحَابِهِ مَنْ أَجْرَاهُ عَلَى ظَاهِرِهِ، وَمِنْهُمْ مَنْ أَوَّلَهُ عَلَى كُفْرَانِ النِّعَمِ، ","فَالْحَقُّ فِيهَا وَاحِدٌ، هُوَ الْمُكَلَّفُ، وَمَا عَدَاهُ بَاطِلٌ.
فَمَنْ أَصَابَهُ أَصَابَ الْحَقَّ، وَمَنْ أَخْطَأَهُ فَهُوَ كَافِرٌ.
وَإِنْ كَانَ فِي غَيْرِ ذَلِكَ، كَمَا فِي مَسْأَلَةِ الرُّؤْيَةِ وَخَلْقِ الْقُرْآنِ، وَكَمَا فِي وُجُوبِ مُتَابَعَةِ الْإِجْمَاعِ وَالْعَمَلِ بِخَبَرِ الْوَاحِدِ، فَقَدْ أَطْلَقَ الشَّافِعِيُّ عَلَيْهِ اسْمَ (الْكُفْرِ) ، فَمِنْ أَصْحَابِهِ مَنْ أَجْرَاهُ عَلَى ظَاهِرِهِ، وَمِنْهُمْ مَنْ أَوَّلَهُ عَلَى كُفْرَانِ النِّعَمِ،"
ما يقبضه كل واحد من الدائنين من الدين المشترك يكون مشتركا بينه وبين الآخر ويأخذ شريكه حصته منه ولا يسوغ للقابض أن يحبسه من حصته فقط) ,مَا يَقْبِضُهُ كُلُّ وَاحِدٍ مِنَ الدَّائِنَيْنِ مِنَ الدَّيْنِ الْمُشْتَرَكِ يَكُونُ مُشْتَرَكًا بَيْنَهُ وَبَيْنَ الْآخَرِ وَيَأْخُذُ شَرِيكُهُ حِصَّتَهُ مِنْهُ وَلَا يَسُوغُ لِلْقَابِضِ أَنْ يَحْبِسَهُ مِنْ حِصَّتِهِ فَقَطْ) ,مَا يَقْبِضُهُ كُلُّ وَاحِدٍ مِنَ الدَّائِنِينَ مِنَ الدَّيْنِ الْمُشْتَرَكِ يَكُونُ مُشْتَرَكًا بَيْنَهُ وَبَيْنَ الْآخَرِ وَيَأْخُذُ شَرِيكُهُ حِصَّتَهُ مِنْهُ وَلَا يَسُوغُ لِلْقَابِضِ أَنْ يَحْبِسَهُ مِنْ حِصَّتِهِ فَقَطْ)
"رأى أن يعطيه قيمة ما أنفق إذا لم يكن فيه تغابن أو كان فيه تغابن يسير، ومرة رأى أن القيمة أعدل إذ قد يسامح مرة فيما يشتريه، ومرة يغبن فيه فإذا أعطى قيمة ذلك يوم بنائه لم يظلم.
ابن يونس: فيكون على هذا اختلاف من قوله.
ابن يونس: والتأويلان معا محتملان.
","رَأَى أَنْ يُعْطِيَهُ قِيمَةَ مَا أَنْفَقَ إِذَا لَمْ يَكُنْ فِيهِ تَغَابُنٌ أَوْ كَانَ فِيهِ تَغَابُنٌ يَسِيرٌ، وَمَرَّةً رَأَى أَنَّ الْقِيمَةَ أَعْدَلَ إِذْ قَدْ يُسَامَحُ مَرَّةً فِيمَا يَشْتَرِيهِ، وَمَرَّةً يُغْبَنُ فِيهِ فَإِذَا أَعْطَى قِيمَةَ ذَلِكَ يَوْمَ بِنَائِهِ لَمْ يَظْلِمْ.
ابْنُ يُونُسَ: فَيَكُونُ عَلَى هَذَا اخْتِلَافٌ مِنْ قَوْلِهِ.
ابْنُ يُونُسَ: وَالتَّأْوِيلَانِ مَعًا مُحْتَمَلَانِ.
","رَأَى أَنْ يُعْطِيَهُ قِيمَةَ مَا أَنْفَقَ إِذَا لَمْ يَكُنْ فِيهِ تَغَابُنٌ أَوْ كَانَ فِيهِ تَغَابُنٌ يَسِيرٌ، وَمَرَّةً رَأَى أَنَّ الْقِيمَةَ أَعْدَلُ إِذْ قَدْ يُسَامِحُ مَرَّةً فِيمَا يَشْتَرِيهِ، وَمَرَّةً يَغْبَنُ فِيهِ فَإِذَا أَعْطَى قِيمَةَ ذَلِكَ يَوْمَ بِنَائِهِ لَمْ يَظْلِمْ.
ابْنُ يُونُسَ: فَيَكُونُ عَلَى هَذَا اخْتِلَافٌ مِنْ قَوْلِهِ.
ابْنُ يُونُسَ: وَالتَّأْوِيلَانِ مَعًا مُحْتَمِلَانِ."
أي التساوي في الربح مع التفاوت في المال، أو التفاوت في الربح مع التساوي في المال (فسد العقد، فيرجع كل على الآخر بأجرة عمله في ماله، وتنفذ التصرفات) منهما للإذن (والربح) بينهما (على قدر المالين) رجوعا إلى الأصل (ويد الشريك يد أمانة فيقبل قوله في الرد) إلى شريكه (والخسران والتلف) ,أَيِ التَّسَاوِي فِي الرِّبْحِ مَعَ التَّفَاوُتِ فِي الْمَالِ، أَوِ التَّفَاوُتِ فِي الرِّبْحِ مَعَ التَّسَاوِي فِي الْمَالِ (فَسَدَ الْعَقْدُ، فَيَرْجِعُ كُلٌّ عَلَى الْآخَرِ بِأُجْرَةِ عَمَلِهِ فِي مَالِهِ، وَتَنْفُذُ التَّصَرُّفَاتُ) مِنْهُمَا لِلْإِذْنِ (وَالرِّبْحُ) بَيْنَهُمَا (عَلَى قَدْرِ الْمَالَيْنِ) رُجُوعًا إِلَى الْأَصْلِ (وَيَدُ الشَّرِيكِ يَدُ أَمَانَةٍ فَيُقْبَلُ قَوْلُهُ فِي الرَّدِّ) إِلَى شَرِيكِهِ (وَالْخُسْرَانُ وَالتَّلَفُ) ,أَيِ التَّسَاوِي فِي الرِّبْحِ مَعَ التَّفَاوُتِ فِي الْمَالِ، أَوِ التَّفَاوُتِ فِي الرِّبْحِ مَعَ التَّسَاوِي فِي الْمَالِ (فَسَدَ الْعَقْدُ، فَيَرْجِعُ كُلٌّ عَلَى الْآخَرِ بِأُجْرَةِ عَمَلِهِ فِي مَالِهِ، وَتَنْفُذُ التَّصَرُّفَاتُ) مِنْهُمَا لِلْإِذْنِ (وَالرِّبْحُ) بَيْنَهُمَا (عَلَى قَدْرِ الْمَالَيْنِ) رُجُوعًا إِلَى الْأَصْلِ (وَيَدُ الشَّرِيكِ يَدُ أَمَانَةٍ فَيُقْبَلُ قَوْلُهُ فِي الرَّدِّ) إِلَى شَرِيكِهِ (وَالْخُسْرَانُ وَالتَّلَفُ)
فيما إذا جرت عادة أهل موضع أن الراعي إذا أدخل المواشي في سكك القرية أرسل كل شاة في سكة صاحبها ففعل الراعي ذلك ولا يعد ذلك خلافا عندهم فضاعت شاة قبل أن تصل إلى صاحبها فهل لا ضمان عليه؟ (الجواب) : ,فِيمَا إِذَا جَرَتْ عَادَةُ أَهْلِ مَوْضِعٍ أَنَّ الرَّاعِيَ إِذَا أَدْخَلَ الْمَوَاشِيَ فِي سِكَكِ الْقَرْيَةِ أَرْسَلَ كُلَّ شَاةٍ فِي سِكَّةِ صَاحِبِهَا فَفَعَلَ الرَّاعِي ذَلِكَ وَلَا يُعَدُّ ذَلِكَ خِلَافًا عِنْدَهُمْ فَضَاعَتْ شَاةٌ قَبْلَ أَنْ تَصِلَ إِلَى صَاحِبِهَا فَهَلْ لَا ضَمَانَ عَلَيْهِ؟ (الْجَوَابُ) : ,فِيمَا إِذَا جَرَتْ عَادَةُ أَهْلِ مَوْضِعٍ أَنَّ الرَّاعِيَ إِذَا أَدْخَلَ الْمَوَاشِيَ فِي سِكَكِ الْقَرْيَةِ أَرْسَلَ كُلَّ شَاةٍ فِي سِكَّةِ صَاحِبِهَا فَفَعَلَ الرَّاعِي ذَلِكَ وَلَا يُعَدُّ ذَلِكَ خِلَافًا عِنْدَهُمْ فَضَاعَتْ شَاةٌ قَبْلَ أَنْ تَصِلَ إِلَى صَاحِبِهَا فَهَلْ لَا ضَمَانَ عَلَيْهِ؟ (الْجَوَابُ) :
"أما إذا قاله بعد استلحاقه فيكون صريحا في قذفها ما لم يدع أنه أراد لم يكن ابنه حال النفي ويحلف عليه، وقياس ما مر أنه يعزر.
الشرح
(قوله: لكونه من وطء شبهة) قضيته أنه لو قال أردت أنه لا يشبهه خلقا أو خلقا عدم قبول ذلك منه، والقياس قبوله لأن الصريح يقبل الصرف ولأنه يستعمل كثيرا (قوله: ","أَمَّا إِذَا قَالَهُ بَعْدَ اسْتِلْحَاقِهِ فَيَكُونُ صَرِيحًا فِي قَذْفِهَا مَا لَمْ يَدَّعِ أَنَّهُ أَرَادَ لَمْ يَكُنِ ابْنَهُ حَالَ النَّفْيِ وَيَحْلِفُ عَلَيْهِ، وَقِيَاسُ مَا مَرَّ أَنَّهُ يُعَزَّرُ.
الشَّرْحُ
(قَوْلُهُ: لِكَوْنِهِ مِنْ وَطْءِ شُبْهَةٍ) قَضِيَّتُهُ أَنَّهُ لَوْ قَالَ أَرَدْت أَنَّهُ لَا يُشْبِهُهُ خُلُقًا أَوْ خَلْقًا عَدَمُ قَبُولِ ذَلِكَ مِنْهُ، وَالْقِيَاسُ قَبُولُهُ لِأَنَّ الصَّرِيحَ يَقْبَلُ الصَّرْفَ وَلِأَنَّهُ يُسْتَعْمَلُ كَثِيرًا (قَوْلُهُ: ","أَمَّا إِذَا قَالَهُ بَعْدَ اسْتِلْحَاقِهِ فَيَكُونُ صَرِيحًا فِي قَذْفِهَا مَا لَمْ يَدَّعِ أَنَّهُ أَرَادَ لَمْ يَكُنِ ابْنَهُ حَالَ النَّفْيِ وَيَحْلِفُ عَلَيْهِ، وَقِيَاسُ مَا مَرَّ أَنَّهُ يُعَزَّرُ.
الشَّرْحُ
(قَوْلُهُ: لِكَوْنِهِ مِنْ وَطْءِ شُبْهَةٍ) قَضِيَّتُهُ أَنَّهُ لَوْ قَالَ أَرَدْتُ أَنَّهُ لَا يُشْبِهُهُ خَلْقًا أَوْ خُلُقًا عَدَمُ قَبُولِ ذَلِكَ مِنْهُ، وَالْقِيَاسُ قَبُولُهُ لِأَنَّ الصَّرِيحَ يَقْبَلُ الصَّرْفَ وَلِأَنَّهُ يُسْتَعْمَلُ كَثِيرًا (قَوْلُهُ:"
"وإن قطعتم أو حرقتم أو صلبتم ولا تتركوا الصلاة متعمدين فمن تركها متعمدا فقد خرج من الملة} الحديث ورواه الطبراني في المعجم الكبير.
وروى أبو بكر البزار في مسنده من حديث أبي الدرداء قال: {أوصاني خليلي صلى الله عليه وسلم أن لا أشرك بالله شيئا، وإن حرقت، ","وَإِنْ قُطِّعْتُمْ أَوْ حُرِّقْتُمْ أَوْ صُلِبْتُمْ وَلَا تَتْرُكُوا الصَّلَاةَ مُتَعَمِّدِينَ فَمَنْ تَرَكَهَا مُتَعَمِّدًا فَقَدْ خَرَجَ مِنَ الْمِلَّةِ} الْحَدِيثَ وَرَوَاهُ الطَّبَرَانِيُّ فِي الْمُعْجَمِ الْكَبِيرِ.
وَرَوَى أَبُو بَكْرٍ الْبَزَّارُ فِي مُسْنَدِهِ مِنْ حَدِيثِ أَبِي الدَّرْدَاءِ قَالَ: {أَوْصَانِي خَلِيلِي صَلَّى اللَّهُ عَلَيْهِ وَسَلَّمَ أَنْ لَا أُشْرِكَ بِاللَّهِ شَيْئًا، وَإِنْ حُرِّقْت، ","وَإِنْ قُطِعْتُمْ أَوْ حُرِّقْتُمْ أَوْ صُلِبْتُمْ وَلَا تَتْرُكُوا الصَّلَاةَ مُتَعَمِّدِينَ فَمَنْ تَرَكَهَا مُتَعَمِّدًا فَقَدْ خَرَجَ مِنَ الْمِلَّةِ} الْحَدِيثَ وَرَوَاهُ الطَّبَرَانِيُّ فِي الْمُعْجَمِ الْكَبِيرِ.
وَرَوَى أَبُو بَكْرٍ الْبَزَّارُ فِي مُسْنَدِهِ مِنْ حَدِيثِ أَبِي الدَّرْدَاءِ قَالَ: {أَوْصَانِي خَلِيلِي صَلَّى اللَّهُ عَلَيْهِ وَسَلَّمَ أَنْ لَا أُشْرِكَ بِاللَّهِ شَيْئًا، وَإِنْ حُرِّقْتُ،"
الثالثة) قوله يريد الحج كيف يجتمع مع قوله بعده فأهل بعمرة؟ وجوابه أن إهلاله بعمرة لا ينافي كونه خرج يريد الحج فالمريد للحج قد يحرم من الميقات بعمرة ثم من مكة بحجة وهو المتمتع، وقد يحرم بعمرة ثم يدخل عليها الحج كما فعل ابن عمر رضي الله عنهما في هذه القضية وهو أحد قسمي القران، ,الثَّالِثَةُ) قَوْلُهُ يُرِيدُ الْحَجَّ كَيْفَ يَجْتَمِعُ مَعَ قَوْلِهِ بَعْدَهُ فَأَهَلَّ بِعُمْرَةٍ؟ وَجَوَابُهُ أَنَّ إِهْلَالَهُ بِعُمْرَةٍ لَا يُنَافِي كَوْنَهُ خَرَجَ يُرِيدُ الْحَجَّ فَالْمُرِيدُ لِلْحَجِّ قَدْ يُحْرِمُ مِنَ الْمِيقَاتِ بِعُمْرَةٍ ثُمَّ مِنْ مَكَّةَ بِحَجَّةٍ وَهُوَ الْمُتَمَتِّعُ، وَقَدْ يُحْرِمُ بِعُمْرَةٍ ثُمَّ يُدْخِلُ عَلَيْهَا الْحَجَّ كَمَا فَعَلَ ابْنُ عُمَرَ رَضِيَ اللَّهُ عَنْهُمَا فِي هَذِهِ الْقَضِيَّةِ وَهُوَ أَحَدُ قِسْمَيِ الْقِرَانِ، ,الثَّالِثَةُ) قَوْلُهُ يُرِيدُ الْحَجَّ كَيْفَ يَجْتَمِعُ مَعَ قَوْلِهِ بَعْدَهُ فَأَهَلَّ بِعُمْرَةٍ؟ وَجَوَابُهُ أَنَّ إِهْلَالَهُ بِعُمْرَةٍ لَا يُنَافِي كَوْنَهُ خَرَجَ يُرِيدُ الْحَجَّ فَالْمُرِيدُ لِلْحَجِّ قَدْ يُحْرِمُ مِنَ الْمِيقَاتِ بِعُمْرَةٍ ثُمَّ مِنْ مَكَّةَ بِحَجَّةٍ وَهُوَ الْمُتَمَتِّعُ، وَقَدْ يُحْرِمُ بِعُمْرَةٍ ثُمَّ يَدْخُلُ عَلَيْهَا الْحَجَّ كَمَا فَعَلَ ابْنُ عُمَرَ رَضِيَ اللَّهُ عَنْهُمَا فِي هَذِهِ الْقَضِيَّةِ وَهُوَ أَحَدُ قِسْمَيِ الْقِرَانِ،
القسم (الثاني) من أقسام اللقطة، وهو الذي لا يجوز التقاطه، ولا يملك بتعريفه (الضوال) - جمع ضال - اسم للحيوان خاصة، وتقدم، (التي تمتنع من صغار السباع كثعلب وذئب) وابن آوى وأسد صغير، وامتناعها إما بكبر جثتها (كإبل وبقر وخيل وبغال) ، وإما؛ لسرعة عدوها (كحمر وظباء) ، وإما لطير (كطير ممتنع) بطيرانه (و) ,الْقِسْمُ (الثَّانِي) مِنْ أَقْسَامِ اللُّقَطَةِ، وَهُوَ الَّذِي لَا يَجُوزُ الْتِقَاطُهُ، وَلَا يُمْلَكُ بِتَعْرِيفِهِ (الضَّوَالُّ) - جَمْعُ ضَالٍّ - اسْمٌ لِلْحَيَوَانِ خَاصَّةً، وَتَقَدَّمَ، (الَّتِي تَمْتَنِعُ مِنْ صِغَارِ السِّبَاعِ كَثَعْلَبٍ وَذِئْبٍ) وَابْنِ آوَى وَأَسَدٍ صَغِيرٍ، وَامْتِنَاعُهَا إِمَّا بِكِبَرِ جُثَّتِهَا (كَإِبِلٍ وَبَقَرٍ وَخَيْلٍ وَبِغَالٍ) ، وَإِمَّا؛ لِسُرْعَةِ عَدْوِهَا (كَحُمُرٍ وَظِبَاءٍ) ، وَإِمَّا لِطَيْرٍ (كَطَيْرٍ مُمْتَنِعٍ) بِطَيَرَانِهِ (وَ) ,الْقِسْمُ (الثَّانِي) مِنْ أَقْسَامِ اللُّقَطَةِ، وَهُوَ الَّذِي لَا يَجُوزُ الْتِقَاطُهُ، وَلَا يُمْلَكُ بِتَعْرِيفِهِ (الضَّوَالُّ) - جَمْعُ ضَالٍّ - اسْمٌ لِلْحَيَوَانِ خَاصَّةً، وَتَقَدَّمَ، (الَّتِي تَمْتَنِعُ مِنْ صِغَارِ السِّبَاعِ كَثَعْلَبٍ وَذِئْبٍ) وَابْنِ آوَى وَأَسَدٍ صَغِيرٍ، وَامْتِنَاعُهَا إِمَّا بِكِبَرِ جُثَّتِهَا (كَإِبِلٍ وَبَقَرٍ وَخَيْلٍ وَبِغَالٍ) ، وَإِمَّا؛ لِسُرْعَةِ عَدْوِهَا (كَحُمُرٍ وَظِبَاءٍ) ، وَإِمَّا لِطَيْرٍ (كَطَيْرٍ مُمْتَنِعٍ) بِطَيَرَانِهِ (وَ)
"ثم يعيد إذا قدر على الماء أو التراب كما لمحبوس في المخرج إذا لم يجد ماء ولا ترابا نظيفا على ما ذكرنا. (1/244)
(فصل) : وأما بيان ما يتيمم منه فهو الحدث والجنابة والحيض والنفاس.
وقد ذكرنا دلائل جواز التيمم من الحدث في صدر فصل التيمم، وذكرنا اختلاف الصحابة رضي الله عنهم في جواز التيمم من الجنابة، ","ثُمَّ يُعِيدُ إِذَا قَدَرَ عَلَى الْمَاءِ أَوِ التُّرَابِ كَمَا لِمَحْبُوسٍ فِي الْمَخْرَجِ إِذَا لَمْ يَجِدْ مَاءً وَلَا تُرَابًا نَظِيفًا عَلَى مَا ذَكَرْنَا. (1/244)
(فَصْلٌ) : وَأَمَّا بَيَانُ مَا يُتَيَمَّمُ مِنْهُ فَهُوَ الْحَدَثُ وَالْجَنَابَةُ وَالْحَيْضُ وَالنِّفَاسُ.
وَقَدْ ذَكَرْنَا دَلَائِلَ جَوَازِ التَّيَمُّمِ مِنَ الْحَدَثِ فِي صَدْرِ فَصْلِ التَّيَمُّمِ، وَذَكَرْنَا اخْتِلَافَ الصَّحَابَةِ رَضِيَ اللَّهُ عَنْهُمْ فِي جَوَازِ التَّيَمُّمِ مِنَ الْجَنَابَةِ، ","ثُمَّ يُعِيدُ إِذَا قَدَرَ عَلَى الْمَاءِ أَوِ التُّرَابِ كَمَا لِمَحْبُوسٍ فِي الْمَخْرَجِ إِذَا لَمْ يَجِدْ مَاءً وَلَا تُرَابًا نَظِيفًا عَلَى مَا ذَكَرْنَا. (1/244)
(فَصْلٌ) : وَأَمَّا بَيَانُ مَا يُتَيَمَّمُ مِنْهُ فَهُوَ الْحَدَثُ وَالْجَنَابَةُ وَالْحَيْضُ وَالنِّفَاسُ.
وَقَدْ ذَكَرْنَا دَلَائِلَ جَوَازِ التَّيَمُّمِ مِنَ الْحَدَثِ فِي صَدْرِ فَصْلِ التَّيَمُّمِ، وَذَكَرْنَا اخْتِلَافَ الصَّحَابَةِ رَضِيَ اللَّهُ عَنْهُمْ فِي جَوَازِ التَّيَمُّمِ مِنَ الْجَنَابَةِ،"
"قوله ولما أنهى الكلام على التفليس بالمعنى الأعم إلخ) هذا غير صحيح؛ لأنه إنما تكلم فيما تقدم على إحاطة الدين بماله وذلك ليس بتفليس بل حالة قبله، وقد يقال إن ما سبق من قوله وللغريم منع من أحاط الدين بماله يشير لقيام الغرماء وهو التفليس بالمعنى الأعم.
والحاصل أن المدين له ثلاثة أحوال: ","قَوْلُهُ وَلَمَّا أَنْهَى الْكَلَامَ عَلَى التَّفْلِيسِ بِالْمَعْنَى الْأَعَمِّ إِلَخْ) هَذَا غَيْرُ صَحِيحٍ؛ لِأَنَّهُ إِنَّمَا تَكَلَّمَ فِيمَا تَقَدَّمَ عَلَى إِحَاطَةِ الدَّيْنِ بِمَالِهِ وَذَلِكَ لَيْسَ بِتَفْلِيسٍ بَلْ حَالَةٌ قَبْلَهُ، وَقَدْ يُقَالُ إِنَّ مَا سَبَقَ مِنْ قَوْلِهِ وَلِلْغَرِيمِ مَنْعُ مَنْ أَحَاطَ الدَّيْنُ بِمَالِهِ يُشِيرُ لِقِيَامِ الْغُرَمَاءِ وَهُوَ التَّفْلِيسُ بِالْمَعْنَى الْأَعَمِّ.
وَالْحَاصِلُ أَنَّ الْمَدِينَ لَهُ ثَلَاثَةُ أَحْوَالٍ: ","قَوْلُهُ وَلَمَّا أَنْهَى الْكَلَامَ عَلَى التَّفْلِيسِ بِالْمَعْنَى الْأَعَمِّ إِلَخْ) هَذَا غَيْرُ صَحِيحٍ؛ لِأَنَّهُ إِنَّمَا تَكَلَّمَ فِيمَا تَقَدَّمَ عَلَى إِحَاطَةِ الدَّيْنِ بِمَالِهِ وَذَلِكَ لَيْسَ بِتَفْلِيسٍ بَلْ حَالَةٌ قَبْلَهُ، وَقَدْ يُقَالُ إِنَّ مَا سَبَقَ مِنْ قَوْلِهِ وَلِلْغَرِيمِ مَنْعٌ مَنْ أَحَاطَ الدَّيْنُ بِمَالِهِ يُشِيرُ لِقِيَامِ الْغُرَمَاءِ وَهُوَ التَّفْلِيسُ بِالْمَعْنَى الْأَعَمِّ.
وَالْحَاصِلُ أَنَّ الْمَدِينَ لَهُ ثَلَاثَةُ أَحْوَالٍ:"
"حدثنا عبد الصمد حدثنا همام حدثنا قتادة عن أنس قال قال رسول الله صلى الله عليه وسلم لو تعلمون ما أعلم لضحكتم قليلا ولبكيتم كثيرا (20/422)
13198 - ","حَدَّثَنَا عَبْدُ الصَّمَدِ حَدَّثَنَا هَمَّامٌ حَدَّثَنَا قَتَادَةُ عَنْ أَنَسٍ قَالَ قَالَ رَسُولُ اللَّهِ صَلَّى اللَّهُ عَلَيْهِ وَسَلَّمَ لَوْ تَعْلَمُونَ مَا أَعْلَمُ لَضَحِكْتُمْ قَلِيلًا وَلَبَكَيْتُمْ كَثِيرًا (20/422)
13198 - ","حَدَّثَنَا عَبْدُ الصَّمَدِ حَدَّثَنَا هَمَّامٌ حَدَّثَنَا قَتَادَةُ عَنْ أَنَسٍ قَالَ قَالَ رَسُولُ اللَّهِ صَلَّى اللَّهُ عَلَيْهِ وَسَلَّمَ لَوْ تَعْلَمُونَ مَا أَعْلَمُ لَضَحِكْتُمْ قَلِيلًا وَلَبَكَيْتُمْ كَثِيرًا (20/422)
13198 -"
"فما كان ناقضا للأقوى كان ناقضا للأضعف بطريق الأولى، فكل ما ينقض الوضوء ينقض التيمم (وينقضه أيضا رؤية الماء عند القدرة على الاستعمال) وإسناد النقض إلى رؤية الماء إسناد مجازي؛ لأن رؤية الماء عند القدرة على الاستعمال شرط لعمل الحدث السابق عمله عندنا، والناقض حقيقة هو الحدث السابق بخروج النجس.
قوله: (","فَمَا كَانَ نَاقِضًا لِلْأَقْوَى كَانَ نَاقِضًا لِلْأَضْعَفِ بِطَرِيقِ الْأَوْلَى، فَكُلُّ مَا يَنْقُضُ الْوُضُوءَ يَنْقُضُ التَّيَمُّمَ (وَيَنْقُضُهُ أَيْضًا رُؤْيَةُ الْمَاءِ عِنْدَ الْقُدْرَةِ عَلَى الِاسْتِعْمَالِ) وَإِسْنَادُ النَّقْضِ إِلَى رُؤْيَةِ الْمَاءِ إِسْنَادٌ مَجَازِيٌّ؛ لِأَنَّ رُؤْيَةَ الْمَاءِ عِنْدَ الْقُدْرَةِ عَلَى الِاسْتِعْمَالِ شَرْطٌ لِعَمَلِ الْحَدَثِ السَّابِقِ عَمَلُهُ عِنْدَنَا، وَالنَّاقِضُ حَقِيقَةٌ هُوَ الْحَدَثُ السَّابِقُ بِخُرُوجِ النَّجِسِ.
قَوْلُهُ: (","فَمَا كَانَ نَاقِضًا لِلْأَقْوَى كَانَ نَاقِضًا لِلْأَضْعَفِ بِطَرِيقِ الْأَوْلَى، فَكُلُّ مَا يَنْقُضُ الْوُضُوءَ يَنْقُضُ التَّيَمُّمَ (وَيَنْقُضُهُ أَيْضًا رُؤْيَةُ الْمَاءِ عِنْدَ الْقُدْرَةِ عَلَى الِاسْتِعْمَالِ) وَإِسْنَادُ النَّقْضِ إِلَى رُؤْيَةِ الْمَاءِ إِسْنَادٌ مَجَازِيٌّ؛ لِأَنَّ رُؤْيَةَ الْمَاءِ عِنْدَ الْقُدْرَةِ عَلَى الِاسْتِعْمَالِ شَرْطٌ لِعَمَلِ الْحَدَثِ السَّابِقِ عَمَلَهُ عِنْدَنَا، وَالنَّاقِضُ حَقِيقَةً هُوَ الْحَدَثُ السَّابِقُ بِخُرُوجِ النَّجَسِ.
قَوْلُهُ: ("
"وأما لعانه دون لعانها فلا فسخ، ولا تأبيد تحريم، وقيدنا بالمسلمين احترازا عن الكفار فلا يصح اللعان منهم، إلا أن يترافع الزوجان إلينا راضيين بحكمنا فنحكم بينهما بحكم الإسلام. (5/189)
(وكذلك) مثل تأبيد تحريم الزوجة الملاعنة (الذي يتزوج المرأة) بمعنى يعقد عليها، وهي (في عدتها) من غيره سواء كانت عدة وفاة أو طلاق ولو رجعيا (ويطؤها في عدتها) ","وَأَمَّا لِعَانُهُ دُونَ لِعَانِهَا فَلَا فَسْخَ، وَلَا تَأْبِيدَ تَحْرِيمٍ، وَقَيَّدْنَا بِالْمُسْلِمَيْنِ احْتِرَازًا عَنِ الْكُفَّارِ فَلَا يَصِحُّ اللِّعَانُ مِنْهُمْ، إِلَّا أَنْ يَتَرَافَعَ الزَّوْجَانِ إِلَيْنَا رَاضِيَيْنِ بِحُكْمِنَا فَنَحْكُمُ بَيْنَهُمَا بِحُكْمِ الْإِسْلَامِ. (5/189)
(وَكَذَلِكَ) مِثْلُ تَأْبِيدِ تَحْرِيمِ الزَّوْجَةِ الْمُلَاعَنَةِ (الَّذِي يَتَزَوَّجُ الْمَرْأَةَ) بِمَعْنَى يَعْقِدُ عَلَيْهَا، وَهِيَ (فِي عِدَّتِهَا) مِنْ غَيْرِهِ سَوَاءٌ كَانَتْ عِدَّةَ وَفَاةٍ أَوْ طَلَاقٍ وَلَوْ رَجْعِيًّا (وَيَطَؤُهَا فِي عِدَّتِهَا) ","وَأَمَّا لِعَانُهُ دُونَ لِعَانِهَا فَلَا فَسْخَ، وَلَا تَأْبِيدَ تَحْرِيمٍ، وَقَيَّدْنَا بِالْمُسْلِمِينَ احْتِرَازًا عَنِ الْكُفَّارِ فَلَا يَصِحُّ اللِّعَانُ مِنْهُمْ، إِلَّا أَنْ يَتَرَافَعَ الزَّوْجَانِ إِلَيْنَا رَاضِيَيْنِ بِحُكْمِنَا فَنَحْكُمُ بَيْنَهُمَا بِحُكْمِ الْإِسْلَامِ. (5/189)
(وَكَذَلِكَ) مِثْلُ تَأْبِيدِ تَحْرِيمِ الزَّوْجَةِ الْمُلَاعِنَةِ (الَّذِي يَتَزَوَّجُ الْمَرْأَةَ) بِمَعْنَى يَعْقِدُ عَلَيْهَا، وَهِيَ (فِي عِدَّتِهَا) مِنْ غَيْرِهِ سَوَاءٌ كَانَتْ عِدَّةَ وَفَاةٍ أَوْ طَلَاقٍ وَلَوْ رَجْعِيًّا (وَيَطَؤُهَا فِي عِدَّتِهَا)"
"أشار به إلى أن المراد بالولي ما يشمل الوصي كما في البحر ح (قوله قدرا) أي التشبيه بالفطرة من حيث القدر إذ لا يشترط التمليك هنا بل تكفي الإباحة بخلاف الفطرة وكذا هي مثل الفطرة من حيث الجنس وجواز أداء القيمة.
وقال القهستاني: ","أَشَارَ بِهِ إِلَى أَنَّ الْمُرَادَ بِالْوَلِيِّ مَا يَشْمَلُ الْوَصِيَّ كَمَا فِي الْبَحْرِ ح (قَوْلُهُ قَدَرًا) أَيِ التَّشْبِيهُ بِالْفِطْرَةِ مِنْ حَيْثُ الْقَدَرُ إِذْ لَا يُشْتَرَطُ التَّمْلِيكُ هُنَا بَلْ تَكْفِي الْإِبَاحَةُ بِخِلَافِ الْفِطْرَةِ وَكَذَا هِيَ مِثْلُ الْفِطْرَةِ مِنْ حَيْثُ الْجِنْسُ وَجَوَازُ أَدَاءِ الْقِيمَةِ.
وَقَالَ الْقُهُسْتَانِيُّ: ","أَشَارَ بِهِ إِلَى أَنَّ الْمُرَادَ بِالْوَلِيِّ مَا يَشْمَلُ الْوَصِيَّ كَمَا فِي الْبَحْرِ ح (قَوْلُهُ قَدْرًا) أَيِ التَّشْبِيهُ بِالْفِطْرَةِ مِنْ حَيْثُ الْقَدْرُ إِذْ لَا يُشْتَرَطُ التَّمْلِيكُ هُنَا بَلْ تَكْفِي الْإِبَاحَةُ بِخِلَافِ الْفِطْرَةِ وَكَذَا هِيَ مِثْلُ الْفِطْرَةِ مِنْ حَيْثُ الْجِنْسُ وَجَوَازُ أَدَاءِ الْقِيمَةِ.
وَقَالَ الْقُهُسْتَانِيُّ:"
"حال صدورها منه فلا يكفي سماعه من وراء حجاب وإن علم صوته لأن ما كان إدراكه ممكنا بإحدى الحواس يمتنع العمل فيه بغلبة الظن لجواز تشابه الأصوات، وقد يحاكي الإنسان صوت غيره فيشتبه به.
","حَالَ صُدُورِهَا مِنْهُ فَلَا يَكْفِي سَمَاعُهُ مِنْ وَرَاءِ حِجَابٍ وَإِنْ عُلِمَ صَوْتُهُ لِأَنَّ مَا كَانَ إِدْرَاكُهُ مُمْكِنًا بِإِحْدَى الْحَوَاسِّ يَمْتَنِعُ الْعَمَلُ فِيهِ بِغَلَبَةِ الظَّنِّ لِجَوَازِ تَشَابُهِ الْأَصْوَاتِ، وَقَدْ يُحَاكِي الْإِنْسَانُ صَوْتَ غَيْرِهِ فَيَشْتَبِهُ بِهِ.
",حَالَ صُدُورِهَا مِنْهُ فَلَا يَكْفِي سَمَاعُهُ مِنْ وَرَاءِ حِجَابٍ وَإِنْ عُلِمَ صَوْتُهُ لِأَنَّ مَا كَانَ إِدْرَاكُهُ مُمْكِنًا بِإِحْدَى الْحَوَاسِّ يَمْتَنِعُ الْعَمَلُ فِيهِ بِغَلَبَةِ الظَّنِّ لِجَوَازِ تَشَابُهِ الْأَصْوَاتِ، وَقَدْ يُحَاكِي الْإِنْسَانُ صَوْتَ غَيْرِهِ فَيَشْتَبِهُ بِهِ.
"ثم الشريك بإعتاق الأم يصير ضامنا له نصف قيمتها وولاء الأم لمن أعتقها وولاء الولد للمدبر لأنه استحق (9/138)
ولاءه وإن عتق بعد ذلك تبعا للأم فلهذا كان له ولاء الولد والله أعلم بالصواب (9/139)
باب العتق على المال (قال) ","ثُمَّ الشَّرِيكُ بِإِعْتَاقِ الْأُمِّ يَصِيرُ ضَامِنًا لَهُ نِصْفَ قِيمَتِهَا وَوَلَاءُ الْأُمِّ لِمَنْ أَعْتَقَهَا وَوَلَاءُ الْوَلَدِ لِلْمُدَبِّرِ لِأَنَّهُ اسْتَحَقَّ (9/138)
وَلَاءَهُ وَإِنْ عَتَقَ بَعْدَ ذَلِكَ تَبَعًا لِلْأُمِّ فَلِهَذَا كَانَ لَهُ وَلَاءُ الْوَلَدِ وَاللَّهُ أَعْلَمُ بِالصَّوَابِ (9/139)
بَابُ الْعِتْقِ عَلَى الْمَالِ (قَالَ) ","ثُمَّ الشَّرِيكُ بِإِعْتَاقِ الْأُمِّ يَصِيرُ ضَامِنًا لَهُ نِصْفَ قِيمَتِهَا وَوَلَاءُ الْأُمِّ لِمَنْ أَعْتَقَهَا وَوَلَاءُ الْوَلَدِ لِلْمُدَبِّرِ لِأَنَّهُ اسْتَحَقَّ (9/138)
وَلَاءَهُ وَإِنْ عَتَقَ بَعْدَ ذَلِكَ تَبَعًا لِلْأُمِّ فَلِهَذَا كَانَ لَهُ وَلَاءُ الْوَلَدِ وَاللَّهُ أَعْلَمُ بِالصَّوَابِ (9/139)
بَابُ الْعِتْقِ عَلَى الْمَالِ (قَالَ)"
وقد روي عن النبي صلى الله عليه وسلم {أنه حكم بالضرب والسجن} فثبت بهذا أن النبي صلى الله عليه وسلم سجن، ,وَقَدْ رُوِيَ عَنِ النَّبِيِّ صَلَّى اللَّهُ عَلَيْهِ وَسَلَّمَ {أَنَّهُ حَكَمَ بِالضَّرْبِ وَالسَّجْنِ} فَثَبَتَ بِهَذَا أَنَّ النَّبِيَّ صَلَّى اللَّهُ عَلَيْهِ وَسَلَّمَ سَجَنَ، ,وَقَدْ رُوِيَ عَنِ النَّبِيِّ صَلَّى اللَّهُ عَلَيْهِ وَسَلَّمَ {أَنَّهُ حَكَمَ بِالضَّرْبِ وَالسِّجْنِ} فَثَبَتَ بِهَذَا أَنَّ النَّبِيَّ صَلَّى اللَّهُ عَلَيْهِ وَسَلَّمَ سَجَنَ،
"فلو ضاع قبل قوله، فإذا قال دفعت لم يقبل إلا بالإشهاد؛ لأن الضياع لا يمكنه إقامة البينة عليه وقت ضياعه، فلا يكلف ما لا سبيل إليه؛ والبينة يقدر أن يقيمها حال الدفع فتفريطه فيها موجب عليه الضمان.
وقال علماؤنا في الوديعة مثله، وهي عندنا محمولة ونظيرة له.
وخالف في ذلك أبو حنيفة والشافعي وقالا: ","فَلَوْ ضَاعَ قَبْلَ قَوْلِهِ، فَإِذَا قَالَ دَفَعْت لَمْ يُقْبَلْ إِلَّا بِالْإِشْهَادِ؛ لِأَنَّ الضَّيَاعَ لَا يُمْكِنُهُ إِقَامَةُ الْبَيِّنَةِ عَلَيْهِ وَقْتَ ضَيَاعِهِ، فَلَا يُكَلَّفُ مَا لَا سَبِيلَ إِلَيْهِ؛ وَالْبَيِّنَةُ يَقْدِرُ أَنْ يُقِيمَهَا حَالَ الدَّفْعِ فَتَفْرِيطُهُ فِيهَا مُوجِبٌ عَلَيْهِ الضَّمَانَ.
وَقَالَ عُلَمَاؤُنَا فِي الْوَدِيعَةِ مِثْلَهُ، وَهِيَ عِنْدَنَا مَحْمُولَةٌ وَنَظِيرَةٌ لَهُ.
وَخَالَفَ فِي ذَلِكَ أَبُو حَنِيفَةَ وَالشَّافِعِيُّ وَقَالَا: ","فَلَوْ ضَاعَ قَبْلَ قَوْلِهِ، فَإِذَا قَالَ دَفَعْت لَمْ يُقْبَلْ إِلَّا بِالْإِشْهَادِ؛ لِأَنَّ الضَّيَاعَ لَا يُمْكِنُهُ إِقَامَةُ الْبَيِّنَةِ عَلَيْهِ وَقْتَ ضَيَاعِهِ، فَلَا يُكَلَّفُ مَا لَا سَبِيلَ إِلَيْهِ؛ وَالْبَيِّنَةُ يُقَدَّرُ أَنْ يُقِيمَهَا حَالَ الدَّفْعِ فَتَفْرِيطُهُ فِيهَا مُوجِبٌ عَلَيْهِ الضَّمَانَ.
وَقَالَ عُلَمَاؤُنَا فِي الْوَدِيعَةِ مِثْلُهُ، وَهِيَ عِنْدَنَا مَحْمُولَةٌ وَنَظِيرَةٌ لَهُ.
وَخَالَفَ فِي ذَلِكَ أَبُو حَنِيفَةَ وَالشَّافِعِيُّ وَقَالَا:"
"قال رسول الله صلى الله عليه وسلم {من نكح لاعبا أو أطلق لاعبا أو عتق لاعبا جاز} وقال عمر أربع جائزات إذا تكلم بهن: الطلاق والعتاق والنكاح والنذر . (17/26)
(وكان للنبي صلى الله عليه وسلم أن يتزوج بلفظ الهبة وتقدم) ذلك (في الباب قبله) موضحا (وإن تقدم القبول الإيجاب كقوله: تزوجت ابنتك) ","قَالَ رَسُولُ اللَّهِ صَلَّى اللَّهُ عَلَيْهِ وَسَلَّمَ {مَنْ نَكَحَ لَاعِبًا أَوْ أَطْلَقَ لَاعِبًا أَوْ عَتَقَ لَاعِبًا جَازَ} وَقَالَ عُمَرُ أَرْبَعٌ جَائِزَاتٌ إِذَا تُكُلِّمَ بِهِنَّ: الطَّلَاقُ وَالْعَتَاقُ وَالنِّكَاحُ وَالنَّذْرُ . (17/26)
(وَكَانَ لِلنَّبِيِّ صَلَّى اللَّهُ عَلَيْهِ وَسَلَّمَ أَنْ يَتَزَوَّجَ بِلَفْظِ الْهِبَةِ وَتَقَدَّمَ) ذَلِكَ (فِي الْبَابِ قَبْلَهُ) مُوَضَّحًا (وَإِنْ تَقَدَّمَ الْقَبُولُ الْإِيجَابَ كَقَوْلِهِ: تَزَوَّجْتُ ابْنَتَكَ) ","قَالَ رَسُولُ اللَّهِ صَلَّى اللَّهُ عَلَيْهِ وَسَلَّمَ {مَنْ نَكَحَ لَاعِبًا أَوْ أَطْلَقَ لَاعِبًا أَوْ عَتَقَ لَاعِبًا جَازَ} وَقَالَ عُمَرُ أَرْبَعٌ جَائِزَاتٌ إِذَا تَكَلَّمَ بِهِنَّ: الطَّلَاقُ وَالْعَتَاقُ وَالنِّكَاحُ وَالنَّذْرُ . (17/26)
(وَكَانَ لِلنَّبِيِّ صَلَّى اللَّهُ عَلَيْهِ وَسَلَّمَ أَنْ يَتَزَوَّجَ بِلَفْظِ الْهِبَةِ وَتَقَدَّمَ) ذَلِكَ (فِي الْبَابِ قَبْلَهُ) مُوَضَّحًا (وَإِنْ تَقَدَّمَ الْقَبُولُ الْإِيجَابَ كَقَوْلِهِ: تَزَوَّجْت ابْنَتَك)"
وإنما يصح الإتيان بقوله غالبا لو عبر بشعر الرأس من غير إضافة كما فعل غيره ا ه.، ومنتهى اللحيين من الوجه كما تقرر وإن لم تشمله عبارة المصنف (وكذا التحذيف) بالمعجمة: أي موضعه من الوجه (في الأصح) لمحاذاته بياض الوجه، وهو ما ينبت عليه الشعر الخفيف بين ابتداء العذار والنزعة، ,وَإِنَّمَا يَصِحُّ الْإِتْيَانُ بِقَوْلِهِ غَالِبًا لَوْ عَبَّرَ بِشَعْرِ الرَّأْسِ مِنْ غَيْرِ إِضَافَةٍ كَمَا فَعَلَ غَيْرُهُ ا ه.، وَمُنْتَهَى اللَّحْيَيْنِ مِنَ الْوَجْهِ كَمَا تَقَرَّرَ وَإِنْ لَمْ تَشْمَلْهُ عِبَارَةُ الْمُصَنِّفُ (وَكَذَا التَّحْذِيفُ) بِالْمُعْجَمَةِ: أَيْ مَوْضِعِهِ مِنَ الْوَجْهِ (فِي الْأَصَحِّ) لِمُحَاذَاتِهِ بَيَاضَ الْوَجْهِ، وَهُوَ مَا يَنْبُتُ عَلَيْهِ الشَّعْرُ الْخَفِيفُ بَيْنَ ابْتِدَاءِ الْعَذَارِ وَالنَّزْعَةِ، ,وَإِنَّمَا يَصِحُّ الْإِتْيَانُ بِقَوْلِهِ غَالِبًا لَوْ عَبَّرَ بِشَعْرِ الرَّأْسِ مِنْ غَيْرِ إِضَافَةٍ كَمَا فَعَلَ غَيْرُهُ ا ه.، وَمُنْتَهَى اللِّحْيَيْنِ مِنَ الْوَجْهِ كَمَا تَقَرَّرَ وَإِنْ لَمْ تَشْمَلْهُ عِبَارَةُ الْمُصَنِّفِ (وَكَذَا التَّحْذِيفُ) بِالْمُعْجَمَةِ: أَيْ مَوْضِعُهُ مِنَ الْوَجْهِ (فِي الْأَصَحِّ) لِمُحَاذَاتِهِ بَيَاضَ الْوَجْهِ، وَهُوَ مَا يَنْبُتُ عَلَيْهِ الشَّعْرُ الْخَفِيفُ بَيْنَ ابْتِدَاءِ الْعِذَارِ وَالنَّزْعَةِ،
لأنه حقه، أما إذا عتق لا بأداء بأن أعتقه السيد لا عن الكتابة ولو عن كفارته، ومثل ذلك لو باعه، أو وهبه، أو رهنه، أو أوصى برقبته ولم يقيد بعجزه فإنه يصح ويكون فسخا لها فلا يتبعه كسب، ولا ولد ومما تخالف الصحيحة فيه أنه لا يجب فيها إيتاء ولا تصح الوصية بنجومها، ,لِأَنَّهُ حَقُّهُ، أَمَّا إِذَا عَتَقَ لَا بِأَدَاءٍ بِأَنْ أَعْتَقَهُ السَّيِّدُ لَا عَنِ الْكِتَابَةِ وَلَوْ عَنْ كَفَّارَتِهِ، وَمِثْلُ ذَلِكَ لَوْ بَاعَهُ، أَوْ وَهَبَهُ، أَوْ رَهَنَهُ، أَوْ أَوْصَى بِرَقَبَتِهِ وَلَمْ يُقَيِّدْ بِعَجْزِهِ فَإِنَّهُ يَصِحُّ وَيَكُونُ فَسْخًا لَهَا فَلَا يَتْبَعُهُ كَسْبٌ، وَلَا وَلَدٌ وَمِمَّا تُخَالِفُ الصَّحِيحَةَ فِيهِ أَنَّهُ لَا يَجِبُ فِيهَا إِيتَاءٌ وَلَا تَصِحُّ الْوَصِيَّةُ بِنُجُومِهَا، ,لِأَنَّهُ حَقُّهُ، أَمَّا إِذَا عَتَقَ لَا بِأَدَاءٍ بِأَنْ أَعْتَقَهُ السَّيِّدُ لَا عَنِ الْكِتَابَةِ وَلَوْ عَنْ كَفَّارَتِهِ، وَمِثْلُ ذَلِكَ لَوْ بَاعَهُ، أَوْ وَهَبَهُ، أَوْ رَهَنَهُ، أَوْ أَوْصَى بِرَقَبَتِهِ وَلَمْ يُقَيِّدْ بِعَجْزِهِ فَإِنَّهُ يَصِحُّ وَيَكُونُ فَسْخًا لَهَا فَلَا يَتْبَعُهُ كَسْبٌ، وَلَا وَلَدٌ وَمِمَّا تُخَالِفُ الصَّحِيحَةَ فِيهِ أَنَّهُ لَا يَجِبُ فِيهَا إِيتَاءٌ وَلَا تَصِحُّ الْوَصِيَّةُ بِنُجُومِهَا،
"ثم إن جميع ما تقدم من أن لواجد العيب الرد به بالشروط المتقدم ذكرها محله ما لم يحدث عن المشتري عيب آخر في المبيع.
الشرح
(6/473)
قوله: [بين] : إنما بناه للمجهول لأجل التعميم.
الذي قاله بعد.
قوله: [معمول لرد المقدر] : ","ثُمَّ إِنَّ جَمِيعَ مَا تَقَدَّمَ مِنْ أَنَّ لِوَاجِدِ الْعَيْبِ الرَّدَّ بِهِ بِالشُّرُوطِ الْمُتَقَدِّمِ ذِكْرُهَا مَحِلُّهُ مَا لَمْ يَحْدُثْ عَنِ الْمُشْتَرِي عَيْبٌ آخَرُ فِي الْمَبِيعِ.
الشَّرْحُ
(6/473)
قَوْلُهُ: [بُيِّنَ] : إِنَّمَا بَنَاهُ لِلْمَجْهُولِ لِأَجْلِ التَّعْمِيمِ.
الَّذِي قَالَهُ بَعْدُ.
قَوْلُهُ: [مَعْمُولٌ لِرَدِّ الْمُقَدَّرِ] : ","ثُمَّ إِنَّ جَمِيعَ مَا تَقَدَّمَ مِنْ أَنَّ لِوَاجِدِ الْعَيْبِ الرَّدَّ بِهِ بِالشُّرُوطِ الْمُتَقَدِّمِ ذِكْرُهَا مَحَلُّهُ مَا لَمْ يَحْدُثْ عَنِ الْمُشْتَرِي عَيْبٌ آخَرُ فِي الْمَبِيعِ.
الشَّرْحُ
(6/473)
قَوْلُهُ: [بَيْنَ] : إِنَّمَا بَنَاهُ لِلْمَجْهُولِ لِأَجْلِ التَّعْمِيمِ.
الَّذِي قَالَهُ بَعْدُ.
قَوْلُهُ: [مَعْمُولٌ لِرَدِّ الْمُقَدَّرِ] :"
"فصل) وقوله: ولزوجها عليها في ذلك الرجعة قبل أن تحل يريد أن في طول مدد الاستبراء، والعدد، والحيض له الرجعة، وأن يكون ذلك لا يقطع ما كان له من الرجعة ولا ينقطع ذلك إلا بأن تحل للأزواج ويحكم بانقضاء عدتها إلا أن يكون طلاقها باتا فلا تكون له الرجعة لأن البت ينافي الرجعة.
(","فَصْلٌ) وَقَوْلُهُ: وَلِزَوْجِهَا عَلَيْهَا فِي ذَلِكَ الرَّجْعَةُ قَبْلَ أَنْ تَحِلَّ يُرِيدُ أَنَّ فِي طُولِ مُدَدِ الِاسْتِبْرَاءِ، وَالْعِدَدِ، وَالْحَيْضِ لَهُ الرَّجْعَةُ، وَأَنْ يَكُونَ ذَلِكَ لَا يَقْطَعُ مَا كَانَ لَهُ مِنَ الرَّجْعَةِ وَلَا يَنْقَطِعُ ذَلِكَ إِلَّا بِأَنْ تَحِلَّ لِلْأَزْوَاجِ وَيُحْكَمَ بِانْقِضَاءِ عِدَّتِهَا إِلَّا أَنْ يَكُونَ طَلَاقُهَا بَاتًّا فَلَا تَكُونُ لَهُ الرَّجْعَةُ لِأَنَّ الْبَتَّ يُنَافِي الرَّجْعَةَ.
(","فَصْلٌ) وَقَوْلُهُ: وَلِزَوْجِهَا عَلَيْهَا فِي ذَلِكَ الرَّجْعَةُ قَبْلَ أَنْ تَحِلَّ يُرِيدُ أَنَّ فِي طُولِ مُدَدِ الِاسْتِبْرَاءِ، وَالْعَدَدِ، وَالْحَيْضِ لَهُ الرَّجْعَةَ، وَأَنْ يَكُونَ ذَلِكَ لَا يَقْطَعُ مَا كَانَ لَهُ مِنَ الرَّجْعَةِ وَلَا يَنْقَطِعُ ذَلِكَ إِلَّا بِأَنْ تَحِلَّ لِلْأَزْوَاجِ وَيُحْكَمَ بِانْقِضَاءِ عِدَّتِهَا إِلَّا أَنْ يَكُونَ طَلَاقُهَا بَاتًّا فَلَا تَكُونُ لَهُ الرَّجْعَةُ لِأَنَّ الْبَتَّ يُنَافِي الرَّجْعَةَ.
("
والنمر (وتعليمه بثلاثة أشياء أن يسترسل إذا أرسله وينزجر إذا زجر لا في حال مشاهدته الصيد وإذا أمسك لم يأكل) لقوله صلى الله عليه وسلم {فإن أكل فلا تأكل فإني أخاف أن يكون إنما أمسك على نفسه} متفق عليه ولأن العادة في المعلم ترك الأكل فكان شرطا كالانزجار إذا زجر قال في المغني: ,وَالنَّمِرُ (وَتَعْلِيمُهُ بِثَلَاثَةِ أَشْيَاءَ أَنْ يَسْتَرْسِلَ إِذَا أَرْسَلَهُ وَيَنْزَجِرَ إِذَا زُجِرَ لَا فِي حَالِ مُشَاهَدَتِهِ الصَّيْدَ وَإِذَا أَمْسَكَ لَمْ يَأْكُلْ) لِقَوْلِهِ صَلَّى اللَّهُ عَلَيْهِ وَسَلَّمَ {فَإِنْ أَكَلَ فَلَا تَأْكُلْ فَإِنِّي أَخَافُ أَنْ يَكُونَ إِنَّمَا أَمْسَكَ عَلَى نَفْسِهِ} مُتَّفَقٌ عَلَيْهِ وَلِأَنَّ الْعَادَةَ فِي الْمُعَلَّمِ تَرْكَ الْأَكْلِ فَكَانَ شَرْطًا كَالِانْزِجَارِ إِذَا زُجِرَ قَالَ فِي الْمُغْنِي: ,وَالنَّمِرُ (وَتَعْلِيمُهُ بِثَلَاثَةِ أَشْيَاءَ أَنْ يَسْتَرْسِلَ إِذَا أَرْسَلَهُ وَيَنْزَجِرَ إِذَا زَجَرَ لَا فِي حَالِ مُشَاهَدَتِهِ الصَّيْدَ وَإِذَا أَمْسَكَ لَمْ يَأْكُلْ) لِقَوْلِهِ صَلَّى اللَّهُ عَلَيْهِ وَسَلَّمَ {فَإِنْ أَكَلَ فَلَا تَأْكُلْ فَإِنِّي أَخَافُ أَنْ يَكُونَ إِنَّمَا أَمْسَكَ عَلَى نَفْسِهِ} مُتَّفَقٌ عَلَيْهِ وَلِأَنَّ الْعَادَةَ فِي الْمُعَلَّمِ تَرْكُ الْأَكْلِ فَكَانَ شَرْطًا كَالِانْزِجَارِ إِذَا زَجَرَ قَالَ فِي الْمُغْنِي:
"ما لم تطاوعه عالمة بالتحريم، (و) توجب (قيمة الفرع) ، إن أولدها بشبهة لا تقتضي رق الولد؛ لأنه حر نسيب بخلافه في صورة الزنا كما مر.
الشرح
(قوله تنبيه لو باعه) أي لغرض الوفاء منه. (10/88)
(قوله ويوجب المهر إن أكرهها) ","مَا لَمْ تُطَاوِعْهُ عَالِمَةً بِالتَّحْرِيمِ، (وَ) تُوجِبُ (قِيمَةَ الْفَرْعِ) ، إِنْ أَوْلَدَهَا بِشُبْهَةٍ لَا تَقْتَضِي رِقَّ الْوَلَدِ؛ لِأَنَّهُ حُرٌّ نَسِيبٌ بِخِلَافِهِ فِي صُورَةِ الزِّنَا كَمَا مَرَّ.
الشَّرْحُ
(قَوْلُهُ تَنْبِيهٌ لَوْ بَاعَهُ) أَيْ لِغَرَضِ الْوَفَاءِ مِنْهُ. (10/88)
(قَوْلُهُ وَيُوجِبُ الْمَهْرَ إِنْ أَكْرَهَهَا) ","مَا لَمْ تُطَاوِعْهُ عَالِمَةً بِالتَّحْرِيمِ، (وَ) تُوجِبُ (قِيمَةَ الْفَرْعِ) ، إِنْ أَوْلَدَهَا بِشُبْهَةٍ لَا تَقْتَضِي رِقَّ الْوَلَدِ؛ لِأَنَّهُ حُرٌّ نَسِيبٌ بِخِلَافِهِ فِي صُورَةِ الزِّنَا كَمَا مَرَّ.
الشَّرْحُ
(قَوْلُهُ تَنْبِيهٌ لَوْ بَاعَهُ) أَيْ لِغَرَضِ الْوَفَاءِ مِنْهُ. (10/88)
(قَوْلُهُ وَيُوجِبُ الْمَهْرَ إِنْ أَكْرَهَهَا)"
"ولكن خذوهم فهم راضون بذلك لم يسعنا أخذهم لهذا المعنى، فكذلك في الأول؛ لأنهم في حكم المسلمين أحرار في الوجهين، فلا يصيرون مماليك بمجرد دعوى الرق عليهم من غير حجة.
3447 - فإن قالوا حين رأوا المسلمين لا يأخذونهم: نحن عبيدهم كما قالوا، وقد كذبنا في ادعائنا الحرية يسع للمسلمين أن يأخذوهم.
لأنهم أقروا بعد ما أنكروا دعوى الذين ادعوا عليهم الرق، ","وَلَكِنْ خُذُوهُمْ فَهُمْ رَاضُونَ بِذَلِكَ لَمْ يَسَعْنَا أَخْذُهُمْ لِهَذَا الْمَعْنَى، فَكَذَلِكَ فِي الْأَوَّلِ؛ لِأَنَّهُمْ فِي حُكْمِ الْمُسْلِمِينَ أَحْرَارٌ فِي الْوَجْهَيْنِ، فَلَا يَصِيرُونَ مَمَالِيكَ بِمُجَرَّدِ دَعْوَى الرِّقِّ عَلَيْهِمْ مِنْ غَيْرِ حُجَّةٍ.
3447 - فَإِنْ قَالُوا حِينَ رَأَوُا الْمُسْلِمِينَ لَا يَأْخُذُونَهُمْ: نَحْنُ عَبِيدُهُمْ كَمَا قَالُوا، وَقَدْ كَذَبْنَا فِي ادِّعَائِنَا الْحُرِّيَّةَ يَسَعُ لِلْمُسْلِمِينَ أَنْ يَأْخُذُوهُمْ.
لِأَنَّهُمْ أَقَرُّوا بَعْدَ مَا أَنْكَرُوا دَعْوَى الَّذِينَ ادَّعَوْا عَلَيْهِمِ الرِّقَّ، ","وَلَكِنْ خُذُوهُمْ فَهُمْ رَاضُونَ بِذَلِكَ لَمْ يَسَعْنَا أَخْذُهُمْ لِهَذَا الْمَعْنَى، فَكَذَلِكَ فِي الْأَوَّلِ؛ لِأَنَّهُمْ فِي حُكْمِ الْمُسْلِمِينَ أَحْرَارٌ فِي الْوَجْهَيْنِ، فَلَا يَصِيرُونَ مَمَالِيكَ بِمُجَرَّدِ دَعْوَى الرِّقِّ عَلَيْهِمْ مِنْ غَيْرِ حُجَّةٍ.
3447 - فَإِنْ قَالُوا حِينَ رَأَوْا الْمُسْلِمِينَ لَا يَأْخُذُونَهُمْ: نَحْنُ عَبِيدُهُمْ كَمَا قَالُوا، وَقَدْ كَذَبْنَا فِي ادِّعَائِنَا الْحُرِّيَّةَ يَسَعُ لِلْمُسْلِمِينَ أَنْ يَأْخُذُوهُمْ.
لِأَنَّهُمْ أَقَرُّوا بَعْدَ مَا أَنْكَرُوا دَعْوَى الَّذِينَ ادَّعَوْا عَلَيْهِمِ الرِّقَّ،"
"وقال أيضا: لا زكاة إن كانت للنفقة، فإن كانت للتجارة قومت كعروض. (4/125)
فصل وللرجل والمرأة التحلي بالجوهر ونحوه.
وذكر أبو المعالي: يكره للرجل التشبه، ولعل مراده غير تختمه بذلك، وهذه المسألة، وهي تشبه الرجل بالمرأة والمرأة بالرجل في اللباس وغيره يحرم وفاقا لأكثر الشافعية، قال المروذي: كنت عند أبي عبد الله، فمرت به جارية عليها قباء، فتكلم بشيء، ","وَقَالَ أَيْضًا: لَا زَكَاةَ إِنْ كَانَتْ لِلنَّفَقَةِ، فَإِنْ كَانَتْ لِلتِّجَارَةِ قُوِّمَتْ كَعُرُوضٍ. (4/125)
فَصْلٌ وَلِلرَّجُلِ وَالْمَرْأَةِ التَّحَلِّي بِالْجَوْهَرِ وَنَحْوِهِ.
وَذَكَرَ أَبُو الْمَعَالِي: يُكْرَهُ لِلرَّجُلِ التَّشَبُّهُ، وَلَعَلَّ مُرَادَهُ غَيْرُ تَخَتُّمِهِ بِذَلِكَ، وَهَذِهِ الْمَسْأَلَةُ، وَهِيَ تَشَبُّهُ الرَّجُلِ بِالْمَرْأَةِ وَالْمَرْأَةِ بِالرَّجُلِ فِي اللِّبَاسِ وَغَيْرِهِ يَحْرُمُ وِفَاقًا لِأَكْثَرِ الشَّافِعِيَّةِ، قَالَ الْمَرُّوذِيُّ: كُنْتُ عِنْدَ أَبِي عَبْدِ اللَّهِ، فَمَرَّتْ بِهِ جَارِيَةٌ عَلَيْهَا قَبَاءٌ، فَتَكَلَّمَ بِشَيْءٍ، ","وَقَالَ أَيْضًا: لَا زَكَاةَ إِنْ كَانَتْ لِلنَّفَقَةِ، فَإِنْ كَانَتْ لِلتِّجَارَةِ قُوِّمَتْ كَعُرُوضٍ. (4/125)
فَصْلٌ وَلِلرَّجُلِ وَالْمَرْأَةِ التَّحَلِّي بِالْجَوْهَرِ وَنَحْوِهِ.
وَذَكَرَ أَبُو الْمَعَالِي: يُكْرَهُ لِلرَّجُلِ التَّشَبُّهُ، وَلَعَلَّ مُرَادَهُ غَيْرُ تَخَتُّمِهِ بِذَلِكَ، وَهَذِهِ الْمَسْأَلَةُ، وَهِيَ تَشَبُّهُ الرَّجُلِ بِالْمَرْأَةِ وَالْمَرْأَةِ بِالرَّجُلِ فِي اللِّبَاسِ وَغَيْرِهِ يَحْرُمُ وِفَاقًا لِأَكْثَرِ الشَّافِعِيَّةِ، قَالَ الْمَرُّوذِيُّ: كُنْت عِنْدَ أَبِي عَبْدِ اللَّهِ، فَمَرَّتْ بِهِ جَارِيَةٌ عَلَيْهَا قَبَاءٌ، فَتَكَلَّمَ بِشَيْءٍ،"
"ولا بكونه لا يدري المراد به كالأعجمي؛ لأن جهله بمعنى الكلام لا يمنع من ضبطه للحديث، ولهذا يمكنه حفظ القرآن، وإن لم يعرف معناه.
كما لا يرد بكونه لم يرو غير القليل، كالحديث والحديثين، ولا بكونه لا يعرف مجالسة أهل العلم ولا بطلبه؛ لأنه لا يقدح في صدقه.
قاله القاضي عبد الوهاب.
قال: ","وَلَا بِكَوْنِهِ لَا يَدْرِي الْمُرَادَ بِهِ كَالْأَعْجَمِيِّ؛ لِأَنَّ جَهْلَهُ بِمَعْنَى الْكَلَامِ لَا يَمْنَعُ مِنْ ضَبْطِهِ لِلْحَدِيثِ، وَلِهَذَا يُمْكِنُهُ حِفْظُ الْقُرْآنِ، وَإِنْ لَمْ يَعْرِفْ مَعْنَاهُ.
كَمَا لَا يُرَدُّ بِكَوْنِهِ لَمْ يَرْوِ غَيْرَ الْقَلِيلِ، كَالْحَدِيثِ وَالْحَدِيثَيْنِ، وَلَا بِكَوْنِهِ لَا يَعْرِفُ مُجَالَسَةَ أَهْلِ الْعِلْمِ وَلَا بِطَلَبِهِ؛ لِأَنَّهُ لَا يَقْدَحُ فِي صِدْقِهِ.
قَالَهُ الْقَاضِي عَبْدُ الْوَهَّابِ.
قَالَ: ","وَلَا بِكَوْنِهِ لَا يَدْرِي الْمُرَادَ بِهِ كَالْأَعْجَمِيِّ؛ لِأَنَّ جَهْلَهُ بِمَعْنَى الْكَلَامِ لَا يَمْنَعُ مِنْ ضَبْطِهِ لِلْحَدِيثِ، وَلِهَذَا يُمْكِنُهُ حِفْظُ الْقُرْآنِ، وَإِنْ لَمْ يَعْرِفْ مَعْنَاهُ.
كَمَا لَا يَرِدُ بِكَوْنِهِ لَمْ يَرْوِ غَيْرَ الْقَلِيلِ، كَالْحَدِيثِ وَالْحَدِيثَيْنِ، وَلَا بِكَوْنِهِ لَا يَعْرِفُ مُجَالَسَةَ أَهْلِ الْعِلْمِ وَلَا بِطَلَبِهِ؛ لِأَنَّهُ لَا يَقْدَحُ فِي صِدْقِهِ.
قَالَهُ الْقَاضِي عَبْدُ الْوَهَّابِ.
قَالَ:"
وهذه إشارة إلى ما يتيسر له في مدة حياته إلى الموت وهو بعد على غاية النقصان تستولي عليه الأمراض والعلل وتضاد فيه الطبائع ويهدم بعضها بعضا فيمرض كرها ويجوع كرها ولا يأمن في لحظة من الموت والآفات ثم آخره الموت والتعرض للعقاب والحساب فإن من أهل النار فالخنزير خير منه فمن أين يليق به الكبر وهو عبد مملوك لا يقدر على شيء وإليه أشار بقوله - {,وَهَذِهِ إِشَارَةٌ إِلَى مَا يَتَيَسَّرُ لَهُ فِي مُدَّةِ حَيَاتِهِ إِلَى الْمَوْتِ وَهُوَ بَعْدُ عَلَى غَايَةِ النُّقْصَانِ تَسْتَوْلِي عَلَيْهِ الْأَمْرَاضُ وَالْعِلَلُ وَتُضَادُّ فِيهِ الطَّبَائِعُ وَيَهْدِمُ بَعْضُهَا بَعْضًا فَيَمْرَضُ كُرْهًا وَيَجُوعُ كُرْهًا وَلَا يَأْمَنُ فِي لَحْظَةٍ مِنَ الْمَوْتِ وَالْآفَاتِ ثُمَّ آخِرُهُ الْمَوْتُ وَالتَّعَرُّضُ لِلْعِقَابِ وَالْحِسَابِ فَإِنْ مِنْ أَهْلِ النَّارِ فَالْخِنْزِيرُ خَيْرٌ مِنْهُ فَمِنْ أَيْنَ يَلِيقُ بِهِ الْكِبْرُ وَهُوَ عَبْدٌ مَمْلُوكٌ لَا يَقْدِرُ عَلَى شَيْءٍ وَإِلَيْهِ أَشَارَ بِقَوْلِهِ - {,وَهَذِهِ إِشَارَةٌ إِلَى مَا يَتَيَسَّرُ لَهُ فِي مُدَّةِ حَيَاتِهِ إِلَى الْمَوْتِ وَهُوَ بَعْدُ عَلَى غَايَةِ النُّقْصَانِ تَسْتَوْلِي عَلَيْهِ الْأَمْرَاضُ وَالْعِلَلُ وَتُضَادُّ فِيهِ الطَّبَائِعُ وَيَهْدِمُ بَعْضُهَا بَعْضًا فَيَمْرَضُ كُرْهًا وَيَجُوعُ كُرْهًا وَلَا يَأْمَنُ فِي لَحْظَةٍ مِنَ الْمَوْتِ وَالْآفَاتِ ثُمَّ آخِرُهُ الْمَوْتُ وَالتَّعَرُّضُ لِلْعِقَابِ وَالْحِسَابِ فَإِنَّ مِنْ أَهْلِ النَّارِ فَالْخِنْزِيرُ خَيْرٌ مِنْهُ فَمِنْ أَيْنَ يَلِيقُ بِهِ الْكِبْرُ وَهُوَ عَبْدٌ مَمْلُوكٌ لَا يَقْدِرُ عَلَى شَيْءٍ وَإِلَيْهِ أَشَارَ بِقَوْلِهِ - {
"وكذا المفعول به وهو قول مالك وأحمد ( {ومن أتى بهيمة فاقتلوه واقتلوها معه} ) في قاضي خان عن أبي حنيفة تذبح وتحرق (5/499)
البهيمة للواطئ وإلا يدفعها صاحبها إلى الفاعل فالقيمة، ثم يذبحها الواطئ وتحرق إن لم تكن مأكولة وإلا فتذبح ولا تحرق انتهى.
وقيل فتؤكل فوجه الذبح لانقطاع التحدث بها وقيل لئلا يولد حيوان في صورة الإنسان.
","وَكَذَا الْمَفْعُولُ بِهِ وَهُوَ قَوْلُ مَالِكٍ وَأَحْمَدَ ( {وَمَنْ أَتَى بَهِيمَةً فَاقْتُلُوهُ وَاقْتُلُوهَا مَعَهُ} ) فِي قَاضِي خَانْ عَنْ أَبِي حَنِيفَةَ تُذْبَحُ وَتُحْرَقُ (5/499)
الْبَهِيمَةُ لِلْوَاطِئِ وَإِلَّا يَدْفَعُهَا صَاحِبُهَا إِلَى الْفَاعِلِ فَالْقِيمَةُ، ثُمَّ يَذْبَحُهَا الْوَاطِئُ وَتُحْرَقُ إِنْ لَمْ تَكُنْ مَأْكُولَةً وَإِلَّا فَتُذْبَحُ وَلَا تُحْرَقُ انْتَهَى.
وَقِيلَ فَتُؤْكَلُ فَوَجْهُ الذَّبْحِ لِانْقِطَاعِ التَّحَدُّثِ بِهَا وَقِيلَ لِئَلَّا يُولَدَ حَيَوَانٌ فِي صُورَةِ الْإِنْسَانِ.
","وَكَذَا الْمَفْعُولُ بِهِ وَهُوَ قَوْلُ مَالِكٍ وَأَحْمَدَ ( {وَمَنْ أَتَى بَهِيمَةً فَاقْتُلُوهُ وَاقْتُلُوهَا مَعَهُ} ) فِي قَاضِي خَانْ عَنْ أَبِي حَنِيفَةَ تُذْبَحُ وَتُحْرَقُ (5/499)
الْبَهِيمَةُ لِلْوَاطِئِ وَإِلَّا يَدْفَعُهَا صَاحِبُهَا إِلَى الْفَاعِلِ فَالْقِيمَةُ، ثُمَّ يَذْبَحُهَا الْوَاطِئُ وَتُحْرَقُ إِنْ لَمْ تَكُنْ مَأْكُولَةً وَإِلَّا فَتُذْبَحُ وَلَا تُحْرَقُ انْتَهَى.
وَقِيلَ فَتُؤْكَلُ فَوَجْهُ الذَّبْحِ لِانْقِطَاعِ التَّحَدُّثِ بِهَا وَقِيلَ لِئَلَّا يُولَدَ حَيَوَانٌ فِي صُورَةِ الْإِنْسَانِ."
"لأن الدليل على اشتراط النية في الأعمال إنما هو حديث {إنما الأعمال بالنيات} وما في معناه ومطلقه مقيد بإمكان النيات فبقي محل امتناعها غير متناول له دليل اشتراطها فيستدل على إثبات الثواب في النية والنظر الأول بقاعدة سعة باب الثواب إذ لا معارض لذلك والله أعلم.
","لِأَنَّ الدَّلِيلَ عَلَى اشْتِرَاطِ النِّيَّةِ فِي الْأَعْمَالِ إِنَّمَا هُوَ حَدِيثُ {إِنَّمَا الْأَعْمَالُ بِالنِّيَّاتِ} وَمَا فِي مَعْنَاهُ وَمُطْلَقُهُ مُقَيَّدٌ بِإِمْكَانِ النِّيَّاتِ فَبَقِيَ مَحَلُّ امْتِنَاعِهَا غَيْرَ مُتَنَاوِلٍ لَهُ دَلِيلُ اشْتِرَاطِهَا فَيُسْتَدَلُّ عَلَى إِثْبَاتِ الثَّوَابِ فِي النِّيَّةِ وَالنَّظَرِ الْأَوَّلِ بِقَاعِدَةِ سَعَةِ بَابِ الثَّوَابِ إِذْ لَا مُعَارِضَ لِذَلِكَ وَاللَّهُ أَعْلَمُ.
",لِأَنَّ الدَّلِيلَ عَلَى اشْتِرَاطِ النِّيَّةِ فِي الْأَعْمَالِ إِنَّمَا هُوَ حَدِيثُ {إِنَّمَا الْأَعْمَالُ بِالنِّيَّاتِ} وَمَا فِي مَعْنَاهُ وَمُطْلَقُهُ مُقَيَّدٌ بِإِمْكَانِ النِّيَّاتِ فَبَقِيَ مَحَلُّ امْتِنَاعِهَا غَيْرَ مُتَنَاوِلٍ لَهُ دَلِيلُ اشْتِرَاطِهَا فَيُسْتَدَلُّ عَلَى إِثْبَاتِ الثَّوَابِ فِي النِّيَّةِ وَالنَّظَرُ الْأَوَّلُ بِقَاعِدَةِ سَعَةِ بَابِ الثَّوَابِ إِذْ لَا مُعَارِضَ لِذَلِكَ وَاللَّهُ أَعْلَمُ.
فرع) وقوله من بنى مسجدا في قرية ثم صلي فيه يريد إباحة لمن صلى فيه فإن ذلك مما يلزم به تحبيسه، وإن كان لم يتلفظ بالتحبيس، ولو تلفظ به للزمه ذلك، وظاهر قول مطرف وهو معنى ما في المدونة أنه لا يلزمه لمجرد البنيان، وفي هذا عندي نظر، وقد كان يجب أن يلزم لمجرد البنيان؛ ,فَرْعٌ) وَقَوْلُهُ مَنْ بَنَى مَسْجِدًا فِي قَرْيَةٍ ثُمَّ صُلِّيَ فِيهِ يُرِيدُ إِبَاحَةً لِمَنْ صَلَّى فِيهِ فَإِنَّ ذَلِكَ مِمَّا يَلْزَمُ بِهِ تَحْبِيسُهُ، وَإِنْ كَانَ لَمْ يَتَلَفَّظْ بِالتَّحْبِيسِ، وَلَوْ تَلَفَّظَ بِهِ لَلَزِمَهُ ذَلِكَ، وَظَاهِرُ قَوْلِ مُطَرِّفٍ وَهُوَ مَعْنَى مَا فِي الْمُدَوَّنَةِ أَنَّهُ لَا يَلْزَمُهُ لِمُجَرَّدِ الْبُنْيَانِ، وَفِي هَذَا عِنْدِي نَظَرٌ، وَقَدْ كَانَ يَجِبُ أَنْ يَلْزَمَ لِمُجَرَّدِ الْبُنْيَانِ؛ ,فَرْعٌ) وَقَوْلُهُ مَنْ بَنَى مَسْجِدًا فِي قَرْيَةٍ ثُمَّ صُلِّيَ فِيهِ يُرِيدُ إِبَاحَةً لِمَنْ صَلَّى فِيهِ فَإِنَّ ذَلِكَ مِمَّا يَلْزَمُ بِهِ تَحْبِيسُهُ، وَإِنْ كَانَ لَمْ يَتَلَفَّظْ بِالتَّحْبِيسِ، وَلَوْ تَلَفَّظَ بِهِ لَلَزِمَهُ ذَلِكَ، وَظَاهِرُ قَوْلِ مُطَرِّفٍ وَهُوَ مَعْنَى مَا فِي الْمُدَوَّنَةِ أَنَّهُ لَا يَلْزَمُهُ لِمُجَرَّدِ الْبُنْيَانِ، وَفِي هَذَا عِنْدِي نَظَرٌ، وَقَدْ كَانَ يَجِبُ أَنْ يَلْزَمَ لِمُجَرَّدِ الْبُنْيَانِ؛
"جارية في يد رجل مع الولد فادعى رجل أن ذا اليد زوجها منه وولدت وادعى ذو اليد أن هذه الجارية في يد المدعي زوجها مني والولد مني يثبت نسبه منهما وعتق ويتوقف حكم الجارية لا يطؤها أحدهما فإذا مات أحدهما عتقت الجارية، كذا في التتارخانية ناقلا عن الخزانة. (30/130)
","جَارِيَةٌ فِي يَدِ رَجُلٍ مَعَ الْوَلَدِ فَادَّعَى رَجُلٌ أَنَّ ذَا الْيَدِ زَوَّجَهَا مِنْهُ وَوَلَدَتْ وَادَّعَى ذُو الْيَدِ أَنَّ هَذِهِ الْجَارِيَةَ فِي يَدِ الْمُدَّعِي زَوَّجَهَا مِنِّي وَالْوَلَدُ مِنِّي يَثْبُتُ نَسَبُهُ مِنْهُمَا وَعَتَقَ وَيَتَوَقَّفُ حُكْمُ الْجَارِيَةِ لَا يَطَؤُهَا أَحَدُهُمَا فَإِذَا مَاتَ أَحَدُهُمَا عَتَقَتِ الْجَارِيَةُ، كَذَا فِي التَّتَارْخَانِيَّةِ نَاقِلًا عَنِ الْخِزَانَةِ. (30/130)
",جَارِيَةٌ فِي يَدِ رَجُلٍ مَعَ الْوَلَدِ فَادَّعَى رَجُلٌ أَنَّ ذَا الْيَدِ زَوَّجَهَا مِنْهُ وَوَلَدَتْ وَادَّعَى ذُو الْيَدِ أَنَّ هَذِهِ الْجَارِيَةَ فِي يَدِ الْمُدَّعِي زَوَّجَهَا مِنِّي وَالْوَلَدُ مِنِّي يَثْبُتُ نَسَبُهُ مِنْهُمَا وَعَتَقَ وَيَتَوَقَّفُ حُكْمُ الْجَارِيَةِ لَا يَطَؤُهَا أَحَدُهُمَا فَإِذَا مَاتَ أَحَدُهُمَا عَتَقَتِ الْجَارِيَةُ، كَذَا فِي التَّتَارْخَانِيَّةِ نَاقِلًا عَنِ الْخِزَانَةِ. (30/130)
إلا النصف فإنه من المناصفة لتناصف القسمين واستوائهما، ولو أريد ذلك لقيل ثني بضم أوله كثلث وما بعده (وإن كان) أي وجد (فرضان مختلفا المخرج، فإن تداخل مخرجاهما فأصل المسألة أكثرهما كسدس وثلث) في أم وأخ لأم وعم هي من ستة (وإن توافقا) بأحد الأجزاء (ضرب وفق أحدهما في الآخر والحاصل أصل المسألة كسدس وثمن) ,إِلَّا النِّصْفَ فَإِنَّهُ مِنَ الْمُنَاصَفَةِ لِتَنَاصُفِ الْقِسْمَيْنِ وَاسْتِوَائِهِمَا، وَلَوْ أُرِيدَ ذَلِكَ لَقِيلَ ثُنَيْ بِضَمِّ أَوَّلِهِ كَثُلُثٍ وَمَا بَعْدَهُ (وَإِنْ كَانَ) أَيْ وُجِدَ (فَرْضَانِ مُخْتَلِفَا الْمَخْرَجِ، فَإِنْ تَدَاخَلَ مَخْرَجَاهُمَا فَأَصْلُ الْمَسْأَلَةِ أَكْثَرُهُمَا كَسُدُسٍ وَثُلُثٍ) فِي أُمٍّ وَأَخٍ لِأُمٍّ وَعَمٍّ هِيَ مِنْ سِتَّةٍ (وَإِنْ تَوَافَقَا) بِأَحَدِ الْأَجْزَاءِ (ضُرِبَ وَفْقُ أَحَدِهِمَا فِي الْآخَرِ وَالْحَاصِلُ أَصْلُ الْمَسْأَلَةِ كَسُدُسٍ وَثُمُنٍ) ,إِلَّا النِّصْفَ فَإِنَّهُ مِنَ الْمُنَاصَفَةِ لِتَنَاصُفِ الْقِسْمَيْنِ وَاسْتِوَائِهِمَا، وَلَوْ أُرِيدَ ذَلِكَ لَقِيلَ ثُنِّي بِضَمِّ أَوَّلِهِ كَثُلُثٍ وَمَا بَعْدَهُ (وَإِنْ كَانَ) أَيْ وُجِدَ (فَرْضَانِ مُخْتَلِفَا الْمَخْرَجِ، فَإِنْ تَدَاخَلَ مَخْرَجَاهُمَا فَأَصْلُ الْمَسْأَلَةِ أَكْثَرُهُمَا كَسُدُسٍ وَثُلُثٍ) فِي أُمٍّ وَأَخٍ لِأُمٍّ وَعَمٍّ هِيَ مِنْ سِتَّةٍ (وَإِنْ تَوَافَقَا) بِأَحَدِ الْأَجْزَاءِ (ضُرِبَ وَفْقُ أَحَدِهِمَا فِي الْآخَرِ وَالْحَاصِلُ أَصْلُ الْمَسْأَلَةِ كَسُدُسٍ وَثُمُنٍ)
قد كان من ابن أم مكتوم ما كان من الاعتذار إلى رسول الله صلى الله عليه وسلم بما اعتذر به إليه وقد كان يوم القادسية على حاله التي اعتذر بها إلى رسول الله صلى الله عليه وسلم يحمل الراية في قتاله الكفار فكيف لم يبذل ذلك من نفسه لرسول الله صلى الله عليه وسلم وذكر ما قد حدثنا إبراهيم بن مرزوق قال: ,قَدْ كَانَ مِنَ ابْنِ أُمِّ مَكْتُومٍ مَا كَانَ مِنَ الِاعْتِذَارِ إِلَى رَسُولِ اللَّهِ صَلَّى اللَّهُ عَلَيْهِ وَسَلَّمَ بِمَا اعْتَذَرَ بِهِ إِلَيْهِ وَقَدْ كَانَ يَوْمَ الْقَادِسِيَّةِ عَلَى حَالِهِ الَّتِي اعْتَذَرَ بِهَا إِلَى رَسُولُ اللَّهِ صَلَّى اللَّهُ عَلَيْهِ وَسَلَّمَ يَحْمِلُ الرَّايَةَ فِي قِتَالِهِ الْكُفَّارَ فَكَيْفَ لَمْ يَبْذُلْ ذَلِكَ مِنْ نَفْسِهِ لِرَسُولِ اللَّهِ صَلَّى اللَّهُ عَلَيْهِ وَسَلَّمَ وَذَكَرَ مَا قَدْ حَدَّثَنَا إِبْرَاهِيمُ بْنُ مَرْزُوقٍ قَالَ: ,قَدْ كَانَ مِنَ ابْنِ أُمِّ مَكْتُومٍ مَا كَانَ مِنَ الِاعْتِذَارِ إِلَى رَسُولِ اللَّهِ صَلَّى اللَّهُ عَلَيْهِ وَسَلَّمَ بِمَا اعْتَذَرَ بِهِ إِلَيْهِ وَقَدْ كَانَ يَوْمَ الْقَادِسِيَّةِ عَلَى حَالِهِ الَّتِي اعْتَذَرَ بِهَا إِلَى رَسُولِ اللَّهِ صَلَّى اللَّهُ عَلَيْهِ وَسَلَّمَ يَحْمِلُ الرَّايَةَ فِي قِتَالِهِ الْكُفَّارَ فَكَيْفَ لَمْ يَبْذُلْ ذَلِكَ مِنْ نَفْسِهِ لِرَسُولِ اللَّهِ صَلَّى اللَّهُ عَلَيْهِ وَسَلَّمَ وَذَكَرَ مَا قَدْ حَدَّثَنَا إِبْرَاهِيمُ بْنُ مَرْزُوقٍ قَالَ:
"ولا شيء له من الأرش، وإن شاء أخذ نصف قيمته عبدا عند أصحابنا الثلاثة.
وقال زفر: للزوج أن يضمنها الأرش (وجه) قوله أن المهر مضمون عليها بالقبض، والأوصاف، وهي الأتباع، فتضمن بالقبض، ولا تضمن بالعقد، وكذلك يقول زفر في النقصان الحادث بغير فعلها لهذا المعنى.
(ولنا) أن المرأة جنت على ملك نفسها، ","وَلَا شَيْءَ لَهُ مِنَ الْأَرْشِ، وَإِنْ شَاءَ أَخَذَ نِصْفَ قِيمَتِهِ عَبْدًا عِنْدَ أَصْحَابِنَا الثَّلَاثَةِ.
وَقَالَ زُفَرُ: لِلزَّوْجِ أَنْ يُضَمِّنَهَا الْأَرْشَ (وَجْهُ) قَوْلِهِ أَنَّ الْمَهْرَ مَضْمُونٌ عَلَيْهَا بِالْقَبْضِ، وَالْأَوْصَافِ، وَهِيَ الْأَتْبَاعُ، فَتُضَمَّنُ بِالْقَبْضِ، وَلَا تُضَمَّنُ بِالْعَقْدِ، وَكَذَلِكَ يَقُولُ زُفَرُ فِي النُّقْصَانِ الْحَادِثِ بِغَيْرِ فِعْلِهَا لِهَذَا الْمَعْنَى.
(وَلَنَا) أَنَّ الْمَرْأَةَ جَنَتْ عَلَى مِلْكِ نَفْسِهَا، ","وَلَا شَيْءَ لَهُ مِنَ الْأَرْشِ، وَإِنْ شَاءَ أَخَذَ نِصْفَ قِيمَتِهِ عَبْدًا عِنْدَ أَصْحَابِنَا الثَّلَاثَةِ.
وَقَالَ زُفَرُ: لِلزَّوْجِ أَنْ يُضَمِّنَهَا الْأَرْشَ (وَجْهُ) قَوْلِهِ أَنَّ الْمَهْرَ مَضْمُونٌ عَلَيْهَا بِالْقَبْضِ، وَالْأَوْصَافِ، وَهِيَ الْأَتْبَاعُ، فَتُضْمَنُ بِالْقَبْضِ، وَلَا تُضْمَنُ بِالْعَقْدِ، وَكَذَلِكَ يَقُولُ زُفَرُ فِي النُّقْصَانِ الْحَادِثِ بِغَيْرِ فِعْلِهَا لِهَذَا الْمَعْنَى.
(وَلَنَا) أَنَّ الْمَرْأَةَ جَنَتْ عَلَى مِلْكِ نَفْسِهَا،"
"وأنكحوا الأيامى منكم والصالحين من عبادكم وإمائكم إن يكونوا فقراء يغنهم الله من فضله والله واسع عليم * وليستعفف الذين لا يجدون نكاحا حتى يغنيهم الله من فضله والذين يبتغون الكتاب مما ملكت أيمانكم فكاتبوهم إن علمتم فيهم خيرا وآتوهم من مال الله الذي آتاكم ولا تكرهوا فتياتكم على البغاء إن أردن تحصنا لتبتغوا عرض الحياة الدنيا ومن يكرههن فإن الله من بعد إكراههن غفور رحيم * ولقد أنزلنا إليكم آيات مبينات ومثلا من الذين خلوا من قبلكم وموعظة للمتقين}
","وَأَنْكِحُوا الْأَيَامَى مِنْكُمْ وَالصَّالِحِينَ مِنْ عِبَادِكُمْ وَإِمَائِكُمْ إِنْ يَكُونُوا فُقَرَاءَ يُغْنِهِمُ اللَّهُ مِنْ فَضْلِهِ وَاللَّهُ وَاسِعٌ عَلِيمٌ * وَلْيَسْتَعْفِفِ الَّذِينَ لَا يَجِدُونَ نِكَاحًا حَتَّى يُغْنِيَهُمُ اللَّهُ مِنْ فَضْلِهِ وَالَّذِينَ يَبْتَغُونَ الْكِتَابَ مِمَّا مَلَكَتْ أَيْمَانُكُمْ فَكَاتِبُوهُمْ إِنْ عَلِمْتُمْ فِيهِمْ خَيْرًا وَآتُوهُمْ مِنْ مَالِ اللَّهِ الَّذِي آتَاكُمْ وَلَا تُكْرِهُوا فَتَيَاتِكُمْ عَلَى الْبِغَاءِ إِنْ أَرَدْنَ تَحَصُّنًا لِتَبْتَغُوا عَرَضَ الْحَيَاةِ الدُّنْيَا وَمَنْ يُكْرِههُّنَّ فَإِنَّ اللَّهَ مِنْ بَعْدِ إِكْرَاهِهِنَّ غَفُورٌ رَحِيمٌ * وَلَقَدْ أَنْزَلْنَا إِلَيْكُمْ آيَاتٍ مُبَيِّنَاتٍ وَمَثَلَا مِنَ الَّذِينَ خَلَوْا مِنْ قَبْلِكُمْ وَمَوْعِظَةً لِلْمُتَّقِينَ}
",وَأَنْكِحُوا الْأَيَامَى مِنْكُمْ وَالصَّالِحِينَ مِنْ عِبَادِكُمْ وَإِمَائِكُمْ إِنْ يَكُونُوا فُقَرَاءَ يُغْنِهِمُ اللَّهُ مِنْ فَضْلِهِ وَاللَّهُ وَاسِعٌ عَلِيمٌ * وَلِيَسْتَعْفِفِ الَّذِينَ لَا يَجِدُونَ نِكَاحًا حَتَّى يُغْنِيَهُمُ اللَّهُ مِنْ فَضْلِهِ وَالَّذِينَ يَبْتَغُونَ الْكِتَابَ مِمَّا مَلَكَتْ أَيْمَانُكُمْ فَكَاتِبُوهُمْ إِنْ عَلِمْتُمْ فِيهِمْ خَيْرًا وَآتُوهُمْ مِنْ مَالِ اللَّهِ الَّذِي آتَاكُمْ وَلَا تُكْرِهُوا فَتَيَاتِكُمْ عَلَى الْبِغَاءِ إِنْ أَرَدْنَ تَحَصُّنًا لِتَبْتَغُوا عَرَضَ الْحَيَاةِ الدُّنْيَا وَمَنْ يُكْرِهْهُنَّ فَإِنَّ اللَّهَ مِنْ بَعْدِ إِكْرَاهِهِنَّ غَفُورٌ رَحِيمٌ * وَلَقَدْ أَنْزَلْنَا إِلَيْكُمْ آيَاتٍ مُبَيِّنَاتٍ وَمَثَلًا مِنَ الَّذِينَ خَلَوْا مِنْ قَبْلِكُمْ وَمَوْعِظَةً لِلْمُتَّقِينَ}
"ويترتب على استحبابه وكراهته حكم نذره وشرطه في وقف ووصية ونحوه، والله أعلم.
أما ما لم يحتج إلى شد رحل فيخير، ذكره القاضي وابن عقيل.
وقال في الواضح: الأفضل الوفاء، وهذا (5/161)
أظهر.
الشرح
(5/162)
(مسألة 5) قوله: ","وَيَتَرَتَّبُ عَلَى اسْتِحْبَابِهِ وَكَرَاهَتِهِ حُكْمُ نَذْرِهِ وَشَرْطِهِ فِي وَقْفٍ وَوَصِيَّةٍ وَنَحْوِهِ، وَاللَّهُ أَعْلَمُ.
أَمَّا مَا لَمْ يَحْتَجْ إِلَى شَدِّ رَحْلٍ فَيُخَيَّرُ، ذَكَرَهُ الْقَاضِي وَابْنُ عَقِيلٍ.
وَقَالَ فِي الْوَاضِحِ: الْأَفْضَلُ الْوَفَاءُ، وَهَذَا (5/161)
أَظْهَرُ.
الشَّرْحُ
(5/162)
(مَسْأَلَةٌ 5) قَوْلُهُ: ","وَيَتَرَتَّبُ عَلَى اسْتِحْبَابِهِ وَكَرَاهَتِهِ حُكْمُ نَذْرِهِ وَشَرْطِهِ فِي وَقْفٍ وَوَصِيَّةٍ وَنَحْوِهِ، وَاللَّهُ أَعْلَمُ.
أَمَّا مَا لَمْ يَحْتَجْ إِلَى شَدِّ رَحْلٍ فَيُخَيَّرُ، ذَكَرَهُ الْقَاضِي وَابْنُ عَقِيلٍ.
وَقَالَ فِي الْوَاضِحِ: الْأَفْضَلُ الْوَفَاءُ، وَهَذَا (5/161)
أَظْهَرُ.
الشَّرْحُ
(5/162)
(مَسْأَلَةٌ 5) قَوْلُهُ:"
"الشرح
(قوله أو قالت له طلقني على ألف فقال طلقتك إلخ) لو قال أردت ابتداء طلاقها قبل منه وله الرجعة ولها تحليفه على أنه لم يرد جوابها (16/53)
(فصل لا رجعة في طلاق العوض وإن فسد) ","الشَّرْحُ
(قَوْلُهُ أَوْ قَالَتْ لَهُ طَلِّقْنِي عَلَى أَلْفٍ فَقَالَ طَلَّقْتُكِ إِلَخْ) لَوْ قَالَ أَرَدْت ابْتِدَاءَ طَلَاقِهَا قُبِلَ مِنْهُ وَلَهُ الرَّجْعَةُ وَلَهَا تَحْلِيفُهُ عَلَى أَنَّهُ لَمْ يُرِدْ جَوَابَهَا (16/53)
(فَصْلٌ لَا رَجْعَةَ فِي طَلَاقِ الْعِوَضِ وَإِنْ فَسَدَ) ","الشَّرْحُ
(قَوْلُهُ أَوْ قَالَتْ لَهُ طَلِّقْنِي عَلَى أَلْفٍ فَقَالَ طَلَّقْتُك إِلَخْ) لَوْ قَالَ أَرَدْت ابْتِدَاءَ طَلَاقِهَا قُبِلَ مِنْهُ وَلَهُ الرَّجْعَةُ وَلَهَا تَحْلِيفُهُ عَلَى أَنَّهُ لَمْ يُرِدْ جَوَابَهَا (16/53)
(فَصْلٌ لَا رَجْعَةَ فِي طَلَاقِ الْعِوَضِ وَإِنْ فَسَدَ)"
"أنا أقيم بينة أنه لي فهذا لا يقبل منه هكذا في المبسوط. (26/147)
كل بينتين لو اجتمعا في حالة واحدة سقطتا لوجود الكذب في إحداهما، فإذا بدأ الحاكم بإحداهما يتعين الكذب في الأخرى.
","أَنَا أُقِيمُ بَيِّنَةً أَنَّهُ لِي فَهَذَا لَا يُقْبَلُ مِنْهُ هَكَذَا فِي الْمَبْسُوطِ. (26/147)
كُلُّ بَيِّنَتَيْنِ لَوِ اجْتَمَعَا فِي حَالَةٍ وَاحِدَةٍ سَقَطَتَا لِوُجُودِ الْكَذِبِ فِي إِحْدَاهُمَا، فَإِذَا بَدَأَ الْحَاكِمُ بِإِحْدَاهُمَا يَتَعَيَّنُ الْكَذِبُ فِي الْأُخْرَى.
","أَنَا أُقِيمُ بَيِّنَةً أَنَّهُ لِي فَهَذَا لَا يُقْبَلُ مِنْهُ هَكَذَا فِي الْمَبْسُوطِ. (26/147)
كُلُّ بَيِّنَتَيْنِ لَوِ اجْتَمَعَا فِي حَالَةٍ وَاحِدَةٍ سَقَطَتَا لِوُجُودِ الْكَذِبِ فِي إِحْدَاهُمَا، فَإِذَا بَدَأَ الْحَاكِمُ بِإِحْدَاهُمَا يَتَعَيَّنُ الْكَذِبُ فِي الْأُخْرَى."
ولم يذكر بهرام خلافا بحيث يقال رد عليه بلو غاية ما قال حصل بعض الأشياخ في القيام بالغبن، وعدم القيام به ثلاث طرق الأولى للقاضي عبد الوهاب في المعونة ثبوت الخيار لغير العارف باتفاق، وفي العارف قولان الثانية للمازري إن استسلم أي أخبر المشتري البائع أنه غير عارف بقيمته فقال له البائع قيمتها كذا فله الرد، ,وَلَمْ يَذْكُرْ بَهْرَامُ خِلَافًا بِحَيْثُ يُقَالُ رَدَّ عَلَيْهِ بِلَوْ غَايَةُ مَا قَالَ حَصَلَ بَعْضُ الْأَشْيَاخِ فِي الْقِيَامِ بِالْغَبْنِ، وَعَدَمُ الْقِيَامِ بِهِ ثَلَاثُ طُرُقٍ الْأُولَى لِلْقَاضِي عَبْدِ الْوَهَّابِ فِي الْمَعُونَةِ ثُبُوتُ الْخِيَارِ لِغَيْرِ الْعَارِفِ بِاتِّفَاقٍ، وَفِي الْعَارِفِ قَوْلَانِ الثَّانِيَةُ لِلْمَازِرِيِّ إِنِ اسْتَسْلَمَ أَيْ أَخْبَرَ الْمُشْتَرِي الْبَائِعَ أَنَّهُ غَيْرُ عَارِفٍ بِقِيمَتِهِ فَقَالَ لَهُ الْبَائِعُ قِيمَتُهَا كَذَا فَلَهُ الرَّدُّ، ,وَلَمْ يَذْكُرْ بَهْرَامُ خِلَافًا بِحَيْثُ يُقَالُ رُدَّ عَلَيْهِ بِلَوْ غَايَةُ مَا قَالَ حَصَلَ بَعْضُ الْأَشْيَاخِ فِي الْقِيَامِ بِالْغَبْنِ، وَعَدَمِ الْقِيَامِ بِهِ ثَلَاثُ طُرُقٍ الْأُولَى لِلْقَاضِي عَبْدِ الْوَهَّابِ فِي الْمَعُونَةِ ثُبُوتُ الْخِيَارِ لِغَيْرِ الْعَارِفِ بِاتِّفَاقٍ، وَفِي الْعَارِفِ قَوْلَانِ الثَّانِيَةُ لِلْمَازِرِيِّ إِنِ اسْتَسْلَمَ أَيْ أَخْبَرَ الْمُشْتَرِي الْبَائِعَ أَنَّهُ غَيْرُ عَارِفٍ بِقِيمَتِهِ فَقَالَ لَهُ الْبَائِعُ قِيمَتُهَا كَذَا فَلَهُ الرَّدُّ،
"لأنه غيره وما وقع في الكنز، والقدوري من تنكير السرير مشكل إلا أن يحمل المنكر على المعرف كما في الجوهرة لكن بعيد تأمل.
(وإن جعل فوقه) أي فوق هذا السرير (بساط أو حصير) فجلس عليه (حنث) ؛ ","لِأَنَّهُ غَيْرُهُ وَمَا وَقَعَ فِي الْكَنْزِ، وَالْقُدُورِيِّ مِنْ تَنْكِيرِ السَّرِيرِ مُشْكِلٌ إِلَّا أَنْ يُحْمَلَ الْمُنَكَّرُ عَلَى الْمُعَرَّفِ كَمَا فِي الْجَوْهَرَةِ لَكِنْ بَعِيدٌ تَأَمَّلْ.
(وَإِنْ جُعِلَ فَوْقَهُ) أَيْ فَوْقَ هَذَا السَّرِيرِ (بِسَاطٌ أَوْ حَصِيرٌ) فَجَلَسَ عَلَيْهِ (حَنِثَ) ؛ ","لِأَنَّهُ غَيْرُهُ وَمَا وَقَعَ فِي الْكَنْزِ، وَالْقُدُورِيِّ مِنْ تَنْكِيرِ السَّرِيرِ مُشْكِلٌ إِلَّا أَنْ يُحْمَلَ الْمُنَكَّرُ عَلَى الْمُعَرَّفِ كَمَا فِي الْجَوْهَرَةِ لَكِنْ بَعِيدٌ تَأَمَّلْ.
(وَإِنْ جَعَلَ فَوْقَهُ) أَيْ فَوْقَ هَذَا السَّرِيرِ (بِسَاطٌ أَوْ حَصِيرٌ) فَجَلَسَ عَلَيْهِ (حَنِثَ) ؛"
"هذا هو الصحيح.
وقال أصحابنا: له الفطر بعد إكمال الثلاثين، صحوا كان أو غيما، وإن صام بشهادة واحد فعلى ما ذكرنا في شهادة الاثنين، وقيل: لا (4/432)
يفطر بحال، انتهى. (4/433)
ومن رأى هلال رمضان وحده وردت شهادته لزمه الصوم وحكمه (و) للعموم، وكعلم فاسق بنجاسة ماء أو دين على موروثه، ولأنه يلزمه إمساكه لو أفطر فيه، ","هَذَا هُوَ الصَّحِيحُ.
وَقَالَ أَصْحَابُنَا: لَهُ الْفِطْرُ بَعْدَ إِكْمَالِ الثَّلَاثِينَ، صَحْوًا كَانَ أَوْ غَيْمًا، وَإِنْ صَامَ بِشَهَادَةِ وَاحِدٍ فَعَلَى مَا ذَكَرْنَا فِي شَهَادَةِ الِاثْنَيْنِ، وَقِيلَ: لَا (4/432)
يُفْطِرُ بِحَالٍ، انْتَهَى. (4/433)
وَمَنْ رَأَى هِلَالَ رَمَضَانَ وَحْدَهُ وَرُدَّتْ شَهَادَتُهُ لَزِمَهُ الصَّوْمُ وَحُكْمُهُ (و) لِلْعُمُومِ، وَكَعِلْمِ فَاسِقٍ بِنَجَاسَةِ مَاءٍ أَوْ دَيْنٍ عَلَى مَوْرُوثِهِ، وَلِأَنَّهُ يَلْزَمُهُ إِمْسَاكُهُ لَوْ أَفْطَرَ فِيهِ، ","هَذَا هُوَ الصَّحِيحُ.
وَقَالَ أَصْحَابُنَا: لَهُ الْفِطْرُ بَعْدَ إِكْمَالِ الثَّلَاثِينَ، صَحَّوْا كَانَ أَوْ غَيْمًا، وَإِنْ صَامَ بِشَهَادَةِ وَاحِدٍ فَعَلَى مَا ذَكَرْنَا فِي شَهَادَةِ الِاثْنَيْنِ، وَقِيلَ: لَا (4/432)
يُفْطِرُ بِحَالٍ، انْتَهَى. (4/433)
وَمَنْ رَأَى هِلَالَ رَمَضَانَ وَحْدَهُ وَرُدَّتْ شَهَادَتُهُ لَزِمَهُ الصَّوْمُ وَحُكْمُهُ (وَ) لِلْعُمُومِ، وَكَعِلْمِ فَاسِقٍ بِنَجَاسَةِ مَاءٍ أَوْ دَيْنٍ عَلَى مَوْرُوثِهِ، وَلِأَنَّهُ يَلْزَمُهُ إِمْسَاكُهُ لَوْ أَفْطَرَ فِيهِ،"
"وإلا فلا كالزكاة، ولو نذر التصدق على ولده أو غيره الغني جاز؛ لأن الصدقة على الغني جائزة وقربة، ولو نذر أن يضحي بشاة مثلا على أن لا يتصدق بها لم ينعقد نذره لتصريحه بما ينافيه. (19/24)
أو صلاة فركعتان، وفي قول ركعة فعلى الأول يجب القيام فيهما مع القدرة، وعلى الثاني لا.
الشرح
(","وَإِلَّا فَلَا كَالزَّكَاةِ، وَلَوْ نَذَرَ التَّصَدُّقَ عَلَى وَلَدِهِ أَوْ غَيْرِهِ الْغَنِيِّ جَازَ؛ لِأَنَّ الصَّدَقَةَ عَلَى الْغَنِيِّ جَائِزَةٌ وَقُرْبَةٌ، وَلَوْ نَذَرَ أَنْ يُضَحِّيَ بِشَاةٍ مَثَلًا عَلَى أَنْ لَا يَتَصَدَّقَ بِهَا لَمْ يَنْعَقِدْ نَذْرُهُ لِتَصْرِيحِهِ بِمَا يُنَافِيه. (19/24)
أَوْ صَلَاةً فَرَكْعَتَانِ، وَفِي قَوْلٍ رَكْعَةٌ فَعَلَى الْأَوَّلِ يَجِبُ الْقِيَامُ فِيهِمَا مَعَ الْقُدْرَةِ، وَعَلَى الثَّانِي لَا.
الشَّرْحُ
(","وَإِلَّا فَلَا كَالزَّكَاةِ، وَلَوْ نَذَرَ التَّصَدُّقَ عَلَى وَلَدِهِ أَوْ غَيْرِهِ الْغَنِيِّ جَازَ؛ لِأَنَّ الصَّدَقَةَ عَلَى الْغَنِيِّ جَائِزَةٌ وَقُرْبَةٌ، وَلَوْ نَذَرَ أَنْ يُضَحِّيَ بِشَاةٍ مَثَلًا عَلَى أَنْ لَا يَتَصَدَّقَ بِهَا لَمْ يَنْعَقِدْ نَذْرُهُ لِتَصْرِيحِهِ بِمَا يُنَافِيهِ. (19/24)
أَوْ صَلَاةً فَرَكْعَتَانِ، وَفِي قَوْلٍ رَكْعَةٌ فَعَلَى الْأَوَّلِ يَجِبُ الْقِيَامُ فِيهِمَا مَعَ الْقُدْرَةِ، وَعَلَى الثَّانِي لَا.
الشَّرْحُ
("
"فإذا كانت اليد باقية تعلق حقه بالعين من حيث هي وبالدين من حيث تعلقه بالعين (ولو باعه بأكثر من قيمته جاز لكنه (13/312)
يخير بين إزالة المحاباة ونقض البيع كما بينا في جانب العبد) سواء كانت يسيرة أو كثيرة (لأن الزيادة تعلق بها حق الغرماء) قال في النهاية: هذا على اختيار صاحب المبسوط، ","فَإِذَا كَانَتِ الْيَدُ بَاقِيَةً تَعَلَّقَ حَقُّهُ بِالْعَيْنِ مِنْ حَيْثُ هِيَ وَبِالدَّيْنِ مِنْ حَيْثُ تَعَلُّقِهِ بِالْعَيْنِ (وَلَوْ بَاعَهُ بِأَكْثَرَ مِنْ قِيمَتِهِ جَازَ لَكِنَّهُ (13/312)
يُخَيَّرُ بَيْنَ إِزَالَةِ الْمُحَابَاةِ وَنَقْضِ الْبَيْعِ كَمَا بَيَّنَّا فِي جَانِبِ الْعَبْدِ) سَوَاءٌ كَانَتْ يَسِيرَةً أَوْ كَثِيرَةً (لِأَنَّ الزِّيَادَةَ تَعَلَّقَ بِهَا حَقُّ الْغُرَمَاءِ) قَالَ فِي النِّهَايَةِ: هَذَا عَلَى اخْتِيَارِ صَاحِبِ الْمَبْسُوطِ، ","فَإِذَا كَانَتِ الْيَدُ بَاقِيَةً تَعَلَّقَ حَقُّهُ بِالْعَيْنِ مِنْ حَيْثُ هِيَ وَبِالدَّيْنِ مِنْ حَيْثُ تَعَلُّقُهُ بِالْعَيْنِ (وَلَوْ بَاعَهُ بِأَكْثَرَ مِنْ قِيمَتِهِ جَازَ لَكِنَّهُ (13/312)
يُخَيَّرُ بَيْنَ إِزَالَةِ الْمُحَابَاةِ وَنَقْضِ الْبَيْعِ كَمَا بَيَّنَّا فِي جَانِبِ الْعَبْدِ) سَوَاءٌ كَانَتْ يَسِيرَةً أَوْ كَثِيرَةً (لِأَنَّ الزِّيَادَةَ تَعَلَّقَ بِهَا حَقُّ الْغُرَمَاءِ) قَالَ فِي النِّهَايَةِ: هَذَا عَلَى اخْتِيَارِ صَاحِبِ الْمَبْسُوطِ،"
"لأنه ترك الحفظ الواجب عليه ولا يلزم الضمان على الغسال إذا كان الصبي محجورا؛ لأن الصبي المحجور لا يؤاخذ على استهلاك وتضييع الوديعة (جامع أحكام الصغار) وقد مر إيضاحه في شرح المادة (776) .
اختلاف الفقهاء في الأمين والقول الذي اختارته المجلة: هل إن وجود هذا الأمين في عيال المستودع شرط؟.
","لِأَنَّهُ تَرَكَ الْحِفْظَ الْوَاجِبَ عَلَيْهِ وَلَا يَلْزَمُ الضَّمَانُ عَلَى الْغَسَّالِ إِذَا كَانَ الصَّبِيُّ مَحْجُورًا؛ لِأَنَّ الصَّبِيَّ الْمَحْجُورَ لَا يُؤَاخَذُ عَلَى اسْتِهْلَاكِ وَتَضْيِيعِ الْوَدِيعَةِ (جَامِعُ أَحْكَامِ الصِّغَارِ) وَقَدْ مَرَّ إِيضَاحُهُ فِي شَرْحِ الْمَادَّةِ (776) .
اخْتِلَافُ الْفُقَهَاءِ فِي الْأَمِينِ وَالْقَوْلُ الَّذِي اخْتَارَتْهُ الْمَجَلَّةُ: هَلْ إِنَّ وُجُودَ هَذَا الْأَمِينِ فِي عِيَالِ الْمُسْتَوْدَعِ شَرْطُ؟.
","لِأَنَّهُ تَرَكَ الْحِفْظَ الْوَاجِبَ عَلَيْهِ وَلَا يَلْزَمُ الضَّمَانُ عَلَى الْغَسَّالِ إِذَا كَانَ الصَّبِيُّ مَحْجُورًا؛ لِأَنَّ الصَّبِيَّ الْمَحْجُورَ لَا يُؤَاخَذُ عَلَى اسْتِهْلَاكِ وَتَضْيِيعِ الْوَدِيعَةِ (جَامِعُ أَحْكَامِ الصِّغَارِ) وَقَدْ مَرَّ إِيضَاحُهُ فِي شَرْحِ الْمَادَّةِ (776) .
اخْتِلَافُ الْفُقَهَاءِ فِي الْأَمِينِ وَالْقَوْلُ الَّذِي اخْتَارَتْهُ الْمَجَلَّةُ: هَلْ إِنَّ وُجُودَ هَذَا الْأَمِينِ فِي عِيَالِ الْمُسْتَوْدَعِ شَرْطٌ؟."
محمد بن جعفر المزكى حدثنا محمد بن إبراهيم العبدي حدثنا يحيى بن بكير حدثنا مالك عن يحيى بن سعيد عن القاسم بن محمد عن صالح بن خوات الأنصاري عن سهل بن أبى حثمة الأنصاري حدثه: أن صلاة الخوف أن يقوم الإمام ومعه طائفة من أصحابه، ,مُحَمَّدُ بْنُ جَعْفَرٍ الْمُزَكِّى حَدَّثَنَا مُحَمَّدُ بْنُ إِبْرَاهِيمَ الْعَبْدِيُّ حَدَّثَنَا يَحْيَى بْنُ بُكَيْرٍ حَدَّثَنَا مَالِكٌ عَنْ يَحْيَى بْنِ سَعِيدٍ عَنِ الْقَاسِمِ بْنِ مُحَمَّدٍ عَنْ صَالِحِ بْنِ خَوَّاتٍ الْأَنْصَارِيِّ عَنْ سَهْلِ بْنِ أَبِى حَثْمَةَ الْأَنْصَارِيِّ حَدَّثَهُ: أَنَّ صَلَاةَ الْخَوْفِ أَنْ يَقُومَ الْإِمَامُ وَمَعَهُ طَائِفَةٌ مِنْ أَصْحَابِهِ، ,مُحَمَّدُ بْنُ جَعْفَرٍ الْمُزَكِّى حَدَّثَنَا مُحَمَّدُ بْنُ إِبْرَاهِيمَ الْعَبْدِيُّ حَدَّثَنَا يَحْيَى بْنُ بُكَيْرٍ حَدَّثَنَا مَالِكٌ عَنْ يَحْيَى بْنِ سَعِيدٍ عَنِ الْقَاسِمِ بْنِ مُحَمَّدٍ عَنْ صَالِحِ بْنِ خَوَّاتٍ الْأَنْصَارِيِّ عَنْ سَهْلِ بْنِ أَبِى حَثْمَةَ الْأَنْصَارِيِّ حَدَّثَهُ: أَنَّ صَلَاةَ الْخَوْفِ أَنْ يَقُومَ الْإِمَامُ وَمَعَهُ طَائِفَةٌ مِنْ أَصْحَابِهِ،
قولها رضى الله عنه ا اكتحلي بكحل الجلاء بالليل وامسحيه بالنهار كحل الجلاء قال أبو عبيدة هو عندنا الإثمد سمي بذلك؛ لأنه يجلو البصر فيقويه أو يجلو الوجه فيحسنه، وقولها وامسحيه بالنهار يقتضي أن له لونا ظاهرا، ولذلك أمرتها بمسحه بالنهار قال القاضي أبو الوليد، ,قَوْلُهَا رَضِى اللَّهُ عَنْهُ ا اكْتَحِلِي بِكُحْلِ الْجَلَاءِ بِاللَّيْلِ وَامْسَحِيهِ بِالنَّهَارِ كُحْلُ الْجَلَاءِ قَالَ أَبُو عُبَيْدَةَ هُوَ عِنْدَنَا الْإِثْمِدُ سُمِّيَ بِذَلِكَ؛ لِأَنَّهُ يَجْلُو الْبَصَرَ فَيُقَوِّيهِ أَوْ يَجْلُو الْوَجْهَ فَيُحَسِّنُهُ، وَقَوْلُهَا وَامْسَحِيهِ بِالنَّهَارِ يَقْتَضِي أَنَّ لَهُ لَوْنًا ظَاهِرًا، وَلِذَلِكَ أَمَرَتْهَا بِمَسْحِهِ بِالنَّهَارِ قَالَ الْقَاضِي أَبُو الْوَلِيدِ، ,قَوْلُهَا رَضِى اللَّهُ عَنْهُ ا اكْتَحِلِي بِكُحْلِ الْجَلَاءِ بِاللَّيْلِ وَامْسَحِيهِ بِالنَّهَارِ كُحْلُ الْجَلَاءِ قَالَ أَبُو عُبَيْدَةَ هُوَ عِنْدَنَا الْإِثْمِدُ سُمِّيَ بِذَلِكَ؛ لِأَنَّهُ يُجْلُو الْبَصَرَ فَيُقَوِّيهِ أَوْ يُجْلُو الْوَجْهَ فَيُحَسِّنُهُ، وَقَوْلُهَا وَامْسَحِيهِ بِالنَّهَارِ يَقْتَضِي أَنَّ لَهُ لَوْنًا ظَاهِرًا، وَلِذَلِكَ أَمَرْتُهَا بِمَسْحِهِ بِالنَّهَارِ قَالَ الْقَاضِي أَبُو الْوَلِيدِ،
وأما العمرة فهي سنة في العمر مرة على المشهور وهي آكد من الوتر وقيل: فرض كالحج وبه قال الشافعي وقيل: فرض على غير أهل مكة وعبر المؤلف هنا بفرض وعبر في باب الزكاة بقوله: تجب ليكون الفرض غير مرادف للواجب في الحج لأن الواجب ينجبر بالدم كطواف القدوم، وأما في بقية العبادات فمرادف وهل فرض قبل الهجرة؟ ,وَأَمَّا الْعُمْرَةُ فَهِيَ سُنَّةٌ فِي الْعُمْرِ مَرَّةً عَلَى الْمَشْهُورِ وَهِيَ آكَدُ مِنَ الْوِتْرِ وَقِيلَ: فَرْضٌ كَالْحَجِّ وَبِهِ قَالَ الشَّافِعِيُّ وَقِيلَ: فَرْضٌ عَلَى غَيْرِ أَهْلِ مَكَّةَ وَعَبَّرَ الْمُؤَلِّفُ هُنَا بِفَرْضٍ وَعَبَّرَ فِي بَابِ الزَّكَاةِ بِقَوْلِهِ: تَجِبُ لِيَكُونَ الْفَرْضُ غَيْرَ مُرَادِفٍ لِلْوَاجِبِ فِي الْحَجِّ لِأَنَّ الْوَاجِبَ يَنْجَبِرُ بِالدَّمِ كَطَوَافِ الْقُدُومِ، وَأَمَّا فِي بَقِيَّةِ الْعِبَادَاتِ فَمُرَادِفٌ وَهَلْ فُرِضَ قَبْلَ الْهِجْرَةِ؟ ,وَأَمَّا الْعُمْرَةُ فَهِيَ سُنَّةٌ فِي الْعُمْرِ مَرَّةً عَلَى الْمَشْهُورِ وَهِيَ آكَدُ مِنَ الْوِتْرِ وَقِيلَ: فَرْضٌ كَالْحَجِّ وَبِهِ قَالَ الشَّافِعِيُّ وَقِيلَ: فَرْضٌ عَلَى غَيْرِ أَهْلِ مَكَّةَ وَعَبَّرَ الْمُؤَلِّفُ هُنَا بِفَرْضٍ وَعَبَّرَ فِي بَابِ الزَّكَاةِ بِقَوْلِهِ: تَجِبُ لِيَكُونَ الْفَرْضُ غَيْرَ مُرَادِفٍ لِلْوَاجِبِ فِي الْحَجِّ لِأَنَّ الْوَاجِبَ يَنْجَبِرُ بِالدَّمِ كَطَوَافِ الْقُدُومِ، وَأَمَّا فِي بَقِيَّةِ الْعِبَادَاتِ فَمُرَادِفٌ وَهَلْ فُرِضَ قَبْلَ الْهِجْرَةِ؟
"ونقله أبو بكر الرازي عن علي وأبي بن كعب وعبد الرحمن بن عوف وعائشة وزيد ابن ثابت، ولم يعلم عن صحابي خلافه، وهو مذهب النخعي والشعبي وسعيد بن المسيب وابن سيرين وعروة وشريح وربيعة بن عبد الرحمن وطاوس وابن شبرمة والثوري وحماد بن أبي سليمان والحرث العكلي.
","وَنَقَلَهُ أَبُو بَكْرٍ الرَّازِيّ عَنْ عَلِيٍّ وَأُبَيُّ بْنِ كَعْبٍ وَعَبْدِ الرَّحْمَنِ بْنِ عَوْفٍ وَعَائِشَةَ وَزَيْدِ ابْنِ ثَابِتٍ، وَلَمْ يُعْلَمْ عَنْ صَحَابِيٍّ خِلَافُهُ، وَهُوَ مَذْهَبُ النَّخَعِيِّ وَالشَّعْبِيِّ وَسَعِيدِ بْنِ الْمُسَيِّبِ وَابْنِ سِيرِينَ وَعُرْوَةَ وَشُرَيْحٍ وَرَبِيعَةَ بْنِ عَبْدِ الرَّحْمَنِ وَطَاوُسٍ وَابْنِ شُبْرُمَةَ وَالثَّوْرِيِّ وَحَمَّادِ بْنِ أَبِي سُلَيْمَانَ وَالْحَرْثِ الْعُكْلِيِّ.
",وَنَقَلَهُ أَبُو بَكْرٍ الرَّازِيّ عَنْ عَلِيٍّ وَأُبَيِّ بْنِ كَعْبٍ وَعَبْدِ الرَّحْمَنِ بْنِ عَوْفٍ وَعَائِشَةَ وَزَيْدِ ابْنِ ثَابِتٍ، وَلَمْ يُعْلَمْ عَنْ صَحَابِيٍّ خِلَافُهُ، وَهُوَ مَذْهَبُ النَّخَعِيِّ وَالشَّعْبِيِّ وَسَعِيدِ بْنِ الْمُسَيِّبِ وَابْنِ سِيرِينَ وَعُرْوَةَ وَشُرَيْحٍ وَرَبِيعَةَ بْنِ عَبْدِ الرَّحْمَنِ وَطَاوُسٍ وَابْنِ شُبْرُمَةَ وَالثَّوْرِيِّ وَحَمَّادِ بْنِ أَبِي سُلَيْمَانَ وَالْحَرْثِ الْعُكْلِيِّ.
