input,reference,prediction
"لأن مكاتبتهما واحدة فإجازتهم العقد في أحدهما يكون إجازة في الآخر والله أعلم بالصواب. (10/26)
باب ميراث المكاتب.
(قال) : وإذا مات المكاتب عن وفاء وعليه دين وله وصايا من تدبير وغيره وترك ولدا حرا وولدا ولد في المكاتبة من أمته بدئ من تركته بديون الأجانب؛ ","لِأَنَّ مُكَاتَبَتَهُمَا وَاحِدَةٌ فَإِجَازَتُهُمُ الْعَقْدَ فِي أَحَدِهِمَا يَكُونُ إِجَازَةً فِي الْآخَرِ وَاللَّهُ أَعْلَمُ بِالصَّوَابِ. (10/26)
بَابُ مِيرَاثِ الْمُكَاتَبِ.
(قَالَ) : وَإِذَا مَاتَ الْمُكَاتَبُ عَنْ وَفَاءٍ وَعَلَيْهِ دَيْنٌ وَلَهُ وَصَايَا مِنْ تَدْبِيرٍ وَغَيْرِهِ وَتَرَكَ وَلَدًا حُرًّا وَوَلَدًا وُلِدَ فِي الْمُكَاتَبَةِ مِنْ أَمَتِهِ بُدِئَ مِنْ تَرِكَتِهِ بِدُيُونِ الْأَجَانِبِ؛ ","لِأَنَّ مُكَاتَبَتَهُمَا وَاحِدَةٌ فَإِجَازَتُهُمُ الْعَقْدَ فِي أَحَدِهِمَا يَكُونُ إِجَازَةً فِي الْآخَرِ وَاللَّهُ أَعْلَمُ بِالصَّوَابِ. (10/26)
بَابُ مِيرَاثِ الْمُكَاتَبِ.
(قَالَ) : وَإِذَا مَاتَ الْمُكَاتَبُ عَنْ وَفَاءٍ وَعَلَيْهِ دَيْنٌ وَلَهُ وَصَايَا مِنْ تَدْبِيرٍ وَغَيْرِهِ وَتَرَكَ وَلَدًا حُرًّا وَوَلَدًا وُلِدَ فِي الْمُكَاتَبَةِ مِنْ أَمَتِهِ بُدِئَ مِنْ تَرِكَتِهِ بِدُيُونِ الْأَجَانِبِ؛"
"فليس له أن يرجع عليه ويغرم له من جنس الثمن الأول (قوله، أو ساوم الشفيع المشتري) أي في الشقص الذي يأخذه بالشفعة ما لم يرد بالمساومة الشراء بأقل من ثمن الشفعة، وإلا فلا تسقط الشفعة بالمساومة ويحلف كما في التوضيح انظر بن (قوله بأن جعل نفسه مساقيا إلخ) أي فتسقط الشفعة لدلالة الجعل المذكور على رضاه بترك الأخذ بالشفعة،.
","فَلَيْسَ لَهُ أَنْ يَرْجِعَ عَلَيْهِ وَيَغْرَمُ لَهُ مِنْ جِنْسِ الثَّمَنِ الْأَوَّلِ (قَوْلُهُ، أَوْ سَاوَمَ الشَّفِيعُ الْمُشْتَرِيَ) أَيْ فِي الشِّقْصِ الَّذِي يَأْخُذُهُ بِالشُّفْعَةِ مَا لَمْ يُرِدْ بِالْمُسَاوَمَةِ الشِّرَاءَ بِأَقَلَّ مِنْ ثَمَنِ الشُّفْعَةِ، وَإِلَّا فَلَا تَسْقُطُ الشُّفْعَةُ بِالْمُسَاوَمَةِ وَيَحْلِفُ كَمَا فِي التَّوْضِيحِ انْظُرْ بْن (قَوْلُهُ بِأَنْ جَعَلَ نَفْسَهُ مُسَاقِيًا إِلَخْ) أَيْ فَتَسْقُطُ الشُّفْعَةُ لِدَلَالَةِ الْجُعَلِ الْمَذْكُورِ عَلَى رِضَاهُ بِتَرْكِ الْأَخْذِ بِالشُّفْعَةِ،.
",فَلَيْسَ لَهُ أَنْ يَرْجِعَ عَلَيْهِ وَيَغْرَمَ لَهُ مِنْ جِنْسِ الثَّمَنِ الْأَوَّلِ (قَوْلُهُ، أَوْ سَاوَمَ الشَّفِيعُ الْمُشْتَرِيَ) أَيْ فِي الشِّقْصِ الَّذِي يَأْخُذُهُ بِالشُّفْعَةِ مَا لَمْ يُرِدْ بِالْمُسَاوَمَةِ الشِّرَاءَ بِأَقَلَّ مِنْ ثَمَنِ الشُّفْعَةِ، وَإِلَّا فَلَا تَسْقُطُ الشُّفْعَةُ بِالْمُسَاوَمَةِ وَيَحْلِفُ كَمَا فِي التَّوْضِيحِ انْظُرْ بْن (قَوْلُهُ بِأَنْ جَعَلَ نَفْسَهُ مُسَاقِيًا إِلَخْ) أَيْ فَتَسْقُطُ الشُّفْعَةُ لِدَلَالَةِ الْجُعْلِ الْمَذْكُورِ عَلَى رِضَاهُ بِتَرْكِ الْأَخْذِ بِالشُّفْعَةِ،.
"قد يقال: لا حاجة لتلك الزيادة؛ لأنها معتبرة من الجماع أي من انتهائه، فهذه لحظة الوطء ومعنى الوضع للستة أنه بعد تمامها، فهذه لحظة الوضع تدبر (15/489)
(و) لو قال: أنت (طالق إن كنت حائلا) ، وقع (إذا مضت ثلاثة قروء) أي أطهار إن كانت تحيض، وإلا فثلاثة أشهر بدلها لظهور عدم الحمل حينئذ.
(قلت: ","قَدْ يُقَالُ: لَا حَاجَةَ لِتِلْكَ الزِّيَادَةِ؛ لِأَنَّهَا مُعْتَبَرَةٌ مِنَ الْجِمَاعِ أَيْ مِنَ انْتِهَائِهِ، فَهَذِهِ لَحْظَةُ الْوَطْءِ وَمَعْنَى الْوَضْعِ لِلسِّتَّةِ أَنَّهُ بَعْدَ تَمَامِهَا، فَهَذِهِ لَحْظَةُ الْوَضْعِ تَدَبَّرْ (15/489)
(وَ) لَوْ قَالَ: أَنْت (طَالِقٌ إِنْ كُنْتِ حَائِلًا) ، وَقَعَ (إِذَا مَضَتْ ثَلَاثَةُ قُرُوءٍ) أَيْ أَطْهَارٍ إِنْ كَانَتْ تَحِيضُ، وَإِلَّا فَثَلَاثَةُ أَشْهُرٍ بَدَلَهَا لِظُهُورِ عَدَمِ الْحَمْلِ حِينَئِذٍ.
(قُلْتُ: ","قَدْ يُقَالُ: لَا حَاجَةَ لِتِلْكَ الزِّيَادَةِ؛ لِأَنَّهَا مُعْتَبَرَةٌ مِنَ الْجِمَاعِ أَيْ مِنَ انْتِهَائِهِ، فَهَذِهِ لَحْظَةُ الْوَطْءِ وَمَعْنَى الْوَضْعِ لِلسِّتَّةِ أَنَّهُ بَعْدَ تَمَامِهَا، فَهَذِهِ لَحْظَةُ الْوَضْعِ تَدَبَّرْ (15/489)
(وَ) لَوْ قَالَ: أَنْتِ (طَالِقٌ إِنْ كُنْتِ حَائِلًا) ، وَقَعَ (إِذَا مَضَتْ ثَلَاثَةُ قُرُوءٍ) أَيْ أَطْهَارٍ إِنْ كَانَتْ تَحِيضُ، وَإِلَّا فَثَلَاثَةُ أَشْهُرٍ بَدَلَهَا لِظُهُورِ عَدَمِ الْحَمْلِ حِينَئِذٍ.
(قُلْتُ:"
علي بن محمد بن عبد الله بن بشران ببغداد أخبرنا إسماعيل بن محمد الصفار حدثنا سعدان بن نصر حدثنا سفيان عن ابن المنكدر عن سعيد بن عبد الرحمن بن يربوع عن جبير بن الحويرث قال: رأيت أبا بكر رضي الله عنه واقفا على قزح وهو يقول: ,عَلِيُّ بْنُ مُحَمَّدِ بْنِ عَبْدِ اللَّهِ بْنِ بِشْرَانَ بِبَغْدَادَ أَخْبَرَنَا إِسْمَاعِيلُ بْنُ مُحَمَّدٍ الصَّفَّارُ حَدَّثَنَا سَعْدَانُ بْنُ نَصْرٍ حَدَّثَنَا سُفْيَانُ عَنِ ابْنِ الْمُنْكَدِرِ عَنْ سَعِيدِ بْنِ عَبْدِ الرَّحْمَنِ بْنِ يَرْبُوعَ عَنْ جُبَيْرِ بْنِ الْحُوَيْرِثِ قَالَ: رَأَيْتُ أَبَا بَكْرٍ رَضِيَ اللَّهُ عَنْهُ وَاقِفًا عَلَى قُزَحَ وَهُوَ يَقُولُ: ,عَلِيُّ بْنُ مُحَمَّدِ بْنِ عَبْدِ اللَّهِ بْنِ بِشْرَانَ بِبَغْدَادَ أَخْبَرَنَا إِسْمَاعِيلُ بْنُ مُحَمَّدٍ الصَّفَّارُ حَدَّثَنَا سَعْدَانُ بْنُ نَصْرٍ حَدَّثَنَا سُفْيَانُ عَنِ ابْنِ الْمُنْكَدِرِ عَنْ سَعِيدِ بْنِ عَبْدِ الرَّحْمَنِ بْنِ يَرْبُوعٍ عَنْ جُبَيْرِ بْنِ الْحُوَيْرِثِ قَالَ: رَأَيْتُ أَبَا بَكْرٍ رَضِيَ اللَّهُ عَنْهُ وَاقِفًا عَلَى قَزَحَ وَهُوَ يَقُولُ:
"وما قيل من قوله والإصرار من باب عطف الخاص على العام لما تقرر من أنه ليس المراد مطلقه بل مع غلبة الصغائر أو مساواتها للطاعات وهذا حينئذ كبيرة محل نظر.
لأن الإصرار لا يصير الصغيرة كبيرة حقيقة وإنما يلحقها بها في الحكم فالعطف صحيح ولا حاجة إلى التأويل، ","وَمَا قِيلَ مِنْ قَوْلِهِ وَالْإِصْرَارِ مِنْ بَابِ عَطْفِ الْخَاصِّ عَلَى الْعَامِّ لِمَا تَقَرَّرَ مِنْ أَنَّهُ لَيْسَ الْمُرَادُ مُطْلَقَهُ بَلْ مَعَ غَلَبَةِ الصَّغَائِرِ أَوْ مُسَاوَاتِهَا لِلطَّاعَاتِ وَهَذَا حِينَئِذٍ كَبِيرَةٌ مَحَلُّ نَظَرٍ.
لِأَنَّ الْإِصْرَارَ لَا يُصَيِّرُ الصَّغِيرَةَ كَبِيرَةً حَقِيقَةً وَإِنَّمَا يُلْحِقُهَا بِهَا فِي الْحُكْمِ فَالْعَطْفُ صَحِيحٌ وَلَا حَاجَةَ إِلَى التَّأْوِيلِ، ","وَمَا قِيلَ مِنْ قَوْلِهِ وَالْإِصْرَارُ مِنْ بَابِ عَطْفِ الْخَاصِّ عَلَى الْعَامِّ لِمَا تَقَرَّرَ مِنْ أَنَّهُ لَيْسَ الْمُرَادُ مُطْلَقَهُ بَلْ مَعَ غَلَبَةِ الصَّغَائِرِ أَوْ مُسَاوَاتِهَا لِلطَّاعَاتِ وَهَذَا حِينَئِذٍ كَبِيرَةٌ مَحَلُّ نَظَرٍ.
لِأَنَّ الْإِصْرَارَ لَا يُصَيِّرُ الصَّغِيرَةَ كَبِيرَةً حَقِيقَةً وَإِنَّمَا يُلْحِقُهَا بِهَا فِي الْحُكْمِ فَالْعَطْفُ صَحِيحٌ وَلَا حَاجَةَ إِلَى التَّأْوِيلِ،"
والمراد نفي هجر يفوت حقها من نحو قسم لحرمته حينئذ بخلاف هجرها في المضجع فلا يحرم لأنه حقه كما مر (فإن) (تحقق نشوزا) كمنع تمتع وخروج بغير عذر (ولم يتكرر وعظ وهجر في المضجع) بفتح الجيم: أي الوطء أو الفراش لظاهر الآية لا في الكلام لحرمته لكل أحد فيما زاد على ثلاثة أيام، إلا إن قصد به ردها عن المعصية، ,وَالْمُرَادُ نَفْيُ هَجْرٍ يُفَوِّتُ حَقَّهَا مِنْ نَحْوِ قَسْمٍ لِحُرْمَتِهِ حِينَئِذٍ بِخِلَافِ هَجْرِهَا فِي الْمَضْجَعِ فَلَا يَحْرُمُ لِأَنَّهُ حَقُّهُ كَمَا مَرَّ (فَإِنْ) (تَحَقَّقَ نُشُوزًا) كَمَنْعِ تَمَتُّعٍ وَخُرُوجٍ بِغَيْرِ عُذْرٍ (وَلَمْ يَتَكَرَّرْ وَعَظَ وَهَجَرَ فِي الْمَضْجَعِ) بِفَتْحِ الْجِيمِ: أَيِ الْوَطْءِ أَوِ الْفِرَاشِ لِظَاهِرِ الْآيَةِ لَا فِي الْكَلَامِ لِحُرْمَتِهِ لِكُلِّ أَحَدٍ فِيمَا زَادَ عَلَى ثَلَاثَةِ أَيَّامٍ، إِلَّا إِنْ قَصَدَ بِهِ رَدَّهَا عَنِ الْمَعْصِيَةِ، ,وَالْمُرَادُ نَفْيُ هَجْرٍ يُفَوِّتُ حَقَّهَا مِنْ نَحْوِ قَسْمٍ لِحُرْمَتِهِ حِينَئِذٍ بِخِلَافِ هَجْرِهَا فِي الْمَضْجَعِ فَلَا يَحْرُمُ لِأَنَّهُ حَقُّهُ كَمَا مَرَّ (فَإِنْ) (تَحَقَّقَ نُشُوزًا) كَمَنْعِ تَمَتُّعٍ وَخُرُوجٍ بِغَيْرِ عُذْرٍ (وَلَمْ يَتَكَرَّرْ وَعَظٌ وَهَجْرٌ فِي الْمَضْجَعِ) بِفَتْحِ الْجِيمِ: أَيِ الْوَطْءِ أَوِ الْفِرَاشِ لِظَاهِرِ الْآيَةِ لَا فِي الْكَلَامِ لِحُرْمَتِهِ لِكُلِّ أَحَدٍ فِيمَا زَادَ عَلَى ثَلَاثَةِ أَيَّامٍ، إِلَّا إِنْ قَصَدَ بِهِ رَدَّهَا عَنِ الْمَعْصِيَةِ،
"لم أقف على مقابله فليراجع.
(قوله فإن العدة تغني عن المواضعة) هذا ظاهر في عدة الطلاق إن لم ترتفع حيضتها وأما إذا ارتفعت فإن كان لرضاع فكذلك؛ ","لَمْ أَقِفْ عَلَى مُقَابِلِهِ فَلْيُرَاجَعْ.
(قَوْلُهُ فَإِنَّ الْعِدَّةَ تُغْنِي عَنِ الْمُوَاضَعَةِ) هَذَا ظَاهِرٌ فِي عِدَّةِ الطَّلَاقِ إِنْ لَمْ تَرْتَفِعْ حَيْضَتُهَا وَأَمَّا إِذَا ارْتَفَعَتْ فَإِنْ كَانَ لِرَضَاعٍ فَكَذَلِكَ؛ ","لَمْ أَقِفْ عَلَى مُقَابِلِهِ فَلْيُرَاجَعْ.
(قَوْلُهُ فَإِنَّ الْعِدَّةَ تُغْنِي عَنِ الْمُوَاضَعَةِ) هَذَا ظَاهِرٌ فِي عِدَّةِ الطَّلَاقِ إِنْ لَمْ تَرْتَفِعْ حَيْضَتُهَا وَأَمَّا إِذَا ارْتَفَعَتْ فَإِنْ كَانَ لِرَضَاعٍ فَكَذَلِكَ؛"
الفرق بين العرب وغيرهم أن العرب أنسابها محفوظة، وغير العرب من سائر الأجناس أنسابهم غير محفوظة فمتى نسب من غير العرب إلى غير جنسه، أو إلى غير قبيلته لا حد عليه، ولو كان أبيض ونسبه إلى جنس أسود، أو بالعكس كما إذا قال لبربري: يا رومي مثلا، ,الْفَرْقُ بَيْنَ الْعَرَبِ وَغَيْرِهِمْ أَنَّ الْعَرَبَ أَنْسَابُهَا مَحْفُوظَةٌ، وَغَيْرُ الْعَرَبِ مِنْ سَائِرِ الْأَجْنَاسِ أَنْسَابُهُمْ غَيْرُ مَحْفُوظَةٍ فَمَتَى نَسَبَ مِنْ غَيْرِ الْعَرَبِ إِلَى غَيْرِ جِنْسِهِ، أَوْ إِلَى غَيْرِ قَبِيلَتِهِ لَا حَدَّ عَلَيْهِ، وَلَوْ كَانَ أَبْيَضَ وَنَسَبَهُ إِلَى جِنْسٍ أَسْوَدَ، أَوْ بِالْعَكْسِ كَمَا إِذَا قَالَ لِبَرْبَرِيٍّ: يَا رُومِيُّ مَثَلًا، ,الْفَرْقُ بَيْنَ الْعَرَبِ وَغَيْرِهِمْ أَنَّ الْعَرَبَ أَنْسَابُهَا مَحْفُوظَةٌ، وَغَيْرُ الْعَرَبِ مِنْ سَائِرِ الْأَجْنَاسِ أَنْسَابُهُمْ غَيْرُ مَحْفُوظَةٍ فَمَتَى نَسَبَ مِنْ غَيْرِ الْعَرَبِ إِلَى غَيْرِ جِنْسِهِ، أَوْ إِلَى غَيْرِ قَبِيلَتِهِ لَا حَدَّ عَلَيْهِ، وَلَوْ كَانَ أَبْيَضَ وَنَسَبَهُ إِلَى جِنْسِ أَسْوَدَ، أَوْ بِالْعَكْسِ كَمَا إِذَا قَالَ لِبَرْبَرِيٍّ: يَا رُومِيُّ مَثَلًا،
"ولا يشترط تعيين نوع في العقد) هو المعتمد وخرج بالنوع الجنس كقوس ورمح فلا بد من بيانه. (16/219)
قوله: (ولا يشترط إلخ) .
لما ذكر ما يجتمعان فيه ذكر ما يفترقان فيه، قوله: (وجار إبداله) قال الماوردي لكن يجوز تأخير الرمي لإبدالها إذا اختلت ولا يجوز إذا لم تختل.
فرع: يشترط اتحاد الجنس فلا يجوز علي سهام ورماح، ","وَلَا يُشْتَرَطُ تَعْيِينُ نَوْعٍ فِي الْعَقْدِ) هُوَ الْمُعْتَمَدُ وَخَرَجَ بِالنَّوْعِ الْجِنْسُ كَقَوْسٍ وَرُمْحٍ فَلَا بُدَّ مِنْ بَيَانِهِ. (16/219)
قَوْلُهُ: (وَلَا يَشْتَرِطُ إِلَخْ) .
لَمَّا ذَكَرَ مَا يَجْتَمِعَانِ فِيهِ ذَكَرَ مَا يَفْتَرِقَانِ فِيهِ، قَوْلُهُ: (وَجَارٍ إِبْدَالُهُ) قَالَ الْمَاوَرْدِيُّ لَكِنْ يَجُوزُ تَأْخِيرُ الرَّمْيِ لِإِبْدَالِهَا إِذَا اخْتَلَّتْ وَلَا يَجُوزُ إِذَا لَمْ تَخْتَلَّ.
فَرْعٌ: يُشْتَرَطُ اتِّحَادُ الْجِنْسِ فَلَا يَجُوزُ عَلَيَّ سِهَامٌ وَرِمَاحٌ، ","وَلَا يُشْتَرَطُ تَعْيِينُ نَوْعٍ فِي الْعَقْدِ) هُوَ الْمُعْتَمَدُ وَخَرَجَ بِالنَّوْعِ الْجِنْسُ كَقَوْسٍ وَرُمْحٍ فَلَا بُدَّ مِنْ بَيَانِهِ. (16/219)
قَوْلُهُ: (وَلَا يُشْتَرَطُ إِلَخْ) .
لَمَّا ذَكَرَ مَا يَجْتَمِعَانِ فِيهِ ذَكَرَ مَا يَفْتَرِقَانِ فِيهِ، قَوْلُهُ: (وَجَارٍ إِبْدَالُهُ) قَالَ الْمَاوَرْدِيُّ لَكِنْ يَجُوزُ تَأْخِيرُ الرَّمْيِ لِإِبْدَالِهَا إِذَا اخْتَلَّتْ وَلَا يَجُوزُ إِذَا لَمْ تَخْتَلَّ.
فَرْعٌ: يُشْتَرَطُ اتِّحَادُ الْجِنْسِ فَلَا يَجُوزُ عَلَيَّ سِهَامٌ وَرِمَاحٌ،"
"فيه استحباب ركعتي الفجر وتخفيفهما وقد سبق في الحديث الذي قبله.
(الخامسة) قوله {ثم اتكأ} مهموز أي اضطجع والتاء فيه مبدلة من واو ومنه قوله في حديث آخر {وهو متكئ على سرير قد أثر رمال السرير في جنبه} ولم يتعرض صاحب النهاية لذكر واحد من هذين الحديثين وإنما ذكر قوله عليه الصلاة والسلام {","فِيهِ اسْتِحْبَابُ رَكْعَتَيِ الْفَجْرِ وَتَخْفِيفُهُمَا وَقَدْ سَبَقَ فِي الْحَدِيثِ الَّذِي قَبْلَهُ.
(الْخَامِسَةُ) قَوْلُهُ {ثُمَّ اتَّكَأَ} مَهْمُوزٌ أَيِ اضْطَجَعَ وَالتَّاءُ فِيهِ مُبْدَلَةٌ مِنْ وَاوٍ وَمِنْهُ قَوْلُهُ فِي حَدِيثٍ آخَرَ {وَهُوَ مُتَّكِئٌ عَلَى سَرِيرٍ قَدْ أَثَّرَ رِمَالُ السَّرِيرِ فِي جَنْبِهِ} وَلَمْ يَتَعَرَّضْ صَاحِبُ النِّهَايَةِ لِذِكْرِ وَاحِدٍ مِنْ هَذَيْنِ الْحَدِيثَيْنِ وَإِنَّمَا ذَكَرَ قَوْلَهُ عَلَيْهِ الصَّلَاةُ وَالسَّلَامُ {","فِيهِ اسْتِحْبَابُ رَكْعَتَيِ الْفَجْرِ وَتَخْفِيفُهُمَا وَقَدْ سَبَقَ فِي الْحَدِيثِ الَّذِي قَبْلَهُ.
(الْخَامِسَةُ) قَوْلُهُ {ثُمَّ اتَّكَأَ} مَهْمُوزٌ أَيِ اضْطَجَعَ وَالتَّاءُ فِيهِ مُبْدَلَةٌ مِنْ وَاوٍ وَمِنْهُ قَوْلُهُ فِي حَدِيثٍ آخَرَ {وَهُوَ مُتَّكِئٌ عَلَى سَرِيرٍ قَدْ أَثَّرَ رِمَالُ السَّرِيرِ فِي جَنْبِهِ} وَلَمْ يَتَعَرَّضْ صَاحِبُ النِّهَايَةِ لِذِكْرِ وَاحِدٍ مِنْ هَذَيْنِ الْحَدِيثَيْنِ وَإِنَّمَا ذَكَرَ قَوْلَهُ عَلَيْهِ الصَّلَاةُ وَالسَّلَامُ {"
"لأنها إنما اشتريت بدنانيري، لم يكن له ذلك.
فما فرق ما بين هاتين المسألتين؟ قال: فرق ما بينهما، أن المفاوض مأمور، لأنه، كأنه رجل أبضع منه بضاعة، أمر أن يشتري بها سلعة، فخالف، فرب المال مخير في أن يأخذ ما اشترى المبضع معه، أو يسلمها ويأخذ رأس ماله.
فهذا إنما يشتري بمال الشركة، ","لِأَنَّهَا إِنَّمَا اشْتُرِيَتْ بِدَنَانِيرِي، لَمْ يَكُنْ لَهُ ذَلِكَ.
فَمَا فَرْقُ مَا بَيْنَ هَاتَيْنِ الْمَسْأَلَتَيْنِ؟ قَالَ: فَرْقُ مَا بَيْنَهُمَا، أَنَّ الْمُفَاوِضَ مَأْمُورٌ، لِأَنَّهُ، كَأَنَّهُ رَجُلٌ أَبْضَعَ مِنْهُ بِضَاعَةً، أَمَرَ أَنْ يَشْتَرِيَ بِهَا سِلْعَةً، فَخَالَفَ، فَرَبُّ الْمَالِ مُخَيَّرٌ فِي أَنْ يَأْخُذَ مَا اشْتَرَى الْمُبْضَعُ مَعَهُ، أَوْ يُسَلِّمَهَا وَيَأْخُذَ رَأْسَ مَالِهِ.
فَهَذَا إِنَّمَا يَشْتَرِي بِمَالِ الشَّرِكَةِ، ","لِأَنَّهَا إِنَّمَا اشْتُرِيَتْ بِدَنَانِيرِي، لَمْ يَكُنْ لَهُ ذَلِكَ.
فَمَا فَرْقُ مَا بَيْنَ هَاتَيْنِ الْمَسْأَلَتَيْنِ؟ قَالَ: فَرْقُ مَا بَيْنَهُمَا، أَنَّ الْمُفَاوِضَ مَأْمُورٌ، لِأَنَّهُ، كَأَنَّهُ رَجُلٌ أَبْضَعَ مِنْهُ بِضَاعَةً، أُمِرَ أَنْ يَشْتَرِيَ بِهَا سِلْعَةً، فَخَالَفَ، فَرَبُّ الْمَالِ مُخَيَّرٌ فِي أَنْ يَأْخُذَ مَا اشْتَرَى الْمُبْضِعُ مَعَهُ، أَوْ يُسَلِّمَهَا وَيَأْخُذَ رَأْسَ مَالِهِ.
فَهَذَا إِنَّمَا يَشْتَرِي بِمَالِ الشَّرِكَةِ،"
لأن علة الحل تزينها الداعي إلى الميل إليها ووطئها المؤدي إلى كثرة النسل المطلوبة للشارع وذلك لا يوجد في غير اللبس من الفرش والتدثر ونحوهما، وهذا هو المعتمد، ومن ثم اقتصر في المنهج على اللبس فقال: ولامرأة لبس حليهما وما نسج بهما لا إن بالغت في سرف وقوله: لا إن بالغت في سرف المعتمد: ,لِأَنَّ عِلَّةَ الْحِلِّ تَزَيُّنُهَا الدَّاعِي إِلَى الْمَيْلِ إِلَيْهَا وَوَطْئِهَا الْمُؤَدِّي إِلَى كَثْرَةِ النَّسْلِ الْمَطْلُوبَةِ لِلشَّارِعِ وَذَلِكَ لَا يُوجَدُ فِي غَيْرِ اللُّبْسِ مِنَ الْفَرْشِ وَالتَّدَثُّرِ وَنَحْوِهِمَا، وَهَذَا هُوَ الْمُعْتَمَدُ، وَمِنْ ثَمَّ اقْتَصَرَ فِي الْمَنْهَجِ عَلَى اللُّبْسِ فَقَالَ: وَلِامْرَأَةٍ لُبْسُ حُلِّيهِمَا وَمَا نُسِجَ بِهِمَا لَا إِنْ بَالَغَتْ فِي سَرَفٍ وَقَوْلُهُ: لَا إِنْ بَالَغَتْ فِي سَرَفٍ الْمُعْتَمَدُ: ,لِأَنَّ عِلَّةَ الْحِلِّ تَزَيُّنُهَا الدَّاعِي إِلَى الْمَيْلِ إِلَيْهَا وَوَطْئُهَا الْمُؤَدِّي إِلَى كَثْرَةِ النَّسْلِ الْمَطْلُوبَةِ لِلشَّارِعِ وَذَلِكَ لَا يُوجَدُ فِي غَيْرِ اللُّبْسِ مِنَ الْفَرْشِ وَالتَّدَثُّرِ وَنَحْوِهِمَا، وَهَذَا هُوَ الْمُعْتَمَدُ، وَمِنْ ثَمَّ اقْتَصَرَ فِي الْمَنْهَجِ عَلَى اللُّبْسِ فَقَالَ: وَلِامْرَأَةٍ لُبْسُ حُلِيِّهِمَا وَمَا نُسِجَ بِهِمَا لَا إِنْ بَالَغَتْ فِي سَرَفٍ وَقَوْلُهُ: لَا إِنْ بَالَغَتْ فِي سَرَفٍ الْمُعْتَمَدُ:
أي عهدا فهو عبارة عن اللزوم ومنه سمي محل الالتزام من الآدمي ذمة والالتزام بالعهد يكون وفيه دليل على أنه لا ينبغي للمسلمين أن يعطوا المشركين عهد الله ولا عهد رسوله لأنهم ربما يحتاجون إلى النبذ إليهم ونقض عهد الله وعهد رسوله لا يحل وإليه أشار بقوله: ولكن أعطوهم ذممكم وذمم آبائكم يعني: ,أَيْ عَهْدًا فَهُوَ عِبَارَةٌ عَنِ اللُّزُومِ وَمِنْهُ سُمِّيَ مَحِلُّ الِالْتِزَامِ مِنَ الْآدَمِيِّ ذِمَّةٌ وَالِالْتِزَامُ بِالْعَهْدِ يَكُونُ وَفِيهِ دَلِيلٌ عَلَى أَنَّهُ لَا يَنْبَغِي لِلْمُسْلِمِينَ أَنْ يُعْطُوا الْمُشْرِكِينَ عَهْدَ اللَّهِ وَلَا عَهْدَ رَسُولِهِ لِأَنَّهُمْ رُبَّمَا يَحْتَاجُونَ إِلَى النَّبْذِ إِلَيْهِمْ وَنَقْضِ عَهْدِ اللَّهِ وَعَهْدِ رَسُولِهِ لَا يَحِلُّ وَإِلَيْهِ أَشَارَ بِقَوْلِهِ: وَلَكِنْ أَعْطُوهُمْ ذِمَمَكُمْ وَذِمَمَ آبَائِكُمْ يَعْنِي: ,أَيْ عَهْدًا فَهُوَ عِبَارَةٌ عَنِ اللُّزُومِ وَمِنْهُ سُمِّيَ مَحَلُّ الِالْتِزَامِ مِنَ الْآدَمِيِّ ذِمَّةً وَالِالْتِزَامُ بِالْعَهْدِ يَكُونُ وَفِيهِ دَلِيلٌ عَلَى أَنَّهُ لَا يَنْبَغِي لِلْمُسْلِمِينَ أَنْ يُعْطُوا الْمُشْرِكِينَ عَهْدَ اللَّهِ وَلَا عَهْدَ رَسُولِهِ لِأَنَّهُمْ رُبَّمَا يَحْتَاجُونَ إِلَى النَّبْذِ إِلَيْهِمْ وَنَقْضُ عَهْدِ اللَّهِ وَعَهْدِ رَسُولِهِ لَا يَحِلُّ وَإِلَيْهِ أَشَارَ بِقَوْلِهِ: وَلَكِنْ أَعْطُوهُمْ ذِمَمَكُمْ وَذِمَمَ آبَائِكُمْ يَعْنِي:
"وثمن الألف: مائة، وخمسة وعشرون، فنصف ثمنها: اثنان وستون ونصف؛ فلهذا يحط ذلك القدر عن مولى القاتلة، ويخير بين الدفع والفداء فيما بقي. (25/151)
وإذا رهن أمتين بألف تساوي كل واحدة منهما ألفا، فولدت كل واحدة منهما ولدا يساوي ألفا ثم إن أحد الولدين قتل أمه لم يلحقه من الجناية شيء، ","وَثُمُنُ الْأَلْفِ: مِائَةٌ، وَخَمْسَةٌ وَعِشْرُونَ، فَنِصْفُ ثُمُنِهَا: اثْنَانِ وَسِتُّونَ وَنِصْفٌ؛ فَلِهَذَا يَحُطُّ ذَلِكَ الْقَدْرَ عَنْ مَوْلَى الْقَاتِلَةِ، وَيُخَيَّرُ بَيْنَ الدَّفْعِ وَالْفِدَاءِ فِيمَا بَقِيَ. (25/151)
وَإِذَا رَهَنَ أَمَتَيْنِ بِأَلْفٍ تُسَاوِي كُلُّ وَاحِدَةٍ مِنْهُمَا أَلْفًا، فَوَلَدَتْ كُلُّ وَاحِدَةٍ مِنْهُمَا وَلَدًا يُسَاوِي أَلْفًا ثُمَّ إِنَّ أَحَدَ الْوَلَدَيْنِ قَتَلَ أُمَّهُ لَمْ يَلْحَقْهُ مِنَ الْجِنَايَةِ شَيْءٌ، ","وَثَمَنُ الْأَلْفِ: مِائَةٌ، وَخَمْسَةٌ وَعِشْرُونَ، فَنِصْفُ ثَمَنِهَا: اثْنَانِ وَسِتُّونَ وَنِصْفٌ؛ فَلِهَذَا يُحَطُّ ذَلِكَ الْقَدْرُ عَنْ مَوْلَى الْقَاتِلَةِ، وَيُخَيَّرُ بَيْنَ الدَّفْعِ وَالْفِدَاءِ فِيمَا بَقِيَ. (25/151)
وَإِذَا رَهَنَ أَمَتَيْنِ بِأَلْفٍ تُسَاوِي كُلُّ وَاحِدَةٍ مِنْهُمَا أَلْفًا، فَوَلَدَتْ كُلُّ وَاحِدَةٍ مِنْهُمَا وَلَدًا يُسَاوِي أَلْفًا ثُمَّ إِنَّ أَحَدَ الْوَلَدَيْنِ قَتَلَ أُمَّهُ لَمْ يَلْحَقْهُ مِنَ الْجِنَايَةِ شَيْءٌ،"
قول المصنف وسلم وانصرف إن رعف بعد سلام إمامه لا قبله هذا حكم المأموم وأما لو رعف الإمام قبل سلامه أو الفذ على القول ببنائه فقال ح لم أر فيه نصا والظاهر أن يقال إن حصل الرعاف بعد أن أتى بمقدار السنة من التشهد بأن أتى ببعض له بال فإنه يسلم والإمام والفذ في ذلك سواء وإن رعف قبل ذلك فإن الإمام يستخلف من يتم بهم التشهد ويخرج لغسل الدم ويصير حكمه حكم المأموم أما الفذ فيخرج لغسل الدم ويتم مكانه (قوله: ,قَوْلُ الْمُصَنِّفِ وَسَلَّمَ وَانْصَرَفَ إِنْ رَعَفَ بَعْدَ سَلَامِ إِمَامِهِ لَا قَبْلَهُ هَذَا حُكْمُ الْمَأْمُومِ وَأَمَّا لَوْ رَعَفَ الْإِمَامُ قَبْلَ سَلَامِهِ أَوِ الْفَذُّ عَلَى الْقَوْلِ بِبِنَائِهِ فَقَالَ ح لَمْ أَرَ فِيهِ نَصًّا وَالظَّاهِرُ أَنْ يُقَالَ إِنْ حَصَلَ الرُّعَافُ بَعْدَ أَنْ أَتَى بِمِقْدَارِ السُّنَّةِ مِنَ التَّشَهُّدِ بِأَنْ أَتَى بِبَعْضٍ لَهُ بَالٌ فَإِنَّهُ يُسَلِّمُ وَالْإِمَامُ وَالْفَذُّ فِي ذَلِكَ سَوَاءٌ وَإِنْ رَعَفَ قَبْلَ ذَلِكَ فَإِنَّ الْإِمَامَ يَسْتَخْلِفُ مَنْ يُتِمُّ بِهِمُ التَّشَهُّدَ وَيَخْرُجُ لِغَسْلِ الدَّمِ وَيَصِيرُ حُكْمُهُ حُكْمَ الْمَأْمُومِ أَمَّا الْفَذُّ فَيَخْرُجُ لِغَسْلِ الدَّمِ وَيُتِمُّ مَكَانَهُ (قَوْلُهُ: ,قَوْلُ الْمُصَنِّفِ وَسَلَّمَ وَانْصَرَفَ إِنْ رَعَفَ بَعْدَ سَلَامِ إِمَامِهِ لَا قَبْلَهُ هَذَا حُكْمُ الْمَأْمُومِ وَأَمَّا لَوْ رَعَفَ الْإِمَامُ قَبْلَ سَلَامِهِ أَوِ الْفَذُّ عَلَى الْقَوْلِ بِبِنَائِهِ فَقَالَ ح لَمْ أَرَ فِيهِ نَصًّا وَالظَّاهِرُ أَنْ يُقَالَ إِنْ حَصَلَ الرُّعَافُ بَعْدَ أَنْ أَتَى بِمِقْدَارِ السُّنَّةِ مِنَ التَّشَهُّدِ بِأَنْ أَتَى بِبَعْضٍ لَهُ بَالٌ فَإِنَّهُ يُسَلِّمُ وَالْإِمَامُ وَالْفَذُّ فِي ذَلِكَ سَوَاءٌ وَإِنْ رَعَفَ قَبْلَ ذَلِكَ فَإِنَّ الْإِمَامَ يَسْتَخْلِفُ مَنْ يُتِمُّ بِهِمُ التَّشَهُّدَ وَيَخْرُجُ لِغَسْلِ الدَّمِ وَيَصِيرُ حُكْمُهُ حُكْمَ الْمَأْمُومِ أَمَّا الْفَذُّ فَيَخْرُجُ لِغَسْلِ الدَّمِ وَيُتِمُّ مَكَانَهُ (قَوْلُهُ:
"قلت يريد أنه يمنع بلؤلؤ غير موصوف مطلقا لقولها إن كاتبة بلؤلؤ غير موصوف لم يجز لتفاوت الإحاطة بصفته والكتابة أخف من النكاح في الغرر، وقول ابن حارث اتفقوا فيمن تزوج امرأة على عبد أن لها عبدا وسطا خلاف نقلهم قول ابن عبد الحكم.
ا ه.
","قُلْتُ يُرِيدُ أَنَّهُ يُمْنَعُ بِلُؤْلُؤٍ غَيْرِ مَوْصُوفٍ مُطْلَقًا لِقَوْلِهَا إِنْ كَاتِبَةً بِلُؤْلُؤٍ غَيْرِ مَوْصُوفٍ لَمْ يَجُزْ لِتَفَاوُتِ الْإِحَاطَةِ بِصِفَتِهِ وَالْكِتَابَةُ أَخَفُّ مِنَ النِّكَاحِ فِي الْغَرَرِ، وَقَوْلُ ابْنِ حَارِثٍ اتَّفَقُوا فِيمَنْ تَزَوَّجَ امْرَأَةً عَلَى عَبْدٍ أَنَّ لَهَا عَبْدًا وَسَطًا خِلَافُ نَقْلِهِمْ قَوْلَ ابْنِ عَبْدِ الْحَكَمِ.
ا ه.
","قُلْت يُرِيدُ أَنَّهُ يُمْنَعُ بِلُؤْلُؤٍ غَيْرِ مَوْصُوفٍ مُطْلَقًا لِقَوْلِهَا إِنْ كَاتَبَةً بِلُؤْلُؤٍ غَيْرِ مَوْصُوفٍ لَمْ يَجُزْ لِتَفَاوُتِ الْإِحَاطَةِ بِصِفَتِهِ وَالْكِتَابَةُ أَخَفُّ مِنَ النِّكَاحِ فِي الْغَرَرِ، وَقَوْلُ ابْنِ حَارِثٍ اتَّفَقُوا فِيمَنْ تَزَوَّجَ امْرَأَةً عَلَى عَبْدٍ أَنَّ لَهَا عَبْدًا وَسَطًا خِلَافُ نَقْلِهِمْ قَوْلَ ابْنِ عَبْدِ الْحَكَمِ.
ا ه."
لأن كثرة السكان لا تضر بها بل تزيد في عمارتها؛ لأن خراب المسكن بترك السكن وله أن يضع فيها ما بدا له حتى الحيوان؛ لأنه من تمام السكنى وله أن يعمل فيها ما بدا له من العمل كالوضوء والاغتسال وغسل الثياب وكسر الحطب؛ ,لِأَنَّ كَثْرَةَ السُّكَّانِ لَا تَضُرُّ بِهَا بَلْ تَزِيدُ فِي عِمَارَتِهَا؛ لِأَنَّ خَرَابَ الْمَسْكَنِ بِتَرْكِ السَّكَنِ وَلَهُ أَنْ يَضَعَ فِيهَا مَا بَدَا لَهُ حَتَّى الْحَيَوَانَ؛ لِأَنَّهُ مِنْ تَمَامِ السُّكْنَى وَلَهُ أَنْ يَعْمَلَ فِيهَا مَا بَدَا لَهُ مِنَ الْعَمَلِ كَالْوُضُوءِ وَالِاغْتِسَالِ وَغَسْلِ الثِّيَابِ وَكَسْرِ الْحَطَبِ؛ ,لِأَنَّ كَثْرَةَ السُّكَّانِ لَا تَضُرُّ بِهَا بَلْ تَزِيدُ فِي عِمَارَتِهَا؛ لِأَنَّ خَرَابَ الْمَسْكَنِ بِتَرْكِ السَّكَنِ وَلَهُ أَنْ يَضَعَ فِيهَا مَا بَدَا لَهُ حَتَّى الْحَيَوَانَ؛ لِأَنَّهُ مِنْ تَمَامِ السُّكْنَى وَلَهُ أَنْ يَعْمَلَ فِيهَا مَا بَدَا لَهُ مِنَ الْعَمَلِ كَالْوُضُوءِ وَالِاغْتِسَالِ وَغَسْلِ الثِّيَابِ وَكَسْرِ الْحَطَبِ؛
"وأما إذا هاجر الزوج مسلما أو ذميا أو مستأمنا ثم صار مسلما أو ذميا فإنه لا عدة عليها حتى جاز له التزوج بأختها وأربع سواها كما دخل دارنا لعدم تبليغ أحكامنا إليها لا؛ لأنها غير مخاطبة بالعدة كذا في فتح القدير والله سبحانه وتعالى أعلم بالصواب. (11/120)
(فصل) في الإحداد فيه لغتان: ","وَأَمَّا إِذَا هَاجَرَ الزَّوْجُ مُسْلِمًا أَوْ ذِمِّيًّا أَوْ مُسْتَأْمَنًا ثُمَّ صَارَ مُسْلِمًا أَوْ ذِمِّيًّا فَإِنَّهُ لَا عِدَّةَ عَلَيْهَا حَتَّى جَازَ لَهُ التَّزَوُّجُ بِأُخْتِهَا وَأَرْبَعٍ سِوَاهَا كَمَا دَخَلَ دَارَنَا لِعَدَمِ تَبْلِيغِ أَحْكَامِنَا إِلَيْهَا لَا؛ لِأَنَّهَا غَيْرُ مُخَاطَبَةٍ بِالْعِدَّةِ كَذَا فِي فَتْحِ الْقَدِيرِ وَاللَّهُ سُبْحَانَهُ وَتَعَالَى أَعْلَمُ بِالصَّوَابِ. (11/120)
(فَصْلٌ) فِي الْإِحْدَادِ فِيهِ لُغَتَانِ: ","وَأَمَّا إِذَا هَاجَرَ الزَّوْجُ مُسْلِمًا أَوْ ذِمِّيًّا أَوْ مُسْتَأْمَنًا ثُمَّ صَارَ مُسْلِمًا أَوْ ذِمِّيًّا فَإِنَّهُ لَا عِدَّةَ عَلَيْهَا حَتَّى جَازَ لَهُ التَّزَوُّجُ بِأُخْتِهَا وَأَرْبَعٍ سِوَاهَا كَمَا دَخَلَ دَارَنَا لِعَدَمِ تَبْلِيغِ أَحْكَامِنَا إِلَيْهَا لَا؛ لِأَنَّهَا غَيْرُ مُخَاطَبَةٍ بِالْعِدَّةِ كَذَا فِي فَتْحِ الْقَدِيرِ وَاللَّهُ سُبْحَانَهُ وَتَعَالَى أَعْلَمُ بِالصَّوَابِ. (11/120)
(فَصْلٌ) فِي الْإِحْدَادِ فِيهِ لُغَتَانِ:"
"لأن الكعبين يلحقهما فرض الغسل ويلحقهما سنة المسح، وإن وضع الكفين مع الأصابع كان أحسن هكذا روي عن محمد.
ا ه بحر.
أقول: وظاهره أن التيامن فيه غيره مسنون كما في مسح الأذن.
وفي الحلية: والمستحب أن يمسح بباطن اليد لا بظاهرها (قوله قليلا) ذكره في البحر عن الخلاصة (قوله ومحله) ","لِأَنَّ الْكَعْبَيْنِ يَلْحَقُهُمَا فَرْضُ الْغُسْلِ وَيَلْحَقُهُمَا سُنَّةُ الْمَسْحِ، وَإِنْ وَضَعَ الْكَفَّيْنِ مَعَ الْأَصَابِعِ كَانَ أَحْسَنَ هَكَذَا رُوِيَ عَنْ مُحَمَّدٍ.
ا ه بَحْرٌ.
أَقُولُ: وَظَاهِرُهُ أَنَّ التَّيَامُنَ فِيهِ غَيْرُهُ مَسْنُونٌ كَمَا فِي مَسْحِ الْأُذُنِ.
وَفِي الْحِلْيَةِ: وَالْمُسْتَحَبُّ أَنْ يَمْسَحَ بِبَاطِنِ الْيَدِ لَا بِظَاهِرِهَا (قَوْلُهُ قَلِيلًا) ذَكَرَهُ فِي الْبَحْرِ عَنِ الْخُلَاصَةِ (قَوْلُهُ وَمَحَلُّهُ) ","لِأَنَّ الْكَعْبَيْنِ يَلْحَقُهُمَا فَرْضُ الْغَسْلِ وَيَلْحَقُهُمَا سُنَّةُ الْمَسْحِ، وَإِنْ وَضَعَ الْكَفَّيْنِ مَعَ الْأَصَابِعِ كَانَ أَحْسَنَ هَكَذَا رُوِيَ عَنْ مُحَمَّدٍ.
ا ه بَحْرٌ.
أَقُولُ: وَظَاهِرُهُ أَنَّ التَّيَامُنَ فِيهِ غَيْرُهُ مَسْنُونٌ كَمَا فِي مَسْحِ الْأُذُنِ.
وَفِي الْحِلْيَةِ: وَالْمُسْتَحَبُّ أَنْ يَمْسَحَ بِبَاطِنِ الْيَدِ لَا بِظَاهِرِهَا (قَوْلُهُ قَلِيلًا) ذَكَرَهُ فِي الْبَحْرِ عَنِ الْخُلَاصَةِ (قَوْلُهُ وَمَحَلُّهُ)"
وقوله وإن كان مليا فله الشفعة بذلك الثمن إلى ذلك الأجل لما قدمناه من المماثلة وهذا إذا تساويا في الملاء والثقة وإن كان المشتري أتم غنى من الشفيع وثقة قال أشهب في المجموعة والموازية لم يكن في مثل ملاء المشتري فليأت بحميل في مثل ثقة المشتري وملائه قال ابن المواز والذي عندنا أنه ليس عليه حميل إذا كان مليا ثقة، ,وَقَوْلُهُ وَإِنْ كَانَ مَلِيًّا فَلَهُ الشُّفْعَةُ بِذَلِكَ الثَّمَنِ إِلَى ذَلِكَ الْأَجَلِ لِمَا قَدَّمْنَاهُ مِنَ الْمُمَاثَلَةِ وَهَذَا إِذَا تَسَاوَيَا فِي الْمُلَاءِ وَالثِّقَةِ وَإِنْ كَانَ الْمُشْتَرِي أَتَمَّ غِنًى مِنَ الشَّفِيعِ وَثِقَةً قَالَ أَشْهَبُ فِي الْمَجْمُوعَةِ وَالْمَوَّازِيَّةِ لَمْ يَكُنْ فِي مِثْلِ مُلَاءِ الْمُشْتَرِي فَلْيَأْتِ بِحَمِيلٍ فِي مِثْلِ ثِقَةِ الْمُشْتَرِي وَمُلَائِهِ قَالَ ابْنُ الْمَوَّازِ وَالَّذِي عِنْدَنَا أَنَّهُ لَيْسَ عَلَيْهِ حَمِيلٌ إِذَا كَانَ مَلِيًّا ثِقَةً، ,وَقَوْلُهُ وَإِنْ كَانَ مَلِيًّا فَلَهُ الشُّفْعَةُ بِذَلِكَ الثَّمَنِ إِلَى ذَلِكَ الْأَجَلِ لِمَا قَدَّمْنَاهُ مِنَ الْمُمَاثَلَةِ وَهَذَا إِذَا تَسَاوَيَا فِي الْمَلَاءِ وَالثِّقَةِ وَإِنْ كَانَ الْمُشْتَرِي أَتَمَّ غِنًى مِنَ الشَّفِيعِ وَثِقَةً قَالَ أَشْهَبُ فِي الْمَجْمُوعَةِ وَالْمَوَّازِيَّةِ لَمْ يَكُنْ فِي مِثْلِ مَلَاءِ الْمُشْتَرِي فَلْيَأْتِ بِحَمِيلٍ فِي مِثْلِ ثِقَةِ الْمُشْتَرِي وَمَلَائِهِ قَالَ ابْنُ الْمَوَّازِ وَالَّذِي عِنْدَنَا أَنَّهُ لَيْسَ عَلَيْهِ حَمِيلٌ إِذَا كَانَ مَلِيًّا ثِقَةً،
"ابن شعبان بعض أصحابنا لا يحفر للمقر ويحفر (19/454)
للمشهود عليه اللخمي يجرد أعلى الرجل ولا تجرد المرأة.
وشبه في الرجم فقال (ك) رجل (لائط) أي منسوب للواط فاعلا كان أو مفعولا فيه فيرجم (مطلقا) عن التقييد بكونه محصنا إن كانا حرين مسلمين، بل (و) إن كانا (عبدين أو كافرين) ","ابْنُ شَعْبَانَ بَعْضُ أَصْحَابِنَا لَا يُحْفَرُ لِلْمُقِرِّ وَيُحْفَرُ (19/454)
لِلْمَشْهُودِ عَلَيْهِ اللَّخْمِيُّ يُجَرَّدُ أَعْلَى الرَّجُلِ وَلَا تُجَرَّدُ الْمَرْأَةُ.
وَشَبَّهَ فِي الرَّجْمِ فَقَالَ (كَ) رَجُلٍ (لَائِطٍ) أَيْ مَنْسُوبٍ لِلِّوَاطِ فَاعِلًا كَانَ أَوْ مَفْعُولًا فِيهِ فَيُرْجَمُ (مُطْلَقًا) عَنِ التَّقْيِيدِ بِكَوْنِهِ مُحْصَنًا إِنْ كَانَا حُرَّيْنِ مُسْلِمَيْنِ، بَلْ (وَ) إِنْ كَانَا (عَبْدَيْنِ أَوْ كَافِرَيْنِ) ","ابْنُ شَعْبَانَ بَعْضُ أَصْحَابِنَا لَا يَحْفِرُ لِلْمُقِرِّ وَيَحْفِرُ (19/454)
لِلْمَشْهُودِ عَلَيْهِ اللَّخْمِيُّ يُجَرَّدُ أَعْلَى الرَّجُلِ وَلَا تُجَرَّدُ الْمَرْأَةُ.
وَشَبَّهَ فِي الرَّجْمِ فَقَالَ (كَ) رَجُلٍ (لَائِطٍ) أَيْ مَنْسُوبٍ لِلْوَاطِ فَاعِلًا كَانَ أَوْ مَفْعُولًا فِيهِ فَيُرْجَمُ (مُطْلَقًا) عَنِ التَّقْيِيدِ بِكَوْنِهِ مُحْصَنًا إِنْ كَانَا حُرَّيْنِ مُسْلِمَيْنِ، بَلْ (وَ) إِنْ كَانَا (عَبْدَيْنِ أَوْ كَافِرَيْنِ)"
"والمفاوض لا يملكون العتق على مال ويملكون الكتابة وكذلك الكتابة ويجوز للمكاتب ولهؤلاء الثلاثة تزويج الأمة وليس لهم تزويج العبد.
قوله: (ولا يهب ولا يتصدق إلا بالشيء اليسير) يعني كالرغيف ونحوه، والبصل، والملح ونحو ذلك وإنما لم تجز هبته لأنه ممنوع من التبرع فإن وهب على عوض لم يصح أيضا لأنه تبرع ابتداء.
","وَالْمُفَاوِضَ لَا يَمْلِكُونَ الْعِتْقَ عَلَى مَالٍ وَيَمْلِكُونَ الْكِتَابَةَ وَكَذَلِكَ الْكِتَابَةُ وَيَجُوزُ لِلْمُكَاتَبِ وَلِهَؤُلَاءِ الثَّلَاثَةِ تَزْوِيجُ الْأَمَةِ وَلَيْسَ لَهُمْ تَزْوِيجُ الْعَبْدِ.
قَوْلُهُ: (وَلَا يَهَبُ وَلَا يَتَصَدَّقُ إِلَّا بِالشَّيْءِ الْيَسِيرِ) يَعْنِي كَالرَّغِيفِ وَنَحْوِهِ، وَالْبَصَلِ، وَالْمِلْحِ وَنَحْوِ ذَلِكَ وَإِنَّمَا لَمْ تَجُزْ هِبَتُهُ لِأَنَّهُ مَمْنُوعٌ مِنَ التَّبَرُّعِ فَإِنْ وَهَبَ عَلَى عِوَضٍ لَمْ يَصِحَّ أَيْضًا لِأَنَّهُ تَبَرُّعٌ ابْتِدَاءً.
","وَالْمُفَاوِضُ لَا يَمْلِكُونَ الْعِتْقَ عَلَى مَالٍ وَيَمْلِكُونَ الْكِتَابَةَ وَكَذَلِكَ الْكِتَابَةُ وَيَجُوزُ لِلْمُكَاتَبِ وَلِهَؤُلَاءِ الثَّلَاثَةِ تَزْوِيجُ الْأَمَةِ وَلَيْسَ لَهُمْ تَزْوِيجُ الْعَبْدِ.
قَوْلُهُ: (وَلَا يَهَبُ وَلَا يَتَصَدَّقُ إِلَّا بِالشَّيْءِ الْيَسِيرِ) يَعْنِي كَالرَّغِيفِ وَنَحْوِهِ، وَالْبَصَلِ، وَالْمِلْحِ وَنَحْوِ ذَلِكَ وَإِنَّمَا لَمْ تَجُزْ هِبَتُهُ لِأَنَّهُ مَمْنُوعٌ مِنَ التَّبَرُّعِ فَإِنْ وَهَبَ عَلَى عِوَضٍ لَمْ يَصِحَّ أَيْضًا لِأَنَّهُ تَبَرُّعٌ ابْتِدَاءً."
بالساتر السابق لكن مع عرض يمنع رؤية عورته ومحله في الجالس كما دل عليه تعليل بعضهم له بأنه يستر من سرته إلى قدميه فافهم أنه لا بد فيه بالنسبة إلى القائم من ارتفاعه زيادة على ما مر حتى يستر من سرته إلى ركبته ومن عرضه حتى يستر عورته هذا إن لم يكن ببناء يسهل تسقيفه عادة وإلا كفى، ,بِالسَّاتِرِ السَّابِقِ لَكِنْ مَعَ عَرْضٍ يَمْنَعُ رُؤْيَةَ عَوْرَتِهِ وَمَحَلُّهُ فِي الْجَالِسِ كَمَا دَلَّ عَلَيْهِ تَعْلِيلُ بَعْضِهِمْ لَهُ بِأَنَّهُ يَسْتُرُ مِنْ سُرَّتِهِ إِلَى قَدَمَيْهِ فَافْهَمْ أَنَّهُ لَا بُدَّ فِيهِ بِالنِّسْبَةِ إِلَى الْقَائِمِ مِنَ ارْتِفَاعِهِ زِيَادَةً عَلَى مَا مَرَّ حَتَّى يَسْتُرَ مِنْ سُرَّتِهِ إِلَى رُكْبَتِهِ وَمِنْ عَرْضِهِ حَتَّى يَسْتُرَ عَوْرَتَهُ هَذَا إِنْ لَمْ يَكُنْ بِبِنَاءٍ يَسْهُلُ تَسْقِيفُهُ عَادَةً وَإِلَّا كَفَى، ,بِالسَّاتِرِ السَّابِقِ لَكِنْ مَعَ عَرْضٍ يَمْنَعُ رُؤْيَةَ عَوْرَتِهِ وَمَحَلُّهُ فِي الْجَالِسِ كَمَا دَلَّ عَلَيْهِ تَعْلِيلُ بَعْضِهِمْ لَهُ بِأَنَّهُ يَسْتُرُ مِنْ سُرَّتِهِ إِلَى قَدَمَيْهِ فَافْهَمْ أَنَّهُ لَا بُدَّ فِيهِ بِالنِّسْبَةِ إِلَى الْقَائِمِ مِنَ ارْتِفَاعِهِ زِيَادَةً عَلَى مَا مَرَّ حَتَّى يَسْتُرَ مِنْ سُرَّتِهِ إِلَى رُكْبَتِهِ وَمِنْ عَرْضِهِ حَتَّى يَسْتُرَ عَوْرَتَهُ هَذَا إِنْ لَمْ يَكُنْ بِبِنَاءٍ يَسْهُلُ تَسْقِيفُهُ عَادَةً وَإِلَّا كَفَى،
وتغلظ بالخطأ) في ثلاثة أشياء (في الأشهر الحرم) ذي القعدة وذي الحجة والمحرم ورجب لعظم حرمتها ولا يلتحق بها شهر رمضان وإن كان سيد الشهور؛ لأن المتبع في ذلك التوقيف، قال الله تعالى {فلا تظلموا فيهن أنفسكم} والظلم في غيرهن محرم أيضا، وقال تعالى {يسألونك عن الشهر الحرام قتال فيه قل قتال فيه كبير} ,وَتُغَلَّظُ بِالْخَطَأِ) فِي ثَلَاثَةِ أَشْيَاءَ (فِي الْأَشْهُرِ الْحُرُمِ) ذِي الْقَعْدَةِ وَذِي الْحِجَّةِ وَالْمُحَرَّمِ وَرَجَبٍ لِعِظَمِ حُرْمَتِهَا وَلَا يُلْتَحَقُ بِهَا شَهْرُ رَمَضَانَ وَإِنْ كَانَ سَيِّدَ الشُّهُورِ؛ لِأَنَّ الْمُتَّبَعَ فِي ذَلِكَ التَّوْقِيفُ، قَالَ اللَّهُ تَعَالَى {فَلَا تَظْلِمُوا فِيهِنَّ أَنْفُسَكُمْ} وَالظُّلْمُ فِي غَيْرِهِنَّ مُحَرَّمٌ أَيْضًا، وَقَالَ تَعَالَى {يَسْأَلُونَك عَنِ الشَّهْرِ الْحَرَامِ قِتَالٍ فِيهِ قُلْ قِتَالٌ فِيهِ كَبِيرٌ} ,وَتُغَلَّظُ بِالْخَطَأِ) فِي ثَلَاثَةِ أَشْيَاءَ (فِي الْأَشْهُرِ الْحُرُمِ) ذِي الْقَعْدَةِ وَذِي الْحِجَّةِ وَالْمُحَرَّمِ وَرَجَبٍ لِعِظَمِ حُرْمَتِهَا وَلَا يَلْتَحِقُ بِهَا شَهْرُ رَمَضَانَ وَإِنْ كَانَ سَيِّدَ الشُّهُورِ؛ لِأَنَّ الْمُتَّبَعَ فِي ذَلِكَ التَّوْقِيفُ، قَالَ اللَّهُ تَعَالَى {فَلَا تَظْلِمُوا فِيهِنَّ أَنْفُسَكُمْ} وَالظُّلْمُ فِي غَيْرِهِنَّ مُحَرَّمٌ أَيْضًا، وَقَالَ تَعَالَى {يَسْأَلُونَكَ عَنِ الشَّهْرِ الْحَرَامِ قِتَالٍ فِيهِ قُلْ قِتَالٌ فِيهِ كَبِيرٌ}
وإذا علم أنه يستوفى الديات من تركته يتحرز من ذلك لإبقاء العناء لورثته فكان معنى الزجر فيما قلنا وحقيقة المعنى في الفرق أن العشرة إذا قتلوا واحدا فكل واحد منهم قتل عشرة فوجب عليه القصاص بقدر ما أتلف إلا أنه لا يمكن استيفاء ذلك منه إلا بإسقاط ما بقي من حرمة نفسه فيسقط ذلك لضرورة الحاجة إلى استيفاء القصاص كما إذا غصب ساحة وبنى عليها سقط حرمة بنائه لوجوب رد الساحة، ,وَإِذَا عَلِمَ أَنَّهُ يُسْتَوْفَى الدِّيَاتُ مِنْ تَرِكَتِهِ يُتَحَرَّزُ مِنْ ذَلِكَ لِإِبْقَاءِ الْعَنَاءِ لِوَرَثَتِهِ فَكَانَ مَعْنَى الزَّجْرِ فِيمَا قُلْنَا وَحَقِيقَةُ الْمَعْنَى فِي الْفَرْقِ أَنَّ الْعَشَرَةَ إِذَا قَتَلُوا وَاحِدًا فَكُلُّ وَاحِدٍ مِنْهُمْ قَتَلَ عَشَرَةً فَوَجَبَ عَلَيْهِ الْقِصَاصُ بِقَدْرِ مَا أَتْلَفَ إِلَّا أَنَّهُ لَا يُمْكِنُ اسْتِيفَاءُ ذَلِكَ مِنْهُ إِلَّا بِإِسْقَاطِ مَا بَقِيَ مِنْ حُرْمَةِ نَفْسِهِ فَيَسْقُطُ ذَلِكَ لِضَرُورَةِ الْحَاجَةِ إِلَى اسْتِيفَاءِ الْقِصَاصِ كَمَا إِذَا غَصَبَ سَاحَةً وَبَنَى عَلَيْهَا سَقَطَ حُرْمَةُ بِنَائِهِ لِوُجُوبِ رَدِّ السَّاحَةِ، ,وَإِذَا عُلِمَ أَنَّهُ يُسْتَوْفَى الدِّيَاتُ مِنْ تَرِكَتِهِ يَتَحَرَّزُ مِنْ ذَلِكَ لِإِبْقَاءِ الْعَنَاءِ لِوَرَثَتِهِ فَكَانَ مَعْنَى الزَّجْرِ فِيمَا قُلْنَا وَحَقِيقَةُ الْمَعْنَى فِي الْفَرْقِ أَنَّ الْعَشَرَةَ إِذَا قَتَلُوا وَاحِدًا فَكُلُّ وَاحِدٍ مِنْهُمْ قَتَلَ عَشَرَةً فَوَجَبَ عَلَيْهِ الْقِصَاصُ بِقَدْرِ مَا أَتْلَفَ إِلَّا أَنَّهُ لَا يُمْكِنُ اسْتِيفَاءُ ذَلِكَ مِنْهُ إِلَّا بِإِسْقَاطِ مَا بَقِيَ مِنْ حُرْمَةِ نَفْسِهِ فَيَسْقُطُ ذَلِكَ لِضَرُورَةِ الْحَاجَةِ إِلَى اسْتِيفَاءِ الْقِصَاصِ كَمَا إِذَا غَصَبَ سَاحَةً وَبَنَى عَلَيْهَا سَقَطَ حُرْمَةُ بِنَائِهِ لِوُجُوبِ رَدِّ السَّاحَةِ،
"وأنا أذكر حجج الفريقين ثم أذيل بمسائل توضح الفرق.
احتج أبو حنيفة رحمه الله بأن النهي إذا كان في نفس الماهية كانت المفسدة في نفس الماهية والمتضمن للمفسدة فاسد فإن النهي إنما يعتمد المفاسد كما أن الأمر إنما يعتمد المصالح كالنهي عن بيع الخنزير والميتة وبيع السفيه، وتحريره أن أركان العقد أربعة: ","وَأَنَا أَذْكُرُ حُجَجَ الْفَرِيقَيْنِ ثُمَّ أُذَيِّلُ بِمَسَائِلَ تُوَضِّحُ الْفَرْقَ.
احْتَجَّ أَبُو حَنِيفَةَ رَحِمَهُ اللَّهُ بِأَنَّ النَّهْيَ إِذَا كَانَ فِي نَفْسِ الْمَاهِيَّةِ كَانَتِ الْمَفْسَدَةُ فِي نَفْسِ الْمَاهِيَّةِ وَالْمُتَضَمِّنُ لِلْمُفْسِدَةِ فَاسِدٌ فَإِنَّ النَّهْيَ إِنَّمَا يَعْتَمِدُ الْمَفَاسِدَ كَمَا أَنَّ الْأَمْرَ إِنَّمَا يَعْتَمِدُ الْمَصَالِحَ كَالنَّهْيِ عَنْ بَيْعِ الْخِنْزِيرِ وَالْمَيْتَةِ وَبَيْعِ السَّفِيهِ، وَتَحْرِيرُهُ أَنَّ أَرْكَانَ الْعَقْدِ أَرْبَعَةٌ: ","وَأَنَا أَذْكُرُ حُجَجَ الْفَرِيقَيْنِ ثُمَّ أُذَيِّلُ بِمَسَائِلَ تُوَضِّحُ الْفَرْقَ.
احْتَجَّ أَبُو حَنِيفَةَ رَحِمَهُ اللَّهُ بِأَنَّ النَّهْيَ إِذَا كَانَ فِي نَفْسِ الْمَاهِيَّةِ كَانَتِ الْمَفْسَدَةُ فِي نَفْسِ الْمَاهِيَّةِ وَالْمُتَضَمِّنُ لِلْمَفْسَدَةِ فَاسِدٌ فَإِنَّ النَّهْيَ إِنَّمَا يَعْتَمِدُ الْمَفَاسِدَ كَمَا أَنَّ الْأَمْرَ إِنَّمَا يَعْتَمِدُ الْمَصَالِحَ كَالنَّهْيِ عَنْ بَيْعِ الْخِنْزِيرِ وَالْمَيْتَةِ وَبَيْعِ السَّفِيهِ، وَتَحْرِيرُهُ أَنَّ أَرْكَانَ الْعَقْدِ أَرْبَعَةٌ:"
وكذلك قول عمر إنما هو فيما أشكل أمره في البيوع فلم يدر أحلال هو أم حرام؟ ففي تركه سكون النفس وطمأنينة القلب، كما في الإقدام شك: هل هو آثم أم لا؟ وهو معنى قوله عليه السلام للنواس ووابصة رضي الله عنهما . ودل على ذلك حديث المشتبهات، لا ما ظن أولئك من أنه أمر للجهال أن يعلموا بما رأته أنفسهم، ,وَكَذَلِكَ قَوْلُ عُمَرَ إِنَّمَا هُوَ فِيمَا أَشْكَلَ أَمْرُهُ فِي الْبُيُوعِ فَلَمْ يَدْرِ أَحَلَالٌ هُوَ أَمْ حَرَامٌ؟ فَفِي تَرْكِهِ سُكُونُ النَّفْسِ وَطُمَأْنِينَةَ الْقَلْبِ، كَمَا فِي الْإِقْدَامِ شَكٌّ: هَلْ هُوَ آثِمٌ أَمْ لَا؟ وَهُوَ مَعْنَى قَوْلِهِ عَلَيْهِ السَّلَامُ لِلنَّوَّاسِ وَوَابِصَةُ رَضِيَ اللَّهُ عَنْهُمَا . وَدَلَّ عَلَى ذَلِكَ حَدِيثُ الْمُشْتَبِهَاتِ، لَا مَا ظَنَّ أُولَئِكَ مِنْ أَنَّهُ أَمْرٌ لِلْجُهَّالِ أَنْ يَعْلَمُوا بِمَا رَأَتْهُ أَنْفُسُهُمْ، ,وَكَذَلِكَ قَوْلُ عُمَرَ إِنَّمَا هُوَ فِيمَا أَشْكَلَ أَمْرُهُ فِي الْبُيُوعِ فَلَمْ يَدْرِ أَحَلَالٌ هُوَ أَمْ حَرَامٌ؟ فَفِي تَرْكِهِ سُكُونُ النَّفْسِ وَطُمَأْنِينَةُ الْقَلْبِ، كَمَا فِي الْإِقْدَامِ شَكَّ: هَلْ هُوَ آثِمٌ أَمْ لَا؟ وَهُوَ مَعْنَى قَوْلِهِ عَلَيْهِ السَّلَامُ لِلنَّوَّاسِ وَوَابِصَةَ رَضِيَ اللَّهُ عَنْهُمَا . وَدَلَّ عَلَى ذَلِكَ حَدِيثُ الْمُشْتَبِهَاتِ، لَا مَا ظَنَّ أُولَئِكَ مِنْ أَنَّهُ أَمْرٌ لِلْجُهَّالِ أَنْ يَعْلَمُوا بِمَا رَأَتْهُ أَنْفُسُهُمْ،
وهذا إذا لم يصن به ماله، وإلا فيضمن في المال المصون، وهو محمول على عدم التصوين، وانظر ما يأتي لنا عند قوله وجار للوصي فيما حجرا إعطاء بعض ماله مختبرا قال والظاهر أن هذا الشرط يغني عن الذي قبله، ولا يحترز به عن دعوى الهبة والوعد لأنه يؤمر بالجواب فيهما، ,وَهَذَا إِذَا لَمْ يُصَنْ بِهِ مَالُهُ، وَإِلَّا فَيَضْمَنُ فِي الْمَالِ الْمَصُونِ، وَهُوَ مَحْمُولٌ عَلَى عَدَمِ التَّصْوِينِ، وَانْظُرْ مَا يَأْتِي لَنَا عِنْدَ قَوْلِهِ وَجَارٍ لِلْوَصِيِّ فِيمَا حَجَرَا إِعْطَاءُ بَعْضِ مَالِهِ مُخْتَبَرًا قَالَ وَالظَّاهِرُ أَنَّ هَذَا الشَّرْطَ يُغْنِي عَنِ الَّذِي قَبْلَهُ، وَلَا يَحْتَرِزُ بِهِ عَنْ دَعْوَى الْهِبَةِ وَالْوَعْدِ لِأَنَّهُ يُؤْمَرُ بِالْجَوَابِ فِيهِمَا، ,وَهَذَا إِذَا لَمْ يَصُنْ بِهِ مَالَهُ، وَإِلَّا فَيَضْمَنُ فِي الْمَالِ الْمَصُونِ، وَهُوَ مَحْمُولٌ عَلَى عَدَمِ التَّصْوِينِ، وَانْظُرْ مَا يَأْتِي لَنَا عِنْدَ قَوْلِهِ وَجَارٍ لِلْوَصِيِّ فِيمَا حَجَرَا إِعْطَاءَ بَعْضِ مَالِهِ مُخْتَبَرًا قَالَ وَالظَّاهِرُ أَنَّ هَذَا الشَّرْطَ يُغْنِي عَنِ الَّذِي قَبْلَهُ، وَلَا يُحْتَرَزُ بِهِ عَنْ دَعْوَى الْهِبَةِ وَالْوَعْدِ لِأَنَّهُ يُؤْمَرُ بِالْجَوَابِ فِيهِمَا،
أي الجهل (عدم العلم عمن من شأنه أن يكون عالما) فبين العلم والجهل تقابل عدم وملكة (وهو نوعان) جهل (بسيط) أي غير مركب؛ لأن صاحبه يعلم جهله وليس فيه اعتقاد غير مطابق للواقع (وأصحابه كالأنعام) كالبهائم لفقدهم من قبيل إضافة المصدر إلى فاعله والمفعول مذكور بقوله (ما به يمتاز الإنسان عنها) ,أَيِ الْجَهْلُ (عَدَمُ الْعِلْمِ عَمَّنْ مِنْ شَأْنِهِ أَنْ يَكُونَ عَالِمًا) فَبَيْنَ الْعِلْمِ وَالْجَهْلِ تَقَابُلُ عَدَمٍ وَمَلَكَةٍ (وَهُوَ نَوْعَانِ) جَهْلٌ (بَسِيطٌ) أَيْ غَيْرُ مُرَكَّبٍ؛ لِأَنَّ صَاحِبَهُ يَعْلَمُ جَهْلَهُ وَلَيْسَ فِيهِ اعْتِقَادٌ غَيْرُ مُطَابِقٍ لِلْوَاقِعِ (وَأَصْحَابُهُ كَالْأَنْعَامِ) كَالْبَهَائِمِ لِفَقْدِهِمْ مِنْ قَبِيلِ إِضَافَةِ الْمَصْدَرِ إِلَى فَاعِلِهِ وَالْمَفْعُولُ مَذْكُورٌ بِقَوْلِهِ (مَا بِهِ يَمْتَازُ الْإِنْسَانُ عَنْهَا) ,أَيِ الْجَهْلُ (عَدَمُ الْعِلْمِ عَمَّنْ مِنْ شَأْنِهِ أَنْ يَكُونَ عَالِمًا) فَبَيْنَ الْعِلْمِ وَالْجَهْلِ تَقَابُلُ عَدَمٍ وَمَلَكَةٍ (وَهُوَ نَوْعَانِ) جَهْلٌ (بَسِيطٌ) أَيْ غَيْرُ مُرَكَّبٍ؛ لِأَنَّ صَاحِبَهُ يَعْلَمُ جَهْلَهُ وَلَيْسَ فِيهِ اعْتِقَادٌ غَيْرُ مُطَابِقٍ لِلْوَاقِعِ (وَأَصْحَابُهُ كَالْأَنْعَامِ) كَالْبَهَائِمِ لِفَقْدِهِمْ مِنْ قَبِيلِ إِضَافَةِ الْمَصْدَرِ إِلَى فَاعِلِهِ وَالْمَفْعُولُ مَذْكُورٌ بِقَوْلِهِ (مَا بِهِ يَمْتَازُ الْإِنْسَانُ عَنْهَا)
"هل علي ويحكم إن زهوت من حرج فتبسم صلى الله عليه وسلم وقال لا حرج إن شاء الله} .
قال الدارقطني: تفرد به حسين بن عبد الله، وتفرد به أبو أويس عن حسين وكلاهما متروك وقد حكم عليه ابن الجوزي وغيره بالوضع، ","هَلْ عَلَيَّ وَيْحَكُمْ إِنْ زَهَوْت مِنْ حَرَجٍ فَتَبَسَّمَ صَلَّى اللَّهُ عَلَيْهِ وَسَلَّمَ وَقَالَ لَا حَرَجَ إِنْ شَاءَ اللَّهُ} .
قَالَ الدَّارَقُطْنِيُّ: تَفَرَّدَ بِهِ حُسَيْنُ بْنُ عَبْدِ اللَّهِ، وَتَفَرَّدَ بِهِ أَبُو أُوَيْسٍ عَنْ حُسَيْنٍ وَكِلَاهُمَا مَتْرُوكٌ وَقَدْ حَكَمَ عَلَيْهِ ابْنُ الْجَوْزِيِّ وَغَيْرُهُ بِالْوَضْعِ، ","هَلْ عَلَيَّ وَيُحْكَمُ إِنْ زَهَوْتُ مِنْ حَرَجٍ فَتَبَسَّمَ صَلَّى اللَّهُ عَلَيْهِ وَسَلَّمَ وَقَالَ لَا حَرَجَ إِنْ شَاءَ اللَّهُ} .
قَالَ الدَّارَقُطْنِيُّ: تَفَرَّدَ بِهِ حُسَيْنُ بْنُ عَبْدِ اللَّهِ، وَتَفَرَّدَ بِهِ أَبُو أُوَيْسٍ عَنْ حُسَيْنٍ وَكِلَاهُمَا مَتْرُوكٌ وَقَدْ حَكَمَ عَلَيْهِ ابْنُ الْجَوْزِيِّ وَغَيْرُهُ بِالْوَضْعِ،"
وهو ما نقله الأذرعي في الأنثيين عن فتوى البغوي، ونقل عن ابن القطان وعن مقتضى كلام غيره جريانه بينهما، وهو الأوجه؛ لأنه إذا خير بين غير المتساويين فبين المتساويين أولى (فإن) (اختار) المميز (أحدهما) أي الأبوين أو من ألحق بهما كما مر (ثم) اختار (الآخر) (حول إليه) ؛ ,وَهُوَ مَا نَقَلَهُ الْأَذْرَعِيُّ فِي الْأُنْثَيَيْنِ عَنْ فَتْوَى الْبَغَوِيّ، وَنَقَلَ عَنِ ابْنِ الْقَطَّانِ وَعَنْ مُقْتَضَى كَلَامِ غَيْرِهِ جَرَيَانَهُ بَيْنَهُمَا، وَهُوَ الْأَوْجَهُ؛ لِأَنَّهُ إِذَا خُيِّرَ بَيْنَ غَيْرِ الْمُتَسَاوِيَيْنِ فَبَيْنَ الْمُتَسَاوِيَيْنِ أَوْلَى (فَإِنْ) (اخْتَارَ) الْمُمَيِّزُ (أَحَدَهُمَا) أَيِ الْأَبَوَيْنِ أَوْ مَنْ أُلْحِقَ بِهِمَا كَمَا مَرَّ (ثُمَّ) اخْتَارَ (الْآخَرَ) (حُوِّلَ إِلَيْهِ) ؛ ,وَهُوَ مَا نَقَلَهُ الْأَذْرَعِيُّ فِي الْأُنْثَيَيْنِ عَنْ فَتْوَى الْبَغَوِيّ، وَنُقِلَ عَنِ ابْنِ الْقَطَّانِ وَعَنْ مُقْتَضَى كَلَامِ غَيْرِهِ جَرَيَانُهُ بَيْنَهُمَا، وَهُوَ الْأَوْجَهُ؛ لِأَنَّهُ إِذَا خُيِّرَ بَيْنَ غَيْرِ الْمُتَسَاوِيَيْنِ فَبَيْنَ الْمُتَسَاوِيَيْنِ أَوْلَى (فَإِنْ) (اخْتَارَ) الْمُمَيِّزُ (أَحَدَهُمَا) أَيِ الْأَبَوَيْنِ أَوْ مَنْ أُلْحِقَ بِهِمَا كَمَا مَرَّ (ثُمَّ) اخْتَارَ (الْآخَرَ) (حُوِّلَ إِلَيْهِ) ؛
ليثبت له الخيار لنفسه عند فوته فإن الذرعان في الثوب صفة، والبائع منكر لذلك، والقول قوله مع يمينه، وعلى المشتري البينة على ما ادعاه من الشرط كما لو قال: اشتريت العبد على أنه كاتب أو خباز، ولو قال المشتري: اشتريته بعشرة على أنه عشرة أذرع كل ذراع بدرهم فوجده ثمانية أذرع فقال البائع: ,لِيَثْبُتَ لَهُ الْخِيَارُ لِنَفْسِهِ عِنْدَ فَوْتِهِ فَإِنَّ الذُّرْعَانَ فِي الثَّوْبِ صِفَةٌ، وَالْبَائِعُ مُنْكِرٌ لِذَلِكَ، وَالْقَوْلُ قَوْلُهُ مَعَ يَمِينِهِ، وَعَلَى الْمُشْتَرِي الْبَيِّنَةُ عَلَى مَا ادَّعَاهُ مِنَ الشَّرْطِ كَمَا لَوْ قَالَ: اشْتَرَيْتُ الْعَبْدَ عَلَى أَنَّهُ كَاتِبٌ أَوْ خَبَّازٌ، وَلَوْ قَالَ الْمُشْتَرِي: اشْتَرَيْتُهُ بِعَشَرَةٍ عَلَى أَنَّهُ عَشَرَةُ أَذْرُعٍ كُلُّ ذِرَاعٍ بِدِرْهَمٍ فَوَجَدَهُ ثَمَانِيَةَ أَذْرُعٍ فَقَالَ الْبَائِعُ: ,لِيَثْبُتَ لَهُ الْخِيَارُ لِنَفْسِهِ عِنْدَ فَوْتِهِ فَإِنَّ الذُّرْعَانَ فِي الثَّوْبِ صِفَةٌ، وَالْبَائِعُ مُنْكِرٌ لِذَلِكَ، وَالْقَوْلُ قَوْلُهُ مَعَ يَمِينِهِ، وَعَلَى الْمُشْتَرِي الْبَيِّنَةُ عَلَى مَا ادَّعَاهُ مِنَ الشَّرْطِ كَمَا لَوْ قَالَ: اشْتَرَيْت الْعَبْدَ عَلَى أَنَّهُ كَاتِبٌ أَوْ خَبَّازٌ، وَلَوْ قَالَ الْمُشْتَرِي: اشْتَرَيْتُهُ بِعَشَرَةٍ عَلَى أَنَّهُ عَشَرَةُ أَذْرُعٍ كُلُّ ذِرَاعٍ بِدِرْهَمٍ فَوَجَدَهُ ثَمَانِيَةَ أَذْرُعٍ فَقَالَ الْبَائِعُ:
"لأن البيت يقسم وكل شيء يقسم لا يجوز وهذا عندنا خلافا للشافعي ونعني بقوله إنه يقسم أنه يبقى منتفعا به انتفاع البيت بعد القسمة أما إذا لم يبق منتفعا به ذلك النوع من الانتفاع مثل الحمام الصغير إذا قسم والبيت الصغير فإنه تجوز هبته قبل القسمة اتفاقا وقال شيخ (14/282)
","لِأَنَّ الْبَيْتَ يُقْسَمُ وَكُلُّ شَيْءٍ يُقْسَمُ لَا يَجُوزُ وَهَذَا عِنْدَنَا خِلَافًا لِلشَّافِعِيِّ وَنَعْنِي بِقَوْلِهِ إِنَّهُ يُقْسَمُ أَنَّهُ يَبْقَى مُنْتَفَعًا بِهِ انْتِفَاعَ الْبَيْتِ بَعْدَ الْقِسْمَةِ أَمَّا إِذَا لَمْ يَبْقَ مُنْتَفَعًا بِهِ ذَلِكَ النَّوْعُ مِنَ الِانْتِفَاعِ مِثْلَ الْحَمَّامِ الصَّغِيرِ إِذَا قُسِمَ وَالْبَيْتِ الصَّغِيرِ فَإِنَّهُ تَجُوزُ هِبَتُهُ قَبْلَ الْقِسْمَةِ اتِّفَاقًا وَقَالَ شَيْخُ (14/282)
",لِأَنَّ الْبَيْتَ يُقْسَمُ وَكُلُّ شَيْءٍ يُقْسَمُ لَا يَجُوزُ وَهَذَا عِنْدَنَا خِلَافًا لِلشَّافِعِيِّ وَنَعْنِي بِقَوْلِهِ إِنَّهُ يُقْسَمُ أَنَّهُ يَبْقَى مُنْتَفَعًا بِهِ انْتِفَاعَ الْبَيْتِ بَعْدَ الْقِسْمَةِ أَمَّا إِذَا لَمْ يَبْقَ مُنْتَفَعًا بِهِ ذَلِكَ النَّوْعُ مِنَ الِانْتِفَاعِ مِثْلُ الْحَمَّامِ الصَّغِيرِ إِذَا قُسِمَ وَالْبَيْتِ الصَّغِيرِ فَإِنَّهُ تَجُوزُ هِبَتُهُ قَبْلَ الْقِسْمَةِ اتِّفَاقًا وَقَالَ شَيْخٌ (14/282)
"قلت له احتمال ولكنه مندفع؛ لأن الكتاب في نفسه دال على أنه ليس كتاب الوقف الأصلي ولم يتعين فيه أنهم الطبقة الأولى.
قال بعد ذلك على الشرط والترتيب، والشرط معرف بالألف واللام فيعم كل الشروط المتقدمة ومن جملتها (3/63)
الأقرب فبهذا الطريق نجعله في كل البطون مع أنه المتبادر إلى الفهم.
","قُلْت لَهُ احْتِمَالٌ وَلَكِنَّهُ مُنْدَفِعٌ؛ لِأَنَّ الْكِتَابَ فِي نَفْسِهِ دَالٌّ عَلَى أَنَّهُ لَيْسَ كِتَابَ الْوَقْفِ الْأَصْلِيَّ وَلَمْ يَتَعَيَّنْ فِيهِ أَنَّهُمُ الطَّبَقَةُ الْأُولَى.
قَالَ بَعْدَ ذَلِكَ عَلَى الشَّرْطِ وَالتَّرْتِيبِ، وَالشَّرْطُ مُعَرَّفٌ بِالْأَلْفِ وَاللَّامِ فَيَعُمُّ كُلَّ الشُّرُوطِ الْمُتَقَدِّمَةِ وَمِنْ جُمْلَتِهَا (3/63)
الْأَقْرَبُ فَبِهَذَا الطَّرِيقِ نَجْعَلُهُ فِي كُلِّ الْبُطُونِ مَعَ أَنَّهُ الْمُتَبَادَرُ إِلَى الْفَهْمِ.
","قُلْت لَهُ احْتِمَالٌ وَلَكِنَّهُ مُنْدَفِعٌ؛ لِأَنَّ الْكِتَابَ فِي نَفْسِهِ دَالٌّ عَلَى أَنَّهُ لَيْسَ كِتَابَ الْوَقْفِ الْأَصْلِيِّ وَلَمْ يَتَعَيَّنْ فِيهِ أَنَّهُمُ الطَّبَقَةُ الْأُولَى.
قَالَ بَعْدَ ذَلِكَ عَلَى الشَّرْطِ وَالتَّرْتِيبِ، وَالشَّرْطُ مُعَرَّفٌ بِالْأَلِفِ وَاللَّامِ فَيَعُمُّ كُلَّ الشُّرُوطِ الْمُتَقَدِّمَةِ وَمِنْ جُمْلَتِهَا (3/63)
الْأَقْرَبُ فَبِهَذَا الطَّرِيقِ نَجْعَلُهُ فِي كُلِّ الْبُطُونِ مَعَ أَنَّهُ الْمُتَبَادَرُ إِلَى الْفَهْمِ."
"ولو (3/216)
أفسد الأول استقبل بهم فكذا الثاني، ولو كان الأول أحدث قبل الشروع فقدم من لم يشهد الخطبة لا يجوز، ولو قدم هذا المقدم غيره ممن شهدها قيل يجوز، وقيل لا يجوز؛ لأنه ليس من أهل إقامة الجمعة بنفسه فلا يجوز منه الاستخلاف، ","وَلَوْ (3/216)
أَفْسَدَ الْأَوَّلُ اسْتَقْبَلَ بِهِمْ فَكَذَا الثَّانِي، وَلَوْ كَانَ الْأَوَّلُ أَحْدَثَ قَبْلَ الشُّرُوعِ فَقَدَّمَ مَنْ لَمْ يَشْهَدِ الْخُطْبَةَ لَا يَجُوزُ، وَلَوْ قَدَّمَ هَذَا الْمُقَدَّمُ غَيْرَهُ مِمَّنْ شَهِدَهَا قِيلَ يَجُوزُ، وَقِيلَ لَا يَجُوزُ؛ لِأَنَّهُ لَيْسَ مِنْ أَهْلِ إِقَامَةِ الْجُمُعَةِ بِنَفْسِهِ فَلَا يَجُوزُ مِنْهُ الِاسْتِخْلَافُ، ","وَلَوْ (3/216)
أَفْسَدَ الْأَوَّلُ اسْتَقْبَلَ بِهِمْ فَكَذَا الثَّانِي، وَلَوْ كَانَ الْأَوَّلُ أَحْدَثَ قَبْلَ الشُّرُوعِ فَقَدَّمَ مَنْ لَمْ يَشْهَدِ الْخُطْبَةَ لَا يَجُوزُ، وَلَوْ قَدَّمَ هَذَا الْمُقَدِّمُ غَيْرَهُ مِمَّنْ شَهِدَهَا قِيلَ يَجُوزُ، وَقِيلَ لَا يَجُوزُ؛ لِأَنَّهُ لَيْسَ مِنْ أَهْلِ إِقَامَةِ الْجُمُعَةِ بِنَفْسِهِ فَلَا يَجُوزُ مِنْهُ الِاسْتِخْلَافُ،"
"وإذا ادعى في الزنا شبهة محتملة من نكاح فاسد أو اشتبهت عليه بزوجته أو جهل تحريم الزنا وهو حديث الإسلام درئ بها عنه الحد.
قال النبي صلى الله عليه وسلم: {ادرءوا الحدود بالشبهات} .
وقال أبو حنيفة: إذا اشتبهت عليه الأجنبية لزوجته لم يكن ذلك شبهة له وحد من أصابها، وإذا أصاب ذات محرم بعقد نكاح حد، ","وَإِذَا ادَّعَى فِي الزِّنَا شُبْهَةً مُحْتَمَلَةً مِنْ نِكَاحٍ فَاسِدٍ أَوِ اشْتَبَهَتْ عَلَيْهِ بِزَوْجَتِهِ أَوْ جَهِلَ تَحْرِيمَ الزِّنَا وَهُوَ حَدِيثُ الْإِسْلَامِ دُرِئَ بِهَا عَنْهُ الْحَدُّ.
قَالَ النَّبِيُّ صَلَّى اللَّهُ عَلَيْهِ وَسَلَّمَ: {ادْرَءُوا الْحُدُودَ بِالشُّبُهَاتِ} .
وَقَالَ أَبُو حَنِيفَةَ: إِذَا اشْتَبَهَتْ عَلَيْهِ الْأَجْنَبِيَّةُ لِزَوْجَتِهِ لَمْ يَكُنْ ذَلِكَ شُبْهَةً لَهُ وَحُدَّ مَنْ أَصَابَهَا، وَإِذَا أَصَابَ ذَاتَ مَحْرَمٍ بِعَقْدِ نِكَاحٍ حُدَّ، ","وَإِذَا ادَّعَى فِي الزِّنَا شُبْهَةً مُحْتَمَلَةً مِنْ نِكَاحٍ فَاسِدٍ أَوِ اشْتَبَهَتْ عَلَيْهِ بِزَوْجَتِهِ أَوْ جَهِلَ تَحْرِيمَ الزِّنَا وَهُوَ حَدِيثُ الْإِسْلَامِ دُرِئَ بِهَا عَنْهُ الْحَدُّ.
قَالَ النَّبِيُّ صَلَّى اللَّهُ عَلَيْهِ وَسَلَّمَ: {ادْرَءُوا الْحُدُودَ بِالشُّبُهَاتِ} .
وَقَالَ أَبُو حَنِيفَةَ: إِذَا اشْتَبَهَتْ عَلَيْهِ الْأَجْنَبِيَّةُ لِزَوْجَتِهِ لَمْ يَكُنْ ذَلِكَ شُبْهَةً لَهُ وَحُدَّ مَنْ أَصَابَهَا، وَإِذَا أَصَابَ ذَاتَ مَحْرَمٍ بِعَقْدِ نِكَاحٍ حُدَّ،"
أي ظرف البائع (لم يكن قبضا) لأن الأمر بالكيل لم يصح لعدم مصادفته ملك الأمر لأن حقه في الدين لا العين فصار المسلم إليه مستعيرا لظرف رب السلم وواضعا ملك نفسه فيها (بخلاف كيله في ظرف المشتري بأمره) يعني لو اشترى مثلا حنطة معينة فأمر المشتري البائع أن يكيله في ظرف المشتري بغيبته صار قابضا؛ ,أَيْ ظَرْفِ الْبَائِعِ (لَمْ يَكُنْ قَبْضًا) لِأَنَّ الْأَمْرَ بِالْكَيْلِ لَمْ يَصِحَّ لِعَدَمِ مُصَادَفَتِهِ مِلْكَ الْأَمْرِ لِأَنَّ حَقَّهُ فِي الدَّيْنِ لَا الْعَيْنِ فَصَارَ الْمُسْلَمُ إِلَيْهِ مُسْتَعِيرًا لِظَرْفِ رَبِّ السَّلَمِ وَوَاضِعًا مِلْكَ نَفْسِهِ فِيهَا (بِخِلَافِ كَيْلِهِ فِي ظَرْفِ الْمُشْتَرِي بِأَمْرِهِ) يَعْنِي لَوِ اشْتَرَى مَثَلًا حِنْطَةً مُعَيَّنَةً فَأَمَرَ الْمُشْتَرِي الْبَائِعَ أَنْ يَكِيلَهُ فِي ظَرْفِ الْمُشْتَرِي بِغَيْبَتِهِ صَارَ قَابِضًا؛ ,أَيْ ظَرْفِ الْبَائِعِ (لَمْ يَكُنْ قَبْضًا) لِأَنَّ الْأَمْرَ بِالْكَيْلِ لَمْ يَصِحَّ لِعَدَمِ مُصَادَفَتِهِ مِلْكَ الْأَمْرِ لِأَنَّ حَقَّهُ فِي الدَّيْنِ لَا الْعَيْنِ فَصَارَ الْمُسْلَمُ إِلَيْهِ مُسْتَعِيرًا لِظَرْفِ رَبِّ السَّلَمِ وَوَاضِعًا مِلْكَ نَفْسِهِ فِيهَا (بِخِلَافِ كَيْلِهِ فِي ظَرْفِ الْمُشْتَرِي بِأَمْرِهِ) يَعْنِي لَوِ اشْتَرَى مَثَلًا حِنْطَةً مُعَيَّنَةً فَأَمَرَ الْمُشْتَرِي الْبَائِعَ أَنْ يَكِيلَهُ فِي ظَرْفِ الْمُشْتَرِي بِغَيْبَتِهِ صَارَ قَابِضًا؛
"أقر (لأبعد) كعم (مع) وجود (أقرب) كولد أو أب أو أخ فيلزم الإقرار، وأما الإقرار لأجنبي غير ملاطف فيصح مطلقا، كإقرار الصحيح.
(أو) أقر مريض (لزوجته علم بغضه لها) فيؤاخذ به.
وإن لم يرثه ولد أو انفردت بالصغير على المعتمد، ومثله زوجة مريضة أقرت لمن علم بغضها له، وأما الصحيح فيصح مطلقا (أو جهل) ","أَقَرَّ (لِأَبْعَدَ) كَعَمٍّ (مَعَ) وُجُودِ (أَقْرَبَ) كَوَلَدٍ أَوْ أَبٍ أَوْ أَخٍ فَيَلْزَمُ الْإِقْرَارُ، وَأَمَّا الْإِقْرَارُ لِأَجْنَبِيٍّ غَيْرِ مُلَاطِفٍ فَيَصِحُّ مُطْلَقًا، كَإِقْرَارِ الصَّحِيحِ.
(أَوْ) أَقَرَّ مَرِيضٌ (لِزَوْجَتِهِ عُلِمَ بُغْضُهُ لَهَا) فَيُؤَاخِذُ بِهِ.
وَإِنْ لَمْ يَرِثْهُ وَلَدٌ أَوِ انْفَرَدَتْ بِالصَّغِيرِ عَلَى الْمُعْتَمَدِ، وَمِثْلُهُ زَوْجَةٌ مَرِيضَةٌ أَقَرَّتْ لِمَنْ عَلِمَ بُغْضَهَا لَهُ، وَأَمَّا الصَّحِيحُ فَيَصِحُّ مُطْلَقًا (أَوْ جَهِلَ) ","أَقَرَّ (لِأَبْعَدَ) كَعَمٍّ (مَعَ) وُجُودِ (أَقْرَبَ) كَوَلَدٍ أَوْ أَبٍ أَوْ أَخٍ فَيَلْزَمُ الْإِقْرَارُ، وَأَمَّا الْإِقْرَارُ لِأَجْنَبِيٍّ غَيْرِ مُلَاطِفٍ فَيَصِحُّ مُطْلَقًا، كَإِقْرَارِ الصَّحِيحِ.
(أَوْ) أَقَرَّ مَرِيضٌ (لِزَوْجَتِهِ عُلِمَ بُغْضُهُ لَهَا) فَيُؤَاخَذُ بِهِ.
وَإِنْ لَمْ يَرِثْهُ وَلَدٌ أَوِ انْفَرَدَتْ بِالصَّغِيرِ عَلَى الْمُعْتَمَدِ، وَمِثْلُهُ زَوْجَةٌ مَرِيضَةٌ أَقَرَّتْ لِمَنْ عُلِمَ بُغْضُهَا لَهُ، وَأَمَّا الصَّحِيحُ فَيَصِحُّ مُطْلَقًا (أَوْ جَهِلَ)"
ما كان من ضروراته كما إذا اختلطت أخته بأجنبيات في بلدة صغيرة حرم عليه نكاحهن، وإن كنا نعلم أن نكاح الأجنبيات ليس بحرام، لكن لما اختلطت بهن الأخت، وعسر التمييز كان تحريم الأجنبيات من ضرورات تحريم نكاح الأخت، ولهذا لو تعينت حرم نكاحها على الخصوص، ويقرب من هذا القسم ما لو وقعت النجاسة في الماء، ,مَا كَانَ مِنْ ضَرُورَاتِهِ كَمَا إِذَا اخْتَلَطَتْ أُخْتُهُ بِأَجْنَبِيَّاتٍ فِي بَلْدَةٍ صَغِيرَةٍ حَرُمَ عَلَيْهِ نِكَاحُهُنَّ، وَإِنْ كُنَّا نَعْلَمُ أَنَّ نِكَاحَ الْأَجْنَبِيَّاتِ لَيْسَ بِحَرَامٍ، لَكِنْ لَمَّا اخْتَلَطَتْ بِهِنَّ الْأُخْتُ، وَعَسُرَ التَّمْيِيزُ كَانَ تَحْرِيمُ الْأَجْنَبِيَّاتِ مِنْ ضَرُورَاتِ تَحْرِيمِ نِكَاحِ الْأُخْتِ، وَلِهَذَا لَوْ تَعَيَّنَتْ حَرُمَ نِكَاحُهَا عَلَى الْخُصُوصِ، وَيَقْرُبُ مِنْ هَذَا الْقِسْمِ مَا لَوْ وَقَعَتِ النَّجَاسَةُ فِي الْمَاءِ، ,مَا كَانَ مِنْ ضَرُورَاتِهِ كَمَا إِذَا اخْتَلَطَتْ أُخْتُهُ بِأَجْنَبِيَّاتٍ فِي بَلْدَةٍ صَغِيرَةٍ حَرُمَ عَلَيْهِ نِكَاحُهُنَّ، وَإِنْ كُنَّا نَعْلَمُ أَنَّ نِكَاحَ الْأَجْنَبِيَّاتِ لَيْسَ بِحَرَامٍ، لَكِنْ لَمَّا اخْتَلَطَتْ بِهِنَّ الْأُخْتُ، وَعَسُرَ التَّمْيِيزُ كَانَ تَحْرِيمُ الْأَجْنَبِيَّاتِ مِنْ ضَرُورَاتِ تَحْرِيمِ نِكَاحِ الْأُخْتِ، وَلِهَذَا لَوْ تَعَيَّنَتْ حَرُمَ نِكَاحُهَا عَلَى الْخُصُوصِ، وَيَقْرُبُ مِنْ هَذَا الْقِسْمِ مَا لَوْ وَقَعَتِ النَّجَاسَةُ فِي الْمَاءِ،
وقوله في الثوب الثالث وهو الذي دفعه البائع في العقد الثاني أنه يحكم له بحكم ما قارن بيعه سلفا فيه أيضا نظر، وذلك أن تعلق الفساد به من وجهين أحدهما ما ذكرناه من البيع والسلف، ,وَقَوْلُهُ فِي الثَّوْبِ الثَّالِثِ وَهُوَ الَّذِي دَفَعَهُ الْبَائِعُ فِي الْعَقْدِ الثَّانِي أَنَّهُ يُحْكَمُ لَهُ بِحُكْمِ مَا قَارَنَ بَيْعُهُ سَلَفًا فِيهِ أَيْضًا نَظَرٌ، وَذَلِكَ أَنَّ تَعَلُّقَ الْفَسَادِ بِهِ مِنْ وَجْهَيْنِ أَحَدُهُمَا مَا ذَكَرْنَاهُ مِنَ الْبَيْعِ وَالسَّلَفِ، ,وَقَوْلُهُ فِي الثَّوْبِ الثَّالِثِ وَهُوَ الَّذِي دَفَعَهُ الْبَائِعُ فِي الْعَقْدِ الثَّانِي أَنَّهُ يُحْكَمُ لَهُ بِحُكْمِ مَا قَارَنَ بَيْعَهُ سَلَفًا فِيهِ أَيْضًا نَظَرٌ، وَذَلِكَ أَنَّ تَعَلُّقَ الْفَسَادِ بِهِ مِنْ وَجْهَيْنِ أَحَدُهُمَا مَا ذَكَرْنَاهُ مِنَ الْبَيْعِ وَالسَّلَفِ،
"وإذا اتفقا على الفساد وكذبهما الشفيع فلا شفعة للشفيع على كل حال، كما لو اتفقا على البيع بشرط الخيار وكذبهما فيه الشفيع، (الهندية في الباب العاشر) .
والحاصل، أنه لا تجري الشفعة قبل القبض في العقار المباع بيعا فاسدا، كما أنه لا تجري الشفعة بعد القبض أيضا.
","وَإِذَا اتَّفَقَا عَلَى الْفَسَادِ وَكَذَّبَهُمَا الشَّفِيعُ فَلَا شُفْعَةَ لِلشَّفِيعِ عَلَى كُلِّ حَالٍ، كَمَا لَوِ اتَّفَقَا عَلَى الْبَيْعِ بِشَرْطِ الْخِيَارِ وَكَذَّبَهُمَا فِيهِ الشَّفِيعُ، (الْهِنْدِيَّةُ فِي الْبَابِ الْعَاشِرِ) .
وَالْحَاصِلُ، أَنَّهُ لَا تَجْرِي الشُّفْعَةُ قَبْلَ الْقَبْضِ فِي الْعَقَارِ الْمُبَاعِ بَيْعًا فَاسِدًا، كَمَا أَنَّهُ لَا تَجْرِي الشُّفْعَةُ بَعْدَ الْقَبْضِ أَيْضًا.
","وَإِذَا اتَّفَقَا عَلَى الْفَسَادِ وَكَذَّبَهُمَا الشَّفِيعُ فَلَا شُفْعَةَ لِلشَّفِيعِ عَلَى كُلِّ حَالٍ، كَمَا لَوِ اتَّفَقَا عَلَى الْبَيْعِ بِشَرْطِ الْخِيَارِ وَكَذَّبَهُمَا فِيهِ الشَّفِيعُ، (الْهِنْدِيَّةُ فِي الْبَابِ الْعَاشِرِ) .
وَالْحَاصِلُ، أَنَّهُ لَا تَجْرِي الشُّفْعَةُ قَبْلَ الْقَبْضِ فِي الْعَقَارِ الْمُبَاعِ بَيْعًا فَاسِدًا، كَمَا أَنَّهُ لَا تَجْرِي الشُّفْعَةُ بَعْدَ الْقَبْضِ أَيْضًا."
"ومنها أنه تعالى أجرى عادته بتوقف الشفاء على الدواء في بعض الأحيان ليعلم الإنسان أنه إذا تحمل مرارة الأدوية دفعا لضرر المرض فلأن يتحمل مشاق التكليف دفعا لضرر العقاب من باب أولى ومنها أنه سبحانه وتعالى لو خلق المسببات دفعة واحدة من غير وسائط أسبابها لحصل العلم الضروري باستنادها إلى القادر الحكيم وذلك كالمنافي للتكليف والابتلاء لأنه لا يبقى كافر ولا جاحد حينئذ فلما خلقها بهذه الوسائط ظهرت حكمة التكليف والابتلاء وتميزت الفرقة الموصوفة بالشقاء عن الفرقة الموصوفة بالشقاء لأن المهتدي يفتقر في استنادها إلى القادر المختار إلى نظر دقيق وفكر غامض فيستوجب الثواب ولهذا قيل لولا الأسباب لما ارتاب مرتاب ومنها أنه يظهر للملائكة وأولي (4/445)
","وَمِنْهَا أَنَّهُ تَعَالَى أَجْرَى عَادَتَهُ بِتَوَقُّفِ الشِّفَاءِ عَلَى الدَّوَاءِ فِي بَعْضِ الْأَحْيَانِ لِيَعْلَمَ الْإِنْسَانُ أَنَّهُ إِذَا تَحَمَّلَ مَرَارَةَ الْأَدْوِيَةِ دَفْعًا لِضَرَرِ الْمَرَضِ فَلَأَنْ يَتَحَمَّلَ مَشَاقَّ التَّكْلِيفِ دَفْعًا لِضَرَرِ الْعِقَابِ مِنْ بَابِ أَوْلَى وَمِنْهَا أَنَّهُ سُبْحَانَهُ وَتَعَالَى لَوْ خَلَقَ الْمُسَبَّبَاتِ دَفْعَةً وَاحِدَةً مِنْ غَيْرِ وَسَائِطِ أَسْبَابِهَا لَحَصَلَ الْعِلْمُ الضَّرُورِيُّ بِاسْتِنَادِهَا إِلَى الْقَادِرِ الْحَكِيمِ وَذَلِكَ كَالْمُنَافِي لِلتَّكْلِيفِ وَالِابْتِلَاءِ لِأَنَّهُ لَا يَبْقَى كَافِرٌ وَلَا جَاحِدٌ حِينَئِذٍ فَلَمَّا خَلَقَهَا بِهَذِهِ الْوَسَائِطِ ظَهَرَتْ حِكْمَةُ التَّكْلِيفِ وَالِابْتِلَاءِ وَتَمَيَّزَتِ الْفُرْقَةُ الْمَوْصُوفَةُ بِالشَّقَاءِ عَنِ الْفُرْقَةِ الْمَوْصُوفَةِ بِالشَّقَاءِ لِأَنَّ الْمُهْتَدِيَ يَفْتَقِرُ فِي اسْتِنَادِهَا إِلَى الْقَادِرِ الْمُخْتَارِ إِلَى نَظَرٍ دَقِيقٍ وَفِكْرٍ غَامِضٍ فَيَسْتَوْجِبُ الثَّوَابَ وَلِهَذَا قِيلَ لَوْلَا الْأَسْبَابُ لَمَا ارْتَابَ مُرْتَابٌ وَمِنْهَا أَنَّهُ يَظْهَرُ لِلْمَلَائِكَةِ وَأُولِي (4/445)
",وَمِنْهَا أَنَّهُ تَعَالَى أَجْرَى عَادَتَهُ بِتَوَقُّفِ الشِّفَاءِ عَلَى الدَّوَاءِ فِي بَعْضِ الْأَحْيَانِ لِيُعْلِمَ الْإِنْسَانَ أَنَّهُ إِذَا تَحَمَّلَ مَرَارَةَ الْأَدْوِيَةِ دَفْعًا لِضَرَرِ الْمَرَضِ فَلَأَنْ يَتَحَمَّلَ مَشَاقَّ التَّكْلِيفِ دَفْعًا لِضَرَرِ الْعِقَابِ مِنْ بَابِ أَوْلَى وَمِنْهَا أَنَّهُ سُبْحَانَهُ وَتَعَالَى لَوْ خَلَقَ الْمُسَبِّبَاتِ دَفْعَةً وَاحِدَةً مِنْ غَيْرِ وَسَائِطِ أَسْبَابِهَا لَحَصَلَ الْعِلْمُ الضَّرُورِيُّ بِاسْتِنَادِهَا إِلَى الْقَادِرِ الْحَكِيمِ وَذَلِكَ كَالْمُنَافِي لِلتَّكْلِيفِ وَالِابْتِلَاءِ لِأَنَّهُ لَا يَبْقَى كَافِرٌ وَلَا جَاحِدٌ حِينَئِذٍ فَلَمَّا خَلَقَهَا بِهَذِهِ الْوَسَائِطِ ظَهَرَتْ حِكْمَةُ التَّكْلِيفِ وَالِابْتِلَاءِ وَتَمَيَّزَتِ الْفِرْقَةُ الْمَوْصُوفَةُ بِالشَّقَاءِ عَنِ الْفِرْقَةِ الْمَوْصُوفَةِ بِالشَّقَاءِ لِأَنَّ الْمُهْتَدِيَ يَفْتَقِرُ فِي اسْتِنَادِهَا إِلَى الْقَادِرِ الْمُخْتَارِ إِلَى نَظَرٍ دَقِيقٍ وَفِكْرٍ غَامِضٍ فَيَسْتَوْجِبُ الثَّوَابَ وَلِهَذَا قِيلَ لَوْلَا الْأَس
"أي المرافق.
(قوله: مجازا) قد يقال المجاز لا بد له من قرينة وهي منتفية هنا إلا أن يقال لو سلم انتفاؤها لم يضر لثبوت المطلوب على تقدير الحقيقة بالوجه الآتي فليتأمل.
(قوله: أو للمعية) كان ينبغي أن يقول أيضا هنا بما سيأتي، فإن كونها للمعية تحتاج لقرينة كالاحتياط أو الإجماع.
(","أَيِ الْمَرَافِقِ.
(قَوْلُهُ: مَجَازًا) قَدْ يُقَالُ الْمَجَازُ لَا بُدَّ لَهُ مِنْ قَرِينَةٍ وَهِيَ مُنْتَفِيَةٌ هُنَا إِلَّا أَنْ يُقَالَ لَوْ سَلِمَ انْتِفَاؤُهَا لَمْ يَضُرَّ لِثُبُوتِ الْمَطْلُوبِ عَلَى تَقْدِيرِ الْحَقِيقَةِ بِالْوَجْهِ الْآتِي فَلْيُتَأَمَّلْ.
(قَوْلُهُ: أَوْ لِلْمَعِيَّةِ) كَانَ يَنْبَغِي أَنْ يَقُولَ أَيْضًا هُنَا بِمَا سَيَأْتِي، فَإِنَّ كَوْنَهَا لِلْمَعِيَّةِ تَحْتَاجُ لِقَرِينَةٍ كَالِاحْتِيَاطِ أَوِ الْإِجْمَاعِ.
(","أَيِ الْمَرَافِقِ.
(قَوْلُهُ: مَجَازًا) قَدْ يُقَالُ الْمَجَازُ لَا بُدَّ لَهُ مِنْ قَرِينَةٍ وَهِيَ مُنْتَفِيَةٌ هُنَا إِلَّا أَنْ يُقَالَ لَوْ سَلِمَ انْتِفَاؤُهَا لَمْ يَضُرَّ لِثُبُوتِ الْمَطْلُوبِ عَلَى تَقْدِيرِ الْحَقِيقَةِ بِالْوَجْهِ الْآتِي فَلْيُتَأَمَّلْ.
(قَوْلُهُ: أَوْ لِلْمَعِيَّةِ) كَانَ يَنْبَغِي أَنْ يَقُولَ أَيْضًا هُنَا بِمَا سَيَأْتِي، فَإِنَّ كَوْنَهَا لِلْمَعِيَّةِ تَحْتَاجُ لِقَرِينَةٍ كَالِاحْتِيَاطِ أَوِ الْإِجْمَاعِ.
("
"انظر (9/359)
شرح المادة (95) .
مثلا ليس له بدون إذن صريح من شريكه له (اعمل برأيك) أن يقرض من مال الشركة لآخر ولا أن يهدي من أموالها شيئا لآخر غير معتاد هديته كالثياب، ولكن له أن يهدي الأشياء المعتاد إهداؤها كالخبز واللحم مثلا سواء كانت الشركة مفاوضة أو عنانا (تعليقات ابن عابدين على البحر) ","انْظُرْ (9/359)
شَرْحَ الْمَادَّةِ (95) .
مَثَلًا لَيْسَ لَهُ بِدُونِ إِذْنٍ صَرِيحٍ مِنْ شَرِيكِهِ لَهُ (اعْمَلْ بِرَأْيِك) أَنْ يُقْرِضَ مِنْ مَالِ الشَّرِكَةِ لِآخَرَ وَلَا أَنْ يُهْدِيَ مِنْ أَمْوَالِهَا شَيْئًا لِآخَرَ غَيْرَ مُعْتَادٍ هَدِيَّتُهُ كَالثِّيَابِ، وَلَكِنْ لَهُ أَنْ يُهْدِيَ الْأَشْيَاءَ الْمُعْتَادَ إِهْدَاؤُهَا كَالْخُبْزِ وَاللَّحْمِ مَثَلًا سَوَاءٌ كَانَتِ الشَّرِكَةُ مُفَاوَضَةً أَوْ عِنَانًا (تَعْلِيقَاتُ ابْنِ عَابِدِينَ عَلَى الْبَحْرِ) ","انْظُرْ (9/359)
شَرْحَ الْمَادَّةِ (95) .
مَثَلًا لَيْسَ لَهُ بِدُونِ إِذْنٍ صَرِيحٍ مِنْ شَرِيكِهِ لَهُ (اعْمَلْ بِرَأْيِك) أَنْ يُقْرِضَ مِنْ مَالِ الشَّرِكَةِ لِآخَرَ وَلَا أَنْ يُهْدِيَ مِنْ أَمْوَالِهَا شَيْئًا لِآخَرَ غَيْرَ مُعْتَادِ هَدِيَّتِهِ كَالثِّيَابِ، وَلَكِنْ لَهُ أَنْ يُهْدِيَ الْأَشْيَاءَ الْمُعْتَادَ إِهْدَاؤُهَا كَالْخُبْزِ وَاللَّحْمِ مَثَلًا سَوَاءٌ كَانَتِ الشَّرِكَةُ مُفَاوَضَةً أَوْ عِنَانًا (تَعْلِيقَاتُ ابْنِ عَابِدِينَ عَلَى الْبَحْرِ)"
"لم تجب.
ذكره في المحرر في كتاب النكاح.
ومنها البائن في الحياة بفسخ أو طلاق، إذا كانت حاملا.
وقد تقدمت المسألة في كلام المصنف في قوله وأما البائن بفسخ أو طلاق.
فإن كانت حاملا فلها النفقة والسكنى، وإلا فلا شيء لها وأحكامها. (14/399)
ومنها: المتوفى عنها زوجها إذا كانت حاملا.
وتأتي في كلام المصنف.
وهي: ","لَمْ تَجِبْ.
ذَكَرَهُ فِي الْمُحَرَّرِ فِي كِتَابِ النِّكَاحِ.
وَمِنْهَا الْبَائِنُ فِي الْحَيَاةِ بِفَسْخٍ أَوْ طَلَاقٍ، إِذَا كَانَتْ حَامِلًا.
وَقَدْ تَقَدَّمَتِ الْمَسْأَلَةُ فِي كَلَامِ الْمُصَنِّفِ فِي قَوْلِهِ وَأَمَّا الْبَائِنُ بِفَسْخٍ أَوْ طَلَاقٍ.
فَإِنْ كَانَتْ حَامِلًا فَلَهَا النَّفَقَةُ وَالسُّكْنَى، وَإِلَّا فَلَا شَيْءَ لَهَا وَأَحْكَامُهَا. (14/399)
وَمِنْهَا: الْمُتَوَفَّى عَنْهَا زَوْجُهَا إِذَا كَانَتْ حَامِلًا.
وَتَأْتِي فِي كَلَامِ الْمُصَنِّفِ.
وَهِيَ: ","لَمْ تَجِبْ.
ذَكَرَهُ فِي الْمُحَرَّرِ فِي كِتَابِ النِّكَاحِ.
وَمِنْهَا الْبَائِنُ فِي الْحَيَاةِ بِفَسْخٍ أَوْ طَلَاقٍ، إِذَا كَانَتْ حَامِلًا.
وَقَدْ تَقَدَّمَتِ الْمَسْأَلَةُ فِي كَلَامِ الْمُصَنِّفِ فِي قَوْلِهِ وَأَمَّا الْبَائِنُ بِفَسْخٍ أَوْ طَلَاقٍ.
فَإِنْ كَانَتْ حَامِلًا فَلَهَا النَّفَقَةُ وَالسُّكْنَى، وَإِلَّا فَلَا شَيْءَ لَهَا وَأَحْكَامُهَا. (14/399)
وَمِنْهَا: الْمُتَوَفَّى عَنْهَا زَوْجُهَا إِذَا كَانَتْ حَامِلًا.
وَتَأْتِي فِي كَلَامِ الْمُصَنِّفِ.
وَهِيَ:"
"وقال رسول الله صلى الله عليه وسلم لا تقوم الساعة حتى ينبعث دجالون كذابون قريبا من ثلاثين كلهم يزعم أنه رسول الله (13/485)
8138 - وقال رسول الله صلى الله عليه وسلم لا تقوم الساعة حتى تطلع الشمس من مغربها فإذا طلعت ورآها الناس آمنوا أجمعون وذلك حين {لا ينفع نفسا إيمانها لم تكن آمنت من قبل أو كسبت في إيمانها خيرا} (13/486)
8139 - ","وَقَالَ رَسُولُ اللَّهِ صَلَّى اللَّهُ عَلَيْهِ وَسَلَّمَ لَا تَقُومُ السَّاعَةُ حَتَّى يَنْبَعِثَ دَجَّالُونَ كَذَّابُونَ قَرِيبًا مِنْ ثَلَاثِينَ كُلُّهُمْ يَزْعُمُ أَنَّهُ رَسُولُ اللَّهِ (13/485)
8138 - وَقَالَ رَسُولُ اللَّهِ صَلَّى اللَّهُ عَلَيْهِ وَسَلَّمَ لَا تَقُومُ السَّاعَةُ حَتَّى تَطْلُعَ الشَّمْسُ مِنْ مَغْرِبِهَا فَإِذَا طَلَعَتْ وَرَآهَا النَّاسُ آمَنُوا أَجْمَعُونَ وَذَلِكَ حِينَ {لَا يَنْفَعُ نَفْسًا إِيمَانُهَا لَمْ تَكُنْ آمَنَتْ مِنْ قَبْلُ أَوْ كَسَبَتْ فِي إِيمَانِهَا خَيْرًا} (13/486)
8139 - ","وَقَالَ رَسُولُ اللَّهِ صَلَّى اللَّهُ عَلَيْهِ وَسَلَّمَ لَا تَقُومُ السَّاعَةُ حَتَّى يَنْبَعِثَ دَجَّالُونَ كَذَّابُونَ قَرِيبًا مِنْ ثَلَاثِينَ كُلُّهُمْ يَزْعُمُ أَنَّهُ رَسُولُ اللَّهِ (13/485)
8138 - وَقَالَ رَسُولُ اللَّهِ صَلَّى اللَّهُ عَلَيْهِ وَسَلَّمَ لَا تَقُومُ السَّاعَةُ حَتَّى تَطْلُعَ الشَّمْسُ مِنْ مَغْرِبِهَا فَإِذَا طَلَعَتْ وَرَآهَا النَّاسُ آمَنُوا أَجْمَعُونَ وَذَلِكَ حِينَ {لَا يَنْفَعُ نَفْسًا إِيمَانُهَا لَمْ تَكُنْ آمَنَتْ مِنْ قَبْلُ أَوْ كَسَبَتْ فِي إِيمَانِهَا خَيْرًا} (13/486)
8139 -"
فإذا غرم مثله للمعير صار مالكا له فكان بمنزلة المرتهن تأمل (قوله وسيجيء) أي في هذا الباب (قوله وكذا المختلعة) أي على مال؛ لأنه لو كان خلعا خلا عن مال كان من شبهة المحل كما قدمه عن النهر (قوله يثبت في الأولى) هذا في غير الجد إذا وطيء جارية ابن ابنه وابنه حي؛ ,فَإِذَا غَرِمَ مِثْلَهُ لِلْمُعِيرِ صَارَ مَالِكًا لَهُ فَكَانَ بِمَنْزِلَةِ الْمُرْتَهِنِ تَأَمَّلْ (قَوْلُهُ وَسَيَجِيءُ) أَيْ فِي هَذَا الْبَابِ (قَوْلُهُ وَكَذَا الْمُخْتَلِعَةُ) أَيْ عَلَى مَالٍ؛ لِأَنَّهُ لَوْ كَانَ خُلْعًا خَلَا عَنْ مَالٍ كَانَ مِنْ شُبْهَةِ الْمَحِلِّ كَمَا قَدَّمَهُ عَنِ النَّهْرِ (قَوْلُهُ يَثْبُتُ فِي الْأُولَى) هَذَا فِي غَيْرِ الْجَدِّ إِذَا وَطِيء جَارِيَةَ ابْنِ ابْنِهِ وَابْنُهُ حَيٌّ؛ ,فَإِذَا غَرِمَ مِثْلَهُ لِلْمُعِيرِ صَارَ مَالِكًا لَهُ فَكَانَ بِمَنْزِلَةِ الْمُرْتَهِنِ تَأَمَّلْ (قَوْلُهُ وَسَيَجِيءُ) أَيْ فِي هَذَا الْبَابِ (قَوْلُهُ وَكَذَا الْمُخْتَلِعَةُ) أَيْ عَلَى مَالٍ؛ لِأَنَّهُ لَوْ كَانَ خُلْعًا خَلَا عَنْ مَالٍ كَانَ مِنْ شُبْهَةِ الْمَحَلِّ كَمَا قَدَّمَهُ عَنِ النَّهْرِ (قَوْلُهُ يَثْبُتُ فِي الْأُولَى) هَذَا فِي غَيْرِ الْجَدِّ إِذَا وَطِيءَ جَارِيَةَ ابْنِ ابْنِهِ وَابْنُهُ حَيٌّ؛
"اختاره القاضي، والزركشي وغيرهما.
وأطلقهن في المذهب، ومسبوك الذهب، والتلخيص، والبلغة، والنظم، والرعايتين والحاويين، والفروع، والفائق.
تنبيه: اختلف الأصحاب في محل الروايتين الأولين: فعند ابن أبي موسى، والمصنف في الكافي، والمجد، والشارح، وابن منجى في شرحه: أنهما مبنيتان على الروايتين في تحريم الاستظلال وعدمه.
فإن قلنا يحرم: وجبت الفدية، وإلا فلا.
وهي طريقة ابن حمدان، ","اخْتَارَهُ الْقَاضِي، وَالزَّرْكَشِيُّ وَغَيْرُهُمَا.
وَأَطْلَقَهُنَّ فِي الْمُذْهَبِ، وَمَسْبُوكِ الذَّهَبِ، وَالتَّلْخِيصِ، وَالْبُلْغَةِ، وَالنَّظْمِ، وَالرِّعَايَتَيْنِ وَالْحَاوِيَيْنِ، وَالْفُرُوعِ، وَالْفَائِقِ.
تَنْبِيهٌ: اخْتَلَفَ الْأَصْحَابُ فِي مَحَلِّ الرِّوَايَتَيْنِ الْأَوَّلَيْنِ: فَعِنْدَ ابْنِ أَبِي مُوسَى، وَالْمُصَنِّفِ فِي الْكَافِي، وَالْمَجْدِ، وَالشَّارِحِ، وَابْنِ مُنَجَّى فِي شَرْحِهِ: أَنَّهُمَا مَبْنِيَّتَانِ عَلَى الرِّوَايَتَيْنِ فِي تَحْرِيمِ الِاسْتِظْلَالِ وَعَدَمِهِ.
فَإِنْ قُلْنَا يَحْرُمُ: وَجَبَتِ الْفِدْيَةُ، وَإِلَّا فَلَا.
وَهِيَ طَرِيقَةُ ابْنِ حَمْدَانَ، ","اخْتَارَهُ الْقَاضِي، وَالزَّرْكَشِيُّ وَغَيْرُهُمَا.
وَأَطْلَقَهُنَّ فِي الْمُذْهَبِ، وَمَسْبُوكِ الذَّهَبِ، وَالتَّلْخِيصِ، وَالْبُلْغَةِ، وَالنَّظْمِ، وَالرِّعَايَتَيْنِ وَالْحَاوِيَيْنِ، وَالْفُرُوعِ، وَالْفَائِقِ.
تَنْبِيهٌ: اخْتَلَفَ الْأَصْحَابُ فِي مَحَلِّ الرِّوَايَتَيْنِ الْأَوَّلَيْنِ: فَعِنْدَ ابْنِ أَبِي مُوسَى، وَالْمُصَنِّفِ فِي الْكَافِي، وَالْمَجْدِ، وَالشَّارِحِ، وَابْنِ مُنَجَّى فِي شَرْحِهِ: أَنَّهُمَا مَبْنِيَّتَانِ عَلَى الرِّوَايَتَيْنِ فِي تَحْرِيمِ الِاسْتِظْلَالِ وَعَدَمِهِ.
فَإِنْ قُلْنَا يَحْرُمُ: وَجَبَتِ الْفِدْيَةُ، وَإِلَّا فَلَا.
وَهِيَ طَرِيقَةُ ابْنِ حَمْدَانَ،"
"منه في تركه، فإن كان مثله أو أكثر أو الخوف في القطع فقط حرم مطلقا.
وإنما جاز قطع السلعة في حالة تساوي الخطرين لأنها لحم زائد ويزول الشين بقطعها ويحصل به الشفاء، وهذا تغيير وإفساد للبنية الأصلية فكان أضيق، ","مِنْهُ فِي تَرْكِهِ، فَإِنْ كَانَ مِثْلَهُ أَوْ أَكْثَرَ أَوِ الْخَوْفُ فِي الْقَطْعِ فَقَطْ حَرُمَ مُطْلَقًا.
وَإِنَّمَا جَازَ قَطْعُ السِّلْعَةِ فِي حَالَةِ تَسَاوِي الْخَطَرَيْنِ لِأَنَّهَا لَحْمٌ زَائِدٌ وَيَزُولُ الشَّيْنُ بِقَطْعِهَا وَيَحْصُلُ بِهِ الشِّفَاءُ، وَهَذَا تَغْيِيرٌ وَإِفْسَادٌ لِلْبِنْيَةِ الْأَصْلِيَّةِ فَكَانَ أَضْيَقَ، ","مِنْهُ فِي تَرْكِهِ، فَإِنْ كَانَ مِثْلَهُ أَوْ أَكْثَرَ أَوِ الْخَوْفُ فِي الْقَطْعِ فَقَطْ حَرُمَ مُطْلَقًا.
وَإِنَّمَا جَازَ قَطْعُ السِّلْعَةِ فِي حَالَةِ تَسَاوِي الْخَطَرَيْنِ لِأَنَّهَا لَحْمٌ زَائِدٌ وَيَزُولُ الشَّيْنُ بِقَطْعِهَا وَيَحْصُلُ بِهِ الشِّفَاءُ، وَهَذَا تَغْيِيرٌ وَإِفْسَادٌ لِلْبِنْيَةِ الْأَصْلِيَّةِ فَكَانَ أَضْيَقَ،"
"وما سواه من العمل غير محتاج إليه فلا يكون مستحقا على واحد.
وإن كان لا يستغنى عن الحفظ والسقي فالمزارعة فاسدة؛ لأنه لا يستحق على العامل إلا العمل المشروط، فما وراء ذلك مما يحصل به الخارج يكون على رب الأرض فكأنه شرط ذلك عليه وهو مفسد للعقد لانعدام التخلية.
","وَمَا سِوَاهُ مِنَ الْعَمَلِ غَيْرُ مُحْتَاجٍ إِلَيْهِ فَلَا يَكُونُ مُسْتَحَقًّا عَلَى وَاحِدٍ.
وَإِنْ كَانَ لَا يُسْتَغْنَى عَنِ الْحِفْظِ وَالسَّقْيِ فَالْمُزَارَعَةُ فَاسِدَةٌ؛ لِأَنَّهُ لَا يُسْتَحَقُّ عَلَى الْعَامِلِ إِلَّا الْعَمَلُ الْمَشْرُوطُ، فَمَا وَرَاءَ ذَلِكَ مِمَّا يَحْصُلُ بِهِ الْخَارِجُ يَكُونُ عَلَى رَبِّ الْأَرْضِ فَكَأَنَّهُ شَرَطَ ذَلِكَ عَلَيْهِ وَهُوَ مُفْسِدٌ لِلْعَقْدِ لِانْعِدَامِ التَّخْلِيَةِ.
","وَمَا سِوَاهُ مِنَ الْعَمَلِ غَيْرُ مُحْتَاجٍ إِلَيْهِ فَلَا يَكُونُ مُسْتَحَقًّا عَلَى وَاحِدٍ.
وَإِنْ كَانَ لَا يُسْتَغْنَى عَنِ الْحِفْظِ وَالسَّقْيِ فَالْمُزَارَعَةُ فَاسِدَةٌ؛ لِأَنَّهُ لَا يَسْتَحِقُّ عَلَى الْعَامِلِ إِلَّا الْعَمَلَ الْمَشْرُوطَ، فَمَا وَرَاءَ ذَلِكَ مِمَّا يَحْصُلُ بِهِ الْخَارِجُ يَكُونُ عَلَى رَبِّ الْأَرْضِ فَكَأَنَّهُ شَرَطَ ذَلِكَ عَلَيْهِ وَهُوَ مُفْسِدٌ لِلْعَقْدِ لِانْعِدَامِ التَّخْلِيَةِ."
"أي الوكيل لتقصيره وقد يهرب البائع فلا يتمكن الموكل من الرد فيتضرر (وإن جهله وقع) على الموكل (في الأصح) كما لو اشتراه بنفسه جاهلا، والثاني: لا؛ لأن الغبن يمنع الوقوع عنه مع السلامة فعند العيب أولى. (8/337)
وأجاب الأول بأن الخيار يثبت في المعيب فلا ضرر بخلاف الغبن.
(وإذا وقع) الشراء (للموكل) ","أَيِ الْوَكِيلُ لِتَقْصِيرِهِ وَقَدْ يَهْرَبُ الْبَائِعُ فَلَا يَتَمَكَّنُ الْمُوَكِّلُ مِنَ الرَّدِّ فَيَتَضَرَّرُ (وَإِنْ جَهِلَهُ وَقَعَ) عَلَى الْمُوَكِّلِ (فِي الْأَصَحِّ) كَمَا لَوِ اشْتَرَاهُ بِنَفْسِهِ جَاهِلًا، وَالثَّانِي: لَا؛ لِأَنَّ الْغَبْنَ يَمْنَعُ الْوُقُوعَ عَنْهُ مَعَ السَّلَامَةِ فَعِنْدَ الْعَيْبِ أَوْلَى. (8/337)
وَأَجَابَ الْأَوَّلُ بِأَنَّ الْخِيَارَ يَثْبُتُ فِي الْمَعِيبِ فَلَا ضَرَرَ بِخِلَافِ الْغَبْنِ.
(وَإِذَا وَقَعَ) الشِّرَاءُ (لِلْمُوَكِّلِ) ","أَيِ الْوَكِيلِ لِتَقْصِيرِهِ وَقَدْ يَهْرُبُ الْبَائِعُ فَلَا يَتَمَكَّنُ الْمُوَكِّلُ مِنَ الرَّدِّ فَيَتَضَرَّرُ (وَإِنْ جَهِلَهُ وَقَعَ) عَلَى الْمُوَكِّلِ (فِي الْأَصَحِّ) كَمَا لَوِ اشْتَرَاهُ بِنَفْسِهِ جَاهِلًا، وَالثَّانِي: لَا؛ لِأَنَّ الْغَبْنَ يَمْنَعُ الْوُقُوعَ عَنْهُ مَعَ السَّلَامَةِ فَعِنْدَ الْعَيْبِ أَوْلَى. (8/337)
وَأَجَابَ الْأَوَّلُ بِأَنَّ الْخِيَارَ يَثْبُتُ فِي الْمَعِيبِ فَلَا ضَرَرَ بِخِلَافِ الْغَبْنِ.
(وَإِذَا وَقَعَ) الشِّرَاءُ (لِلْمُوَكِّلِ)"
لأن الثمر لم يكن موجودا عند العقد فلا يدخل عند الأخذ في المبيع إلا تبعا فلا يقابله شيء من الثمن، وكان أبو يوسف رحمه الله يقول أولا يحط عنه من الثمن في الفصل الثاني أيضا؛ لأن حال المشتري مع الشفيع كحال البائع مع المشتري قبل قبض المبيع، ,لِأَنَّ الثَّمَرَ لَمْ يَكُنْ مَوْجُودًا عِنْدَ الْعَقْدِ فَلَا يَدْخُلُ عِنْدَ الْأَخْذِ فِي الْمَبِيعِ إِلَّا تَبَعًا فَلَا يُقَابِلُهُ شَيْءٌ مِنَ الثَّمَنِ، وَكَانَ أَبُو يُوسُفَ رَحِمَهُ اللَّهُ يَقُولُ أَوَّلًا يُحَطُّ عَنْهُ مِنَ الثَّمَنِ فِي الْفَصْلِ الثَّانِي أَيْضًا؛ لِأَنَّ حَالَ الْمُشْتَرِي مَعَ الشَّفِيعِ كَحَالِ الْبَائِعِ مَعَ الْمُشْتَرِي قَبْلَ قَبْضِ الْمَبِيعِ، ,لِأَنَّ الثَّمَرَ لَمْ يَكُنْ مَوْجُودًا عِنْدَ الْعَقْدِ فَلَا يَدْخُلُ عِنْدَ الْأَخْذِ فِي الْمَبِيعِ إِلَّا تَبَعًا فَلَا يُقَابِلُهُ شَيْءٌ مِنَ الثَّمَنِ، وَكَانَ أَبُو يُوسُفَ رَحِمَهُ اللَّهُ يَقُولُ أَوَّلًا يُحَطُّ عَنْهُ مِنَ الثَّمَنِ فِي الْفَصْلِ الثَّانِي أَيْضًا؛ لِأَنَّ حَالَ الْمُشْتَرِي مَعَ الشَّفِيعِ كَحَالِ الْبَائِعِ مَعَ الْمُشْتَرِي قَبْلَ قَبْضِ الْمَبِيعِ،
"أي الغزالي في عقود المختصر والمحاملي والبغوي في تعليقه وابن سراقة ش (قوله وصوبه الإسنوي والريمي) وخالفهما الأذرعي وهو الأصح لأن القائلين به أكثر ولأن القصد تقليل النجاسة وهو شامل للأمرين.
(قوله فالماء أفضل إلخ) ","أَيِ الْغَزَالِيُّ فِي عُقُودِ الْمُخْتَصَرِ وَالْمَحَامِلِيُّ وَالْبَغَوِيُّ فِي تَعْلِيقِهِ وَابْنُ سُرَاقَةَ ش (قَوْلُهُ وَصَوَّبَهُ الْإِسْنَوِيُّ وَالرِّيمِيُّ) وَخَالَفَهُمَا الْأَذْرَعِيُّ وَهُوَ الْأَصَحُّ لِأَنَّ الْقَائِلِينَ بِهِ أَكْثَرُ وَلِأَنَّ الْقَصْدَ تَقْلِيلُ النَّجَاسَةِ وَهُوَ شَامِلٌ لِلْأَمْرَيْنِ.
(قَوْلُهُ فَالْمَاءُ أَفْضَلُ إِلَخْ) ","أَيِ الْغَزَالِيِّ فِي عُقُودِ الْمُخْتَصَرِ وَالْمَحَامِلِيِّ وَالْبَغَوِيِّ فِي تَعْلِيقِهِ وَابْنُ سُرَاقَةَ ش (قَوْلُهُ وَصَوَّبَهُ الْإِسْنَوِيُّ وَالرِّيمِيُّ) وَخَالَفَهُمَا الْأَذْرَعِيُّ وَهُوَ الْأَصَحُّ لِأَنَّ الْقَائِلِينَ بِهِ أَكْثَرُ وَلِأَنَّ الْقَصْدَ تَقْلِيلُ النَّجَاسَةِ وَهُوَ شَامِلٌ لِلْأَمْرَيْنِ.
(قَوْلُهُ فَالْمَاءُ أَفْضَلُ إِلَخْ)"
"واستدل له بكلام ابن شاس وابن فرحون وفيه نظر لأن قوله وارتهن إن أقرض إلخ يدل على أنه يرهن فيه قبل اللزوم أيضا ومنه كراء المشاهرة فالظاهر ما لابن عبد السلام والله أعلم. (11/497)
لا في معين أو منفعته
الشرح
(لا) يصح الرهن (في) شيء (معين) بضم الميم وفتح العين والياء مثقلا كشراء ثوب معين ويأخذ به رهنا.
","وَاسْتَدَلَّ لَهُ بِكَلَامِ ابْنِ شَاسٍ وَابْنِ فَرْحُونٍ وَفِيهِ نَظَرٌ لِأَنَّ قَوْلَهُ وَارْتَهَنَ إِنْ أَقْرَضَ إِلَخْ يَدُلُّ عَلَى أَنَّهُ يَرْهَنُ فِيهِ قَبْلَ اللُّزُومِ أَيْضًا وَمِنْهُ كِرَاءُ الْمُشَاهَرَةِ فَالظَّاهِرُ مَا لِابْنِ عَبْدِ السَّلَامِ وَاللَّهُ أَعْلَمُ. (11/497)
لَا فِي مُعَيَّنٍ أَوْ مَنْفَعَتِهِ
الشَّرْحُ
(لَا) يَصِحُّ الرَّهْنُ (فِي) شَيْءٍ (مُعَيَّنٍ) بِضَمِّ الْمِيمِ وَفَتْحِ الْعَيْنِ وَالْيَاءِ مُثَقَّلًا كَشِرَاءِ ثَوْبٍ مُعَيَّنٍ وَيَأْخُذُ بِهِ رَهْنًا.
","وَاسْتَدَلَّ لَهُ بِكَلَامِ ابْنِ شَاسٍ وَابْنِ فَرْحُونٍ وَفِيهِ نَظَرٌ لِأَنَّ قَوْلَهُ وَارْتَهَنَ إِنْ أَقْرَضَ إِلَخْ يَدُلُّ عَلَى أَنَّهُ يَرْهَنُ فِيهِ قَبْلَ اللُّزُومِ أَيْضًا وَمِنْهُ كِرَاءُ الْمُشَاهَرَةِ فَالظَّاهِرُ مَا لِابْنِ عَبْدِ السَّلَامِ وَاللَّهُ أَعْلَمُ. (11/497)
لَا فِي مُعَيَّنٍ أَوْ مَنْفَعَتِهِ
الشَّرْحُ
(لَا) يَصِحُّ الرَّهْنُ (فِي) شَيْءٍ (مُعَيَّنٍ) بِضَمِّ الْمِيمِ وَفَتْحِ الْعَيْنِ وَالْيَاءِ مُثَقَّلًا كَشِرَاءِ ثَوْبٍ مُعَيَّنٍ وَيَأْخُذُ بِهِ رَهْنًا."
فإن كان موافقا لجريانها تنجست دون ما أمامها وما خلفها أو واقفا أو جريها أسرع فمحله وما أمامه مما مر عليه نجس وإن طال امتداده إلا أن يتراد أو يجتمع في نحو حفرة، وعليه يقال لنا ماء هو ألف قلة ينجس بلا تغير، ,فَإِنْ كَانَ مُوَافِقًا لِجَرَيَانِهَا تَنَجَّسَتْ دُونَ مَا أَمَامَهَا وَمَا خَلْفَهَا أَوْ وَاقِفًا أَوْ جَرْيُهَا أَسْرَعَ فَمَحَلُّهُ وَمَا أَمَامَهُ مِمَّا مَرَّ عَلَيْهِ نَجَسٌ وَإِنْ طَالَ امْتِدَادُهُ إِلَّا أَنْ يَتَرَادَّ أَوْ يَجْتَمِعَ فِي نَحْوِ حُفْرَةٍ، وَعَلَيْهِ يُقَالُ لَنَا مَاءٌ هُوَ أَلْفُ قُلَّةٍ يَنْجُسُ بِلَا تَغَيُّرٍ، ,فَإِنْ كَانَ مُوَافِقًا لِجَرَيَانِهَا تَنَجَّسَتْ دُونَ مَا أَمَامَهَا وَمَا خَلْفَهَا أَوْ وَاقِفًا أَوْ جَرَيَهَا أَسْرَعَ فَمَحَلُّهُ وَمَا أَمَامَهُ مِمَّا مَرَّ عَلَيْهِ نَجِسٌ وَإِنْ طَالَ امْتِدَادُهُ إِلَّا أَنْ يَتَرَادَّ أَوْ يَجْتَمِعَ فِي نَحْوِ حُفْرَةٍ، وَعَلَيْهِ يُقَالُ لَنَا مَاءٌ هُوَ أَلْفُ قُلَّةٍ يَنْجَسُ بِلَا تَغَيُّرٍ،
"من ذكر اشتراط العدالة مرادا بها أدناها وتفسيرها وتفسيره (أن شرط العدالة يغني عن ذكر كثير من الحنفية شرط الإسلام بالبيان إجمالا) بأن يقول عن تصديق قلبي آمنت بالله وملائكته وكتبه ورسله واليوم الآخر والبعث بعد الموت والقدر خيره وشره لأن في اعتباره (4/118)
تفصيلا حرجا (أو ما يقوم مقامه) أي مقام بيان الإسلام إجمالا (من الصلاة) ","مِنْ ذِكْرِ اشْتِرَاطِ الْعَدَالَةِ مُرَادًا بِهَا أَدْنَاهَا وَتَفْسِيرُهَا وَتَفْسِيرُهُ (أَنَّ شَرْطَ الْعَدَالَةِ يُغْنِي عَنْ ذِكْرِ كَثِيرٍ مِنَ الْحَنَفِيَّةِ شَرَطَ الْإِسْلَامَ بِالْبَيَانِ إِجْمَالًا) بِأَنْ يَقُولَ عَنْ تَصْدِيقٍ قَلْبِيٍّ آمَنْت بِاللَّهِ وَمَلَائِكَتِهِ وَكُتُبِهِ وَرُسُلِهِ وَالْيَوْمِ الْآخِرِ وَالْبَعْثِ بَعْدَ الْمَوْتِ وَالْقَدَرِ خَيْرِهِ وَشَرِّهِ لِأَنَّ فِي اعْتِبَارِهِ (4/118)
تَفْصِيلًا حَرَجًا (أَوْ مَا يَقُومُ مَقَامَهُ) أَيْ مَقَامَ بَيَانِ الْإِسْلَامِ إِجْمَالًا (مِنَ الصَّلَاةِ) ","مِنْ ذِكْرِ اشْتِرَاطِ الْعَدَالَةِ مُرَادًا بِهَا أَدْنَاهَا وَتَفْسِيرُهَا وَتَفْسِيرُهُ (أَنَّ شَرْطَ الْعَدَالَةِ يُغْنِي عَنْ ذِكْرِ كَثِيرٍ مِنَ الْحَنَفِيَّةِ شَرْطَ الْإِسْلَامِ بِالْبَيَانِ إِجْمَالًا) بِأَنْ يَقُولَ عَنْ تَصْدِيقٍ قَلْبِيٍّ آمَنْت بِاللَّهِ وَمَلَائِكَتِهِ وَكُتُبِهِ وَرُسُلِهِ وَالْيَوْمِ الْآخِرِ وَالْبَعْثِ بَعْدَ الْمَوْتِ وَالْقَدَرِ خَيْرِهِ وَشَرِّهِ لِأَنَّ فِي اعْتِبَارِهِ (4/118)
تَفْصِيلًا حَرَجًا (أَوْ مَا يَقُومُ مَقَامَهُ) أَيْ مَقَامَ بَيَانِ الْإِسْلَامِ إِجْمَالًا (مِنَ الصَّلَاةِ)"
"قال ابن هشام: وحدثني أبو عبيدة أن امرأة مدحت بنت حسان بن ثابت عند عائشة فقالت
حصان رزان ما تزن بريبة... وتصبح غرثى من لحوم الغوافل
فقالت عائشة لكن أبوها. (2/306)
[شعر في هجاء حسان ومسطح]
قال ابن إسحاق: وقال قائل من المسلمين في ضرب حسان وأصحابه في فريتهم على عائشة - قال ابن هشام: ","قَالَ ابْنُ هِشَامٍ: وَحَدَّثَنِي أَبُو عُبَيْدَةَ أَنَّ امْرَأَةً مَدَحَتْ بِنْتَ حَسَّانَ بْنِ ثَابِتٍ عِنْدَ عَائِشَةَ فَقَالَتْ
حَصَانٌ رَزَانٌ مَا تُزَنّ بِرِيبَةٍ... وَتُصْبِحُ غَرْثَى مِنْ لُحُومِ الْغَوَافِلِ
فَقَالَتْ عَائِشَةُ لَكِنْ أَبُوهَا. (2/306)
[شِعْرٌ فِي هِجَاءِ حَسَّانَ وَمِسْطَحٍ]
قَالَ ابْنُ إِسْحَاقَ: وَقَالَ قَائِلٌ مِنَ الْمُسْلِمِينَ فِي ضَرْبِ حَسَّانَ وَأَصْحَابِهِ فِي فِرْيَتِهِمْ عَلَى عَائِشَةَ - قَالَ ابْنُ هِشَامٍ: ","قَالَ ابْنُ هِشَامٍ: وَحَدَّثَنِي أَبُو عُبَيْدَةَ أَنَّ امْرَأَةً مَدَحَتْ بِنْتَ حَسَّانَ بْنِ ثَابِتٍ عِنْدَ عَائِشَةَ فَقَالَتْ
حِصَانٌ رَزَانٌ مَا تَزِنُ بِرِيبَةٍ... وَتُصْبِحُ غَرْثَى مِنْ لُحُومِ الْغَوَافِلِ
فَقَالَتْ عَائِشَةُ لَكِنْ أَبُوهَا. (2/306)
[شِعْرٌ فِي هِجَاءِ حَسَّانَ وَمِسْطَحٍ]
قَالَ ابْنُ إِسْحَاقَ: وَقَالَ قَائِلٌ مِنَ الْمُسْلِمِينَ فِي ضَرْبِ حَسَّانَ وَأَصْحَابِهِ فِي فِرْيَتِهِمْ عَلَى عَائِشَةَ - قَالَ ابْنُ هِشَامٍ:"
"حدثنا أبو النضر حدثنا أبو معاوية يعني شيبان عن ليث عن شهر بن حوشب قال قال حدثني الأنصاري صاحب بدن رسول الله صلى الله عليه وسلم أن رسول الله صلى الله عليه وسلم لما بعثه قال رجعت فقلت يا رسول الله ما تأمرني بما عطب منها قال انحرها ثم اصبغ نعلها في دمها ثم ضعها على صفحتها أو على جنبها ولا تأكل منها أنت ولا أحد من أهل رفقتك (38/249)
","حَدَّثَنَا أَبُو النَّضْرِ حَدَّثَنَا أَبُو مُعَاوِيَةَ يَعْنِي شَيْبَانَ عَنْ لَيْثٍ عَنْ شَهْرِ بْنِ حَوْشَبٍ قَالَ قَالَ حَدَّثَنِي الْأَنْصَارِيُّ صَاحِبُ بُدْنِ رَسُولِ اللَّهِ صَلَّى اللَّهُ عَلَيْهِ وَسَلَّمَ أَنَّ رَسُولَ اللَّهِ صَلَّى اللَّهُ عَلَيْهِ وَسَلَّمَ لَمَّا بَعَثَهُ قَالَ رَجَعْتُ فَقُلْتُ يَا رَسُولَ اللَّهِ مَا تَأْمُرُنِي بِمَا عَطِبَ مِنْهَا قَالَ انْحَرْهَا ثُمَّ اصْبُغْ نَعْلَهَا فِي دَمِهَا ثُمَّ ضَعْهَا عَلَى صَفْحَتِهَا أَوْ عَلَى جَنْبِهَا وَلَا تَأْكُلْ مِنْهَا أَنْتَ وَلَا أَحَدٌ مِنْ أَهْلِ رِفْقَتِكَ (38/249)
",حَدَّثَنَا أَبُو النَّضْرِ حَدَّثَنَا أَبُو مُعَاوِيَةَ يَعْنِي شَيْبَانَ عَنْ لَيْثٍ عَنْ شَهْرِ بْنِ حَوْشَبٍ قَالَ قَالَ حَدَّثَنِي الْأَنْصَارِيُّ صَاحِبُ بَدَنِ رَسُولِ اللَّهِ صَلَّى اللَّهُ عَلَيْهِ وَسَلَّمَ أَنَّ رَسُولَ اللَّهِ صَلَّى اللَّهُ عَلَيْهِ وَسَلَّمَ لَمَّا بَعَثَهُ قَالَ رَجَعْتُ فَقُلْتُ يَا رَسُولَ اللَّهِ مَا تَأْمُرُنِي بِمَا عَطِبَ مِنْهَا قَالَ انْحَرْهَا ثُمَّ اصْبُغْ نَعْلَهَا فِي دَمِهَا ثُمَّ ضَعْهَا عَلَى صَفْحَتِهَا أَوْ عَلَى جَنْبِهَا وَلَا تَأْكُلْ مِنْهَا أَنْتَ وَلَا أَحَدٌ مِنْ أَهْلِ رُفْقَتِكَ (38/249)
إذا تزوجت امرأة فهي طالق فتزوج امرأتين في عقدة فإحداهما طالق، والخيار إليه؛ لأنا تيقنا بوجود الشرط، وهو تزوج امرأة فإن في المرأتين امرأة فلهذا طلقت إحداهما بغير عينها؛ لأن كل واحدة منهما تزاحم الأخرى في الاسم الذي أوقع الطلاق به، ولا وجه للإيقاع عليهما؛ لأنه علق بالتزوج طلاق امرأة واحدة لا طلاق امرأتين فلهذا تطلق إحداهما، ,إِذَا تَزَوَّجْتُ امْرَأَةً فَهِيَ طَالِقٌ فَتَزَوَّجَ امْرَأَتَيْنِ فِي عُقْدَةٍ فَإِحْدَاهُمَا طَالِقٌ، وَالْخِيَارُ إِلَيْهِ؛ لِأَنَّا تَيَقَّنَّا بِوُجُودِ الشَّرْطِ، وَهُوَ تَزَوُّجُ امْرَأَةٍ فَإِنَّ فِي الْمَرْأَتَيْنِ امْرَأَةً فَلِهَذَا طَلُقَتْ إِحْدَاهُمَا بِغَيْرِ عَيْنِهَا؛ لِأَنَّ كُلَّ وَاحِدَةٍ مِنْهُمَا تُزَاحِمُ الْأُخْرَى فِي الِاسْمِ الَّذِي أَوْقَعَ الطَّلَاقَ بِهِ، وَلَا وَجْهَ لِلْإِيقَاعِ عَلَيْهِمَا؛ لِأَنَّهُ عَلَّقَ بِالتَّزَوُّجِ طَلَاقَ امْرَأَةٍ وَاحِدَةٍ لَا طَلَاقَ امْرَأَتَيْنِ فَلِهَذَا تَطْلُقُ إِحْدَاهُمَا، ,إِذَا تَزَوَّجْت امْرَأَةً فَهِيَ طَالِقٌ فَتَزَوَّجَ امْرَأَتَيْنِ فِي عُقْدَةٍ فَإِحْدَاهُمَا طَالِقٌ، وَالْخِيَارُ إِلَيْهِ؛ لِأَنَّا تَيَقَّنَّا بِوُجُودِ الشَّرْطِ، وَهُوَ تَزَوَّجَ امْرَأَةً فَإِنَّ فِي الْمَرْأَتَيْنِ امْرَأَةً فَلِهَذَا طَلُقَتْ إِحْدَاهُمَا بِغَيْرِ عَيْنِهَا؛ لِأَنَّ كُلَّ وَاحِدَةٍ مِنْهُمَا تُزَاحِمُ الْأُخْرَى فِي الِاسْمِ الَّذِي أَوْقَعَ الطَّلَاقَ بِهِ، وَلَا وَجْهَ لِلْإِيقَاعِ عَلَيْهِمَا؛ لِأَنَّهُ عَلَّقَ بِالتَّزَوُّجِ طَلَاقَ امْرَأَةٍ وَاحِدَةٍ لَا طَلَاقَ امْرَأَتَيْنِ فَلِهَذَا تَطْلُقُ إِحْدَاهُمَا،
"وكذا إذا فسدت الإجارة لفوات شرط مرغوب فيه من جهة الأجير كما لو آجر داره كل شهر بعشرة دراهم على أن يعمرها ويؤدي نوائبها فسدت الإجارة، فإن لم يعمرها المستأجر، ولم يؤد نوائبها يجب أجر المثل بالغا ما (14/469)
بلغ ولا ينقص عن المسمى، وكذلك لو قال آجرتك هذه الدار شهرا بعشرة على أن لا تسكنها فسدت هذه الإجارة، ","وَكَذَا إِذَا فَسَدَتِ الْإِجَارَةُ لِفَوَاتِ شَرْطٍ مَرْغُوبٍ فِيهِ مِنْ جِهَةِ الْأَجِيرِ كَمَا لَوْ آجَرَ دَارِهِ كُلَّ شَهْرٍ بِعَشَرَةِ دَرَاهِمَ عَلَى أَنْ يَعْمُرَهَا وَيُؤَدِّيَ نَوَائِبَهَا فَسَدَتِ الْإِجَارَةُ، فَإِنْ لَمْ يَعْمُرْهَا الْمُسْتَأْجِرُ، وَلَمْ يُؤَدِّ نَوَائِبَهَا يَجِبُ أَجْرُ الْمِثْلِ بَالِغًا مَا (14/469)
بَلَغَ وَلَا يَنْقُصُ عَنِ الْمُسَمَّى، وَكَذَلِكَ لَوْ قَالَ آجَرْتُك هَذِهِ الدَّارَ شَهْرًا بِعَشَرَةٍ عَلَى أَنْ لَا تَسْكُنَهَا فَسَدَتْ هَذِهِ الْإِجَارَةُ، ","وَكَذَا إِذَا فَسَدَتِ الْإِجَارَةُ لِفَوَاتِ شَرْطٍ مَرْغُوبٍ فِيهِ مِنْ جِهَةِ الْأَجِيرِ كَمَا لَوْ آجَرَ دَارِهِ كُلَّ شَهْرٍ بِعَشَرَةِ دَرَاهِمَ عَلَى أَنْ يُعَمِّرَهَا وَيُؤَدِّيَ نَوَائِبَهَا فَسَدَتِ الْإِجَارَةُ، فَإِنْ لَمْ يُعَمِّرْهَا الْمُسْتَأْجِرُ، وَلَمْ يُؤَدِّ نَوَائِبَهَا يَجِبُ أَجْرُ الْمِثْلِ بَالِغًا مَا (14/469)
بَلَغَ وَلَا يَنْقُصُ عَنِ الْمُسَمَّى، وَكَذَلِكَ لَوْ قَالَ آجَرْتُك هَذِهِ الدَّارَ شَهْرًا بِعَشَرَةٍ عَلَى أَنْ لَا تَسْكُنَهَا فَسَدَتْ هَذِهِ الْإِجَارَةُ،"
"استدراك جواب عما يرد أن ما استدللتم به هو حجة عليكم أيضا فإنه يدل على عدم السنية أيضا وأنتم لا تقولون بذلك.
(قوله فما في منية المصلي إلخ) قال الرملي أولها شارحها الحلبي بقوله أي لا يأتي بها جهرا بل يأتي بها سرا ا ه.
ولا يخفى بعده (قوله وقال محمد تسن إن خافت) ","اسْتِدْرَاكُ جَوَابٍ عَمَّا يَرِدُ أَنَّ مَا اسْتَدْلَلْتُمْ بِهِ هُوَ حُجَّةٌ عَلَيْكُمْ أَيْضًا فَإِنَّهُ يَدُلُّ عَلَى عَدَمِ السُّنِّيَّةِ أَيْضًا وَأَنْتُمْ لَا تَقُولُونَ بِذَلِكَ.
(قَوْلُهُ فَمَا فِي مُنْيَةِ الْمُصَلِّي إِلَخْ) قَالَ الرَّمْلِيُّ أَوَّلَهَا شَارِحُهَا الْحَلَبِيُّ بِقَوْلِهِ أَيْ لَا يَأْتِي بِهَا جَهْرًا بَلْ يَأْتِي بِهَا سِرًّا ا ه.
وَلَا يَخْفَى بُعْدُهُ (قَوْلُهُ وَقَالَ مُحَمَّدٌ تُسَنُّ إِنْ خَافَتَ) ","اسْتِدْرَاكُ جَوَابٍ عَمَّا يَرِدُ أَنَّ مَا اسْتَدْلَلْتُمْ بِهِ هُوَ حُجَّةٌ عَلَيْكُمْ أَيْضًا فَإِنَّهُ يَدُلُّ عَلَى عَدَمِ السُّنِّيَّةِ أَيْضًا وَأَنْتُمْ لَا تَقُولُونَ بِذَلِكَ.
(قَوْلُهُ فَمَا فِي مُنْيَةِ الْمُصَلِّي إِلَخْ) قَالَ الرَّمْلِيُّ أَوَّلَهَا شَارِحُهَا الْحَلَبِيُّ بِقَوْلِهِ أَيْ لَا يَأْتِي بِهَا جَهْرًا بَلْ يَأْتِي بِهَا سِرًّا ا ه.
وَلَا يَخْفَى بُعْدُهُ (قَوْلُهُ وَقَالَ مُحَمَّدٌ تُسَنُّ إِنْ خَافَتْ)"
"نعم لو برهن أن الطالب جحد الوكالة وأخذ مني المال تقبل بحر، ولو مات الموكل وورثه غريمه أو وهبه له أخذه قائما، ولو هالكا ضمنه إلا إذا صدقه على الوكالة، ولو أقر بالدين وأنكر (22/389)
الوكالة حلف ما يعلم أن الدائن وكله عيني.
الشرح
(22/390)
(قوله عملا بإقراره) ","نَعَمْ لَوْ بَرْهَنَ أَنَّ الطَّالِبَ جَحَدَ الْوَكَالَةَ وَأَخَذَ مِنِّي الْمَالَ تُقْبَلُ بَحْرٌ، وَلَوْ مَاتَ الْمُوَكِّلُ وَوَرِثَهُ غَرِيمُهُ أَوْ وَهَبَهُ لَهُ أَخَذَهُ قَائِمًا، وَلَوْ هَالِكًا ضَمِنَهُ إِلَّا إِذَا صَدَّقَهُ عَلَى الْوَكَالَةِ، وَلَوْ أَقَرَّ بِالدَّيْنِ وَأَنْكَرَ (22/389)
الْوَكَالَةَ حَلَفَ مَا يَعْلَمُ أَنَّ الدَّائِنَ وَكَّلَهُ عَيْنِيٌّ.
الشَّرْحُ
(22/390)
(قَوْلُهُ عَمَلًا بِإِقْرَارِهِ) ","نَعَمْ لَوْ بَرْهَنَ أَنَّ الطَّالِبَ جَحَدَ الْوَكَالَةَ وَأَخَذَ مِنِّي الْمَالَ تُقْبَلُ بَحْرٌ، وَلَوْ مَاتَ الْمُوَكِّلُ وَوَرِثَهُ غَرِيمُهُ أَوْ وَهَبَهُ لَهُ أَخَذَهُ قَائِمًا، وَلَوْ هَالِكًا ضَمِنَهُ إِلَّا إِذَا صَدَّقَهُ عَلَى الْوَكَالَةِ، وَلَوْ أَقَرَّ بِالدَّيْنِ وَأَنْكَرَ (22/389)
الْوَكَالَةَ حَلَفَ مَا يَعْلَمُ أَنَّ الدَّائِنَ وَكَّلَهُ عَيْنِيٌّ.
الشَّرْحُ
(22/390)
(قَوْلُهُ عَمَلًا بِإِقْرَارِهِ)"
"لوجهين) أحدهما يحد بناء على أن شربها لا يباح بالإكراه.
قوله: (ولو قرب إسلامه) يستثنى المخالط للعلماء كأهل الذمة بمصر، (15/284)
(ويحد بدردي خمر) وهو ما يبقى في أسفل إنائها ثخينا (لا بخبز عجن دقيقه بها ومعجون هي فيه) لاستهلاكها (وكذا حقنة وسعوط) بفتح السين أي لا يحد بهما (في الأصح) ","لِوَجْهَيْنِ) أَحَدُهُمَا يُحَدُّ بِنَاءً عَلَى أَنَّ شُرْبَهَا لَا يُبَاحُ بِالْإِكْرَاهِ.
قَوْلُهُ: (وَلَوْ قَرُبَ إِسْلَامُهُ) يُسْتَثْنَى الْمُخَالِطُ لِلْعُلَمَاءِ كَأَهْلِ الذِّمَّةِ بِمِصْرَ، (15/284)
(وَيُحَدُّ بِدُرْدِيِّ خَمْرٍ) وَهُوَ مَا يَبْقَى فِي أَسْفَلِ إِنَائِهَا ثَخِينًا (لَا بِخُبْزِ عُجِنَ دَقِيقُهُ بِهَا وَمَعْجُونٌ هِيَ فِيهِ) لِاسْتِهْلَاكِهَا (وَكَذَا حُقْنَةٌ وَسَعُوطٌ) بِفَتْحِ السِّينِ أَيْ لَا يُحَدُّ بِهِمَا (فِي الْأَصَحِّ) ","لِوَجْهَيْنِ) أَحَدُهُمَا يُحَدُّ بِنَاءً عَلَى أَنَّ شُرْبَهَا لَا يُبَاحُ بِالْإِكْرَاهِ.
قَوْلُهُ: (وَلَوْ قَرُبَ إِسْلَامُهُ) يُسْتَثْنَى الْمُخَالِطُ لِلْعُلَمَاءِ كَأَهْلِ الذِّمَّةِ بِمِصْرَ، (15/284)
(وَيُحَدُّ بِدُرْدِيِّ خَمْرٍ) وَهُوَ مَا يَبْقَى فِي أَسْفَلِ إِنَائِهَا ثَخِينًا (لَا بِخُبْزٍ عُجِنَ دَقِيقُهُ بِهَا وَمَعْجُونٍ هِيَ فِيهِ) لِاسْتِهْلَاكِهَا (وَكَذَا حُقْنَةٌ وَسَعُوطٌ) بِفَتْحِ السِّينِ أَيْ لَا يُحَدُّ بِهِمَا (فِي الْأَصَحِّ)"
أن النبي صلى الله عليه وسلم خطب ودعا الله، وحول وجهه نحو القبلة رافعا يديه، ثم قلب رداءه، فجعل الأيمن على الأيسر والأيسر على الأيمن} (وكذا الناس) يحولون أرديتهم؛ لأن ما ثبت في حقه صلى الله عليه وسلم ثبت في حق غيره، ,أَنَّ النَّبِيَّ صَلَّى اللَّهُ عَلَيْهِ وَسَلَّمَ خَطَبَ وَدَعَا اللَّهَ، وَحَوَّلَ وَجْهَهُ نَحْوَ الْقِبْلَةِ رَافِعًا يَدَيْهِ، ثُمَّ قَلَبَ رِدَاءَهُ، فَجَعَلَ الْأَيْمَنَ عَلَى الْأَيْسَرِ وَالْأَيْسَرَ عَلَى الْأَيْمَنِ} (وَكَذَا النَّاسُ) يُحَوِّلُونَ أَرْدِيَتَهُمْ؛ لِأَنَّ مَا ثَبَتَ فِي حَقِّهِ صَلَّى اللَّهُ عَلَيْهِ وَسَلَّمَ ثَبَتَ فِي حَقِّ غَيْرِهِ، ,أَنَّ النَّبِيَّ صَلَّى اللَّهُ عَلَيْهِ وَسَلَّمَ خَطَبَ وَدَعَا اللَّهَ، وَحَوَّلَ وَجْهَهُ نَحْوَ الْقِبْلَةِ رَافِعًا يَدَيْهِ، ثُمَّ قَلَبَ رِدَاءَهُ، فَجَعَلَ الْأَيْمَنَ عَلَى الْأَيْسَرِ وَالْأَيْسَرَ عَلَى الْأَيْمَنِ} (وَكَذَا النَّاسُ) يُحَوِّلُونَ أَرْدِيَتَهُمْ؛ لِأَنَّ مَا ثَبَتَ فِي حَقِّهِ صَلَّى اللَّهُ عَلَيْهِ وَسَلَّمَ ثَبَتَ فِي حَقِّ غَيْرِهِ،
"لأن ما لا نص فيه يرد إلى المنصوص عليه..
فصل
الشرح
(23/385)
(قوله ثم هذه الشجاج تختص بالوجه والرأس لغة) قال في النهاية ومعراج الدراية: وكذلك تختص بالجبهة والوجنتين والذقن أيضا على ما ذكرنا من رواية الإيضاح انتهى.
أقول: ليس لهذا الكلام وجه، إذ لا شك أن كلا من الجبهة والوجنتين والذقن داخل في الوجه، ","لِأَنَّ مَا لَا نَصَّ فِيهِ يُرَدُّ إِلَى الْمَنْصُوصِ عَلَيْهِ..
فَصْلٌ
الشَّرْحُ
(23/385)
(قَوْلُهُ ثُمَّ هَذِهِ الشِّجَاجُ تَخْتَصُّ بِالْوَجْهِ وَالرَّأْسِ لُغَةً) قَالَ فِي النِّهَايَةِ وَمِعْرَاجِ الدِّرَايَةِ: وَكَذَلِكَ تَخْتَصُّ بِالْجَبْهَةِ وَالْوَجْنَتَيْنِ وَالذَّقَنِ أَيْضًا عَلَى مَا ذَكَرْنَا مِنْ رِوَايَةِ الْإِيضَاحِ انْتَهَى.
أَقُولُ: لَيْسَ لِهَذَا الْكَلَامِ وَجْهٌ، إِذْ لَا شَكَّ أَنَّ كُلًّا مِنَ الْجَبْهَةِ وَالْوَجْنَتَيْنِ وَالذَّقَنُ دَاخِلٌ فِي الْوَجْهِ، ","لِأَنَّ مَا لَا نَصَّ فِيهِ يُرَدُّ إِلَى الْمَنْصُوصِ عَلَيْهِ..
فَصْلٌ
الشَّرْحُ
(23/385)
(قَوْلُهُ ثُمَّ هَذِهِ الشِّجَاجُ تَخْتَصُّ بِالْوَجْهِ وَالرَّأْسِ لُغَةً) قَالَ فِي النِّهَايَةِ وَمِعْرَاجِ الدِّرَايَةِ: وَكَذَلِكَ تَخْتَصُّ بِالْجَبْهَةِ وَالْوَجْنَتَيْنِ وَالذَّقَنِ أَيْضًا عَلَى مَا ذَكَرْنَا مِنْ رِوَايَةِ الْإِيضَاحِ انْتَهَى.
أَقُولُ: لَيْسَ لِهَذَا الْكَلَامِ وَجْهٌ، إِذْ لَا شَكَّ أَنَّ كُلًّا مِنَ الْجَبْهَةِ وَالْوَجْنَتَيْنِ وَالذَّقَنِ دَاخِلٌ فِي الْوَجْهِ،"
"وإن لم يدخله وفيه مسألتان إحداهما أن يرجع من مسافة القصر إلى وطنه وقيده التحفة بالمستقل ولم يقيده بذلك النهاية وغيره الثانية أن يرجع من مسافة القصر إلى غير وطنه فينقطع بذلك أيضا لكن بشرط قصد إقامة مطلقة أو أربعة أيام كوامل.
الثاني: ","وَإِنْ لَمْ يَدْخُلْهُ وَفِيهِ مَسْأَلَتَانِ إِحْدَاهُمَا أَنْ يَرْجِعَ مِنْ مَسَافَةِ الْقَصْرِ إِلَى وَطَنِهِ وَقَيَّدَهُ التُّحْفَةُ بِالْمُسْتَقِلِّ وَلَمْ يُقَيِّدْهُ بِذَلِكَ النِّهَايَةُ وَغَيْرُهُ الثَّانِيَةُ أَنْ يَرْجِعَ مِنْ مَسَافَةِ الْقَصْرِ إِلَى غَيْرِ وَطَنِهِ فَيَنْقَطِعُ بِذَلِكَ أَيْضًا لَكِنْ بِشَرْطِ قَصْدِ إِقَامَةٍ مُطْلَقَةٍ أَوْ أَرْبَعَةِ أَيَّامٍ كَوَامِلَ.
الثَّانِي: ","وَإِنْ لَمْ يَدْخُلْهُ وَفِيهِ مَسْأَلَتَانِ إِحْدَاهُمَا أَنْ يَرْجِعَ مِنْ مَسَافَةِ الْقَصْرِ إِلَى وَطَنِهِ وَقَيَّدَهُ التُّحْفَةُ بِالْمُسْتَقِلِّ وَلَمْ يُقَيِّدْهُ بِذَلِكَ النِّهَايَةُ وَغَيْرُهُ الثَّانِيَةُ أَنْ يَرْجِعَ مِنْ مَسَافَةِ الْقَصْرِ إِلَى غَيْرِ وَطَنِهِ فَيَنْقَطِعُ بِذَلِكَ أَيْضًا لَكِنْ بِشَرْطِ قَصْدِ إِقَامَةٍ مُطْلَقَةٍ أَوْ أَرْبَعَةِ أَيَّامٍ كَوَامِلٍ.
الثَّانِي:"
وفي الدماء واللعان الساعات التي يحضر الناس فيها المساجد، ويجتمعون للصلاة، وما سوى ذلك من مال وحق ففي كل حين وروى ابن حبيب عن مطرف وابن الماجشون لا يحلف حين الصلوات إلا في الدماء واللعان فأما في الحقوق ففي أي وقت حضر الإمام استحلفه قاله ابن القاسم وأصبغ. وجه القول الأول: ,وَفِي الدِّمَاءِ وَاللِّعَانِ السَّاعَاتِ الَّتِي يَحْضُرُ النَّاسُ فِيهَا الْمَسَاجِدَ، وَيَجْتَمِعُونَ لِلصَّلَاةِ، وَمَا سِوَى ذَلِكَ مِنْ مَالٍ وَحَقٍّ فَفِي كُلِّ حِينٍ وَرَوَى ابْنُ حَبِيبٍ عَنْ مُطَرِّفٍ وَابْنِ الْمَاجِشُونَ لَا يَحْلِفُ حِينَ الصَّلَوَاتِ إِلَّا فِي الدِّمَاءِ وَاللِّعَانِ فَأَمَّا فِي الْحُقُوقِ فَفِي أَيِّ وَقْتٍ حَضَرَ الْإِمَامُ اسْتَحْلَفَهُ قَالَهُ ابْنُ الْقَاسِمِ وَأَصْبَغُ. وَجْهُ الْقَوْلِ الْأَوَّلِ: ,وَفِي الدِّمَاءِ وَاللِّعَانِ السَّاعَاتُ الَّتِي يَحْضُرُ النَّاسُ فِيهَا الْمَسَاجِدَ، وَيَجْتَمِعُونَ لِلصَّلَاةِ، وَمَا سِوَى ذَلِكَ مِنْ مَالٍ وَحَقٍّ فَفِي كُلِّ حِينٍ وَرَوَى ابْنُ حَبِيبٍ عَنْ مُطَرِّفٍ وَابْنِ الْمَاجِشُونِ لَا يَحْلِفُ حِينَ الصَّلَوَاتِ إِلَّا فِي الدِّمَاءِ وَاللِّعَانِ فَأَمَّا فِي الْحُقُوقِ فَفِي أَيِّ وَقْتٍ حَضَرَ الْإِمَامُ اسْتَحْلَفَهُ قَالَهُ ابْنُ الْقَاسِمِ وَأَصْبَغُ. وَجْهُ الْقَوْلِ الْأَوَّلِ:
فنقصه على صبغ فليتأمل (قوله: فهي شركة بين المالكين إلخ) المفهوم من هذه العبارة أنها شركة شيوع خلاف ما يأتي عن كلام الرافعي، وعن نقل المطلب له عن جماعة (قوله: أي: المالكين) وقد يكون الغاصب أحدهما (قوله: فذلك مشترك بينهما) قال في شرح الروض: بخلاف نظيره في الفلس فإن الزيادة الحاصلة بالصنعة للمفلس؛ لأنه: ,فَنَقَصَهُ عَلَى صَبْغٍ فَلْيُتَأَمَّلْ (قَوْلُهُ: فَهِيَ شَرِكَةٌ بَيْنَ الْمَالِكَيْنِ إِلَخْ) الْمَفْهُومُ مِنْ هَذِهِ الْعِبَارَةِ أَنَّهَا شَرِكَةُ شُيُوعٍ خِلَافُ مَا يَأْتِي عَنْ كَلَامِ الرَّافِعِيِّ، وَعَنْ نَقْلِ الْمَطْلَبِ لَهُ عَنْ جَمَاعَةٍ (قَوْلُهُ: أَيْ: الْمَالِكَيْنِ) وَقَدْ يَكُونُ الْغَاصِبُ أَحَدَهُمَا (قَوْلُهُ: فَذَلِكَ مُشْتَرَكٌ بَيْنَهُمَا) قَالَ فِي شَرْحِ الرَّوْضِ: بِخِلَافِ نَظِيرِهِ فِي الْفَلْسِ فَإِنَّ الزِّيَادَةَ الْحَاصِلَةَ بِالصَّنْعَةِ لِلْمُفْلِسِ؛ لِأَنَّهُ: ,فَنَقْصُهُ عَلَى صَبْغٍ فَلْيُتَأَمَّلْ (قَوْلُهُ: فَهِيَ شَرِكَةٌ بَيْنَ الْمَالِكَيْنِ إِلَخْ) الْمَفْهُومُ مِنْ هَذِهِ الْعِبَارَةِ أَنَّهَا شَرِكَةُ شُيُوعٍ خِلَافُ مَا يَأْتِي عَنْ كَلَامِ الرَّافِعِيِّ، وَعَنْ نَقْلِ الْمَطْلَبِ لَهُ عَنْ جَمَاعَةٍ (قَوْلُهُ: أَيْ: الْمَالِكَيْنِ) وَقَدْ يَكُونُ الْغَاصِبُ أَحَدَهُمَا (قَوْلُهُ: فَذَلِكَ مُشْتَرَكٌ بَيْنَهُمَا) قَالَ فِي شَرْحِ الرَّوْضِ: بِخِلَافِ نَظِيرِهِ فِي الْفَلَسِ فَإِنَّ الزِّيَادَةَ الْحَاصِلَةَ بِالصَّنْعَةِ لِلْمُفْلِسِ؛ لِأَنَّهُ:
"قال ابن شهاب أخبرنى سالم بن عبد الله أن عبد الله بن عمر وعبد الله بن عامر بن ربيعة قالا: إن عمر رضي الله عنه إنما رجع بالناس من سرغ عن حديث عبد الرحمن بن عوف. رواه مسلم فى الصحيح عن أبى الطاهر وحرملة عن ابن وهب وأخرجه البخاري من حديث مالك عن ابن شهاب. (7/218)
14632- ","قَالَ ابْنُ شِهَابٍ أَخْبَرَنِى سَالِمُ بْنُ عَبْدِ اللَّهِ أَنَّ عَبْدَ اللَّهِ بْنَ عُمَرَ وَعَبْدَ اللَّهِ بْنَ عَامِرِ بْنِ رَبِيعَةَ قَالَا: إِنَّ عُمَرَ رَضِيَ اللَّهُ عَنْهُ إِنَّمَا رَجَعَ بِالنَّاسِ مِنْ سَرْغَ عَنْ حَدِيثِ عَبْدِ الرَّحْمَنِ بْنِ عَوْفٍ. رَوَاهُ مُسْلِمٌ فِى الصَّحِيحِ عَنْ أَبِى الطَّاهِرِ وَحَرْمَلَةَ عَنِ ابْنِ وَهْبٍ وَأَخْرَجَهُ الْبُخَارِيُّ مِنْ حَدِيثِ مَالِكٍ عَنِ ابْنِ شِهَابٍ. (7/218)
14632- ","قَالَ ابْنُ شِهَابٍ أَخْبَرَنِى سَالِمُ بْنُ عَبْدِ اللَّهِ أَنَّ عَبْدَ اللَّهِ بْنَ عُمَرَ وَعَبْدَ اللَّهِ بْنَ عَامِرِ بْنِ رَبِيعَةَ قَالَا: إِنَّ عُمَرَ رَضِيَ اللَّهُ عَنْهُ إِنَّمَا رَجَعَ بِالنَّاسِ مِنْ سَرْغٍ عَنْ حَدِيثِ عَبْدِ الرَّحْمَنِ بْنِ عَوْفٍ. رَوَاهُ مُسْلِمٌ فِى الصَّحِيحِ عَنْ أَبِى الطَّاهِرِ وَحَرْمَلَةَ عَنِ ابْنِ وَهْبٍ وَأَخْرَجَهُ الْبُخَارِيُّ مِنْ حَدِيثِ مَالِكٍ عَنِ ابْنِ شِهَابٍ. (7/218)
14632-"
"إذ المشروط ينتفي بانتفاء شرطه، وشرط صحتها الجماعة، إذ صورة المسألة لا مسوغ لإعادتها إلا هي.
ولا يرد على ذلك الجمعة حيث جاز له فيها الانفراد في الركعة الثانية؛ لأن الجماعة شرط فيها في الأولى فقط دون الثانية، بخلاف مسألتنا فإنها فيها بمنزلة الطهارة، وخرج بقولنا مكتوبة: أي على الأعيان المنذورة فلا تسن إعادتها بل لا تنعقد، ","إِذِ الْمَشْرُوطُ يَنْتَفِي بِانْتِفَاءِ شَرْطِهِ، وَشَرْطُ صِحَّتِهَا الْجَمَاعَةُ، إِذْ صُورَةُ الْمَسْأَلَةِ لَا مُسَوِّغَ لِإِعَادَتِهَا إِلَّا هِيَ.
وَلَا يَرِدُ عَلَى ذَلِكَ الْجُمُعَةُ حَيْثُ جَازَ لَهُ فِيهَا الِانْفِرَادُ فِي الرَّكْعَةِ الثَّانِيَةِ؛ لِأَنَّ الْجَمَاعَةَ شَرْطٌ فِيهَا فِي الْأُولَى فَقَطْ دُونَ الثَّانِيَةِ، بِخِلَافِ مَسْأَلَتِنَا فَإِنَّهَا فِيهَا بِمَنْزِلَةِ الطَّهَارَةِ، وَخَرَجَ بِقَوْلِنَا مَكْتُوبَةً: أَيْ عَلَى الْأَعْيَانِ الْمَنْذُورَةِ فَلَا تُسَنُّ إِعَادَتُهَا بَلْ لَا تَنْعَقِدُ، ","إِذِ الْمَشْرُوطُ يَنْتَفِي بِانْتِفَاءِ شَرْطِهِ، وَشَرْطُ صِحَّتِهَا الْجَمَاعَةُ، إِذْ صُورَةُ الْمَسْأَلَةِ لَا مُسَوِّغَ لِإِعَادَتِهَا إِلَّا هِيَ.
وَلَا يَرِدُ عَلَى ذَلِكَ الْجُمُعَةُ حَيْثُ جَازَ لَهُ فِيهَا الِانْفِرَادُ فِي الرَّكْعَةِ الثَّانِيَةِ؛ لِأَنَّ الْجَمَاعَةَ شَرْطٌ فِيهَا فِي الْأُولَى فَقَطْ دُونَ الثَّانِيَةِ، بِخِلَافِ مَسْأَلَتِنَا فَإِنَّهَا فِيهَا بِمَنْزِلَةِ الطَّهَارَةِ، وَخَرَجَ بِقَوْلِنَا مَكْتُوبَةٌ: أَيْ عَلَى الْأَعْيَانِ الْمَنْذُورَةِ فَلَا تُسَنُّ إِعَادَتُهَا بَلْ لَا تَنْعَقِدُ،"
"فإن كانت أضر بكثرة عروقها فلا يجوز لك غرسها إلا برضا صاحب الأرض.
","فَإِنْ كَانَتْ أَضَرَّ بِكَثْرَةِ عُرُوقِهَا فَلَا يَجُوزُ لَكَ غَرْسُهَا إِلَّا بِرِضَا صَاحِبِ الْأَرْضِ.
",فَإِنْ كَانَتْ أَضَرَّ بِكَثْرَةِ عُرُوقِهَا فَلَا يَجُوزُ لَكَ غَرْسُهَا إِلَّا بِرِضَا صَاحِبِ الْأَرْضِ.
"أو صغار الخزف) لو كان الخارج ابتداء أثرا.
","أَوْ صِغَارُ الْخَزَفِ) لَوْ كَانَ الْخَارِجُ ابْتِدَاءً أَثَرًا.
",أَوْ صِغَارِ الْخَزَفِ) لَوْ كَانَ الْخَارِجُ ابْتِدَاءً أَثَرًا.
وما أشبهها مما جاء فيه للحر عقل مسمى كما جاء في الأربعة الأشياء التي أجروها من العبد في قيمته مجراها من الحر في ديته فقال إن الموضحة والمنقلة والجائفة قد تبرأ، وتعود إلى حالها بغير نقص من الجسد، وما سواها من الجراح تذهب من جسده، وتنقص من أعضائه، ,وَمَا أَشْبَهَهَا مِمَّا جَاءَ فِيهِ لِلْحُرِّ عَقْلٌ مُسَمًّى كَمَا جَاءَ فِي الْأَرْبَعَةِ الْأَشْيَاءِ الَّتِي أَجْرَوْهَا مِنَ الْعَبْدِ فِي قِيمَتِهِ مَجْرَاهَا مِنَ الْحُرِّ فِي دِيَتِهِ فَقَالَ إِنَّ الْمُوضِحَةَ وَالْمُنَقِّلَةَ وَالْجَائِفَةَ قَدْ تَبْرَأُ، وَتَعُودُ إِلَى حَالِهَا بِغَيْرِ نَقْصٍ مِنَ الْجَسَدِ، وَمَا سِوَاهَا مِنَ الْجِرَاحِ تَذْهَبُ مِنْ جَسَدِهِ، وَتَنْقُصُ مِنْ أَعْضَائِهِ، ,وَمَا أَشْبَهَهَا مِمَّا جَاءَ فِيهِ لِلْحُرِّ عَقْلٌ مُسَمًّى كَمَا جَاءَ فِي الْأَرْبَعَةِ الْأَشْيَاءِ الَّتِي أَجْرَوْهَا مِنَ الْعَبْدِ فِي قِيمَتِهِ مَجْرَاهَا مِنَ الْحُرِّ فِي دِيَتِهِ فَقَالَ إِنَّ الْمُوضِحَةَ وَالْمُنَقِّلَةَ وَالْجَائِفَةَ قَدْ تَبْرَأُ، وَتَعُودُ إِلَى حَالِهَا بِغَيْرِ نَقْصٍ مِنَ الْجَسَدِ، وَمَا سِوَاهَا مِنَ الْجِرَاحِ تَذْهَبُ مِنْ جَسَدِهِ، وَتَنْقُصُ مِنْ أَعْضَائِهِ،
"والله - تعالى - أعلم. (15/116)
(فصل) : وأما صفات الحدود فنقول - وبالله التوفيق: لا خلاف في حد الزنا والشرب والسكر والسرقة أنه لا يحتمل العفو والصلح والإبراء بعد ما ثبت بالحجة؛ لأنه حق الله تعالى خالصا، لا حق للعبد فيه فلا يملك إسقاطه، وكذا يجري فيه التداخل؛ ","وَاللَّهُ - تَعَالَى - أَعْلَمُ. (15/116)
(فَصْلٌ) : وَأَمَّا صِفَاتُ الْحُدُودِ فَنَقُولُ - وَبِاللَّهِ التَّوْفِيقُ: لَا خِلَافَ فِي حَدِّ الزِّنَا وَالشُّرْبِ وَالسُّكْرِ وَالسَّرِقَةِ أَنَّهُ لَا يَحْتَمِلُ الْعَفْوَ وَالصُّلْحَ وَالْإِبْرَاءَ بَعْدَ مَا ثَبَتَ بِالْحُجَّةِ؛ لِأَنَّهُ حَقُّ اللَّهِ تَعَالَى خَالِصًا، لَا حَقَّ لِلْعَبْدِ فِيهِ فَلَا يَمْلِكُ إِسْقَاطَهُ، وَكَذَا يَجْرِي فِيهِ التَّدَاخُلُ؛ ","وَاللَّهُ - تَعَالَى - أَعْلَمُ. (15/116)
(فَصْلٌ) : وَأَمَّا صِفَاتُ الْحُدُودِ فَنَقُولُ - وَبِاللَّهِ التَّوْفِيقُ: لَا خِلَافَ فِي حَدِّ الزِّنَا وَالشُّرْبِ وَالسُّكْرِ وَالسَّرِقَةِ أَنَّهُ لَا يَحْتَمِلُ الْعَفْوَ وَالصُّلْحَ وَالْإِبْرَاءَ بَعْدَ مَا ثَبَتَ بِالْحُجَّةِ؛ لِأَنَّهُ حَقُّ اللَّهِ تَعَالَى خَالِصًا، لَا حَقَّ لِلْعَبْدِ فِيهِ فَلَا يَمْلِكُ إِسْقَاطَهُ، وَكَذَا يَجْرِي فِيهِ التَّدَاخُلُ؛"
"وتأوله بعض أهل النظر على المدونة.
وإلى هذا القول أشار الناظم بقوله: وقيل (2/148)
بالحمل على اليسار القول الثالث أنه يصدق في دعواه الإعسار حالة الغيبة، سواء قدم موسرا أو معسرا، قال الشارح: وهو ظاهر قول سحنون وابن كنانة هنا، وقال في التوضيح: والقول بأن القول قولها لابن كنانة وسحنون ووجهه أن الأصل العدم، ","وَتَأَوَّلَهُ بَعْضُ أَهْلِ النَّظَرِ عَلَى الْمُدَوَّنَةِ.
وَإِلَى هَذَا الْقَوْلِ أَشَارَ النَّاظِمُ بِقَوْلِهِ: وَقِيلَ (2/148)
بِالْحَمْلِ عَلَى الْيَسَارِ الْقَوْلُ الثَّالِثُ أَنَّهُ يُصَدَّقُ فِي دَعْوَاهُ الْإِعْسَارَ حَالَةَ الْغَيْبَةِ، سَوَاءٌ قَدِمَ مُوسِرًا أَوْ مُعْسِرًا، قَالَ الشَّارِحُ: وَهُوَ ظَاهِرُ قَوْلِ سَحْنُونٍ وَابْنِ كِنَانَةَ هُنَا، وَقَالَ فِي التَّوْضِيحِ: وَالْقَوْلُ بِأَنَّ الْقَوْلَ قَوْلُهَا لِابْنِ كِنَانَةَ وَسَحْنُونٍ وَوَجْهُهُ أَنَّ الْأَصْلَ الْعَدَمُ، ","وَتَأَوَّلَهُ بَعْضُ أَهْلِ النَّظَرِ عَلَى الْمُدَوَّنَةِ.
وَإِلَى هَذَا الْقَوْلِ أَشَارَ النَّاظِمُ بِقَوْلِهِ: وَقِيلَ (2/148)
بِالْحَمْلِ عَلَى الْيَسَارِ الْقَوْلُ الثَّالِثُ أَنَّهُ يُصَدَّقُ فِي دَعْوَاهُ الْإِعْسَارَ حَالَةَ الْغَيْبَةِ، سَوَاءٌ قَدِمَ مُوسِرًا أَوْ مُعْسِرًا، قَالَ الشَّارِحُ: وَهُوَ ظَاهِرُ قَوْلِ سَحْنُونٍ وَابْنِ كِنَانَةَ هُنَا، وَقَالَ فِي التَّوْضِيحِ: وَالْقَوْلُ بِأَنَّ الْقَوْلَ قَوْلُهَا لِابْنِ كِنَانَةَ وَسَحْنُونٍ وَوَجْهُهُ أَنَّ الْأَصْلَ الْعَدَمُ،"
من يجمع (الأولى وحده، ثم الثانية إماما أو مأموما أو صلى إمام الأولى وإمام) آخر (الثانية أو صلى مع الإمام مأموم الأولى وآخر الثانية أو نوى الجمع خلف من لا يجمع، أو) نوى الجمع إماما (بمن لا يجمع صح) الجمع في هذه الصور كلها لأن لكل صلاة حكم نفسها وهي منفردة بنيتها فلم يشترط اتحاد الإمام والمأموم، كغير المجموعتين (تتمة) ,مَنْ يَجْمَعُ (الْأُولَى وَحْدَهُ، ثُمَّ الثَّانِيَةَ إِمَامًا أَوْ مَأْمُومًا أَوْ صَلَّى إِمَامٌ الْأُولَى وَإِمَامٌ) آخَرُ (الثَّانِيَةَ أَوْ صَلَّى مَعَ الْإِمَامِ مَأْمُومٌ الْأُولَى وَآخَرُ الثَّانِيَةَ أَوْ نَوَى الْجَمْعَ خَلْفَ مَنْ لَا يَجْمَعُ، أَوْ) نَوَى الْجَمْعَ إِمَامًا (بِمَنْ لَا يَجْمَعُ صَحَّ) الْجَمْعُ فِي هَذِهِ الصُّوَرِ كُلِّهَا لِأَنَّ لِكُلِّ صَلَاةٍ حُكْمَ نَفْسِهَا وَهِيَ مُنْفَرِدَةٌ بِنِيَّتِهَا فَلَمْ يُشْتَرَطِ اتِّحَادُ الْإِمَامِ وَالْمَأْمُومِ، كَغَيْرِ الْمَجْمُوعَتَيْنِ (تَتِمَّةٌ) ,مَنْ يَجْمَعُ (الْأُولَى وَحْدَهُ، ثُمَّ الثَّانِيَةَ إِمَامًا أَوْ مَأْمُومًا أَوْ صَلَّى إِمَامُ الْأُولَى وَإِمَامٌ) آخَرُ (الثَّانِيَةَ أَوْ صَلَّى مَعَ الْإِمَامِ مَأْمُومُ الْأُولَى وَآخَرُ الثَّانِيَةَ أَوْ نَوَى الْجَمْعَ خَلْفَ مَنْ لَا يَجْمَعُ، أَوْ) نَوَى الْجَمْعَ إِمَامًا (بِمَنْ لَا يَجْمَعُ صَحَّ) الْجَمْعُ فِي هَذِهِ الصُّوَرِ كُلِّهَا لِأَنَّ لِكُلِّ صَلَاةٍ حُكْمَ نَفْسِهَا وَهِيَ مُنْفَرِدَةٌ بِنِيَّتِهَا فَلَمْ يُشْتَرَطِ اتِّحَادُ الْإِمَامِ وَالْمَأْمُومِ، كَغَيْرِ الْمَجْمُوعَتَيْنِ (تَتِمَّةٌ)
"وأما إن احتكر ما زرعه أو جلبه من بلد آخر فقال الباجي لم يمنع من احتكاره كان ذلك ضرورة أو غيرها، وروى محمد يبيع هذا متى شاء ويمسك إذا شاء ولو بالمدينة.
","وَأَمَّا إِنِ احْتَكَرَ مَا زَرَعَهُ أَوْ جَلَبَهُ مِنْ بَلَدٍ آخَرَ فَقَالَ الْبَاجِيُّ لَمْ يَمْنَعْ مِنَ احْتِكَارِهِ كَانَ ذَلِكَ ضَرُورَةً أَوْ غَيْرَهَا، وَرَوَى مُحَمَّدٌ يَبِيعُ هَذَا مَتَى شَاءَ وَيُمْسِكُ إِذَا شَاءَ وَلَوْ بِالْمَدِينَةِ.
",وَأَمَّا إِنِ احْتَكَرَ مَا زَرَعَهُ أَوْ جَلَبَهُ مِنْ بَلَدٍ آخَرَ فَقَالَ الْبَاجِيَّ لَمْ يُمْنَعْ مِنَ احْتِكَارِهِ كَانَ ذَلِكَ ضَرُورَةً أَوْ غَيْرَهَا، وَرَوَى مُحَمَّدٌ يَبِيعُ هَذَا مَتَى شَاءَ وَيُمْسِكُ إِذَا شَاءَ وَلَوْ بِالْمَدِينَةِ.
"أي ولا يلفق الثلاثة الأيام احتياطا لعظم الدماء خلافا للشيخ أحمد الزرقاني القائل: إن يوم الثبوت يكمل من الرابع ولا يلغى إذا كان الثبوت مسبوقا بالفجر.
قوله: [بلا جوع وعطش] : أي وسواء وعد بالتوبة أو لم يعد.
قوله: [من ماله] : أي فإن لم يكن له مال فمن بيت المال (10/222)
(فإن تاب) ","أَيْ وَلَا يُلَفَّقُ الثَّلَاثَةُ الْأَيَّامِ احْتِيَاطًا لِعِظَمِ الدِّمَاءِ خِلَافًا لِلشَّيْخِ أَحْمَدَ الزَّرْقَانِيِّ الْقَائِلِ: إِنَّ يَوْمَ الثُّبُوتِ يَكْمُلُ مِنَ الرَّابِعِ وَلَا يُلْغَى إِذَا كَانَ الثُّبُوتُ مَسْبُوقًا بِالْفَجْرِ.
قَوْلُهُ: [بِلَا جُوعٍ وَعَطَشٍ] : أَيْ وَسَوَاءٌ وَعَدَ بِالتَّوْبَةِ أَوْ لَمْ يَعِدْ.
قَوْلُهُ: [مِنْ مَالِهِ] : أَيْ فَإِنْ لَمْ يَكُنْ لَهُ مَالٌ فَمِنْ بَيْتِ الْمَالِ (10/222)
(فَإِنْ تَابَ) ","أَيْ وَلَا يُلَفَّقُ الثَّلَاثَةُ الْأَيَّامِ احْتِيَاطًا لِعِظَمِ الدِّمَاءِ خِلَافًا لِلشَّيْخِ أَحْمَدَ الزَّرْقَانِيِّ الْقَائِلِ: إِنَّ يَوْمَ الثُّبُوتِ يَكْمُلُ مِنَ الرَّابِعِ وَلَا يُلْغَى إِذَا كَانَ الثُّبُوتُ مَسْبُوقًا بِالْفَجْرِ.
قَوْلُهُ: [بِلَا جُوعٍ وَعَطَشٍ] : أَيْ وَسَوَاءٌ وَعَدَ بِالتَّوْبَةِ أَوْ لَمْ يَعِدْ.
قَوْلُهُ: [مِنْ مَالِهِ] : أَيْ فَإِنْ لَمْ يَكُنْ لَهُ مَالٌ فَمِنْ بَيْتِ الْمَالِ (10/222)
(فَإِنْ تَابَ)"
"حدثنا محمد بن جعفر قال حدثنا شعبة عن علي بن زيد عن سعيد بن المسيب أن أبا موسى قال لعائشة إني أريد أن أسألك عن شيء وأنا أستحيي منك فقالت سل ولا تستحي فإنما أنا أمك فسألها عن الرجل يغشى ولا ينزل فقالت عن النبي صلى الله عليه وسلم إذا أصاب الختان الختان فقد وجب الغسل (41/197)
24656 - ","حَدَّثَنَا مُحَمَّدُ بْنُ جَعْفَرٍ قَالَ حَدَّثَنَا شُعْبَةُ عَنْ عَلِيِّ بْنِ زَيْدٍ عَنْ سَعِيدِ بْنِ الْمُسَيَّبِ أَنَّ أَبَا مُوسَى قَالَ لِعَائِشَةَ إِنِّي أُرِيدُ أَنْ أَسْأَلَكِ عَنْ شَيْءٍ وَأَنَا أَسْتَحْيِي مِنْكِ فَقَالَتْ سَلْ وَلَا تَسْتَحْيِ فَإِنَّمَا أَنَا أُمُّكَ فَسَأَلَهَا عَنِ الرَّجُلِ يَغْشَى وَلَا يُنْزِلُ فَقَالَتْ عَنِ النَّبِيِّ صَلَّى اللَّهُ عَلَيْهِ وَسَلَّمَ إِذَا أَصَابَ الْخِتَانُ الْخِتَانَ فَقَدْ وَجَبَ الْغُسْلُ (41/197)
24656 - ","حَدَّثَنَا مُحَمَّدُ بْنُ جَعْفَرٍ قَالَ حَدَّثَنَا شُعْبَةُ عَنْ عَلِيِّ بْنِ زَيْدٍ عَنْ سَعِيدِ بْنِ الْمُسَيَّبِ أَنَّ أَبَا مُوسَى قَالَ لِعَائِشَةَ إِنِّي أُرِيدُ أَنْ أَسْأَلَكِ عَنْ شَيْءٍ وَأَنَا أَسْتَحْيِي مِنْكِ فَقَالَتْ سَلْ وَلَا تَسْتَحْيِ فَإِنَّمَا أَنَا أُمُّكِ فَسَأَلَهَا عَنِ الرَّجُلِ يُغْشَى وَلَا يَنْزِلُ فَقَالَتْ عَنِ النَّبِيِّ صَلَّى اللَّهُ عَلَيْهِ وَسَلَّمَ إِذَا أَصَابَ الْخِتَانُ الْخِتَانَ فَقَدْ وَجَبَ الْغُسْلُ (41/197)
24656 -"
"لأن كل واحد منهما هنا يثبت لنفسه ببينته شيئا في يد ابن الأخ وهو نصف الدار والآخر سدس تركة أخيه التي كانت في يد أبيه بطريق الميراث له من أبيه وكل واحد منهما يصير مقضيا عليه لو قبلنا بينة صاحبه عليه فاستويا من هذا الوجه والأصل أن كل أمرين ظهرا ولا يعرف التاريخ بينهما يجعل كأنهما وقعا معا.
(ألا ترى) ","لِأَنَّ كُلَّ وَاحِدٍ مِنْهُمَا هُنَا يُثْبِتُ لِنَفْسِهِ بِبَيِّنَتِهِ شَيْئًا فِي يَدِ ابْنِ الْأَخِ وَهُوَ نِصْفُ الدَّارِ وَالْآخَرُ سُدُسُ تَرِكَةِ أَخِيهِ الَّتِي كَانَتْ فِي يَدِ أَبِيهِ بِطَرِيقِ الْمِيرَاثِ لَهُ مِنْ أَبِيهِ وَكُلُّ وَاحِدٍ مِنْهُمَا يَصِيرُ مَقْضِيًّا عَلَيْهِ لَوْ قَبِلْنَا بَيِّنَةَ صَاحِبِهِ عَلَيْهِ فَاسْتَوَيَا مِنْ هَذَا الْوَجْهِ وَالْأَصْلُ أَنَّ كُلَّ أَمْرَيْنِ ظَهَرَا وَلَا يُعْرَفُ التَّارِيخُ بَيْنَهُمَا يُجْعَلُ كَأَنَّهُمَا وَقَعَا مَعًا.
(أَلَا تَرَى) ","لِأَنَّ كُلَّ وَاحِدٍ مِنْهُمَا هُنَا يُثْبِتُ لِنَفْسِهِ بِبَيِّنَتِهِ شَيْئًا فِي يَدِ ابْنِ الْأَخِ وَهُوَ نِصْفُ الدَّارِ وَالْآخَرُ سُدُسُ تَرِكَةِ أَخِيهِ الَّتِي كَانَتْ فِي يَدِ أَبِيهِ بِطَرِيقِ الْمِيرَاثِ لَهُ مِنْ أَبِيهِ وَكُلُّ وَاحِدٍ مِنْهُمَا يَصِيرُ مَقْضِيًّا عَلَيْهِ لَوْ قَبِلْنَا بَيِّنَةَ صَاحِبِهِ عَلَيْهِ فَاسْتَوَيَا مِنْ هَذَا الْوَجْهِ وَالْأَصْلُ أَنَّ كُلَّ أَمْرَيْنِ ظَهَرَا وَلَا يُعْرَفُ التَّارِيخُ بَيْنَهُمَا يُجْعَلُ كَأَنَّهُمَا وَقَعَا مَعًا.
(أَلَا تَرَى)"
والظاهر الأول لمقتضى تلك العلة، والمعتبر سفر المشتري فيما يظهر ولو كان بائعه مقيما (قوله وكرهه في الحضر) أي؛ لأن له ثمنا ووجه تلك العلة والله أعلم أن الجلد من جملة اللحم، فإنه يؤكل ولكن لما لم يتعارف أكله نزل منزلة المأكول في الجملة (قوله راجع لقوله وجلد فقط) ,وَالظَّاهِرُ الْأَوَّلُ لِمُقْتَضَى تِلْكَ الْعِلَّةِ، وَالْمُعْتَبَرُ سَفَرُ الْمُشْتَرِي فِيمَا يَظْهَرُ وَلَوْ كَانَ بَائِعُهُ مُقِيمًا (قَوْلُهُ وَكَرِهَهُ فِي الْحَضَرِ) أَيْ؛ لِأَنَّ لَهُ ثَمَنًا وَوَجْهُ تِلْكَ الْعِلَّةِ وَاللَّهُ أَعْلَمُ أَنَّ الْجِلْدَ مِنْ جُمْلَةِ اللَّحْمِ، فَإِنَّهُ يُؤْكَلُ وَلَكِنْ لَمَّا لَمْ يُتَعَارَفْ أَكْلُهُ نَزَلَ مَنْزِلَةَ الْمَأْكُولِ فِي الْجُمْلَةِ (قَوْلُهُ رَاجِعٌ لِقَوْلِهِ وَجِلْدٍ فَقَطْ) ,وَالظَّاهِرُ الْأَوَّلُ لِمُقْتَضَى تِلْكَ الْعِلَّةِ، وَالْمُعْتَبَرُ سَفَرُ الْمُشْتَرِي فِيمَا يَظْهَرُ وَلَوْ كَانَ بَائِعُهُ مُقِيمًا (قَوْلُهُ وَكَرِهَهُ فِي الْحَضَرِ) أَيْ؛ لِأَنَّ لَهُ ثَمَنًا وَوَجْهُ تِلْكَ الْعِلَّةِ وَاللَّهُ أَعْلَمُ أَنَّ الْجِلْدَ مِنْ جُمْلَةِ اللَّحْمِ، فَإِنَّهُ يُؤْكَلُ وَلَكِنْ لَمَّا لَمْ يَتَعَارَفْ أَكْلُهُ نُزِّلَ مَنْزِلَةَ الْمَأْكُولِ فِي الْجُمْلَةِ (قَوْلُهُ رَاجِعٌ لِقَوْلِهِ وَجِلْدٌ فَقَطْ)
"إلا أنه لو لم يكن من طيب ماله يلوث بيته تعالى هذا إذا فعل من مال نفسه وأما إذا فعله من مال الوقف يضمن إلا أن يشترط الواقف هذا في زمانهم وأما في زماننا لو صرف ما يفضل من العمارة إلى النقش يجوز لأن الظلمة يأخذون ذلك كما في النهاية وليس بمستحسن كتابة القرآن على المحاريب والجدران لما يخاف من سقوط الكتابة وأن توطأ. (1/397)
(","إِلَّا أَنَّهُ لَوْ لَمْ يَكُنْ مِنْ طَيِّبِ مَالِهِ يُلَوِّثُ بَيْتَهُ تَعَالَى هَذَا إِذَا فَعَلَ مِنْ مَالِ نَفْسِهِ وَأَمَّا إِذَا فَعَلَهُ مِنْ مَالِ الْوَقْفِ يَضْمَنُ إِلَّا أَنْ يَشْتَرِطَ الْوَاقِفُ هَذَا فِي زَمَانِهِمْ وَأَمَّا فِي زَمَانِنَا لَوْ صَرَفَ مَا يَفْضُلُ مِنَ الْعِمَارَةِ إِلَى النَّقْشِ يَجُوزُ لِأَنَّ الظَّلَمَةَ يَأْخُذُونَ ذَلِكَ كَمَا فِي النِّهَايَةِ وَلَيْسَ بِمُسْتَحْسَنٍ كِتَابَةُ الْقُرْآنِ عَلَى الْمَحَارِيبِ وَالْجُدْرَانِ لِمَا يَخَافُ مِنْ سُقُوطِ الْكِتَابَةِ وَأَنْ تُوطَأَ. (1/397)
(","إِلَّا أَنَّهُ لَوْ لَمْ يَكُنْ مِنْ طِيبِ مَالِهِ يُلَوِّثُ بَيْتَهُ تَعَالَى هَذَا إِذَا فَعَلَ مِنْ مَالِ نَفْسِهِ وَأَمَّا إِذَا فَعَلَهُ مِنْ مَالِ الْوَقْفِ يَضْمَنُ إِلَّا أَنْ يَشْتَرِطَ الْوَاقِفُ هَذَا فِي زَمَانِهِمْ وَأَمَّا فِي زَمَانِنَا لَوْ صَرَفَ مَا يَفْضُلُ مِنَ الْعِمَارَةِ إِلَى النَّقْشِ يَجُوزُ لِأَنَّ الظَّلَمَةَ يَأْخُذُونَ ذَلِكَ كَمَا فِي النِّهَايَةِ وَلَيْسَ بِمُسْتَحْسَنٍ كِتَابَةُ الْقُرْآنِ عَلَى الْمَحَارِيبِ وَالْجُدْرَانِ لِمَا يُخَافُ مِنْ سُقُوطِ الْكِتَابَةِ وَأَنْ تُوطَأَ. (1/397)
("
وقد دل على جميع ما قلنا الحديث الذي بدأ به محمد رحمه الله الكتاب ورواه عن أبي بكر الهذلي عن أبي المليح عن أسامة الهذلي أن عمر بن الخطاب رضي الله عنه كتب إلى أبي موسى الأشعري رضي الله عنه أما بعد فإن القضاء فريضة محكمة وسنة متبعة، ,وَقَدْ دَلَّ عَلَى جَمِيعِ مَا قُلْنَا الْحَدِيثُ الَّذِي بَدَأَ بِهِ مُحَمَّدٌ رَحِمَهُ اللَّهُ الْكِتَابَ وَرَوَاهُ عَنْ أَبِي بَكْرٍ الْهُذَلِيِّ عَنْ أَبِي الْمَلِيحِ عَنْ أُسَامَةَ الْهُذَلِيِّ أَنَّ عُمَرَ بْنَ الْخَطَّابِ رَضِيَ اللَّهُ عَنْهُ كَتَبَ إِلَى أَبِي مُوسَى الْأَشْعَرِيِّ رَضِيَ اللَّهُ عَنْهُ أَمَّا بَعْدُ فَإِنَّ الْقَضَاءَ فَرِيضَةٌ مُحْكَمَةٌ وَسُنَّةٌ مُتَّبَعَةٌ، ,وَقَدْ دَلَّ عَلَى جَمِيعِ مَا قُلْنَا الْحَدِيثُ الَّذِي بَدَأَ بِهِ مُحَمَّدٌ رَحِمَهُ اللَّهُ الْكِتَابَ وَرَوَاهُ عَنْ أَبِي بَكْرٍ الْهُذَلِيِّ عَنْ أَبِي الْمَلِيحِ عَنْ أُسَامَةَ الْهُذَلِيِّ أَنَّ عُمَرَ بْنَ الْخَطَّابِ رَضِيَ اللَّهُ عَنْهُ كَتَبَ إِلَى أَبِي مُوسَى الْأَشْعَرِيِّ رَضِيَ اللَّهُ عَنْهُ أَمَّا بَعْدُ فَإِنَّ الْقَضَاءَ فَرِيضَةٌ مُحْكَمَةٌ وَسُنَّةٌ مُتَّبَعَةٌ،
بخلاف الدراهم؛ ولأنه لا بد من تسليم رأس المال ليتقلب: أي ليتصرف المسلم إليه فيه فيقدر على التسليم (ولهذا) أي ولاشتراط القبض (قلنا لا يصح السلم إذا كان فيه خيار الشرط لهما أو لأحدهما؛ لأن خيار الشرط يمنع تمام القبض لكونه مانعا من الانعقاد في حق الحكم) وهو ثبوت الملك والقبض مبني عليه، ,بِخِلَافِ الدَّرَاهِمِ؛ وَلِأَنَّهُ لَا بُدَّ مِنْ تَسْلِيمِ رَأْسِ الْمَالِ لِيَتَقَلَّبَ: أَيْ لِيَتَصَرَّفَ الْمُسْلَمُ إِلَيْهِ فِيهِ فَيَقْدِرُ عَلَى التَّسْلِيمِ (وَلِهَذَا) أَيْ وَلِاشْتِرَاطِ الْقَبْضِ (قُلْنَا لَا يَصِحُّ السَّلَمُ إِذَا كَانَ فِيهِ خِيَارُ الشَّرْطِ لَهُمَا أَوْ لِأَحَدِهِمَا؛ لِأَنَّ خِيَارَ الشَّرْطِ يَمْنَعُ تَمَامَ الْقَبْضِ لِكَوْنِهِ مَانِعًا مِنَ الِانْعِقَادِ فِي حَقِّ الْحُكْمِ) وَهُوَ ثُبُوتُ الْمِلْكِ وَالْقَبْضِ مَبْنِيٌّ عَلَيْهِ، ,بِخِلَافِ الدَّرَاهِمِ؛ وَلِأَنَّهُ لَا بُدَّ مِنْ تَسْلِيمِ رَأْسِ الْمَالِ لِيَتَقَلَّبَ: أَيْ لِيَتَصَرَّفَ الْمُسْلَمُ إِلَيْهِ فِيهِ فَيَقْدِرَ عَلَى التَّسْلِيمِ (وَلِهَذَا) أَيْ وَلِاشْتِرَاطِ الْقَبْضِ (قُلْنَا لَا يَصِحُّ السَّلَمُ إِذَا كَانَ فِيهِ خِيَارُ الشَّرْطِ لَهُمَا أَوْ لِأَحَدِهِمَا؛ لِأَنَّ خِيَارَ الشَّرْطِ يَمْنَعُ تَمَامَ الْقَبْضِ لِكَوْنِهِ مَانِعًا مِنَ الِانْعِقَادِ فِي حَقِّ الْحُكْمِ) وَهُوَ ثُبُوتُ الْمِلْكِ وَالْقَبْضُ مَبْنِيٌّ عَلَيْهِ،
وسئل) عن المشتري إذا أقاله البائع في أرض باعه إياها وقد زرع المشتري الأرض هل عليه أجرة في المدة بعد الفسخ أم لا؟ (فأجاب) بقوله عليه أجرة ذلك كما صرحوا به في نظيره في باب بيع الأصول والثمار فإن قلت: ,وَسُئِلَ) عَنِ الْمُشْتَرِي إِذَا أَقَالَهُ الْبَائِعُ فِي أَرْضٍ بَاعَهُ إِيَّاهَا وَقَدْ زَرَعَ الْمُشْتَرِي الْأَرْضَ هَلْ عَلَيْهِ أُجْرَةٌ فِي الْمُدَّةِ بَعْدَ الْفَسْخِ أَمْ لَا؟ (فَأَجَابَ) بِقَوْلِهِ عَلَيْهِ أُجْرَةُ ذَلِكَ كَمَا صَرَّحُوا بِهِ فِي نَظِيرِهِ فِي بَابِ بَيْعِ الْأُصُولِ وَالثِّمَارِ فَإِنْ قُلْت: ,وَسُئِلَ) عَنِ الْمُشْتَرِي إِذَا أَقَالَهُ الْبَائِعُ فِي أَرْضٍ بَاعَهُ إِيَّاهَا وَقَدْ زَرَعَ الْمُشْتَرِي الْأَرْضَ هَلْ عَلَيْهِ أُجْرَةٌ فِي الْمُدَّةِ بَعْدَ الْفَسْخِ أَمْ لَا؟ (فَأَجَابَ) بِقَوْلِهِ عَلَيْهِ أُجْرَةُ ذَلِكَ كَمَا صَرَّحُوا بِهِ فِي نَظِيرِهِ فِي بَابِ بَيْعِ الْأُصُولِ وَالثِّمَارِ فَإِنْ قُلْت:
"أي أول ما ذكر فيه السجود لأن ما في الثانية للصلاة (1/499)
عندنا خلافا للشافعي فإنه قال: في سورة الحج سجدتان (والفرقان والنمل والم تنزيل وص) .
وقال الشافعي: ليس في سورة (ص) سجدة (وفصلت) واختلف في موضع السجدة به فعند علي رضي الله تعالى عنه هو قوله {إن كنتم إياه تعبدون} ","أَيْ أَوَّلَ مَا ذُكِرَ فِيهِ السُّجُودُ لِأَنَّ مَا فِي الثَّانِيَةِ لِلصَّلَاةِ (1/499)
عِنْدَنَا خِلَافًا لِلشَّافِعِيِّ فَإِنَّهُ قَالَ: فِي سُورَةِ الْحَجِّ سَجْدَتَانِ (وَالْفُرْقَانِ وَالنَّمْلِ وَالَمْ تَنْزِيلُ وَصِّ) .
وَقَالَ الشَّافِعِيُّ: لَيْسَ فِي سُورَةِ (ص) سَجْدَةٌ (وَفُصِّلَتْ) وَاخْتُلِفَ فِي مَوْضِعِ السَّجْدَةِ بِهِ فَعِنْدَ عَلِيٍّ رَضِيَ اللَّهُ تَعَالَى عَنْهُ هُوَ قَوْلُهُ {إِنْ كُنْتُمْ إِيَّاهُ تَعْبُدُونَ} ","أَيْ أَوَّلَ مَا ذُكِرَ فِيهِ السُّجُودُ لِأَنَّ مَا فِي الثَّانِيَةِ لِلصَّلَاةِ (1/499)
عِنْدَنَا خِلَافًا لِلشَّافِعِيِّ فَإِنَّهُ قَالَ: فِي سُورَةِ الْحَجِّ سَجْدَتَانِ (وَالْفُرْقَانِ وَالنَّمْلِ وَالم تَنْزِيلُ وَص) .
وَقَالَ الشَّافِعِيُّ: لَيْسَ فِي سُورَةِ (ص) سَجْدَةٌ (وَفُصِّلَتْ) وَاخْتُلِفَ فِي مَوْضِعِ السَّجْدَةِ بِهِ فَعِنْدَ عَلِيٍّ رَضِيَ اللَّهُ تَعَالَى عَنْهُ هُوَ قَوْلُهُ {إِنْ كُنْتُمْ إِيَّاهُ تَعْبُدُونَ}"
"نهى رسول الله صلى الله عليه وسلم أن يصلي الرجل مختصرا} وفي لفظ {نهى عن الاختصار في الصلاة} وفي الاختصار تأويلات أشهرها ما قال ابن سيرين وهو ما في الكتاب ويؤيده حديث مرفوع في أبي داود ومفسر فيه.
وفي النهاية عن المغرب وهو وضع اليد على الخصر وهو المستدق فوق الورك، ","نَهَى رَسُولُ اللَّهِ صَلَّى اللَّهُ عَلَيْهِ وَسَلَّمَ أَنْ يُصَلِّيَ الرَّجُلُ مُخْتَصِرًا} وَفِي لَفْظٍ {نَهَى عَنِ الِاخْتِصَارِ فِي الصَّلَاةِ} وَفِي الِاخْتِصَارِ تَأْوِيلَاتٌ أَشْهُرُهَا مَا قَالَ ابْنُ سِيرِينَ وَهُوَ مَا فِي الْكِتَابِ وَيُؤَيِّدُهُ حَدِيثٌ مَرْفُوعٌ فِي أَبِي دَاوُدَ وَمُفَسَّرٌ فِيهِ.
وَفِي النِّهَايَةِ عَنِ الْمُغْرِبِ وَهُوَ وَضْعُ الْيَدِ عَلَى الْخَصْرِ وَهُوَ الْمُسْتَدَقُّ فَوْقَ الْوَرِكِ، ","نَهَى رَسُولُ اللَّهِ صَلَّى اللَّهُ عَلَيْهِ وَسَلَّمَ أَنْ يُصَلِّيَ الرَّجُلُ مُخْتَصِرًا} وَفِي لَفْظٍ {نَهَى عَنِ الِاخْتِصَارِ فِي الصَّلَاةِ} وَفِي الِاخْتِصَارِ تَأْوِيلَاتٌ أَشْهَرُهَا مَا قَالَ ابْنُ سِيرِينَ وَهُوَ مَا فِي الْكِتَابِ وَيُؤَيِّدُهُ حَدِيثٌ مَرْفُوعٌ فِي أَبِي دَاوُدَ وَمُفَسَّرٌ فِيهِ.
وَفِي النِّهَايَةِ عَنِ الْمُغْرِبِ وَهُوَ وَضْعُ الْيَدِ عَلَى الْخَصْرِ وَهُوَ الْمُسْتَدِقُ فَوْقَ الْوَرِكِ،"
"ويتجه أن مراده ندب التوقف إن قويت الريبة لعل القادح يتضح فإن لم يتضح حكم لما يأتي أنه لا عبرة لريبة يجدها بلا مستند
الشرح
(قوله: جرحه عدل بلا بيان سبب) مفهومه أنه لو بين السبب رد الشاهد، وفيه نظر مع ما في الحاشية العليا عن ابن النقيب أن الجرح والتعديل لا يثبتان بدون اثنين إلا أن يريد بقوله: ","وَيُتَّجَهُ أَنَّ مُرَادَهُ نَدْبُ التَّوَقُّفِ إِنْ قَوِيَتِ الرِّيبَةُ لَعَلَّ الْقَادِحَ يَتَّضِحُ فَإِنْ لَمْ يَتَّضِحْ حَكَمَ لِمَا يَأْتِي أَنَّهُ لَا عِبْرَةَ لِرِيبَةٍ يَجِدُهَا بِلَا مُسْتَنَدٍ
الشَّرْحُ
(قَوْلُهُ: جَرَّحَهُ عَدْلٌ بِلَا بَيَانِ سَبَبٍ) مَفْهُومُهُ أَنَّهُ لَوْ بَيَّنَ السَّبَبَ رُدَّ الشَّاهِدُ، وَفِيهِ نَظَرٌ مَعَ مَا فِي الْحَاشِيَةِ الْعُلْيَا عَنِ ابْنِ النَّقِيبِ أَنَّ الْجَرْحَ وَالتَّعْدِيلَ لَا يَثْبُتَانِ بِدُونِ اثْنَيْنِ إِلَّا أَنْ يُرِيدَ بِقَوْلِهِ: ","وَيَتَّجِهُ أَنَّ مُرَادَهُ نَدْبُ التَّوَقُّفِ إِنْ قَوِيَتِ الرِّيبَةُ لَعَلَّ الْقَادِحَ يَتَّضِحُ فَإِنْ لَمْ يَتَّضِحْ حُكِمَ لِمَا يَأْتِي أَنَّهُ لَا عِبْرَةَ لِرِيبَةٍ يَجِدُهَا بِلَا مُسْتَنَدٍ
الشَّرْحُ
(قَوْلُهُ: جَرَحَهُ عَدْلٌ بِلَا بَيَانِ سَبَبٍ) مَفْهُومُهُ أَنَّهُ لَوْ بَيَّنَ السَّبَبَ رُدَّ الشَّاهِدُ، وَفِيهِ نَظَرٌ مَعَ مَا فِي الْحَاشِيَةِ الْعُلْيَا عَنِ ابْنِ النَّقِيبِ أَنَّ الْجَرْحَ وَالتَّعْدِيلَ لَا يَثْبُتَانِ بِدُونِ اثْنَيْنِ إِلَّا أَنْ يُرِيدَ بِقَوْلِهِ:"
قال (وينقض المسح كل شيء ينقض الوضوء) كل ما ينقض الوضوء ينقض المسح؛ لأنه بعض الوضوء، فلو لم ينتقض به لكان ما فرضناه ناقضا للوضوء لم يكن ناقضا له بل ناقضا لبعضه هذا خلف، وكذا ينقضه نزع الخف؛ لأن الحدث السابق بخروج النجاسة من بدن الإنسان كان ممتنع العمل بوجود المانع وهو الخف، ,قَالَ (وَيَنْقُضُ الْمَسْحَ كُلُّ شَيْءٍ يَنْقُضُ الْوُضُوءَ) كُلُّ مَا يَنْقُضُ الْوُضُوءَ يَنْقُضُ الْمَسْحَ؛ لِأَنَّهُ بَعْضُ الْوُضُوءِ، فَلَوْ لَمْ يَنْتَقِضْ بِهِ لَكَانَ مَا فَرَضْنَاهُ نَاقِضًا لِلْوُضُوءِ لَمْ يَكُنْ نَاقِضًا لَهُ بَلْ نَاقِضًا لِبَعْضِهِ هَذَا خَلَفٌ، وَكَذَا يَنْقُضُهُ نَزْعُ الْخُفِّ؛ لِأَنَّ الْحَدَثَ السَّابِقَ بِخُرُوجِ النَّجَاسَةِ مِنْ بَدَنِ الْإِنْسَانِ كَانَ مُمْتَنِعَ الْعَمَلِ بِوُجُودِ الْمَانِعِ وَهُوَ الْخُفُّ، ,قَالَ (وَيَنْقُضُ الْمَسْحَ كُلُّ شَيْءٍ يَنْقُضُ الْوُضُوءَ) كُلُّ مَا يَنْقُضُ الْوُضُوءَ يَنْقُضُ الْمَسْحَ؛ لِأَنَّهُ بَعْضُ الْوُضُوءِ، فَلَوْ لَمْ يَنْتَقِضْ بِهِ لَكَانَ مَا فَرَضْنَاهُ نَاقِضًا لِلْوُضُوءِ لَمْ يَكُنْ نَاقِضًا لَهُ بَلْ نَاقِضًا لِبَعْضِهِ هَذَا خُلْفٌ، وَكَذَا يَنْقُضُهُ نَزْعُ الْخُفِّ؛ لِأَنَّ الْحَدَثَ السَّابِقَ بِخُرُوجِ النَّجَاسَةِ مِنْ بَدَنِ الْإِنْسَانِ كَانَ مُمْتَنِعَ الْعَمَلِ بِوُجُودِ الْمَانِعِ وَهُوَ الْخُفُّ،
"باب ترك الوضوء من خروج الدم من غير مخرج الحدث. (1/337)
681- أخبرنا أبو عبد الله: محمد بن عبد الله الحافظ حدثنا أبو العباس: محمد بن يعقوب حدثنا أحمد بن عبد الجبار حدثنا يونس بن بكير حدثنا محمد بن إسحاق حدثنى صدقة بن يسار عن عقيل بن جابر عن جابر بن عبد الله قال: ","بَاب تَرْكِ الْوُضُوءِ مِنْ خُرُوجِ الدَّمِ مِنْ غَيْرِ مَخْرَجِ الْحَدَثِ. (1/337)
681- أَخْبَرَنَا أَبُو عَبْدِ اللَّهِ: مُحَمَّدُ بْنُ عَبْدِ اللَّهِ الْحَافِظُ حَدَّثَنَا أَبُو الْعَبَّاسِ: مُحَمَّدُ بْنُ يَعْقُوبَ حَدَّثَنَا أَحْمَدُ بْنُ عَبْدِ الْجَبَّارِ حَدَّثَنَا يُونُسُ بْنُ بُكَيْرٍ حَدَّثَنَا مُحَمَّدُ بْنُ إِسْحَاقَ حَدَّثَنِى صَدَقَةُ بْنُ يَسَارٍ عَنْ عَقِيلِ بْنِ جَابِرٍ عَنْ جَابِرِ بْنِ عَبْدِ اللَّهِ قَالَ: ","بَاب تَرْكِ الْوُضُوءِ مِنْ خُرُوجِ الدَّمِ مِنْ غَيْرِ مَخْرَجِ الْحَدَثِ. (1/337)
681- أَخْبَرَنَا أَبُو عَبْدِ اللَّهِ: مُحَمَّدُ بْنُ عَبْدِ اللَّهِ الْحَافِظُ حَدَّثَنَا أَبُو الْعَبَّاسِ: مُحَمَّدُ بْنُ يَعْقُوبَ حَدَّثَنَا أَحْمَدُ بْنُ عَبْدِ الْجَبَّارِ حَدَّثَنَا يُونُسُ بْنُ بُكَيْرٍ حَدَّثَنَا مُحَمَّدُ بْنُ إِسْحَاقَ حَدَّثَنِى صَدَقَةُ بْنُ يَسَارٍ عَنْ عُقَيْلِ بْنِ جَابِرٍ عَنْ جَابِرِ بْنِ عَبْدِ اللَّهِ قَالَ:"
أحدهما يجب الدفع، والأكل، وثانيهما لا يجبان لقصة ابني آدم لقوله عليه السلام {كن عبد الله المقتول، ولا تكن عبد الله القاتل} ، وعليه اعتمد عثمان رضي الله عنه في تسليم نفسه (والفرق) بينهما وبين ما هنا من وجهين (الأول) ,أَحَدُهُمَا يَجِبُ الدَّفْعُ، وَالْأَكْلُ، وَثَانِيهِمَا لَا يَجِبَانِ لِقِصَّةِ ابْنَيْ آدَمَ لِقَوْلِهِ عَلَيْهِ السَّلَامُ {كُنْ عَبْدَ اللَّهِ الْمَقْتُولَ، وَلَا تَكُنْ عَبْدَ اللَّهِ الْقَاتِلَ} ، وَعَلَيْهِ اعْتَمَدَ عُثْمَانُ رَضِيَ اللَّهُ عَنْهُ فِي تَسْلِيمِ نَفْسِهِ (وَالْفَرْقُ) بَيْنَهُمَا وَبَيْنَ مَا هُنَا مِنْ وَجْهَيْنِ (الْأَوَّلُ) ,أَحَدُهُمَا يَجِبُ الدَّفْعُ، وَالْأَكْلُ، وَثَانِيهِمَا لَا يَجِبَانِ لِقِصَّةِ ابْنَيْ آدَمَ لِقَوْلِهِ عَلَيْهِ السَّلَامُ {كُنْ عَبْدَ اللَّهِ الْمَقْتُولَ، وَلَا تَكُنْ عَبْدَ اللَّهِ الْقَاتِلَ} ، وَعَلَيْهِ اعْتَمَدَ عُثْمَانُ رَضِيَ اللَّهُ عَنْهُ فِي تَسْلِيمِ نَفْسِهِ (وَالْفَرْقُ) بَيْنَهُمَا وَبَيْنَ مَا هُنَا مِنْ وَجْهَيْنِ (الْأَوَّلُ)
"إذا رجع - ويفهم من ذكر الرجوع على الإطلاق مسألتان: 1 - أن الرجوع عن كل الشهادة صحيح كما أن الرجوع عن بعضها صحيح أيضا انظر مادة (64) .
مثلا: إذا شهد الشهود أن دارا هي ملك للمدعي وبعد التعديل والتزكية والحكم قال الشهود: ","إِذَا رَجَعَ - وَيُفْهَمُ مِنْ ذِكْرِ الرُّجُوعِ عَلَى الْإِطْلَاقِ مَسْأَلَتَانِ: 1 - أَنَّ الرُّجُوعَ عَنْ كُلِّ الشَّهَادَةِ صَحِيحٌ كَمَا أَنَّ الرُّجُوعَ عَنْ بَعْضِهَا صَحِيحٌ أَيْضًا انْظُرْ مَادَّةَ (64) .
مَثَلًا: إِذَا شَهِدَ الشُّهُودُ أَنَّ دَارًا هِيَ مِلْكٌ لِلْمُدَّعِي وَبَعْدَ التَّعْدِيلِ وَالتَّزْكِيَةِ وَالْحُكْمِ قَالَ الشُّهُودُ: ","إِذَا رَجَعَ - وَيُفْهَمُ مِنْ ذِكْرِ الرُّجُوعِ عَلَى الْإِطْلَاقِ مَسْأَلَتَانِ: 1 - أَنَّ الرُّجُوعَ عَنْ كُلِّ الشَّهَادَةِ صَحِيحٌ كَمَا أَنَّ الرُّجُوعَ عَنْ بَعْضِهَا صَحِيحٌ أَيْضًا انْظُرْ مَادَّةَ (64) .
مَثَلًا: إِذَا شَهِدَ الشُّهُودُ أَنَّ دَارًا هِيَ مِلْكٌ لِلْمُدَّعِي وَبَعْدَ التَّعْدِيلِ وَالتَّزْكِيَةِ وَالْحُكْمِ قَالَ الشُّهُودُ:"
الحديث والقصاص حقه فيكون لجميعهم كالمال {وأمر عليه الصلاة والسلام بتوريث امرأة أسيم الضبابي من دية زوجها أسيم} ؛ ولأن القصاص حق يجري فيه الإرث حتى إذا قتل وله ابنان فمات أحدهما عن ابن كان القصاص بين الابن وبين ابن الابن فيثبت كسائر الورثة والزوجية تبقى بعد الموت حكما كما في حق الإرث أو يثبت الإرث مستندا إلى سببه، ,الْحَدِيثَ وَالْقِصَاصُ حَقُّهُ فَيَكُونُ لِجَمِيعِهِمْ كَالْمَالِ {وَأَمَرَ عَلَيْهِ الصَّلَاةُ وَالسَّلَامُ بِتَوْرِيثِ امْرَأَةِ أُسَيْمٍ الضَّبَابِيِّ مِنْ دِيَةِ زَوْجِهَا أُسَيْمٍ} ؛ وَلِأَنَّ الْقِصَاصَ حَقٌّ يَجْرِي فِيهِ الْإِرْثُ حَتَّى إِذَا قُتِلَ وَلَهُ ابْنَانِ فَمَاتَ أَحَدُهُمَا عَنِ ابْنٍ كَانَ الْقِصَاصُ بَيْنَ الِابْنِ وَبَيْنَ ابْنِ الِابْنِ فَيَثْبُتُ كَسَائِرِ الْوَرَثَةِ وَالزَّوْجِيَّةُ تَبْقَى بَعْدَ الْمَوْتِ حُكْمًا كَمَا فِي حَقِّ الْإِرْثِ أَوْ يَثْبُتُ الْإِرْثُ مُسْتَنِدًا إِلَى سَبَبِهِ، ,الْحَدِيثِ وَالْقِصَاصُ حَقُّهُ فَيَكُونُ لِجَمِيعِهِمْ كَالْمَالِ {وَأَمَرَ عَلَيْهِ الصَّلَاةُ وَالسَّلَامُ بِتَوْرِيثِ امْرَأَةِ أُسَيْمٍ الضَّبَابِيِّ مِنْ دِيَةِ زَوْجِهَا أُسَيْمٍ} ؛ وَلِأَنَّ الْقِصَاصَ حَقٌّ يَجْرِي فِيهِ الْإِرْثُ حَتَّى إِذَا قُتِلَ وَلَهُ ابْنَانِ فَمَاتَ أَحَدُهُمَا عَنِ ابْنٍ كَانَ الْقِصَاصُ بَيْنَ الِابْنِ وَبَيْنَ ابْنِ الِابْنِ فَيَثْبُتُ كَسَائِرِ الْوَرَثَةِ وَالزَّوْجِيَّةُ تَبْقَى بَعْدَ الْمَوْتِ حُكْمًا كَمَا فِي حَقِّ الْإِرْثِ أَوْ يَثْبُتُ الْإِرْثُ مُسْتَنِدًا إِلَى سَبَبِهِ،
"فإن الفاسق لا يحجر عليه عند أحد من أئمتنا كما سيأتي في الكتاب (قوله ولأبي حنيفة أنه مخاطب عاقل فلا يحجر عليه اعتبارا بالرشيد) قيل: يشكل هذا بالعبد، فإنه مخاطب عاقل أيضا ومع ذلك يحجر عليه.
وأجيب بوجهين: أحدهما أنه ذكر المخاطب مطلقا والمطلق ينصرف إلى الكامل، والعبد ليس (21/7)
","فَإِنَّ الْفَاسِقَ لَا يُحْجَرُ عَلَيْهِ عِنْدَ أَحَدٍ مِنْ أَئِمَّتِنَا كَمَا سَيَأْتِي فِي الْكِتَابِ (قَوْلُهُ وَلِأَبِي حَنِيفَةَ أَنَّهُ مُخَاطَبٌ عَاقِلٌ فَلَا يُحْجَرُ عَلَيْهِ اعْتِبَارًا بِالرَّشِيدِ) قِيلَ: يُشْكِلُ هَذَا بِالْعَبْدِ، فَإِنَّهُ مُخَاطَبٌ عَاقِلٌ أَيْضًا وَمَعَ ذَلِكَ يُحْجَرُ عَلَيْهِ.
وَأُجِيبَ بِوَجْهَيْنِ: أَحَدُهُمَا أَنَّهُ ذَكَرَ الْمُخَاطَبَ مُطْلَقًا وَالْمُطْلَقُ يَنْصَرِفُ إِلَى الْكَامِلِ، وَالْعَبْدُ لَيْسَ (21/7)
","فَإِنَّ الْفَاسِقَ لَا يُحْجَرُ عَلَيْهِ عِنْدَ أَحَدٍ مِنْ أَئِمَّتِنَا كَمَا سَيَأْتِي فِي الْكِتَابِ (قَوْلُهُ وَلِأَبِي حَنِيفَةَ أَنَّهُ مُخَاطَبٌ عَاقِلٌ فَلَا يُحْجَرُ عَلَيْهِ اعْتِبَارًا بِالرَّشِيدِ) قِيلَ: يُشْكِلُ هَذَا بِالْعَبْدِ، فَإِنَّهُ مُخَاطَبٌ عَاقِلٌ أَيْضًا وَمَعَ ذَلِكَ يُحْجَرُ عَلَيْهِ.
وَأُجِيبَ بِوَجْهَيْنِ: أَحَدُهُمَا أَنَّهُ ذَكَرَ الْمُخَاطَبَ مُطْلَقًا وَالْمُطْلَقُ يَنْصَرِفُ إِلَى الْكَامِلِ، وَالْعَبْدُ لَيْسَ (21/7)"
"لسقوطها وهو الصحيح وتمام التحقيق في البحر فليطالع (ومن يلعب بالطيور) لشدة غفلته وإصراره على نوع لهو؛ لأنه غالبا ينظر إلى العورات في السطوح وغيرها وهو فسق فأما إذا أمسك الحمام للاستئناس ولا يطيرها فلا تزول عدالته؛ لأن إمساكها في البيوت مباح. (6/159)
(أو) يلعب (بالطنبور) ","لِسُقُوطِهَا وَهُوَ الصَّحِيحُ وَتَمَامُ التَّحْقِيقِ فِي الْبَحْرِ فَلْيُطَالَعْ (وَمَنْ يَلْعَبُ بِالطُّيُورِ) لِشِدَّةِ غَفَلْته وَإِصْرَارِهِ عَلَى نَوْعِ لَهْوٍ؛ لِأَنَّهُ غَالِبًا يَنْظُرُ إِلَى الْعَوْرَاتِ فِي السُّطُوحِ وَغَيْرِهَا وَهُوَ فِسْقٌ فَأَمَّا إِذَا أَمْسَكَ الْحَمَامَ لِلِاسْتِئْنَاسِ وَلَا يُطَيِّرُهَا فَلَا تَزُولُ عَدَالَتُهُ؛ لِأَنَّ إِمْسَاكَهَا فِي الْبُيُوتِ مُبَاحٌ. (6/159)
(أَوْ) يَلْعَبُ (بِالطُّنْبُورِ) ","لِسُقُوطِهَا وَهُوَ الصَّحِيحُ وَتَمَامُ التَّحْقِيقِ فِي الْبَحْرِ فَلْيُطَالَعْ (وَمَنْ يَلْعَبُ بِالطُّيُورِ) لِشِدَّةِ غَفْلَتِهِ وَإِصْرَارِهِ عَلَى نَوْعِ لَهْوٍ؛ لِأَنَّهُ غَالِبًا يَنْظُرُ إِلَى الْعَوْرَاتِ فِي السُّطُوحِ وَغَيْرِهَا وَهُوَ فِسْقٌ فَأَمَّا إِذَا أَمْسَكَ الْحَمَامَ لِلِاسْتِئْنَاسِ وَلَا يُطَيِّرُهَا فَلَا تَزُولُ عَدَالَتُهُ؛ لِأَنَّ إِمْسَاكَهَا فِي الْبُيُوتِ مُبَاحٌ. (6/159)
(أَوْ) يَلْعَبُ (بِالطُّنْبُورِ)"
"وسيأتي للشارح أيضا حمل كلام السبكي على العين وأنه تجوز الدعوى بها على غريم الغريم وإن لم يوكله الوارث بخلاف الدين، وذكر الشهاب ابن القاسم أنه بحث مع الشارح في هذا الحمل الآتي فبالغ في إنكاره ولا بد من الرفع للحاكم ليوفيه من العين كالدين إذا كانا ثابتين ولا تصح الدعوى بواحد منهما ا ه.
","وَسَيَأْتِي لِلشَّارِحِ أَيْضًا حَمْلُ كَلَامِ السُّبْكِيّ عَلَى الْعَيْنِ وَأَنَّهُ تَجُوزُ الدَّعْوَى بِهَا عَلَى غَرِيمِ الْغَرِيمِ وَإِنْ لَمْ يُوَكِّلْهُ الْوَارِثُ بِخِلَافِ الدَّيْنِ، وَذَكَرَ الشِّهَابُ ابْنُ الْقَاسِمِ أَنَّهُ بَحَثَ مَعَ الشَّارِحِ فِي هَذَا الْحَمْلِ الْآتِي فَبَالَغَ فِي إِنْكَارِهِ وَلَا بُدَّ مِنَ الرَّفْعِ لِلْحَاكِمِ لِيُوَفِّيَهُ مِنَ الْعَيْنِ كَالدَّيْنِ إِذَا كَانَا ثَابِتَيْنِ وَلَا تَصِحُّ الدَّعْوَى بِوَاحِدٍ مِنْهُمَا ا ه.
",وَسَيَأْتِي لِلشَّارِحِ أَيْضًا حَمْلُ كَلَامِ السُّبْكِيّ عَلَى الْعَيْنِ وَأَنَّهُ تَجُوزُ الدَّعْوَى بِهَا عَلَى غَرِيمِ الْغَرِيمِ وَإِنْ لَمْ يُوَكِّلْهُ الْوَارِثُ بِخِلَافِ الدَّيْنِ، وَذَكَرَ الشِّهَابُ ابْنُ الْقَاسِمِ أَنَّهُ بَحَثَ مَعَ الشَّارِحِ فِي هَذَا الْحَمْلِ الْآتِي فَبَالَغَ فِي إِنْكَارِهِ وَلَا بُدَّ مِنَ الرَّفْعِ لِلْحَاكِمِ لِيُوَفِّيَهُ مِنَ الْعَيْنِ كَالدَّيْنِ إِذَا كَانَا ثَابِتَيْنِ وَلَا تَصِحُّ الدَّعْوَى بِوَاحِدٍ مِنْهُمَا ا ه.
"لأنه قول غير مطابق، وثانيهما أن لا يوجد في نفس الأمر شيء ألبتة فيصدق أيضا عدم المطابقة لعدم ما يطابقه الخبر لا لمخالفته لما وجد كما أن الله تعالى لو خلق زيدا وحده في العالم صدق عليه أنه لم يوافق أحدا في معتقده.
","لِأَنَّهُ قَوْلٌ غَيْرُ مُطَابِقٍ، وَثَانِيهِمَا أَنْ لَا يُوجَدَ فِي نَفْسِ الْأَمْرِ شَيْءٌ أَلْبَتَّةَ فَيُصَدَّقُ أَيْضًا عَدَمُ الْمُطَابَقَةِ لِعَدَمِ مَا يُطَابِقُهُ الْخَبَرُ لَا لِمُخَالَفَتِهِ لِمَا وُجِدَ كَمَا أَنَّ اللَّهَ تَعَالَى لَوْ خَلَقَ زَيْدًا وَحْدَهُ فِي الْعَالَمِ صَدَقَ عَلَيْهِ أَنَّهُ لَمْ يُوَافِقْ أَحَدًا فِي مُعْتَقَدِهِ.
",لِأَنَّهُ قَوْلٌ غَيْرُ مُطَابِقٍ، وَثَانِيهِمَا أَنْ لَا يُوجَدَ فِي نَفْسِ الْأَمْرِ شَيْءٌ أَلْبَتَّةَ فَيَصْدُقُ أَيْضًا عَدَمُ الْمُطَابَقَةِ لِعَدَمِ مَا يُطَابِقُهُ الْخَبَرُ لَا لِمُخَالَفَتِهِ لِمَا وُجِدَ كَمَا أَنَّ اللَّهَ تَعَالَى لَوْ خَلَقَ زَيْدًا وَحْدَهُ فِي الْعَالَمِ صَدَقَ عَلَيْهِ أَنَّهُ لَمْ يُوَافِقْ أَحَدًا فِي مُعْتَقَدِهِ.
"فإن القسمة تنتقض ويقسم ما بقي بينهم قسمة مستقبلة.
فالقسمة لا تتم.
لأنه لا يكون مقاسما بنفسه عليهم، ولكن ما هلك يهلك من نصيب جماعتهم وما بقي يبقى لجماعتهم. (3/255)
1972 - 1972 - ولو كان أعطى الرجالة سهامهم، وبقيت سهام الخيل، ولم يعط المساكين الخمس أيضا، ","فَإِنَّ الْقِسْمَةَ تُنْتَقَضُ وَيَقْسِمُ مَا بَقِيَ بَيْنَهُمْ قِسْمَةً مُسْتَقْبَلَةً.
فَالْقِسْمَةُ لَا تَتِمُّ.
لِأَنَّهُ لَا يَكُونُ مُقَاسِمًا بِنَفْسِهِ عَلَيْهِمْ، وَلَكِنْ مَا هَلَكَ يَهْلَكُ مِنْ نَصِيبِ جَمَاعَتِهِمْ وَمَا بَقِيَ يَبْقَى لِجَمَاعَتِهِمْ. (3/255)
1972 - 1972 - وَلَوْ كَانَ أَعْطَى الرَّجَّالَةَ سِهَامَهُمْ، وَبَقِيَتْ سِهَامُ الْخَيْلِ، وَلَمْ يُعْطِ الْمَسَاكِينَ الْخَمْسَ أَيْضًا، ","فَإِنَّ الْقِسْمَةَ تُنْتَقَضُ وَيُقْسَمُ مَا بَقِيَ بَيْنَهُمْ قِسْمَةً مُسْتَقْبَلَةً.
فَالْقِسْمَةُ لَا تَتِمُّ.
لِأَنَّهُ لَا يَكُونُ مُقَاسِمًا بِنَفْسِهِ عَلَيْهِمْ، وَلَكِنْ مَا هَلَكَ يَهْلِكُ مِنْ نَصِيبِ جَمَاعَتِهِمْ وَمَا بَقِيَ يَبْقَى لِجَمَاعَتِهِمْ. (3/255)
1972 - 1972 - وَلَوْ كَانَ أَعْطَى الرَّجَّالَةَ سِهَامَهُمْ، وَبَقِيَتْ سِهَامُ الْخَيْلِ، وَلَمْ يُعْطِ الْمَسَاكِينَ الْخُمُسَ أَيْضًا،"
"أي لا يورث من المعتق لإجماعنا على أنه يورث من المعتق ولأن الولاء لما كان سببه النسب، ثم النسب لا يورث نفسه، وإن كان يورث به فكذا الولاء وروينا عن النجباء السبعة رضي الله عنهم أنهم قالوا بلفظ واحد الولاء للكبر فالظاهر هو السماع.
","أَيْ لَا يُورَثُ مِنَ الْمُعْتَقِ لِإِجْمَاعِنَا عَلَى أَنَّهُ يُورَثُ مِنَ الْمُعْتِقِ وَلِأَنَّ الْوَلَاءَ لَمَّا كَانَ سَبَبُهُ النَّسَب، ثُمَّ النَّسَبُ لَا يُورَثُ نَفَسُهُ، وَإِنْ كَانَ يُورَثُ بِهِ فَكَذَا الْوَلَاءُ وَرَوَيْنَا عَنِ النُّجَبَاءِ السَّبْعَةِ رَضِيَ اللَّهُ عَنْهُمْ أَنَّهُمْ قَالُوا بِلَفْظٍ وَاحِدٍ الْوَلَاءُ لِلْكِبَرِ فَالظَّاهِرُ هُوَ السَّمَاعُ.
",أَيْ لَا يُورَثُ مِنَ الْمُعْتِقِ لِإِجْمَاعِنَا عَلَى أَنَّهُ يُورَثُ مِنَ الْمُعْتِقِ وَلِأَنَّ الْوَلَاءَ لَمَّا كَانَ سَبَبُهُ النَّسَبَ، ثُمَّ النَّسَبُ لَا يُورَثُ نَفْسَهُ، وَإِنْ كَانَ يُورَثُ بِهِ فَكَذَا الْوَلَاءُ وَرُوِّينَا عَنِ النُّجَبَاءِ السَّبْعَةِ رَضِيَ اللَّهُ عَنْهُمْ أَنَّهُمْ قَالُوا بِلَفْظٍ وَاحِدٍ الْوَلَاءُ لِلْكِبَرِ فَالظَّاهِرُ هُوَ السَّمَاعُ.
"لأنه لا عهد له ولا أمان أشبه الحربي، لكن لا يجوز قتله حتى يدعى (فإن كان له أمان فديته دية أهل دينه) لأنه محقون الدم (فإن لم يعرف دينه فكمجوسي) لأنه اليقين وما زاد عليه مشكوك فيه. (20/251)
(ودية العبد والأمة قيمتهما ولو بلغت) قيمتهما (دية الحر أو زادت عليها) ","لِأَنَّهُ لَا عَهْدَ لَهُ وَلَا أَمَانَ أَشْبَهَ الْحَرْبِيَّ، لَكِنْ لَا يَجُوزُ قَتْلَهُ حَتَّى يُدْعَى (فَإِنْ كَانَ لَهُ أَمَانٌ فَدِيَتُهُ دِيَةٌ أَهْلِ دِينِهِ) لِأَنَّهُ مَحْقُونُ الدَّمِ (فَإِنْ لَمْ يُعْرَفْ دِينُهُ فَكَمَجُوسِيٍّ) لِأَنَّهُ الْيَقِينُ وَمَا زَادَ عَلَيْهِ مَشْكُوكٌ فِيهِ. (20/251)
(وَدِيَةُ الْعَبْدِ وَالْأَمَةِ قِيمَتُهُمَا وَلَوْ بَلَغَتْ) قِيمَتُهُمَا (دِيَةَ الْحُرِّ أَوْ زَادَتْ عَلَيْهَا) ","لِأَنَّهُ لَا عَهْدَ لَهُ وَلَا أَمَانَ أَشْبَهَ الْحَرْبِيَّ، لَكِنْ لَا يَجُوزُ قَتْلُهُ حَتَّى يُدْعَى (فَإِنْ كَانَ لَهُ أَمَانٌ فَدِيَتُهُ دِيَةُ أَهْلِ دِينِهِ) لِأَنَّهُ مَحْقُونُ الدَّمِ (فَإِنْ لَمْ يُعْرَفْ دِينُهُ فَكَمَجُوسِيٍّ) لِأَنَّهُ الْيَقِينُ وَمَا زَادَ عَلَيْهِ مَشْكُوكٌ فِيهِ. (20/251)
(وَدِيَةُ الْعَبْدِ وَالْأَمَةِ قِيمَتُهُمَا وَلَوْ بَلَغَتْ) قِيمَتُهُمَا (دِيَةَ الْحُرِّ أَوْ زَادَتْ عَلَيْهَا)"
"أو تساويا.
ولا قائل به من الأصحاب، لكن في مجمع البحرين أجراه على ظاهره.
وقال: أطلق المصنف، وفاقا لداود، وأبي ثور، والمزني.
وسحنون من أصحاب مالك.
قلت: والذي يظهر: أن المصنف لم يرد هذا، وأنه لم ينفرد بهذا القول.
والدليل عليه قوله في الصحيح من المذهب فدل أن في المذهب خلافا موجودا قبله غير ذلك، ","أَوْ تَسَاوَيَا.
وَلَا قَائِلَ بِهِ مِنَ الْأَصْحَابِ، لَكِنْ فِي مَجْمَعِ الْبَحْرَيْنِ أَجْرَاهُ عَلَى ظَاهِرِهِ.
وَقَالَ: أَطْلَقَ الْمُصَنِّفُ، وِفَاقًا لِدَاوُدَ، وَأَبِي ثَوْرٍ، وَالْمُزَنِيِّ.
وَسَحْنُونٍ مِنْ أَصْحَابِ مَالِكٍ.
قُلْت: وَالَّذِي يَظْهَرُ: أَنَّ الْمُصَنِّفَ لَمْ يُرِدْ هَذَا، وَأَنَّهُ لَمْ يَنْفَرِدْ بِهَذَا الْقَوْلِ.
وَالدَّلِيلُ عَلَيْهِ قَوْلُهُ فِي الصَّحِيحِ مِنَ الْمَذْهَبِ فَدَلَّ أَنَّ فِي الْمَذْهَبِ خِلَافًا مَوْجُودًا قَبْلَهُ غَيْرَ ذَلِكَ، ","أَوْ تَسَاوَيَا.
وَلَا قَائِلَ بِهِ مِنَ الْأَصْحَابِ، لَكِنْ فِي مَجْمَعِ الْبَحْرَيْنِ أَجْرَاهُ عَلَى ظَاهِرِهِ.
وَقَالَ: أَطْلَقَ الْمُصَنِّفُ، وِفَاقًا لِدَاوُد، وَأَبِي ثَوْرٍ، وَالْمُزَنِيِّ.
وَسَحْنُونٍ مِنْ أَصْحَابِ مَالِكٍ.
قُلْت: وَالَّذِي يَظْهَرُ: أَنَّ الْمُصَنِّفَ لَمْ يُرِدْ هَذَا، وَأَنَّهُ لَمْ يَنْفَرِدْ بِهَذَا الْقَوْلِ.
وَالدَّلِيلُ عَلَيْهِ قَوْلُهُ فِي الصَّحِيحِ مِنَ الْمَذْهَبِ فَدَلَّ أَنَّ فِي الْمَذْهَبِ خِلَافًا مَوْجُودًا قَبْلَهُ غَيْرُ ذَلِكَ،"
"الشرح
(7/189)
قوله: (يحرم على المحرم) لا حاجة لهذا لأن الكلام في محرمات الإحرام، وانظر لم صرح به في هذا دون غيره.
ولعله لأجل التقييد بقوله إذا كان إلخ أو اعتناء به لكونه من الكبائر.
قوله: (قتل الصيد) القتل ليس قيدا إذ يحرم أيضا التعرض له باصطياد أو نحوه، نعم الفدية إنما هي في قتله أو نحوه.
","الشَّرْحُ
(7/189)
قَوْلُهُ: (يَحْرُمُ عَلَى الْمُحْرِمِ) لَا حَاجَةَ لِهَذَا لِأَنَّ الْكَلَامَ فِي مُحَرَّمَاتِ الْإِحْرَامِ، وَانْظُرْ لِمَ صَرَّحَ بِهِ فِي هَذَا دُونَ غَيْرِهِ.
وَلَعَلَّهُ لِأَجْلِ التَّقْيِيدِ بِقَوْلِهِ إِذَا كَانَ إِلَخْ أَوِ اعْتِنَاءً بِهِ لِكَوْنِهِ مِنَ الْكَبَائِرِ.
قَوْلُهُ: (قَتْلُ الصَّيْدِ) الْقَتْلُ لَيْسَ قَيْدًا إِذْ يَحْرُمُ أَيْضًا التَّعَرُّضُ لَهُ بِاصْطِيَادٍ أَوْ نَحْوِهِ، نَعَمِ الْفِدْيَةُ إِنَّمَا هِيَ فِي قَتْلِهِ أَوْ نَحْوِهِ.
","الشَّرْحُ
(7/189)
قَوْلُهُ: (يَحْرُمُ عَلَى الْمُحْرِمِ) لَا حَاجَةَ لِهَذَا لِأَنَّ الْكَلَامَ فِي مُحَرَّمَاتِ الْإِحْرَامِ، وَانْظُرْ لِمَ صَرَّحَ بِهِ فِي هَذَا دُونَ غَيْرِهِ.
وَلَعَلَّهُ لِأَجْلِ التَّقْيِيدِ بِقَوْلِهِ إِذَا كَانَ إِلَخْ أَوِ اعْتِنَاءً بِهِ لِكَوْنِهِ مِنَ الْكَبَائِرِ.
قَوْلُهُ: (قَتْلُ الصَّيْدِ) الْقَتْلُ لَيْسَ قَيْدًا إِذْ يَحْرُمُ أَيْضًا التَّعَرُّضُ لَهُ بِاصْطِيَادٍ أَوْ نَحْوِهِ، نَعَمِ الْفِدْيَةُ إِنَّمَا هِيَ فِي قَتْلِهِ أَوْ نَحْوِهِ."
بحديث اللعان وحديث عائشة رضي الله تعالى عنها لدلالتها على أنه صلى الله عليه وسلم قد استدل الخلق التي لم توجد على الأنساب فيكون ثبوت الاستدلال بالخلق المشاهد أولى ضرورة أن الحس أقوى من القياس وإذا ثبت أن رسول الله صلى الله عليه وسلم أثبت هذا من قبل نفسه في صورة ليس فيها غرض للمشركين دل ذلك على أن القاعدة حق في نفسها وأن سروره عليه السلام لم يكن إلا بحق لا لأجل إقامة الحجة على المشركين (وعن الثاني) ,بِحَدِيثِ اللِّعَانِ وَحَدِيثِ عَائِشَةَ رَضِيَ اللَّهُ تَعَالَى عَنْهَا لِدَلَالَتِهَا عَلَى أَنَّهُ صَلَّى اللَّهُ عَلَيْهِ وَسَلَّمَ قَدِ اسْتَدَلَّ الْخَلْقُ الَّتِي لَمْ تُوجَدْ عَلَى الْأَنْسَابِ فَيَكُونُ ثُبُوتُ الِاسْتِدْلَالِ بِالْخَلْقِ الْمُشَاهَدِ أَوْلَى ضَرُورَةَ أَنَّ الْحِسَّ أَقْوَى مِنَ الْقِيَاسِ وَإِذَا ثَبَتَ أَنَّ رَسُولَ اللَّهِ صَلَّى اللَّهُ عَلَيْهِ وَسَلَّمَ أَثْبَتَ هَذَا مِنْ قِبَلِ نَفْسِهِ فِي صُورَةٍ لَيْسَ فِيهَا غَرَضٌ لِلْمُشْرِكِينَ دَلَّ ذَلِكَ عَلَى أَنَّ الْقَاعِدَةَ حَقٌّ فِي نَفْسِهَا وَأَنَّ سُرُورَهُ عَلَيْهِ السَّلَامُ لَمْ يَكُنْ إِلَّا بِحَقٍّ لَا لِأَجْلِ إِقَامَةِ الْحُجَّةِ عَلَى الْمُشْرِكِينَ (وَعَنِ الثَّانِي) ,بِحَدِيثِ اللِّعَانِ وَحَدِيثِ عَائِشَةَ رَضِيَ اللَّهُ تَعَالَى عَنْهَا لِدَلَالَتِهَا عَلَى أَنَّهُ صَلَّى اللَّهُ عَلَيْهِ وَسَلَّمَ قَدِ اسْتَدَلَّ الْخَلْقَ الَّتِي لَمْ تُوجَدْ عَلَى الْأَنْسَابِ فَيَكُونُ ثُبُوتُ الِاسْتِدْلَالِ بِالْخَلْقِ الْمُشَاهَدِ أَوْلَى ضَرُورَةَ أَنَّ الْحِسَّ أَقْوَى مِنَ الْقِيَاسِ وَإِذَا ثَبَتَ أَنَّ رَسُولَ اللَّهِ صَلَّى اللَّهُ عَلَيْهِ وَسَلَّمَ أَثْبَتَ هَذَا مِنْ قِبَلِ نَفْسِهِ فِي صُورَةٍ لَيْسَ فِيهَا غَرَضٌ لِلْمُشْرِكِينَ دَلَّ ذَلِكَ عَلَى أَنَّ الْقَاعِدَةَ حَقٌّ فِي نَفْسِهَا وَأَنَّ سُرُورَهُ عَلَيْهِ السَّلَامُ لَمْ يَكُنْ إِلَّا بِحَقٍّ لَا لِأَجْلِ إِقَامَةِ الْحُجَّةِ عَلَى الْمُشْرِكِينَ (وَعَنِ الثَّانِي)
"قال في الصحاح الجد الاجتهاد في الأمور تقول منه جد في الأمر يجد ويجد أي بكسر الجيم وضمها وأجد في الأمر مثله قال الأصمعي يقال إن فلانا لجاد مجد باللغتين جميعا وقال في المحكم جد في أمره يجد ويجد جدا وأجد حقق وقال في المشارق الجد المبالغة في الشيء انتهى.
","قَالَ فِي الصِّحَاحِ الْجَدَّ الِاجْتِهَادُ فِي الْأُمُورِ تَقُولُ مِنْهُ جَدَّ فِي الْأَمْرِ يَجِدُّ وَيَجُدُّ أَيْ بِكَسْرِ الْجِيمِ وَضَمِّهَا وَأَجَدَّ فِي الْأَمْرِ مِثْلُهُ قَالَ الْأَصْمَعِيُّ يُقَالُ إِنَّ فُلَانًا لَجَادٌّ مُجِدٌّ بِاللُّغَتَيْنِ جَمِيعًا وَقَالَ فِي الْمُحْكَمِ جَدَّ فِي أَمْرِهِ يَجِدُّ وَيَجُدُّ جَدًّا وَأَجَدَّ حَقَّقَ وَقَالَ فِي الْمَشَارِقِ الْجَدُّ الْمُبَالَغَةُ فِي الشَّيْءِ انْتَهَى.
",قَالَ فِي الصِّحَاحِ الْجَدُّ الِاجْتِهَادُ فِي الْأُمُورِ تَقُولُ مِنْهُ جَدَّ فِي الْأَمْرِ يَجِدُ وَيَجِدُ أَيْ بِكَسْرِ الْجِيمِ وَضَمِّهَا وَأَجَدَّ فِي الْأَمْرِ مِثْلَهُ قَالَ الْأَصْمَعِيُّ يُقَالُ إِنَّ فُلَانًا لَجَادٌّ مَجْدٌ بِاللُّغَتَيْنِ جَمِيعًا وَقَالَ فِي الْمُحْكَمِ جَدَّ فِي أَمْرِهِ يَجِدُ وَيَجِدُ جِدًّا وَأَجَدَّ حَقَّقَ وَقَالَ فِي الْمَشَارِقِ الْجَدُّ الْمُبَالَغَةُ فِي الشَّيْءِ انْتَهَى.
"لا أدري من أخره الكتاب فأؤخره ولا من قدمه فأقدمه، ولكن قد رأيت رأيا فإن يكن صوابا فمن الله، وإن يكن خطأ فمن عمر وهو أن يدخل الضرر على جميعهم وينقص كل واحد من سهمه.
ويقال إن الذي أشار عليه بذلك العباس أولا، وقيل علي وقيل زيد، وقيل جمع من الصحابة فقال لهم: ","لَا أَدْرِي مَنْ أَخَّرَهُ الْكِتَابُ فَأُؤَخِّرُهُ وَلَا مَنْ قَدَّمَهُ فَأُقَدِّمُهُ، وَلَكِنْ قَدْ رَأَيْت رَأْيًا فَإِنْ يَكُنْ صَوَابًا فَمِنَ اللَّهِ، وَإِنْ يَكُنْ خَطَأً فَمِنْ عُمَرَ وَهُوَ أَنْ يَدْخُلَ الضَّرَرُ عَلَى جَمِيعِهِمْ وَيُنْقَصَ كُلُّ وَاحِدٍ مِنْ سَهْمِهِ.
وَيُقَالُ إِنَّ الَّذِي أَشَارَ عَلَيْهِ بِذَلِكَ الْعَبَّاسُ أَوَّلًا، وَقِيلَ عَلِيٌّ وَقِيلَ زَيْدٌ، وَقِيلَ جَمْعٌ مِنَ الصَّحَابَةِ فَقَالَ لَهُمْ: ","لَا أَدْرِي مَنْ أَخَّرَهُ الْكِتَابُ فَأُؤَخِّرُهُ وَلَا مَنْ قَدَّمَهُ فَأُقَدِّمُهُ، وَلَكِنْ قَدْ رَأَيْتُ رَأْيًا فَإِنْ يَكُنْ صَوَابًا فَمِنَ اللَّهِ، وَإِنْ يَكُنْ خَطَأً فَمِنْ عُمَرَ وَهُوَ أَنْ يُدْخِلَ الضَّرَرَ عَلَى جَمِيعِهِمْ وَيُنْقِصَ كُلَّ وَاحِدٍ مِنْ سَهْمِهِ.
وَيُقَالُ إِنَّ الَّذِي أَشَارَ عَلَيْهِ بِذَلِكَ الْعَبَّاسُ أَوَّلًا، وَقِيلَ عَلِيٌّ وَقِيلَ زَيْدٌ، وَقِيلَ جَمْعٌ مِنَ الصَّحَابَةِ فَقَالَ لَهُمْ:"
وقد خرج عن ذلك مسألة ذكروها في باب صلاة العيدين حيث قالوا: المسبوق بركعة من صلاة العيد إذا قام إلى القضاء فإنه يقرأ ثم يكبر لأنه لو بدأ بالتكبيرات يصير مواليا بين التكبيرات، ولم يقل به أحد من المحيط وفي شرح الجامع الصغير للتمرتاشي: المسبوق ما يصلي مع الإمام آخر صلاته عندهما، ,وَقَدْ خَرَجَ عَنْ ذَلِكَ مَسْأَلَةٌ ذَكَرُوهَا فِي بَابِ صَلَاةِ الْعِيدَيْنِ حَيْثُ قَالُوا: الْمَسْبُوقُ بِرَكْعَةٍ مِنْ صَلَاةِ الْعِيدِ إِذَا قَامَ إِلَى الْقَضَاءِ فَإِنَّهُ يَقْرَأُ ثُمَّ يُكَبِّرُ لِأَنَّهُ لَوْ بَدَأَ بِالتَّكْبِيرَاتِ يَصِيرُ مُوَالِيًا بَيْنَ التَّكْبِيرَاتِ، وَلَمْ يَقُلْ بِهِ أَحَدٌ مِنَ الْمُحِيطِ وَفِي شَرْحِ الْجَامِعِ الصَّغِيرِ لِلتُّمُرْتَاشِيِّ: الْمَسْبُوقُ مَا يُصَلِّي مَعَ الْإِمَامِ آخِرُ صَلَاتِهِ عِنْدَهُمَا، ,وَقَدْ خَرَجَ عَنْ ذَلِكَ مَسْأَلَةٌ ذَكَرُوهَا فِي بَابِ صَلَاةِ الْعِيدَيْنِ حَيْثُ قَالُوا: الْمَسْبُوقُ بِرَكْعَةٍ مِنْ صَلَاةِ الْعِيدِ إِذَا قَامَ إِلَى الْقَضَاءِ فَإِنَّهُ يَقْرَأُ ثُمَّ يُكَبِّرُ لِأَنَّهُ لَوْ بَدَأَ بِالتَّكْبِيرَاتِ يَصِيرُ مُوَالِيًا بَيْنَ التَّكْبِيرَاتِ، وَلَمْ يَقُلْ بِهِ أَحَدٌ مِنَ الْمُحِيطِ وَفِي شَرْحِ الْجَامِعِ الصَّغِيرِ لِلتُّمُرْتَاشِيِّ: الْمَسْبُوقُ مَا يُصَلِّي مَعَ الْإِمَامِ آخِرَ صَلَاتِهِ عِنْدَهُمَا،
"حيث وجبت وهو فيها لزمه إتمامها على القول بإعادتها.
قلت: فيعايى بها.
وحيث قلنا لا تجب فهل يلزمه إتمامها؟ مبني على الخلاف فيمن دخل في نفل.
هل يلزمه إتمامه؟ على ما يأتي في صوم التطوع، وقدم أبو المعالي في النهاية، وتبعه ابن عبيدان: أنه يتمها.
وذكر الثاني احتمالا.
فعلى المذهب في أصل المسألة: ","حَيْثُ وَجَبَتْ وَهُوَ فِيهَا لَزِمَهُ إِتْمَامُهَا عَلَى الْقَوْلِ بِإِعَادَتِهَا.
قُلْت: فَيُعَايَى بِهَا.
وَحَيْثُ قُلْنَا لَا تَجِبُ فَهَلْ يَلْزَمُهُ إِتْمَامُهَا؟ مَبْنِيٌّ عَلَى الْخِلَافِ فِيمَنْ دَخَلَ فِي نَفْلٍ.
هَلْ يَلْزَمُهُ إِتْمَامُهُ؟ عَلَى مَا يَأْتِي فِي صَوْمِ التَّطَوُّعِ، وَقَدَّمَ أَبُو الْمَعَالِي فِي النِّهَايَةِ، وَتَبِعَهُ ابْنُ عُبَيْدَانَ: أَنَّهُ يُتِمُّهَا.
وَذَكَرَ الثَّانِيَ احْتِمَالًا.
فَعَلَى الْمَذْهَبِ فِي أَصْلِ الْمَسْأَلَةِ: ","حَيْثُ وَجَبَتْ وَهُوَ فِيهَا لَزِمَهُ إِتْمَامُهَا عَلَى الْقَوْلِ بِإِعَادَتِهَا.
قُلْت: فَيُعَايَى بِهَا.
وَحَيْثُ قُلْنَا لَا تَجِبُ فَهَلْ يَلْزَمُهُ إِتْمَامُهَا؟ مَبْنِيٌّ عَلَى الْخِلَافِ فِيمَنْ دَخَلَ فِي نَفْلٍ.
هَلْ يَلْزَمُهُ إِتْمَامُهُ؟ عَلَى مَا يَأْتِي فِي صَوْمِ التَّطَوُّعِ، وَقَدَّمَ أَبُو الْمَعَالِي فِي النِّهَايَةِ، وَتَبِعَهُ ابْنُ عُبَيْدَانَ: أَنَّهُ يُتِمُّهَا.
وَذَكَرَ الثَّانِيَ احْتِمَالًا.
فَعَلَى الْمَذْهَبِ فِي أَصْلِ الْمَسْأَلَةِ:"
وأما قوله إنه يحتمل الفسخ والهزل فنعم لكنه تصرف قولي فلا يعمل عليه الإكراه كما لا يعمل على الإعتاق والطلاق والنكاح وغيرهما بخلاف البيع فإنه اسم للمبادلة حقيقة، وحقيقة المبادلة بالتعاطي، وإنما الإيجاب والقبول دليل عليه حالة الطوع فيعمل عليه الإكراه، ,وَأَمَّا قَوْلُهُ إِنَّهُ يَحْتَمِلُ الْفَسْخَ وَالْهَزْلَ فَنَعَمْ لَكِنَّهُ تَصَرُّفٌ قَوْلِيٌّ فَلَا يَعْمَلُ عَلَيْهِ الْإِكْرَاهُ كَمَا لَا يَعْمَلُ عَلَى الْإِعْتَاقِ وَالطَّلَاقِ وَالنِّكَاحِ وَغَيْرِهِمَا بِخِلَافِ الْبَيْعِ فَإِنَّهُ اسْمٌ لِلْمُبَادَلَةِ حَقِيقَةً، وَحَقِيقَةُ الْمُبَادَلَةِ بِالتَّعَاطِي، وَإِنَّمَا الْإِيجَابُ وَالْقَبُولُ دَلِيلٌ عَلَيْهِ حَالَةَ الطَّوْعِ فَيَعْمَلُ عَلَيْهِ الْإِكْرَاهُ، ,وَأَمَّا قَوْلُهُ إِنَّهُ يَحْتَمِلُ الْفَسْخَ وَالْهَزْلَ فَنَعَمْ لَكِنَّهُ تَصَرُّفٌ قَوْلِيٌّ فَلَا يَعْمَلُ عَلَيْهِ الْإِكْرَاهُ كَمَا لَا يَعْمَلُ عَلَى الْإِعْتَاقِ وَالطَّلَاقِ وَالنِّكَاحِ وَغَيْرِهِمَا بِخِلَافِ الْبَيْعِ فَإِنَّهُ اسْمٌ لِلْمُبَادَلَةِ حَقِيقَةً، وَحَقِيقَةُ الْمُبَادَلَةِ بِالتَّعَاطِي، وَإِنَّمَا الْإِيجَابُ وَالْقَبُولُ دَلِيلٌ عَلَيْهِ حَالَةَ الطَّوْعِ فَيَعْمَلُ عَلَيْهِ الْإِكْرَاهُ،
قوله: وعندهما يستحلف الأب في الصغيرة) يوجد في بعض النسخ لا يستحلف، والذي في البحر بدون لا وهي الصواب (قوله: وفي دعوى الدائن الإيصاء) أي دعواه على رجل أنك وصي الميت فادفع لي ديني من تركته (قوله وفي دعوى الدين على الوصي) ,قَوْلُهُ: وَعِنْدَهُمَا يُسْتَحْلَفُ الْأَبُ فِي الصَّغِيرَةِ) يُوجَدُ فِي بَعْضِ النُّسَخِ لَا يُسْتَحْلَفُ، وَالَّذِي فِي الْبَحْرِ بِدُونِ لَا وَهِيَ الصَّوَابُ (قَوْلُهُ: وَفِي دَعْوَى الدَّائِنِ الْإِيصَاءَ) أَيْ دَعْوَاهُ عَلَى رَجُلٍ أَنَّك وَصِيُّ الْمَيِّتِ فَادْفَعْ لِي دَيْنِي مِنْ تَرِكَتِهِ (قَوْلُهُ وَفِي دَعْوَى الدَّيْنِ عَلَى الْوَصِيِّ) ,قَوْلُهُ: وَعِنْدَهُمَا يَسْتَحْلِفُ الْأَبُ فِي الصَّغِيرَةِ) يُوجَدُ فِي بَعْضِ النُّسَخِ لَا يَسْتَحْلِفُ، وَالَّذِي فِي الْبَحْرِ بِدُونِ لَا وَهِيَ الصَّوَابُ (قَوْلُهُ: وَفِي دَعْوَى الدَّائِنِ الْإِيصَاءَ) أَيْ دَعْوَاهُ عَلَى رَجُلٍ أَنَّك وَصِيُّ الْمَيِّتِ فَادْفَعْ لِي دَيْنِي مِنْ تَرِكَتِهِ (قَوْلُهُ وَفِي دَعْوَى الدَّيْنِ عَلَى الْوَصِيِّ)
"لا على (حامله) ، أي: الطيب، (ومقلبه بلا مس و) لا على (داخل سوق وكعبة) ليتبرك بها؛ لأنه لا يمكن الاحتراز منه (ويأتي) في باب الفدية (إذ استعمله) ، أي: الطيب، (نحو ناس وذكر) ، فيلزمه (6/139)
إزالته بمهما أمكن من الماء وغيره من المائعات؛ لأن القصد الإزالة. (6/140)
(السادس: قتل صيد بر) إجماعا لقوله تعالى: {","لَا عَلَى (حَامِلِهِ) ، أَيْ: الطِّيبِ، (وَمُقَلِّبِهِ بِلَا مَسٍّ وَ) لَا عَلَى (دَاخِلِ سُوقٍ وَكَعْبَةٍ) لِيَتَبَرَّكَ بِهَا؛ لِأَنَّهُ لَا يُمْكِنُ الِاحْتِرَازُ مِنْهُ (وَيَأْتِي) فِي بَابِ الْفِدْيَةِ (إِذِ اسْتَعْمَلَهُ) ، أَيْ: الطِّيبَ، (نَحْوَ نَاسٍ وَذَكَرَ) ، فَيَلْزَمُهُ (6/139)
إِزَالَتُهُ بِمَهْمَا أَمْكَنَ مِنَ الْمَاءِ وَغَيْرِهِ مِنَ الْمَائِعَاتِ؛ لِأَنَّ الْقَصْدَ الْإِزَالَةُ. (6/140)
(السَّادِسُ: قَتْلُ صَيْدِ بَرٍّ) إِجْمَاعًا لِقَوْلِهِ تَعَالَى: {","لَا عَلَى (حَامِلِهِ) ، أَيْ: الطِّيبِ، (وَمُقَلِّبِهِ بِلَا مَسٍّ وَ) لَا عَلَى (دَاخِلِ سُوقٍ وَكَعَبَّةٍ) لِيَتَبَرَّكَ بِهَا؛ لِأَنَّهُ لَا يُمْكِنُ الِاحْتِرَازُ مِنْهُ (وَيَأْتِي) فِي بَابِ الْفِدْيَةِ (إِذِ اسْتَعْمَلَهُ) ، أَيْ: الطِّيبَ، (نَحْوُ نَاسٍ وَذَكَرٍ) ، فَيَلْزَمُهُ (6/139)
إِزَالَتُهُ بِمَهْمَا أَمْكَنَ مِنَ الْمَاءِ وَغَيْرِهِ مِنَ الْمَائِعَاتِ؛ لِأَنَّ الْقَصْدَ الْإِزَالَةُ. (6/140)
(السَّادِسُ: قَتْلُ صَيْدِ بِرٍّ) إِجْمَاعًا لِقَوْلِهِ تَعَالَى: {"
"وإن لم يأذن فله التحلل، وعليها القضاء: كعبد، وأثم من لم يقبل، وله مباشرتها كفريضة قبل الميقات، وإلا فلا: إن دخل.
الشرح
(5/67)
(وإن) أحرم السفيه أو الزوجة و (لم يأذن الولي) للسفيه في الإحرام أو الزوج للزوجة فيه (فله) أي الولي أو الزوج (التحلل) أي: التحليل لهما مما أحرما به كتحليل المحصر بالنية والحلق للسفيه والتقصير للزوجة، ","وَإِنْ لَمْ يَأْذَنْ فَلَهُ التَّحَلُّلُ، وَعَلَيْهَا الْقَضَاءُ: كَعَبْدٍ، وَأَثِمَ مَنْ لَمْ يَقْبَلْ، وَلَهُ مُبَاشَرَتُهَا كَفَرِيضَةٍ قَبْلَ الْمِيقَاتِ، وَإِلَّا فَلَا: إِنْ دَخَلَ.
الشَّرْحُ
(5/67)
(وَإِنْ) أَحْرَمَ السَّفِيهُ أَوِ الزَّوْجَةُ وَ (لَمْ يَأْذَنِ الْوَلِيُّ) لِلسَّفِيهِ فِي الْإِحْرَامِ أَوِ الزَّوْجُ لِلزَّوْجَةِ فِيهِ (فَلَهُ) أَيِ الْوَلِيِّ أَوِ الزَّوْجِ (التَّحَلُّلُ) أَيْ: التَّحْلِيلُ لَهُمَا مِمَّا أَحْرَمَا بِهِ كَتَحْلِيلِ الْمُحْصَرِ بِالنِّيَّةِ وَالْحَلْقِ لِلسَّفِيهِ وَالتَّقْصِيرُ لِلزَّوْجَةِ، ","وَإِنْ لَمْ يَأْذَنْ فَلَهُ التَّحَلُّلُ، وَعَلَيْهَا الْقَضَاءُ: كَعَبْدٍ، وَأَثِمَ مَنْ لَمْ يُقْبَلْ، وَلَهُ مُبَاشَرَتُهَا كَفَرِيضَةٍ قَبْلَ الْمِيقَاتِ، وَإِلَّا فَلَا: إِنْ دَخَلَ.
الشَّرْحُ
(5/67)
(وَإِنْ) أَحْرَمَ السَّفِيهُ أَوِ الزَّوْجَةُ وَ (لَمْ يَأْذَنِ الْوَلِيُّ) لِلسَّفِيهِ فِي الْإِحْرَامِ أَوِ الزَّوْجُ لِلزَّوْجَةِ فِيهِ (فَلَهُ) أَيِ الْوَلِيِّ أَوِ الزَّوْجِ (التَّحَلُّلُ) أَيْ: التَّحْلِيلُ لَهُمَا مِمَّا أَحْرَمَا بِهِ كَتَحْلِيلِ الْمُحْصَرِ بِالنِّيَّةِ وَالْحَلْقِ لِلسَّفِيهِ وَالتَّقْصِيرِ لِلزَّوْجَةِ،"
"لأنه لم يملكها بنفس العقد قبل استيفاء المنفعة، فما زاد يكون على ملك المريض، وتجعل هذه الزيادة كالموجودة عند العقد فيتمكن معنى الوصية بهذا الطريق حين سلم الجارية إليه بعد استيفاء الخدمة وحدوث الزيادة؛ فإنما السالم له منها ومن أولادها مقدار أجر مثله عوضا عن الخدمة، والثلث مما يبقى بطريق الوصية أعطي وصية من الجارية.
","لِأَنَّهُ لَمْ يَمْلِكْهَا بِنَفْسِ الْعَقْدِ قَبْلَ اسْتِيفَاءِ الْمَنْفَعَةِ، فَمَا زَادَ يَكُونُ عَلَى مِلْكِ الْمَرِيضِ، وَتُجْعَلُ هَذِهِ الزِّيَادَةُ كَالْمَوْجُودَةِ عِنْدَ الْعَقْدِ فَيَتَمَكَّنُ مَعْنَى الْوَصِيَّةِ بِهَذَا الطَّرِيقِ حِينَ سَلَّمَ الْجَارِيَةَ إِلَيْهِ بَعْدَ اسْتِيفَاءِ الْخِدْمَةِ وَحُدُوثِ الزِّيَادَةِ؛ فَإِنَّمَا السَّالِمُ لَهُ مِنْهَا وَمِنْ أَوْلَادِهَا مِقْدَارُ أَجْرِ مِثْلِهِ عِوَضًا عَنِ الْخِدْمَةِ، وَالثُّلُثُ مِمَّا يَبْقَى بِطَرِيقِ الْوَصِيَّةِ أُعْطِيَ وَصِيَّةً مِنَ الْجَارِيَةِ.
",لِأَنَّهُ لَمْ يَمْلِكْهَا بِنَفْسِ الْعَقْدِ قَبْلَ اسْتِيفَاءِ الْمَنْفَعَةِ، فَمَا زَادَ يَكُونُ عَلَى مِلْكِ الْمَرِيضِ، وَتُجْعَلُ هَذِهِ الزِّيَادَةُ كَالْمَوْجُودَةِ عِنْدَ الْعَقْدِ فَيَتَمَكَّنُ مَعْنَى الْوَصِيَّةِ بِهَذَا الطَّرِيقِ حِينَ سَلَّمَ الْجَارِيَةَ إِلَيْهِ بَعْدَ اسْتِيفَاءِ الْخِدْمَةِ وَحُدُوثِ الزِّيَادَةِ؛ فَإِنَّمَا السَّالِمُ لَهُ مِنْهَا وَمِنْ أَوْلَادِهَا مِقْدَارُ أَجْرِ مِثْلِهِ عِوَضًا عَنِ الْخِدْمَةِ، وَالثُّلُثُ مِمَّا يَبْقَى بِطَرِيقِ الْوَصِيَّةِ أُعْطِيَ وَصِيَّةً مِنَ الْجَارِيَةِ.
بعض الناس لبعض: ما للناس؟ قالوا: أوحي إلى رسول الله صلى الله عليه وسلم، فخرجنا مع الناس نوجف، فوجدنا النبي صلى الله عليه وسلم واقفا على راحلته عند كراع الغميم فلما اجتمع عليه الناس قرأ عليهم {إنا فتحنا لك فتحا مبينا} فقال رجل: يا رسول الله أفتح هو؟ قال نعم، ,بَعْضُ النَّاسِ لِبَعْضٍ: مَا لِلنَّاسِ؟ قَالُوا: أُوحِيَ إِلَى رَسُولِ اللَّهِ صَلَّى اللَّهُ عَلَيْهِ وَسَلَّمَ، فَخَرَجْنَا مَعَ النَّاسِ نُوجِفُ، فَوَجَدْنَا النَّبِيَّ صَلَّى اللَّهُ عَلَيْهِ وَسَلَّمَ وَاقِفًا عَلَى رَاحِلَتِهِ عِنْدَ كُرَاعِ الْغَمِيمِ فَلَمَّا اجْتَمَعَ عَلَيْهِ النَّاسُ قَرَأَ عَلَيْهِمْ {إِنَّا فَتَحْنَا لَكَ فَتْحًا مُبِينًا} فَقَالَ رَجُلٌ: يَا رَسُولَ اللَّهِ أَفَتْحٌ هُوَ؟ قَالَ نَعَمْ، ,بَعْضُ النَّاسِ لِبَعْضٍ: مَا لِلنَّاسِ؟ قَالُوا: أُوحِيَ إِلَى رَسُولِ اللَّهِ صَلَّى اللَّهُ عَلَيْهِ وَسَلَّمَ، فَخَرَجْنَا مَعَ النَّاسِ نُوجِفُ، فَوَجَدْنَا النَّبِيَّ صَلَّى اللَّهُ عَلَيْهِ وَسَلَّمَ وَاقِفًا عَلَى رَاحِلَتِهِ عِنْدَ كُرَاعِ الْغَمِيمِ فَلَمَّا اجْتَمَعَ عَلَيْهِ النَّاسُ قَرَأَ عَلَيْهِمْ {إِنَّا فَتَحْنَا لَكَ فَتْحًا مُبِينًا} فَقَالَ رَجُلٌ: يَا رَسُولَ اللَّهِ أَفَتْحٌ هُوَ؟ قَالَ نَعَمْ،
"لأنهم لو لم ينصحوا لما حصلت لهم الشهرة بالمعرفة بالطب ولتعطل عليهم معاشهم وقد يتفطن لغشهم فلا بد من إظهار معرفتهم ونصحهم فيستعملون ذلك مع هذا الصنف المتقدم ذكره أعني من لا خطر له في الدين كالعوام والعبيد وغير ذلك.
","لِأَنَّهُمْ لَوْ لَمْ يَنْصَحُوا لَمَا حَصَلَتْ لَهُمُ الشُّهْرَةُ بِالْمَعْرِفَةِ بِالطِّبِّ وَلَتَعَطَّلَ عَلَيْهِمْ مَعَاشُهُمْ وَقَدْ يُتَفَطَّنُ لِغِشِّهِمْ فَلَا بُدَّ مِنْ إِظْهَارِ مَعْرِفَتِهِمْ وَنُصْحِهِمْ فَيَسْتَعْمِلُونَ ذَلِكَ مَعَ هَذَا الصِّنْفِ الْمُتَقَدِّمِ ذِكْرُهُ أَعْنِي مَنْ لَا خَطَرَ لَهُ فِي الدِّينِ كَالْعَوَامِّ وَالْعَبِيدِ وَغَيْرِ ذَلِكَ.
",لِأَنَّهُمْ لَوْ لَمْ يَنْصَحُوا لَمَا حَصَلَتْ لَهُمُ الشُّهْرَةُ بِالْمَعْرِفَةِ بِالطِّبِّ وَلَتَعَطَّلَ عَلَيْهِمْ مَعَاشُهُمْ وَقَدْ يُتَفَطَّنُ لِغِشِّهِمْ فَلَا بُدَّ مِنْ إِظْهَارِ مَعْرِفَتِهِمْ وَنُصْحِهِمْ فَيَسْتَعْمِلُونَ ذَلِكَ مَعَ هَذَا الصِّنْفِ الْمُتَقَدِّمِ ذِكْرُهُ أَعْنِي مَنْ لَا خَطَرَ لَهُ فِي الدِّينِ كَالْعَوَامِّ وَالْعَبِيدِ وَغَيْرِ ذَلِكَ.
"من أعطي حظه من الرفق فقد أعطي حظه من الخير ومن حرم حظه من الرفق فقد حرم حظه من الخير» . (10/193)
21319- وقال: «أثقل شىء فى ميزان المؤمن خلق حسن إن الله يبغض الفاحش البذىء» . (10/193)
21320- ","مَنْ أُعْطِيَ حَظَّهُ مِنَ الرِّفْقِ فَقَدْ أُعْطِيَ حَظَّهُ مِنَ الْخَيْرِ وَمَنْ حُرِمَ حَظَّهُ مِنَ الرِّفْقِ فَقَدْ حُرِمَ حَظَّهُ مِنَ الْخَيْرِ» . (10/193)
21319- وَقَالَ: «أَثْقَلُ شَىءٍ فِى مِيزَانِ الْمُؤْمِنِ خُلُقٌ حَسَنٌ إِنَّ اللَّهَ يَبْغَضُ الْفَاحِشَ الْبَذِىءَ» . (10/193)
21320- ","مَنْ أُعْطِيَ حَظَّهُ مِنَ الرِّفْقِ فَقَدْ أُعْطِيَ حَظَّهُ مِنَ الْخَيْرِ وَمَنْ حُرِمَ حَظَّهُ مِنَ الرِّفْقِ فَقَدْ حُرِمَ حَظَّهُ مِنَ الْخَيْرِ» . (10/193)
21319- وَقَالَ: «أَثْقَلُ شَىءٍ فِى مِيزَانِ الْمُؤْمِنِ خُلُقٌ حَسَنٌ إِنَّ اللَّهَ يُبْغِضُ الْفَاحِشَ الْبَذِىءَ» . (10/193)
21320-"
"يجوز للتساوي بينهما في الوكالة والكفالة، ولا معتبر بزيادة تصرف يملكه أحدهما كالمفاوضة بين الشافعي والحنفي فإنها جائزة.
ويتفاوتان في التصرف في متروك التسمية، إلا أنه يكره لأن الذمي لا يهتدي إلى الجائز من العقود.
ولهما أنه لا تساوي في التصرف، فإن الذمي لو اشترى برأس المال خمورا أو خنازير صح، ولو اشتراها مسلم لا يصح
الشرح
(13/456)
(","يَجُوزُ لِلتَّسَاوِي بَيْنَهُمَا فِي الْوَكَالَةِ وَالْكَفَالَةِ، وَلَا مُعْتَبَرَ بِزِيَادَةِ تَصَرُّفٍ يَمْلِكُهُ أَحَدُهُمَا كَالْمُفَاوَضَةِ بَيْنَ الشَّافِعِيِّ وَالْحَنَفِيِّ فَإِنَّهَا جَائِزَةٌ.
وَيَتَفَاوَتَانِ فِي التَّصَرُّفِ فِي مَتْرُوكِ التَّسْمِيَةِ، إِلَّا أَنَّهُ يُكْرَهُ لِأَنَّ الذِّمِّيَّ لَا يَهْتَدِي إِلَى الْجَائِزِ مِنَ الْعُقُودِ.
وَلَهُمَا أَنَّهُ لَا تَسَاوِي فِي التَّصَرُّفِ، فَإِنَّ الذِّمِّيَّ لَوِ اشْتَرَى بِرَأْسِ الْمَالِ خُمُورًا أَوْ خَنَازِيرَ صَحَّ، وَلَوِ اشْتَرَاهَا مُسْلِمٌ لَا يَصِحُّ
الشَّرْحُ
(13/456)
(","يَجُوزُ لِلتَّسَاوِي بَيْنَهُمَا فِي الْوَكَالَةِ وَالْكَفَالَةِ، وَلَا مُعْتَبَرَ بِزِيَادَةِ تَصَرُّفٍ يَمْلِكُهُ أَحَدُهُمَا كَالْمُفَاوَضَةِ بَيْنَ الشَّافِعِيِّ وَالْحَنَفِيِّ فَإِنَّهَا جَائِزَةٌ.
وَيَتَفَاوَتَانِ فِي التَّصَرُّفِ فِي مَتْرُوكِ التَّسْمِيَةِ، إِلَّا أَنَّهُ يُكْرَهُ لِأَنَّ الذِّمِّيَّ لَا يَهْتَدِي إِلَى الْجَائِزِ مِنَ الْعُقُودِ.
وَلَهُمَا أَنَّهُ لَا تَسَاوِي فِي التَّصَرُّفِ، فَإِنَّ الذِّمِّيَّ لَوِ اشْتَرَى بِرَأْسِ الْمَالِ خُمُورًا أَوْ خَنَازِيرَ صَحَّ، وَلَوِ اشْتَرَاهَا مُسْلِمٌ لَا يَصِحُّ
الشَّرْحُ
(13/456)
("
"لأنه لم يجد أحدهما خمسة أوسق وهي النصاب ولو كان لأحدهما خمسة أوسق وللآخر ثلاثة لكانت الزكاة على صاحب الخمسة أوسق عن الخمسة أوسق ولم يجب على صاحب الثلاثة شيء لما ذكرناه وإن كان لرجل خمسة أوسق يجدها في بلاد مختلفة متباعدة لجمعت عليه وأدى الزكاة عنها؛ فإنما الاعتبار في ذلك بالملك دون الاجتماع والافتراق.
(ش) : ","لِأَنَّهُ لَمْ يَجُدَّ أَحَدُهُمَا خَمْسَةَ أَوْسُقٍ وَهِيَ النِّصَابُ وَلَوْ كَانَ لِأَحَدِهِمَا خَمْسَةُ أَوْسُقٍ وَلِلْآخَرِ ثَلَاثَةٌ لَكَانَتِ الزَّكَاةُ عَلَى صَاحِبِ الْخَمْسَةِ أَوْسُقِ عَنِ الْخَمْسَةِ أَوْسُقٍ وَلَمْ يَجِبْ عَلَى صَاحِبِ الثَّلَاثَةِ شَيْءٌ لِمَا ذَكَرْنَاهُ وَإِنْ كَانَ لِرَجُلٍ خَمْسَةُ أَوْسُقٍ يَجُدُّهَا فِي بِلَادٍ مُخْتَلِفَةٍ مُتَبَاعِدَةٍ لَجُمِعَتْ عَلَيْهِ وَأَدَّى الزَّكَاةَ عَنْهَا؛ فَإِنَّمَا الِاعْتِبَارُ فِي ذَلِكَ بِالْمِلْكِ دُونَ الِاجْتِمَاعِ وَالِافْتِرَاقِ.
(ش) : ","لِأَنَّهُ لَمْ يَجِدْ أَحَدُهُمَا خَمْسَةَ أَوْسُقٍ وَهِيَ النِّصَابُ وَلَوْ كَانَ لِأَحَدِهِمَا خَمْسَةُ أَوْسُقٍ وَلِلْآخَرِ ثَلَاثَةٌ لَكَانَتِ الزَّكَاةُ عَلَى صَاحِبِ الْخَمْسَةِ أَوْسُقٍ عَنِ الْخَمْسَةِ أَوْسُقٍ وَلَمْ يَجِبْ عَلَى صَاحِبِ الثَّلَاثَةِ شَيْءٌ لِمَا ذَكَرْنَاهُ وَإِنْ كَانَ لِرَجُلٍ خَمْسَةُ أَوْسُقٍ يَجِدُهَا فِي بِلَادٍ مُخْتَلِفَةٍ مُتَبَاعِدَةٍ لَجَمَعَتْ عَلَيْهِ وَأَدَّى الزَّكَاةَ عَنْهَا؛ فَإِنَّمَا الِاعْتِبَارُ فِي ذَلِكَ بِالْمِلْكِ دُونَ الِاجْتِمَاعِ وَالِافْتِرَاقِ.
(ش) :"
"قال: بلى قال: فلا إذن} فأمره بإشهاد غيره صريح في الجواز، وتسميته جورا باعتبار ما فيه من انتفاء العدل المطلوب، فإن فضل البعض أعطى بقيتهم ما يحصل به العدل وإلا رجع ندبا للأمر به في رواية.
","قَالَ: بَلَى قَالَ: فَلَا إِذَنْ} فَأَمْرُهُ بِإِشْهَادِ غَيْرِهِ صَرِيحٌ فِي الْجَوَازِ، وَتَسْمِيَتُهُ جَوْرًا بِاعْتِبَارِ مَا فِيهِ مِنَ انْتِفَاءِ الْعَدْلِ الْمَطْلُوبِ، فَإِنْ فَضَّلَ الْبَعْضَ أَعْطَى بَقِيَّتَهُمْ مَا يَحْصُلُ بِهِ الْعَدْلُ وَإِلَّا رَجَعَ نَدْبًا لِلْأَمْرِ بِهِ فِي رِوَايَةٍ.
",قَالَ: بَلَى قَالَ: فَلَا إِذَنْ} فَأَمْرُهُ بِإِشْهَادِ غَيْرِهِ صَرِيحٌ فِي الْجَوَازِ، وَتَسْمِيَتُهُ جَوْرًا بِاعْتِبَارِ مَا فِيهِ مِنَ انْتِفَاءِ الْعَدْلِ الْمَطْلُوبِ، فَإِنْ فَضَلَ الْبَعْضُ أَعْطَى بَقِيَّتَهُمْ مَا يَحْصُلُ بِهِ الْعَدْلُ وَإِلَّا رَجَعَ نَدْبًا لِلْأَمْرِ بِهِ فِي رِوَايَةٍ.
الوجوب (بالدين) ,الْوُجُوبُ (بِالدَّيْنِ) ,الْوُجُوبُ (بِالدَّيْنِ)
"وهو في مكان واحد حتى يصبح الجواب عنه بذلك بل إنما ورد فيه كيف يرى في مواضع عدة بجملة ذاته عليه السلام مع اتفاق العلماء على أن حلول الجسم الواحد في الزمن الواحد في مكانين محال فأين أحدهما من الآخر فلا يتجه الجواب إلا بأن المرئي مثاله عليه السلام لا ذاته.
","وَهُوَ فِي مَكَانٍ وَاحِدٍ حَتَّى يُصْبِحَ الْجَوَابُ عَنْهُ بِذَلِكَ بَلْ إِنَّمَا وَرَدَ فِيهِ كَيْفَ يُرَى فِي مَوَاضِعَ عِدَّةٍ بِجُمْلَةِ ذَاتِهِ عَلَيْهِ السَّلَامُ مَعَ اتِّفَاقِ الْعُلَمَاءِ عَلَى أَنَّ حُلُولَ الْجِسْمِ الْوَاحِدِ فِي الزَّمَنِ الْوَاحِدِ فِي مَكَانَيْنِ مُحَالٌ فَأَيْنَ أَحَدُهُمَا مِنَ الْآخَرِ فَلَا يُتَّجَهُ الْجَوَابُ إِلَّا بِأَنَّ الْمَرْئِيَّ مِثَالُهُ عَلَيْهِ السَّلَامُ لَا ذَاتُهُ.
",وَهُوَ فِي مَكَانٍ وَاحِدٍ حَتَّى يُصْبِحَ الْجَوَابُ عَنْهُ بِذَلِكَ بَلْ إِنَّمَا وَرَدَ فِيهِ كَيْفَ يُرَى فِي مَوَاضِعَ عِدَّةٍ بِجُمْلَةِ ذَاتِهِ عَلَيْهِ السَّلَامُ مَعَ اتِّفَاقِ الْعُلَمَاءِ عَلَى أَنَّ حُلُولَ الْجِسْمِ الْوَاحِدِ فِي الزَّمَنِ الْوَاحِدِ فِي مَكَانَيْنِ مُحَالٌ فَأَيْنَ أَحَدُهُمَا مِنَ الْآخَرِ فَلَا يَتَّجِهُ الْجَوَابُ إِلَّا بِأَنَّ الْمَرْئِيَّ مِثَالُهُ عَلَيْهِ السَّلَامُ لَا ذَاتُهُ.
"أي شرط عليه الشراء به فاشترى بنقد ففيه قراض المثل في الربح والخسارة على العامل فإن اشترى بدين كما شرط عليه أو عند اشتراطه عليه الشراء بنقد ففي الصورتين الربح له والخسارة عليه؛ (15/230)
لأن الثمن صار قرضا في ذمته.
وأما لو شرط عليه الشراء بالنقد فاشترى به فالجواز ظاهر فالصور أربع (أو) ","أَيْ شَرَطَ عَلَيْهِ الشِّرَاءَ بِهِ فَاشْتَرَى بِنَقْدٍ فَفِيهِ قِرَاضُ الْمِثْلِ فِي الرِّبْحِ وَالْخَسَارَةِ عَلَى الْعَامِلِ فَإِنِ اشْتَرَى بِدَيْنٍ كَمَا شَرَطَ عَلَيْهِ أَوْ عِنْدَ اشْتِرَاطِهِ عَلَيْهِ الشِّرَاءَ بِنَقْدٍ فَفِي الصُّورَتَيْنِ الرِّبْحُ لَهُ وَالْخَسَارَةُ عَلَيْهِ؛ (15/230)
لِأَنَّ الثَّمَنَ صَارَ قَرْضًا فِي ذِمَّتِهِ.
وَأَمَّا لَوْ شَرَطَ عَلَيْهِ الشِّرَاءَ بِالنَّقْدِ فَاشْتَرَى بِهِ فَالْجَوَازُ ظَاهِرٌ فَالصُّوَرُ أَرْبَعٌ (أَوْ) ","أَيْ شَرَطَ عَلَيْهِ الشِّرَاءَ بِهِ فَاشْتَرَى بِنَقْدٍ فَفِيهِ قِرَاضُ الْمِثْلِ فِي الرِّبْحِ وَالْخَسَارَةِ عَلَى الْعَامِلِ فَإِنِ اشْتَرَى بِدَيْنٍ كَمَا شَرَطَ عَلَيْهِ أَوْ عِنْدَ اشْتِرَاطِهِ عَلَيْهِ الشِّرَاءَ بِنَقْدٍ فَفِي الصُّورَتَيْنِ الرِّبْحُ لَهُ وَالْخَسَارَةُ عَلَيْهِ؛ (15/230)
لِأَنَّ الثَّمَنَ صَارَ قَرْضًا فِي ذِمَّتِهِ.
وَأَمَّا لَوْ شَرَطَ عَلَيْهِ الشِّرَاءَ بِالنَّقْدِ فَاشْتَرَى بِهِ فَالْجَوَازُ ظَاهِرٌ فَالصُّوَرُ أَرْبَعٌ (أَوْ)"
"صلوا كما رأيتموني أصلي} ولم يخرجها شيء عن الوجوب، وأما عدم ذكرها في خبر المسيء صلاته فمحمول على أنها كانت معلومة له ولهذا لم يذكر له التشهد والجلوس له والنية والسلام.
وإذا وجبت الصلاة على النبي صلى الله عليه وسلم وجب القعود لها بالتبعية، ","صَلُّوا كَمَا رَأَيْتُمُونِي أُصَلِّي} وَلَمْ يُخْرِجْهَا شَيْءٌ عَنِ الْوُجُوبِ، وَأَمَّا عَدَمُ ذِكْرِهَا فِي خَبَرِ الْمُسِيءِ صَلَاتَهُ فَمَحْمُولٌ عَلَى أَنَّهَا كَانَتْ مَعْلُومَةً لَهُ وَلِهَذَا لَمْ يُذْكَرْ لَهُ التَّشَهُّدُ وَالْجُلُوسُ لَهُ وَالنِّيَّةُ وَالسَّلَامُ.
وَإِذَا وَجَبَتِ الصَّلَاةُ عَلَى النَّبِيِّ صَلَّى اللَّهُ عَلَيْهِ وَسَلَّمَ وَجَبَ الْقُعُودُ لَهَا بِالتَّبَعِيَّةِ، ","صَلُّوا كَمَا رَأَيْتُمُونِي أُصَلِّي} وَلَمْ يُخْرِجْهَا شَيْءٌ عَنِ الْوُجُوبِ، وَأَمَّا عَدَمُ ذِكْرِهَا فِي خَبَرِ الْمُسِيءِ صَلَاتَهُ فَمَحْمُولٌ عَلَى أَنَّهَا كَانَتْ مَعْلُومَةً لَهُ وَلِهَذَا لَمْ يَذْكُرْ لَهُ التَّشَهُّدَ وَالْجُلُوسَ لَهُ وَالنِّيَّةَ وَالسَّلَامَ.
وَإِذَا وَجَبَتِ الصَّلَاةُ عَلَى النَّبِيِّ صَلَّى اللَّهُ عَلَيْهِ وَسَلَّمَ وَجَبَ الْقُعُودُ لَهَا بِالتَّبَعِيَّةِ،"
"نعم يمكن حمل كلامهم على ما إذا وثق من نفسه بعدم التطلع بعد أكل ما ذكر، وكلامه على خلافه ويدل له قولهم تكره الصلاة في كل حالة تنافي خشوعه.
فالحاصل أنه متى لم تطلب الصلاة فالجماعة أولى، (5/473)
ويأتي على المشروب كاللبن لكونه مما يؤتى عليه مرة واحدة، ","نَعَمْ يُمْكِنُ حَمْلُ كَلَامِهِمْ عَلَى مَا إِذَا وَثِقَ مِنْ نَفْسِهِ بِعَدَمِ التَّطَلُّعِ بَعْدَ أَكْلِ مَا ذُكِرَ، وَكَلَامُهُ عَلَى خِلَافِهِ وَيَدُلُّ لَهُ قَوْلُهُمْ تَكْرَهُ الصَّلَاةُ فِي كُلِّ حَالَةٍ تُنَافِي خُشُوعَهُ.
فَالْحَاصِلُ أَنَّهُ مَتَى لَمْ تُطْلَبِ الصَّلَاةُ فَالْجَمَاعَةُ أَوْلَى، (5/473)
وَيَأْتِي عَلَى الْمَشْرُوبِ كَاللَّبَنِ لِكَوْنِهِ مِمَّا يُؤْتَى عَلَيْهِ مَرَّةً وَاحِدَةً، ","نَعَمْ يُمْكِنُ حَمْلُ كَلَامِهِمْ عَلَى مَا إِذَا وَثِقَ مِنْ نَفْسِهِ بِعَدَمِ التَّطَلُّعِ بَعْدَ أَكْلِ مَا ذُكِرَ، وَكَلَامُهُ عَلَى خِلَافِهِ وَيَدُلُّ لَهُ قَوْلُهُمْ تُكْرَهُ الصَّلَاةُ فِي كُلِّ حَالَةٍ تُنَافِي خُشُوعَهُ.
فَالْحَاصِلُ أَنَّهُ مَتَى لَمْ تُطْلَبِ الصَّلَاةُ فَالْجَمَاعَةُ أَوْلَى، (5/473)
وَيَأْتِي عَلَى الْمَشْرُوبِ كَاللَّبَنِ لِكَوْنِهِ مِمَّا يُؤْتَى عَلَيْهِ مَرَّةً وَاحِدَةً،"
فاعتبرناه إظهارا محضا وأحدهما حر بيقين فوجب ما ذكر وينصف بين المولى والورثة لعدم الأولوية زيلعي (قوله لو القاتل واحدا معا) أي لو قتلهما معا فلو القاتل اثنين فيجيء، ولو واحدا وقتلهما على التعاقب، فعليه قيمة الأول للمولى ودية الآخر لورثته لأنه بقتل أحدهما تعين الآخر للعتق، فتبين أنه قتله وهو حر كفاية (قوله وقيمتهما سواء) ,فَاعْتَبَرْنَاهُ إِظْهَارًا مَحْضًا وَأَحَدُهُمَا حُرٌّ بِيَقِينٍ فَوَجَبَ مَا ذُكِرَ وَيُنَصَّفُ بَيْنَ الْمَوْلَى وَالْوَرَثَةِ لِعَدَمِ الْأَوْلَوِيَّةِ زَيْلَعِيٌّ (قَوْلُهُ لَوِ الْقَاتِلُ وَاحِدًا مَعًا) أَيْ لَوْ قَتَلَهُمَا مَعًا فَلَوِ الْقَاتِلُ اثْنَيْنِ فَيَجِيءُ، وَلَوْ وَاحِدًا وَقَتَلَهُمَا عَلَى التَّعَاقُبِ، فَعَلَيْهِ قِيمَةُ الْأَوَّلِ لِلْمَوْلَى وَدِيَةُ الْآخَرِ لِوَرَثَتِهِ لِأَنَّهُ بِقَتْلِ أَحَدِهِمَا تَعَيَّنَ الْآخَرُ لِلْعِتْقِ، فَتَبَيَّنَ أَنَّهُ قَتَلَهُ وَهُوَ حُرٌّ كِفَايَةٌ (قَوْلُهُ وَقِيمَتُهُمَا سَوَاءٌ) ,فَاعْتَبَرْنَاهُ إِظْهَارًا مَحْضًا وَأَحَدُهُمَا حُرٌّ بِيَقِينٍ فَوَجَبَ مَا ذُكِرَ وَيُنَصَّفُ بَيْنَ الْمَوْلَى وَالْوَرَثَةِ لِعَدَمِ الْأَوْلَوِيَّةِ زَيْلَعِيٌّ (قَوْلُهُ لَوِ الْقَاتِلُ وَاحِدًا مَعًا) أَيْ لَوْ قَتَلَهُمَا مَعًا فَلَوِ الْقَاتِلُ اثْنَيْنِ فَيَجِيءُ، وَلَوْ وَاحِدًا وَقَتَلَهُمَا عَلَى التَّعَاقُبِ، فَعَلَيْهِ قِيمَةُ الْأَوَّلِ لِلْمَوْلَى وَدِيَةُ الْآخَرِ لِوَرَثَتِهِ لِأَنَّهُ بِقَتْلِ أَحَدِهِمَا تَعَيَّنَ الْآخَرُ لِلْعِتْقِ، فَتَبَيَّنَ أَنَّهُ قَتَلَهُ وَهُوَ حُرٌّ كِفَايَةً (قَوْلُهُ وَقِيمَتُهُمَا سَوَاءٌ)
"وقال في النوازل: من أخذ القضاء برشوة أو بشفعاء فهو كمحكم، لو رفع حكمه إلى قاض آخر يمضيه لو وافق رأيه وإلا أبطله، من أخذ برشوة لا ينفذ حكمه بلا حاجة إلى نقضه، ومن أخذ بشفعاء فهو كمن تقلده بحق القاضي لو ارتشى وحكم نفذ حكمه فيما لم يرتش لا فيما ارتشى.
","وَقَالَ فِي النَّوَازِلِ: مَنْ أَخَذَ الْقَضَاءَ بِرِشْوَةٍ أَوْ بِشُفَعَاءَ فَهُوَ كَمُحَكَّمٍ، لَوْ رُفِعَ حُكْمُهُ إِلَى قَاضٍ آخَرَ يُمْضِيهِ لَوْ وَافَقَ رَأْيَهُ وَإِلَّا أَبْطَلَهُ، مَنْ أَخَذَ بِرِشْوَةٍ لَا يَنْفُذُ حُكْمُهُ بِلَا حَاجَةٍ إِلَى نَقْضِهِ، وَمَنْ أَخَذَ بِشُفَعَاءَ فَهُوَ كَمَنْ تَقَلَّدَهُ بِحَقِّ الْقَاضِي لَوِ ارْتَشَى وَحَكَمَ نَفَذَ حُكْمُهُ فِيمَا لَمْ يَرْتَشِ لَا فِيمَا ارْتَشَى.
",وَقَالَ فِي النَّوَازِلِ: مَنْ أَخَذَ الْقَضَاءَ بِرِشْوَةٍ أَوْ بِشُفَعَاءَ فَهُوَ كَمُحَكَّمٍ، لَوْ رَفَعَ حُكْمَهُ إِلَى قَاضٍ آخَرَ يُمْضِيهِ لَوْ وَافَقَ رَأْيَهُ وَإِلَّا أَبْطَلَهُ، مَنْ أَخَذَ بِرِشْوَةٍ لَا يَنْفُذُ حُكْمُهُ بِلَا حَاجَةٍ إِلَى نَقْضِهِ، وَمَنْ أَخَذَ بِشُفَعَاءَ فَهُوَ كَمَنْ تَقَلَّدَهُ بِحَقِّ الْقَاضِي لَوِ ارْتَشَى وَحَكَمَ نَفَذَ حُكْمُهُ فِيمَا لَمْ يَرْتَشِ لَا فِيمَا ارْتَشَى.
"ويعضده منع الإمام أحمد من اتباع آراء الرجال وما انفرد به واحد وقوى دليله، أو صحح الإمام خبرا، أو حسنه أو دونه ولم يرده فهو مذهبه قدمه في الرعايتين وغيرهما وإن ذكر قولين وحسن أحدهما أو علله: فهو مذهبه، بخلاف ما لو فرع على (1/30)
أحدهما.
قال في تصحيح الفروع: ","وَيُعَضِّدُهُ مَنْعُ الْإِمَامِ أَحْمَدَ مِنَ اتِّبَاعِ آرَاءِ الرِّجَالِ وَمَا انْفَرَدَ بِهِ وَاحِدٌ وَقَوَّى دَلِيلَهُ، أَوْ صَحَّحَ الْإِمَامُ خَبَرًا، أَوْ حَسَّنَهُ أَوْ دَوَّنَهُ وَلَمْ يَرُدَّهُ فَهُوَ مَذْهَبُهُ قَدَّمَهُ فِي الرِّعَايَتَيْنِ وَغَيْرِهِمَا وَإِنْ ذَكَرَ قَوْلَيْنِ وَحَسَّنَ أَحَدَهُمَا أَوْ عَلَّلَهُ: فَهُوَ مَذْهَبُهُ، بِخِلَافِ مَا لَوْ فَرَّعَ عَلَى (1/30)
أَحَدِهِمَا.
قَالَ فِي تَصْحِيحِ الْفُرُوعِ: ","وَيُعَضِّدُهُ مَنْعُ الْإِمَامِ أَحْمَدَ مِنَ اتِّبَاعِ آرَاءِ الرِّجَالِ وَمَا انْفَرَدَ بِهِ وَاحِدٌ وَقَوَّى دَلِيلَهُ، أَوْ صَحَّحَ الْإِمَامُ خَبَرًا، أَوْ حَسَّنَهُ أَوْ دُونَهُ وَلَمْ يَرُدَّهُ فَهُوَ مَذْهَبُهُ قَدَّمَهُ فِي الرِّعَايَتَيْنِ وَغَيْرِهِمَا وَإِنْ ذَكَرَ قَوْلَيْنِ وَحَسَّنَ أَحَدَهُمَا أَوْ عَلَّلَهُ: فَهُوَ مَذْهَبُهُ، بِخِلَافِ مَا لَوْ فَرَّعَ عَلَى (1/30)
أَحَدِهِمَا.
قَالَ فِي تَصْحِيحِ الْفُرُوعِ:"
"أو بعير لا يجوز في الأضحية لأنه يكون لواحد منهم ثلاثة أسهم ونصف، والنصف لا يجوز في الأضحية والأصح أنه يجوز لأن النصف يصير قربة بطريق التبع لغيره.
","أَوْ بَعِيرٍ لَا يَجُوزُ فِي الْأُضْحِيَّةِ لِأَنَّهُ يَكُونُ لِوَاحِدٍ مِنْهُمْ ثَلَاثَةُ أَسْهُمٍ وَنِصْفٌ، وَالنِّصْفُ لَا يَجُوزُ فِي الْأُضْحِيَّةِ وَالْأَصَحُّ أَنَّهُ يَجُوزُ لِأَنَّ النِّصْفَ يَصِيرُ قُرْبَةً بِطَرِيقِ التَّبَعِ لِغَيْرِهِ.
",أَوْ بَعِيرٍ لَا يَجُوزُ فِي الْأُضْحِيَّةِ لِأَنَّهُ يَكُونُ لِوَاحِدٍ مِنْهُمْ ثَلَاثَةُ أَسْهُمٍ وَنِصْفٌ، وَالنِّصْفُ لَا يَجُوزُ فِي الْأُضْحِيَّةِ وَالْأَصَحُّ أَنَّهُ يَجُوزُ لِأَنَّ النِّصْفَ يَصِيرُ قُرْبَةً بِطَرِيقِ التَّبَعِ لِغَيْرِهِ.
"إجماعا قاله في شرحه ويكره أخذ الأجرة عليه، وعلى الغسل ونحوه (وسن تربيع فيه) أي الحمل.
فيسن أن يحملها أربعة.
والتربيع: الأخذ بقوائم السرير الأربع، لقول ابن مسعود إذا تبع أحدكم جنازة فليأخذ بقوائم السرير الأربع، ثم ليتطوع بعد ذلك أو ليذر رواه سعيد (بأن يضع قائمة السرير اليسرى المقدمة) ","إِجْمَاعًا قَالَهُ فِي شَرْحِهِ وَيُكْرَهُ أَخْذُ الْأُجْرَةِ عَلَيْهِ، وَعَلَى الْغُسْلِ وَنَحْوِهِ (وَسُنَّ تَرْبِيعٌ فِيهِ) أَيِ الْحَمْلِ.
فَيُسَنُّ أَنْ يَحْمِلَهَا أَرْبَعَةٌ.
وَالتَّرْبِيعُ: الْأَخْذُ بِقَوَائِمِ السَّرِيرِ الْأَرْبَعِ، لِقَوْلِ ابْنِ مَسْعُودٍ إِذَا تَبِعَ أَحَدُكُمْ جِنَازَةً فَلْيَأْخُذْ بِقَوَائِمِ السَّرِيرِ الْأَرْبَعِ، ثُمَّ لِيَتَطَوَّعْ بَعْدَ ذَلِكَ أَوْ لِيَذَرْ رَوَاهُ سَعِيدٌ (بِأَنْ يَضَعَ قَائِمَةَ السَّرِيرِ الْيُسْرَى الْمُقَدَّمَةَ) ","إِجْمَاعًا قَالَهُ فِي شَرْحِهِ وَيُكْرَهُ أَخْذُ الْأُجْرَةِ عَلَيْهِ، وَعَلَى الْغُسْلِ وَنَحْوِهِ (وَسُنَّ تَرْبِيعٌ فِيهِ) أَيِ الْحَمْلِ.
فَيُسَنُّ أَنْ يَحْمِلَهَا أَرْبَعَةٌ.
وَالتَّرْبِيعُ: الْأَخْذُ بِقَوَائِمِ السَّرِيرِ الْأَرْبَعِ، لِقَوْلِ ابْنِ مَسْعُودٍ إِذَا تَبِعَ أَحَدُكُمْ جِنَازَةً فَلْيَأْخُذْ بِقَوَائِمِ السَّرِيرِ الْأَرْبَعِ، ثُمَّ لِيَتَطَوَّعْ بَعْدَ ذَلِكَ أَوْ لِيَذَرْ رَوَاهُ سَعِيدٌ (بِأَنْ يَضَعَ قَائِمَةَ السَّرِيرِ الْيُسْرَى الْمُقَدَّمَةَ)"
"كنا لا نخمس الأسلاب وإن سلب البراء قد بلغ مالا عظيما، ولا أرانا إلا خامسيه قال فخمسه وفي الحديث الثاني من هذين الحديثين من قوله لسلمة فنفلني يعني رسول الله صلى الله عليه وسلم إياه يريد سلب ذلك القتيل فكان ما في الحديث الأول إخبار سلمة عن رسول الله صلى الله عليه وسلم أن سلب ذلك القتيل له.
","كُنَّا لَا نُخَمِّسُ الْأَسْلَابَ وَإِنَّ سَلَبَ الْبَرَاءِ قَدْ بَلَغَ مَالًا عَظِيمًا، وَلَا أَرَانَا إِلَّا خَامِسِيهِ قَالَ فَخَمَّسَهُ وَفِي الْحَدِيثِ الثَّانِي مِنْ هَذَيْنِ الْحَدِيثَيْنِ مِنْ قَوْلِهِ لِسَلَمَةَ فَنَفَّلَنِي يَعْنِي رَسُولَ اللَّهِ صَلَّى اللَّهُ عَلَيْهِ وَسَلَّمَ إِيَّاهُ يُرِيدُ سَلَبَ ذَلِكَ الْقَتِيلِ فَكَانَ مَا فِي الْحَدِيثِ الْأَوَّلِ إِخْبَارُ سَلَمَةَ عَنْ رَسُولِ اللَّهِ صَلَّى اللَّهُ عَلَيْهِ وَسَلَّمَ أَنَّ سَلَبَ ذَلِكَ الْقَتِيلِ لَهُ.
",كُنَّا لَا نُخَمِّسُ الْأَسْلَابَ وَإِنَّ سَلَبَ الْبَرَاءِ قَدْ بَلَغَ مَالًا عَظِيمًا، وَلَا أَرَانَا إِلَّا خَامِسَيْهِ قَالَ فَخَمَّسَهُ وَفِي الْحَدِيثِ الثَّانِي مِنْ هَذَيْنِ الْحَدِيثَيْنِ مِنْ قَوْلِهِ لِسَلَمَةَ فَنَفَّلَنِي يَعْنِي رَسُولَ اللَّهِ صَلَّى اللَّهُ عَلَيْهِ وَسَلَّمَ إِيَّاهُ يُرِيدُ سَلَبَ ذَلِكَ الْقَتِيلِ فَكَانَ مَا فِي الْحَدِيثِ الْأَوَّلِ إِخْبَارَ سَلَمَةَ عَنْ رَسُولِ اللَّهِ صَلَّى اللَّهُ عَلَيْهِ وَسَلَّمَ أَنَّ سَلَبَ ذَلِكَ الْقَتِيلِ لَهُ.
"حدثنا عفان قال حدثنا همام قال حدثنا يحيى بن أبي كثير قال حدثنا أبو سلمة عن أبي هريرة قال قال رسول الله صلى الله عليه وسلم لا تقدموا بين يدي رمضان بصوم يوم ولا يومين إلا رجل كان صيامه فليصمه (15/163)
9288 - قال وقال رسول الله صلى الله عليه وسلم من قام رمضان إيمانا واحتسابا فإنه يغفر له ما تقدم من ذنبه (15/164)
9289 - ","حَدَّثَنَا عَفَّانُ قَالَ حَدَّثَنَا هَمَّامٌ قَالَ حَدَّثَنَا يَحْيَى بْنُ أَبِي كَثِيرٍ قَالَ حَدَّثَنَا أَبُو سَلَمَةَ عَنْ أَبِي هُرَيْرَةَ قَالَ قَالَ رَسُولُ اللَّهِ صَلَّى اللَّهُ عَلَيْهِ وَسَلَّمَ لَا تَقَدَّمُوا بَيْنَ يَدَيْ رَمَضَانَ بِصَوْمِ يَوْمٍ وَلَا يَوْمَيْنِ إِلَّا رَجُلٌ كَانَ صِيَامَهُ فَلْيَصُمْهُ (15/163)
9288 - قَالَ وَقَالَ رَسُولُ اللَّهِ صَلَّى اللَّهُ عَلَيْهِ وَسَلَّمَ مَنْ قَامَ رَمَضَانَ إِيمَانًا وَاحْتِسَابًا فَإِنَّهُ يُغْفَرُ لَهُ مَا تَقَدَّمَ مِنْ ذَنْبِهِ (15/164)
9289 - ","حَدَّثَنَا عَفَّانُ قَالَ حَدَّثَنَا هَمَّامٌ قَالَ حَدَّثَنَا يَحْيَى بْنُ أَبِي كَثِيرٍ قَالَ حَدَّثَنَا أَبُو سَلَمَةَ عَنْ أَبِي هُرَيْرَةَ قَالَ قَالَ رَسُولُ اللَّهِ صَلَّى اللَّهُ عَلَيْهِ وَسَلَّمَ لَا تَقَدَّمُوا بَيْنَ يَدَيْ رَمَضَانَ بِصَوْمِ يَوْمٍ وَلَا يَوْمَيْنِ إِلَّا رَجُلٌ كَانَ صِيَامُهُ فَلْيَصُمْهُ (15/163)
9288 - قَالَ وَقَالَ رَسُولُ اللَّهِ صَلَّى اللَّهُ عَلَيْهِ وَسَلَّمَ مَنْ قَامَ رَمَضَانَ إِيمَانًا وَاحْتِسَابًا فَإِنَّهُ يُغْفَرُ لَهُ مَا تَقَدَّمَ مِنْ ذَنْبِهِ (15/164)
9289 -"
"لأن الحق في ذلك الموضع ثابت للمسلمين، وللإمام ولاية استيفاء حقهم دون الإسقاط، وإيثار غيرهم عليهم في ذلك.
(ألا ترى) أن الرجل لما جاء بكبة من شعر إلى رسول الله صلى الله عليه وسلم، ","لِأَنَّ الْحَقَّ فِي ذَلِكَ الْمَوْضِعِ ثَابِتٌ لِلْمُسْلِمِينَ، وَلِلْإِمَامِ وِلَايَةُ اسْتِيفَاءِ حَقِّهِمْ دُونَ الْإِسْقَاطِ، وَإِيثَارُ غَيْرِهِمْ عَلَيْهِمْ فِي ذَلِكَ.
(أَلَا تَرَى) أَنَّ الرَّجُلَ لَمَّا جَاءَ بِكُبَّةٍ مِنْ شَعْرٍ إِلَى رَسُولِ اللَّهِ صَلَّى اللَّهُ عَلَيْهِ وَسَلَّمَ، ","لِأَنَّ الْحَقَّ فِي ذَلِكَ الْمَوْضِعِ ثَابِتٌ لِلْمُسْلِمِينَ، وَلِلْإِمَامِ وِلَايَةُ اسْتِيفَاءِ حَقِّهِمْ دُونَ الْإِسْقَاطِ، وَإِيثَارِ غَيْرِهِمْ عَلَيْهِمْ فِي ذَلِكَ.
(أَلَا تَرَى) أَنَّ الرَّجُلَ لَمَّا جَاءَ بِكُبَّةٍ مِنْ شَعْرٍ إِلَى رَسُولِ اللَّهِ صَلَّى اللَّهُ عَلَيْهِ وَسَلَّمَ،"
"يرد عليه أنه إن أريد (23/458)
","يَرُدُّ عَلَيْهِ أَنَّهُ إِنْ أُرِيدَ (23/458)
",يَرُدُّ عَلَيْهِ أَنَّهُ إِنْ أُرِيدَ (23/458)
والدر) أي: اللبن (انقطع) على أجرة المثل للحضانة ولما مضى ولما بقي من مدة الرضاع وسقطت أجرة ما بقي منها؛ لأن الأصح انفساخ الإجارة في الرضاع دون الحضانة؛ لأن كلا منهما مقصود ويلزم المرضعة أن تأكل وتشرب ما يدر به اللبن وللمكتري أن يكلفها ذلك قاله الشيخان قال ابن الرفعة: ,وَالدَّرُّ) أَيْ: اللَّبَنُ (انْقَطَعْ) عَلَى أُجْرَةِ الْمِثْلِ لِلْحَضَّانَةِ وَلِمَا مَضَى وَلِمَا بَقِيَ مِنْ مُدَّةِ الرَّضَاعِ وَسَقَطَتْ أُجْرَةُ مَا بَقِيَ مِنْهَا؛ لِأَنَّ الْأَصَحَّ انْفِسَاخُ الْإِجَارَةِ فِي الرَّضَاعِ دُونَ الْحَضَانَةِ؛ لِأَنَّ كُلًّا مِنْهُمَا مَقْصُودٌ وَيَلْزَمُ الْمُرْضِعَةَ أَنْ تَأْكُلَ وَتَشْرَبَ مَا يُدَرُّ بِهِ اللَّبَنُ وَلِلْمُكْتَرِي أَنْ يُكَلِّفَهَا ذَلِكَ قَالَهُ الشَّيْخَانِ قَالَ ابْنُ الرِّفْعَةِ: ,وَالدَّرُّ) أَيْ: اللَّبَنُ (انْقَطَعَ) عَلَى أُجْرَةِ الْمِثْلِ لِلْحَضَانَةِ وَلِمَا مَضَى وَلِمَا بَقِيَ مِنْ مُدَّةِ الرَّضَاعِ وَسَقَطَتْ أُجْرَةُ مَا بَقِيَ مِنْهَا؛ لِأَنَّ الْأَصَحَّ انْفِسَاخُ الْإِجَارَةِ فِي الرَّضَاعِ دُونَ الْحَضَانَةِ؛ لِأَنَّ كُلًّا مِنْهُمَا مَقْصُودٌ وَيَلْزَمُ الْمُرْضِعَةَ أَنْ تَأْكُلَ وَتَشْرَبَ مَا يُدِرُّ بِهِ اللَّبَنَ وَلِلْمُكْتَرِي أَنْ يُكَلِّفَهَا ذَلِكَ قَالَهُ الشَّيْخَانِ قَالَ ابْنُ الرِّفْعَةِ:
"بخلاف الحج والأضحية فإن المصرف ثمة هو الله عز شأنه، فسواء كان قيمة الشاة أقل أو مثل ما أوصى به يكون المصرف واحدا والمقصود بالكل واحد وهو القربة، وذلك حاصل فيجوز. (10/271)
(ومنها) أن وجوبها نسخ كل دم كان قبلها من العقيقة والرجبية والعتيرة، كذا حكى أبو بكر الكيساني عن محمد رحمه الله أنه قال: ","بِخِلَافِ الْحَجِّ وَالْأُضْحِيَّةَ فَإِنَّ الْمَصْرِفَ ثَمَّةَ هُوَ اللَّهُ عَزَّ شَأْنُهُ، فَسَوَاءٌ كَانَ قِيمَةُ الشَّاةِ أَقَلَّ أَوْ مِثْلَ مَا أَوْصَى بِهِ يَكُون الْمَصْرِفُ وَاحِدًا وَالْمَقْصُودُ بِالْكُلِّ وَاحِدٌ وَهُوَ الْقُرْبَةُ، وَذَلِكَ حَاصِلٌ فَيَجُوزُ. (10/271)
(وَمِنْهَا) أَنَّ وُجُوبَهَا نَسَخَ كُلَّ دَمٍ كَانَ قَبْلَهَا مِنَ الْعَقِيقَةِ وَالرَّجَبِيَّةِ وَالْعَتِيرَةِ، كَذَا حَكَى أَبُو بَكْرٍ الْكَيْسَانِيُّ عَنْ مُحَمَّدٍ رَحِمَهُ اللَّهُ أَنَّهُ قَالَ: ","بِخِلَافِ الْحَجِّ وَالْأُضْحِيَّةِ فَإِنَّ الْمَصْرِفَ ثَمَّةَ هُوَ اللَّهُ عَزَّ شَأْنُهُ، فَسَوَاءٌ كَانَ قِيمَةُ الشَّاةِ أَقَلَّ أَوْ مِثْلَ مَا أَوْصَى بِهِ يَكُونُ الْمَصْرِفُ وَاحِدًا وَالْمَقْصُودُ بِالْكُلِّ وَاحِدٌ وَهُوَ الْقُرْبَةُ، وَذَلِكَ حَاصِلٌ فَيَجُوزُ. (10/271)
(وَمِنْهَا) أَنَّ وُجُوبَهَا نَسْخُ كُلِّ دَمٍ كَانَ قَبْلَهَا مِنَ الْعَقِيقَةِ وَالرَّجَبِيَّةِ وَالْعَتِيرَةِ، كَذَا حَكَى أَبُو بَكْرٍ الْكَيْسَانِيُّ عَنْ مُحَمَّدٍ رَحِمَهُ اللَّهُ أَنَّهُ قَالَ:"
"وأراد المغسول بعضها، والممسوح بعضها لا أنها قائم بكل أحد منها الأمران معا، [قوله: على طريق الاستقلال] أي القائم بالبقية على طريق هي الاستقلال.
[قوله: ليس إلا] أي ليس الباقي شيئا إلا بقية (2/53)
الأعضاء الموصوفة بما ذكر.
[قوله: وذلك] أي القائم بالباقي على جهة الاستقلال لا يكون إلا فرضا، والأولى إسقاط الكاف ويقول وذلك لا يكون إلا ما ذكر، ","وَأَرَادَ الْمَغْسُولَ بَعْضُهَا، وَالْمَمْسُوحَ بَعْضُهَا لَا أَنَّهَا قَائِمٌ بِكُلِّ أَحَدٍ مِنْهَا الْأَمْرَانِ مَعًا، [قَوْلُهُ: عَلَى طَرِيقِ الِاسْتِقْلَالِ] أَيِ الْقَائِمُ بِالْبَقِيَّةِ عَلَى طَرِيقٍ هِيَ الِاسْتِقْلَالُ.
[قَوْلُهُ: لَيْسَ إِلَّا] أَيْ لَيْسَ الْبَاقِي شَيْئًا إِلَّا بَقِيَّةَ (2/53)
الْأَعْضَاءِ الْمَوْصُوفَةِ بِمَا ذُكِرَ.
[قَوْلُهُ: وَذَلِكَ] أَيِ الْقَائِمُ بِالْبَاقِي عَلَى جِهَةِ الِاسْتِقْلَالِ لَا يَكُونُ إِلَّا فَرْضًا، وَالْأَوْلَى إِسْقَاطُ الْكَافِ وَيَقُولُ وَذَلِكَ لَا يَكُونُ إِلَّا مَا ذُكِرَ، ","وَأَرَادَ الْمَغْسُولُ بَعْضَهَا، وَالْمَمْسُوحُ بَعْضَهَا لَا أَنَّهَا قَائِمٌ بِكُلِّ أَحَدٍ مِنْهَا الْأَمْرَانِ مَعًا، [قَوْلُهُ: عَلَى طَرِيقِ الِاسْتِقْلَالِ] أَيِ الْقَائِمُ بِالْبَقِيَّةِ عَلَى طَرِيقٍ هِيَ الِاسْتِقْلَالُ.
[قَوْلُهُ: لَيْسَ إِلَّا] أَيْ لَيْسَ الْبَاقِي شَيْئًا إِلَّا بَقِيَّةُ (2/53)
الْأَعْضَاءِ الْمَوْصُوفَةِ بِمَا ذُكِرَ.
[قَوْلُهُ: وَذَلِكَ] أَيِ الْقَائِمُ بِالْبَاقِي عَلَى جِهَةِ الِاسْتِقْلَالِ لَا يَكُونُ إِلَّا فَرْضًا، وَالْأَوْلَى إِسْقَاطُ الْكَافِ وَيَقُولُ وَذَلِكَ لَا يَكُونُ إِلَّا مَا ذُكِرَ،"
"الوصية (قوله ومن أوصى لأصهاره) قال صاحب النهاية: أي لأقرباء امرأته.
وفي الصحاح: الأصهار أهل بيت المرأة ا ه.
واقتفى أثره في هذا التفسير والاستشهاد بما في الصحاح صاحبا العناية ومعراج الدراية.
أقول: تفسير الأصهار في هذه المسألة بأقرباء امرأته لا يناسب قول المصنف فيما بعد، ","الْوَصِيَّةَ (قَوْلُهُ وَمَنْ أَوْصَى لِأَصْهَارِهِ) قَالَ صَاحِبُ النِّهَايَةِ: أَيْ لِأَقْرِبَاءِ امْرَأَتِهِ.
وَفِي الصِّحَاحِ: الْأَصْهَارُ أَهْلُ بَيْتِ الْمَرْأَةِ ا ه.
وَاقْتَفَى أَثَرَهُ فِي هَذَا التَّفْسِيرِ وَالِاسْتِشْهَادِ بِمَا فِي الصِّحَاحِ صَاحِبَا الْعِنَايَةِ وَمِعْرَاجِ الدِّرَايَةِ.
أَقُولُ: تَفْسِيرُ الْأَصْهَارِ فِي هَذِهِ الْمَسْأَلَةِ بِأَقْرِبَاءِ امْرَأَتِهِ لَا يُنَاسِبُ قَوْلَ الْمُصَنِّفِ فِيمَا بَعْدُ، ","الْوَصِيَّةُ (قَوْلُهُ وَمَنْ أَوْصَى لِأَصْهَارِهِ) قَالَ صَاحِبُ النِّهَايَةِ: أَيْ لِأَقْرِبَاءِ امْرَأَتِهِ.
وَفِي الصِّحَاحِ: الْأَصْهَارُ أَهْلُ بَيْتِ الْمَرْأَةِ ا ه.
وَاقْتَفَى أَثَرَهُ فِي هَذَا التَّفْسِيرِ وَالِاسْتِشْهَادِ بِمَا فِي الصِّحَاحِ صَاحِبَا الْعِنَايَةِ وَمِعْرَاجِ الدِّرَايَةِ.
أَقُولُ: تَفْسِيرُ الْأَصْهَارِ فِي هَذِهِ الْمَسْأَلَةِ بِأَقْرِبَاءِ امْرَأَتِهِ لَا يُنَاسِبُ قَوْلَ الْمُصَنِّفِ فِيمَا بَعْدُ،"
"الواقع وهو العاقد أو موكله أو موليه، أي أن يكون مملوكا لأحد الثلاثة.
(فبيع الفضولي باطل) لأنه ليس بمالك ولا وكيل ولا ولي.
(وفي القديم) هو (موقوف إن أجاز مالكه) أو وليه (نفذ) بالمعجمة (وإلا فلا) ينفذ ويجري القولان فيما لو اشترى لغيره بلا إذن بعين ماله أو في ذمته، وفيما لو زوج أمة غيره أو بنته، ","الْوَاقِعُ وَهُوَ الْعَاقِدُ أَوْ مُوَكِّلُهُ أَوْ مُوَلِّيهِ، أَيْ أَنْ يَكُونَ مَمْلُوكًا لِأَحَدِ الثَّلَاثَةِ.
(فَبَيْعُ الْفُضُولِيِّ بَاطِلٌ) لِأَنَّهُ لَيْسَ بِمَالِكٍ وَلَا وَكِيلٍ وَلَا وَلِيٍّ.
(وَفِي الْقَدِيمِ) هُوَ (مَوْقُوفٌ إِنْ أَجَازَ مَالِكُهُ) أَوْ وَلِيُّهُ (نَفَذَ) بِالْمُعْجَمَةِ (وَإِلَّا فَلَا) يَنْفُذُ وَيَجْرِي الْقَوْلَانِ فِيمَا لَوِ اشْتَرَى لِغَيْرِهِ بِلَا إِذْنٍ بِعَيْنِ مَالِهِ أَوْ فِي ذِمَّتِهِ، وَفِيمَا لَوْ زَوَّجَ أَمَةَ غَيْرِهِ أَوْ بِنْتَه، ","الْوَاقِعُ وَهُوَ الْعَاقِدُ أَوْ مُوَكِّلُهُ أَوْ مُوَلِّيهِ، أَيْ أَنْ يَكُونَ مَمْلُوكًا لِأَحَدِ الثَّلَاثَةِ.
(فَبَيْعُ الْفُضُولِيِّ بَاطِلٌ) لِأَنَّهُ لَيْسَ بِمَالِكٍ وَلَا وَكِيلٍ وَلَا وَلِيٍّ.
(وَفِي الْقَدِيمِ) هُوَ (مَوْقُوفٌ إِنْ أَجَازَ مَالِكُهُ) أَوْ وَلِيُّهُ (نَفَذَ) بِالْمُعْجَمَةِ (وَإِلَّا فَلَا) يَنْفُذُ وَيَجْرِي الْقَوْلَانِ فِيمَا لَوِ اشْتَرَى لِغَيْرِهِ بِلَا إِذْنٍ بِعَيْنِ مَالِهِ أَوْ فِي ذِمَّتِهِ، وَفِيمَا لَوْ زَوَّجَ أَمَةَ غَيْرِهِ أَوْ بِنْتَهُ،"
أي من العلة الثانية وهي قوله ولأن بقاء أثر الإحرام إلخ (قوله بمنى) أي حيث قالوا ولو أحرم بها بمنى (قوله: وتصوير الزركشي إلخ) أي بأن يأتي مكة نصف الليلة ويطوف ويسعى بعد الوقوف ثم يرجع إلى منى لحصول التحللين بما فعله، ووجه رده بقاء أثر الإحرام المانع من حجه الحجة الثانية من المبيت بمنى ورمي أيام التشريق (قوله: ,أَيْ مِنَ الْعِلَّةِ الثَّانِيَةِ وَهِيَ قَوْلُهُ وَلِأَنَّ بَقَاءَ أَثَرِ الْإِحْرَامِ إِلَخْ (قَوْلُهُ بِمِنًى) أَيْ حَيْثُ قَالُوا وَلَوْ أَحْرَمَ بِهَا بِمِنًى (قَوْلُهُ: وَتَصْوِيرُ الزَّرْكَشِيُّ إِلَخْ) أَيْ بِأَنْ يَأْتِيَ مَكَّةَ نِصْفَ اللَّيْلَةِ وَيَطُوفُ وَيَسْعَى بَعْدَ الْوُقُوفِ ثُمَّ يَرْجِعُ إِلَى مِنًى لِحُصُولِ التَّحَلُّلَيْنِ بِمَا فَعَلَهُ، وَوَجْهُ رَدِّهِ بَقَاءُ أَثَرِ الْإِحْرَامِ الْمَانِعِ مِنْ حَجِّهِ الْحِجَّةُ الثَّانِيَةُ مِنَ الْمَبِيتِ بِمِنًى وَرَمْيُ أَيَّامِ التَّشْرِيقِ (قَوْلُهُ: ,أَيْ مِنَ الْعِلَّةِ الثَّانِيَةِ وَهِيَ قَوْلُهُ وَلِأَنَّ بَقَاءَ أَثَرِ الْإِحْرَامِ إِلَخْ (قَوْلُهُ بِمِنًى) أَيْ حَيْثُ قَالُوا وَلَوْ أَحْرَمَ بِهَا بِمِنًى (قَوْلُهُ: وَتَصْوِيرُ الزَّرْكَشِيّ إِلَخْ) أَيْ بِأَنْ يَأْتِيَ مَكَّةَ نِصْفَ اللَّيْلَةِ وَيَطُوفَ وَيَسْعَى بَعْدَ الْوُقُوفِ ثُمَّ يَرْجِعَ إِلَى مِنًى لِحُصُولِ التَّحَلُّلَيْنِ بِمَا فَعَلَهُ، وَوَجْهُ رَدِّهِ بَقَاءُ أَثَرِ الْإِحْرَامِ الْمَانِعِ مِنْ حَجِّهِ الْحَجَّةَ الثَّانِيَةَ مِنَ الْمَبِيتِ بِمِنًى وَرَمْيِ أَيَّامِ التَّشْرِيقِ (قَوْلُهُ:
"لأن الطيرة شرك كما قال صلى الله عليه وسلم فيما قد رويناه فيما تقدم منا في كتابنا هذا أن الطيرة شرك وما منا إلا ولكن الله يذهبه بالتوكل أن من كانت منه الطيرة فقد دخل في هذا المعنى وكان ما لزمه بدخوله فيه على نفسه لا على غيره والله سبحانه وتعالى نسأله التوفيق. (3/368)
باب بيان مشكل) ","لِأَنَّ الطِّيَرَةَ شِرْكٌ كَمَا قَالَ صَلَّى اللَّهُ عَلَيْهِ وَسَلَّمَ فِيمَا قَدْ رَوَيْنَاهُ فِيمَا تَقَدَّمَ مِنَّا فِي كِتَابِنَا هَذَا أَنَّ الطِّيَرَةَ شِرْكٌ وَمَا مِنَّا إِلَّا وَلَكِنَّ اللَّهَ يُذْهِبُهُ بِالتَّوَكُّلِ أَنَّ مَنْ كَانَتْ مِنْهُ الطِّيَرَةُ فَقَدْ دَخَلَ فِي هَذَا الْمَعْنَى وَكَانَ مَا لَزِمَهُ بِدُخُولِهِ فِيهِ عَلَى نَفْسِهِ لَا عَلَى غَيْرِهِ وَاللَّهَ سُبْحَانَهُ وَتَعَالَى نَسْأَلُهُ التَّوْفِيقَ. (3/368)
بَابٌ بَيَانُ مُشْكِلِ) ","لِأَنَّ الطِّيَرَةَ شِرْكٌ كَمَا قَالَ صَلَّى اللَّهُ عَلَيْهِ وَسَلَّمَ فِيمَا قَدْ رَوَيْنَاهُ فِيمَا تَقَدَّمَ مِنَّا فِي كِتَابِنَا هَذَا أَنَّ الطِّيَرَةَ شِرْكٌ وَمَا مِنَّا إِلَّا وَلَكِنَّ اللَّهَ يُذْهِبُهُ بِالتَّوَكُّلِ أَنَّ مَنْ كَانَتْ مِنْهُ الطِّيَرَةُ فَقَدْ دَخَلَ فِي هَذَا الْمَعْنَى وَكَانَ مَا لَزِمَهُ بِدُخُولِهِ فِيهِ عَلَى نَفْسِهِ لَا عَلَى غَيْرِهِ وَاللَّهَ سُبْحَانَهُ وَتَعَالَى نَسْأَلُهُ التَّوْفِيقَ. (3/368)
بَابٌ بَيَانُ مُشْكِلٍ)"
"تصح صلاته إذا نسي، أو جهل النجاسة.
قال في الإنصاف: وهي الصحيحة عند أكثر المتأخرين (أو حمل قارورة) باطنها نجس وصلى، لم تصح صلاته (أو) حمل (آجرة) واحدة الآجر، وهو الطوب المشوي (باطنها نجس أو) حمل (بيضة فيها فرخ ميت، أو) حمل بيضة (مذرة، أو) (عنقودا) من عنب (حباته مستحيلة خمرا) ","تَصِحُّ صَلَاتُهُ إِذَا نَسِيَ، أَوْ جَهِلَ النَّجَاسَةَ.
قَالَ فِي الْإِنْصَافِ: وَهِيَ الصَّحِيحَةُ عِنْدَ أَكْثَرِ الْمُتَأَخِّرِينَ (أَوْ حَمَلَ قَارُورَةً) بَاطِنُهَا نَجِسٌ وَصَلَّى، لَمْ تَصِحَّ صَلَاتُهُ (أَوْ) حَمَلَ (آجُرَّةً) وَاحِدَةً الْآجُرُّ، وَهُوَ الطُّوبُ الْمَشْوِيُّ (بَاطِنُهَا نَجِسٌ أَوْ) حَمَلَ (بَيْضَةً فِيهَا فَرْخٌ مَيِّتٌ، أَوْ) حَمَلَ بَيْضَةً (مَذِرَةً، أَوْ) (عُنْقُودًا) مِنْ عِنَبٍ (حَبَّاتُهُ مُسْتَحِيلَةٌ خَمْرًا) ","تَصِحُّ صَلَاتُهُ إِذَا نَسِيَ، أَوْ جَهِلَ النَّجَاسَةَ.
قَالَ فِي الْإِنْصَافِ: وَهِيَ الصَّحِيحَةُ عِنْدَ أَكْثَرِ الْمُتَأَخِّرِينَ (أَوْ حَمَلَ قَارُورَةً) بَاطِنُهَا نَجِسٌ وَصَلَّى، لَمْ تَصِحَّ صَلَاتُهُ (أَوْ) حَمَلَ (آجُرَّةً) وَاحِدَةً الْآجُرُّ، وَهُوَ الطُّوبُ الْمَشْوِيُّ (بَاطِنُهَا نَجِسٌ أَوْ) حَمَلَ (بَيْضَةً فِيهَا فَرْخٌ مَيِّتٌ، أَوْ) حَمَلَ بَيْضَةً (مُذَرَّةً، أَوْ) (عُنْقُودًا) مِنْ عِنَبٍ (حَبَّاتُهُ مُسْتَحِيلَةٌ خَمْرًا)"
اذهب إلى فلان الجزار فخذ لنا بدرهم لحما فذهب ورهن الدينار بدرهم لحما فجاء به فعجنت ونصبت وخبزت فأرسلت إلى أبيها فجاءهم فقال: يا رسول الله أذكر لك فإن رأيته لنا حلالا أكلناه وأكلت من شأنه كذا وكذا فقال: «,اذْهَبْ إِلَى فُلَانٍ الْجَزَّارِ فَخُذْ لَنَا بِدِرْهَمٍ لَحْمًا فَذَهَبَ وَرَهَنَ الدِّينَارَ بِدِرْهَمٍ لَحْمًا فَجَاءَ بِهِ فَعَجَنَتْ وَنَصَبَتْ وَخَبَزَتْ فَأَرْسَلَتْ إِلَى أَبِيهَا فَجَاءَهُمْ فَقَالَ: يَا رَسُولَ اللَّهِ أَذْكُرُ لَكَ فَإِنْ رَأَيْتَهُ لَنَا حَلَالًا أَكَلْنَاهُ وَأَكَلْتَ مِنْ شَأْنِهِ كَذَا وَكَذَا فَقَالَ: «,اذْهَبْ إِلَى فُلَانٍ الْجَزَّارِ فَخُذْ لَنَا بِدِرْهَمٍ لَحْمًا فَذَهَبَ وَرَهَنَ الدِّينَارَ بِدِرْهَمٍ لَحْمًا فَجَاءَ بِهِ فَعَجَنْتُ وَنَصَبْتُ وَخَبَزْتُ فَأَرْسَلْتُ إِلَى أَبِيهَا فَجَاءَهُمْ فَقَالَ: يَا رَسُولَ اللَّهِ أَذْكُرُ لَكَ فَإِنْ رَأَيْتَهُ لَنَا حَلَالًا أَكَلْنَاهُ وَأَكَلْتُ مِنْ شَأْنِهِ كَذَا وَكَذَا فَقَالَ: «
"إن للإنسان أو غيره من الحيوان فعلا على الحقيقة ومن اعتقد شيئا من ذلك لم يعرف قط فرقا ما بين الرب والمربوب والخالق والمخلوق فإن الله تعالى هو الخالق على الحقيقة لا خالق سواه لكنه من نسب الفعل الحقيقي إلى الكواكب فذلك كفر ومن نسبه إلى الإنسان ففيه الخلاف هل هو كفر أو ضلالة.
قال: (","إِنَّ لِلْإِنْسَانِ أَوْ غَيْرِهِ مِنَ الْحَيَوَانِ فِعْلًا عَلَى الْحَقِيقَةِ وَمَنِ اعْتَقَدَ شَيْئًا مِنْ ذَلِكَ لَمْ يَعْرِفْ قَطُّ فَرْقًا مَا بَيْنَ الرَّبِّ وَالْمَرْبُوبِ وَالْخَالِقِ وَالْمَخْلُوقِ فَإِنَّ اللَّهَ تَعَالَى هُوَ الْخَالِقُ عَلَى الْحَقِيقَةِ لَا خَالِقَ سِوَاهُ لَكِنَّهُ مَنْ نَسَبَ الْفِعْلَ الْحَقِيقِيَّ إِلَى الْكَوَاكِبِ فَذَلِكَ كُفْرٌ وَمَنْ نَسَبَهُ إِلَى الْإِنْسَانِ فَفِيهِ الْخِلَافُ هَلْ هُوَ كُفْرٌ أَوْ ضَلَالَةٌ.
قَالَ: (","إِنَّ لِلْإِنْسَانِ أَوْ غَيْرِهِ مِنَ الْحَيَوَانِ فِعْلًا عَلَى الْحَقِيقَةِ وَمَنِ اعْتَقَدَ شَيْئًا مِنْ ذَلِكَ لَمْ يَعْرِفْ قَطُّ فَرْقًا مَا بَيْنَ الرَّبِّ وَالْمَرْبُوبِ وَالْخَالِقِ وَالْمَخْلُوقِ فَإِنَّ اللَّهَ تَعَالَى هُوَ الْخَالِقُ عَلَى الْحَقِيقَةِ لَا خَالِقَ سِوَاهُ لَكِنَّهُ مَنْ نَسَبَ الْفِعْلَ الْحَقِيقِيَّ إِلَى الْكَوَاكِبِ فَذَلِكَ كُفْرٌ وَمَنْ نَسَبَهُ إِلَى الْإِنْسَانِ فَفِيهِ الْخِلَافُ هَلْ هُوَ كُفْرٌ أَوْ ضَلَالَةٌ.
قَالَ: ("
"وبما ذكر هنا ظهر ضعف ما في فتاوى قاضي خان من أن الإمام لو صلى ركعة وترك منها سجدة وصلى أخرى وسجد لها فتذكر المتروكة في السجود أنه يرفع رأسه من السجود ويسجد المتروكة، ثم يعيد ما كان فيها؛ لأنها ارتفضت فيعيدها استحسانا ا ه.
","وَبِمَا ذُكِرَ هُنَا ظَهَرَ ضَعْفُ مَا فِي فَتَاوَى قَاضِي خَانْ مِنْ أَنَّ الْإِمَامَ لَوْ صَلَّى رَكْعَةً وَتَرَكَ مِنْهَا سَجْدَةً وَصَلَّى أُخْرَى وَسَجَدَ لَهَا فَتَذَكَّرَ الْمَتْرُوكَةَ فِي السُّجُودِ أَنَّهُ يَرْفَعُ رَأْسَهُ مِنَ السُّجُودِ وَيَسْجُدُ الْمَتْرُوكَةَ، ثُمَّ يُعِيدُ مَا كَانَ فِيهَا؛ لِأَنَّهَا ارْتَفَضَتْ فَيُعِيدُهَا اسْتِحْسَانًا ا ه.
",وَبِمَا ذُكِرَ هُنَا ظَهَرَ ضَعْفُ مَا فِي فَتَاوَى قَاضِي خَانْ مِنْ أَنَّ الْإِمَامَ لَوْ صَلَّى رَكْعَةً وَتَرَكَ مِنْهَا سَجْدَةً وَصَلَّى أُخْرَى وَسَجَدَ لَهَا فَتَذَكَّرَ الْمَتْرُوكَةَ فِي السُّجُودِ أَنَّهُ يَرْفَعُ رَأْسَهُ مِنَ السُّجُودِ وَيَسْجُدُ الْمَتْرُوكَةَ، ثُمَّ يُعِيدُ مَا كَانَ فِيهَا؛ لِأَنَّهَا ارْتُفِضَتْ فَيُعِيدُهَا اسْتِحْسَانًا ا ه.
فإذا فعل البعض سقط عن الكل وسبب تعلقه بالكل ابتداء لئلا يتعلق الخطاب بغير معين مجهول فيؤدي ذلك إلى تعذر الامتثال، ,فَإِذَا فَعَلَ الْبَعْضُ سَقَطَ عَنِ الْكُلِّ وَسَبَبُ تَعَلُّقِهِ بِالْكُلِّ ابْتِدَاءً لِئَلَّا يَتَعَلَّقَ الْخِطَابُ بِغَيْرِ مُعَيَّنٍ مَجْهُولٍ فَيُؤَدِّيَ ذَلِكَ إِلَى تَعَذُّرِ الِامْتِثَالِ، ,فَإِذَا فَعَلَ الْبَعْضُ سَقَطَ عَنِ الْكُلِّ وَسَبَبُ تَعَلُّقِهِ بِالْكُلِّ ابْتِدَاءً لِئَلَّا يَتَعَلَّقَ الْخِطَابُ بِغَيْرِ مُعَيَّنٍ مَجْهُولٍ فَيُؤَدِّي ذَلِكَ إِلَى تَعَذُّرِ الِامْتِثَالِ،
"للمانع أن يمنع أن المحدود اللوث المقيد بل الظاهر إطلاقه من غير قيد وإذا علم ذلك الأعم علم اللوث المقيد لأنه إذا عرف الإنسان علمنا ماهية المرأة والرجل.
(فإن قلت (2/489) ) ","لِلْمَانِعِ أَنْ يَمْنَعَ أَنَّ الْمَحْدُودَ اللَّوْثُ الْمُقَيَّدُ بَلِ الظَّاهِرُ إِطْلَاقُهُ مِنْ غَيْرِ قَيْدٍ وَإِذَا عُلِمَ ذَلِكَ الْأَعَمُّ عُلِمَ اللَّوْثُ الْمُقَيَّدُ لِأَنَّهُ إِذَا عُرِفَ الْإِنْسَانُ عَلِمْنَا مَاهِيَّةَ الْمَرْأَةِ وَالرَّجُلِ.
(فَإِنْ قُلْتَ (2/489) ) ","لِلْمَانِعِ أَنْ يَمْنَعَ أَنَّ الْمَحْدُودَ اللَّوْثُ الْمُقَيَّدُ بَلِ الظَّاهِرُ إِطْلَاقُهُ مِنْ غَيْرِ قَيْدٍ وَإِذَا عُلِمَ ذَلِكَ الْأَعَمُّ عُلِمَ اللَّوْثُ الْمُقَيَّدُ لِأَنَّهُ إِذَا عُرِفَ الْإِنْسَانُ عَلِمْنَا مَاهِيَّةَ الْمَرْأَةِ وَالرَّجُلِ.
(فَإِنْ قُلْتَ (2/489) )"
"وإذا اختلف المتبايعان في ثمن السلعة قبل قبضها فإنهما يتحالفان، يحلف البائع أولا، ثم يكون للمبتاع الخيار في أن يأخذ السلعة مما حلف عليه البائع، أو يحلف على ما قال فيفسخ البيع بينهما.
قال ابن القاسم: إلا أن يرضى المبتاع أخذها قبل الحكم بالفسخ بما حلف عليه البائع فذلك له.
(قال ابن عبد الحكم) : ","وَإِذَا اخْتَلَفَ الْمُتَبَايِعَانِ فِي ثَمَنِ السِّلْعَةِ قَبْلَ قَبْضِهَا فَإِنَّهُمَا يَتَحَالَفَانِ، يَحْلِفُ الْبَائِعُ أَوَّلًا، ثُمَّ يَكُونُ لِلْمُبْتَاعِ الْخِيَارُ فِي أَنْ يَأْخُذَ السِّلْعَةَ مِمَّا حَلَفَ عَلَيْهِ الْبَائِعُ، أَوْ يَحْلِفُ عَلَى مَا قَالَ فَيُفْسَخُ الْبَيْعُ بَيْنَهُمَا.
قَالَ ابْنُ الْقَاسِمِ: إِلَّا أَنْ يَرْضَى الْمُبْتَاعُ أَخْذَهَا قَبْلَ الْحُكْمِ بِالْفَسْخِ بِمَا حَلَفَ عَلَيْهِ الْبَائِعُ فَذَلِكَ لَهُ.
(قَالَ ابْنُ عَبْدِ الْحَكَمِ) : ","وَإِذَا اخْتَلَفَ الْمُتَبَايِعَانِ فِي ثَمَنِ السِّلْعَةِ قَبْلَ قَبْضِهَا فَإِنَّهُمَا يَتَحَالَفَانِ، يَحْلِفُ الْبَائِعُ أَوَّلًا، ثُمَّ يَكُونُ لِلْمُبْتَاعِ الْخِيَارُ فِي أَنْ يَأْخُذَ السِّلْعَةَ مِمَّا حَلَفَ عَلَيْهِ الْبَائِعُ، أَوْ يَحْلِفَ عَلَى مَا قَالَ فَيُفْسَخُ الْبَيْعُ بَيْنَهُمَا.
قَالَ ابْنُ الْقَاسِمِ: إِلَّا أَنْ يَرْضَى الْمُبْتَاعُ أَخْذَهَا قَبْلَ الْحُكْمِ بِالْفَسْخِ بِمَا حَلَفَ عَلَيْهِ الْبَائِعُ فَذَلِكَ لَهُ.
(قَالَ ابْنُ عَبْدِ الْحَكَمِ) :"
"بخلاف البيع لأن بعض المقاصد حاصل وهو ملك التصرفات.
وله أن اللفظ مطلق فيجري على إطلاقه كما في البيع.
وبعض المقاصد في النكاح الفاسد حاصل كالنسب، ووجوب المهر والعدة على اعتبار وجود الوطء، ومسألة اليمين ممنوعة على هذه الطريقة.
الشرح
(5/64)
وقوله (ومن قال لعبده تزوج هذه الأمة) صورة المسألة والأصل المذكور ظاهران، ","بِخِلَافِ الْبَيْعِ لِأَنَّ بَعْضَ الْمَقَاصِدِ حَاصِلٌ وَهُوَ مِلْكُ التَّصَرُّفَاتِ.
وَلَهُ أَنَّ اللَّفْظَ مُطْلَقٌ فَيَجْرِي عَلَى إِطْلَاقِهِ كَمَا فِي الْبَيْعِ.
وَبَعْضُ الْمَقَاصِدِ فِي النِّكَاحِ الْفَاسِدِ حَاصِلٌ كَالنَّسَبِ، وَوُجُوبِ الْمَهْرِ وَالْعِدَّةِ عَلَى اعْتِبَارِ وُجُودِ الْوَطْءِ، وَمَسْأَلَةُ الْيَمِينِ مَمْنُوعَةٌ عَلَى هَذِهِ الطَّرِيقَةِ.
الشَّرْحُ
(5/64)
وَقَوْلُهُ (وَمَنْ قَالَ لِعَبْدِهِ تَزَوَّجْ هَذِهِ الْأَمَةَ) صُورَةُ الْمَسْأَلَةِ وَالْأَصْلُ الْمَذْكُورُ ظَاهِرَانِ، ","بِخِلَافِ الْبَيْعِ لِأَنَّ بَعْضَ الْمَقَاصِدِ حَاصِلٌ وَهُوَ مِلْكُ التَّصَرُّفَاتِ.
وَلَهُ أَنَّ اللَّفْظَ مُطْلَقٌ فَيَجْرِي عَلَى إِطْلَاقِهِ كَمَا فِي الْبَيْعِ.
وَبَعْضُ الْمَقَاصِدِ فِي النِّكَاحِ الْفَاسِدِ حَاصِلٌ كَالنَّسَبِ، وَوُجُوبِ الْمَهْرِ وَالْعِدَّةِ عَلَى اعْتِبَارِ وُجُودِ الْوَطْءِ، وَمَسْأَلَةُ الْيَمِينِ مَمْنُوعَةٌ عَلَى هَذِهِ الطَّرِيقَةِ.
الشَّرْحُ
(5/64)
وَقَوْلُهُ (وَمَنْ قَالَ لِعَبْدِهِ تَزَوَّجْ هَذِهِ الْأَمَةَ) صُورَةُ الْمَسْأَلَةِ وَالْأَصْلُ الْمَذْكُورُ ظَاهِرَانِ،"
"فوائد.
الأولى: يجوز دفع زكاته إلى الإمام الفاسق.
على الصحيح من المذهب، وقال القاضي في الأحكام السلطانية: يحرم عليه دفعها، إن وضعها في غير أهلها، ويجب كتمها إذن عنه، واختاره في الحاوي.
قلت: وهو الصواب، ويأتي في باب قتال أهل البغي: أنه يجزئ دفع الزكاة إلى الخوارج والبغاة، نص عليه في الخوارج. (5/168)
","فَوَائِدُ.
الْأُولَى: يَجُوزُ دَفْعُ زَكَاتِهِ إِلَى الْإِمَامِ الْفَاسِقِ.
عَلَى الصَّحِيحِ مِنَ الْمَذْهَبِ، وَقَالَ الْقَاضِي فِي الْأَحْكَامِ السُّلْطَانِيَّةِ: يَحْرُمُ عَلَيْهِ دَفْعُهَا، إِنْ وَضَعَهَا فِي غَيْرِ أَهْلِهَا، وَيَجِبُ كَتْمُهَا إِذَنْ عَنْهُ، وَاخْتَارَهُ فِي الْحَاوِي.
قُلْت: وَهُوَ الصَّوَابُ، وَيَأْتِي فِي بَابِ قِتَالِ أَهْلِ الْبَغْيِ: أَنَّهُ يُجْزِئُ دَفْعُ الزَّكَاةِ إِلَى الْخَوَارِجِ وَالْبُغَاةِ، نَصَّ عَلَيْهِ فِي الْخَوَارِجِ. (5/168)
","فَوَائِدُ.
الْأُولَى: يَجُوزُ دَفْعُ زَكَاتِهِ إِلَى الْإِمَامِ الْفَاسِقِ.
عَلَى الصَّحِيحِ مِنَ الْمَذْهَبِ، وَقَالَ الْقَاضِي فِي الْأَحْكَامِ السُّلْطَانِيَّةِ: يَحْرُمُ عَلَيْهِ دَفْعُهَا، إِنْ وَضَعَهَا فِي غَيْرِ أَهْلِهَا، وَيَجِبُ كَتْمُهَا إِذَنْ عَنْهُ، وَاخْتَارَهُ فِي الْحَاوِي.
قُلْت: وَهُوَ الصَّوَابُ، وَيَأْتِي فِي بَابِ قِتَالِ أَهْلِ الْبَغْيِ: أَنَّهُ يُجْزِئُ دَفْعُ الزَّكَاةِ إِلَى الْخَوَارِجِ وَالْبُغَاةِ، نَصَّ عَلَيْهِ فِي الْخَوَارِجِ. (5/168)"
ظاهره ولو قصد بتكبيره وتحميده مجرد إسماع المأمومين وهو كذلك خلافا للشافعية حيث قالوا إن قصد ذلك بطلت صلاته وإن قصد الذكر فقط أو الذكر والإعلام فصلاته صحيحة وإن لم يكن له قصد فباطلة (قوله وجاز اقتداء به) ,ظَاهِرُهُ وَلَوْ قَصَدَ بِتَكْبِيرِهِ وَتَحْمِيدِهِ مُجَرَّدَ إِسْمَاعِ الْمَأْمُومِينَ وَهُوَ كَذَلِكَ خِلَافًا لِلشَّافِعِيَّةِ حَيْثُ قَالُوا إِنْ قَصَدَ ذَلِكَ بَطَلَتْ صَلَاتُهُ وَإِنْ قَصَدَ الذِّكْرَ فَقَطْ أَوِ الذِّكْرَ وَالْإِعْلَامَ فَصَلَاتُهُ صَحِيحَةٌ وَإِنْ لَمْ يَكُنْ لَهُ قَصْدٌ فَبَاطِلَةٌ (قَوْلُهُ وَجَازَ اقْتِدَاءٌ بِهِ) ,ظَاهِرُهُ وَلَوْ قَصَدَ بِتَكْبِيرِهِ وَتَحْمِيدِهِ مُجَرَّدَ إِسْمَاعِ الْمَأْمُومِينَ وَهُوَ كَذَلِكَ خِلَافًا لِلشَّافِعِيَّةِ حَيْثُ قَالُوا إِنْ قَصَدَ ذَلِكَ بَطَلَتْ صَلَاتُهُ وَإِنْ قَصَدَ الذِّكْرَ فَقَطْ أَوِ الذِّكْرَ وَالْإِعْلَامَ فَصَلَاتُهُ صَحِيحَةٌ وَإِنْ لَمْ يَكُنْ لَهُ قَصْدٌ فَبَاطِلَةٌ (قَوْلُهُ وَجَازَ اقْتِدَاءٌ بِهِ)
"والخصي كالصحيح في الولد والعدة وكذا المجبوب إذا كان ينزل وإلا لم يلزمه الولد فكان بمنزلة الصبي في الولد والعدة (قوله: ثبت نسبه) أي إذا خلا بها.
قال في التتارخانية: ولو كان الزوج مجبوبا ففرق القاضي بينهما فجاءت بولد لأقل من ستة أشهر من وقت الفرقة لزمه الولد خلا بها، أو لم يخل، وهذا عند أبي يوسف.
","وَالْخَصِيُّ كَالصَّحِيحِ فِي الْوَلَدِ وَالْعِدَّةِ وَكَذَا الْمَجْبُوبُ إِذَا كَانَ يُنْزِلُ وَإِلَّا لَمْ يَلْزَمْهُ الْوَلَدُ فَكَانَ بِمَنْزِلَةِ الصَّبِيِّ فِي الْوَلَدِ وَالْعِدَّةِ (قَوْلُهُ: ثَبَتَ نَسَبُهُ) أَيْ إِذَا خَلَا بِهَا.
قَالَ فِي التَّتَارْخَانِيَّةِ: وَلَوْ كَانَ الزَّوْجُ مَجْبُوبًا فَفَرَّقَ الْقَاضِي بَيْنَهُمَا فَجَاءَتْ بِوَلَدٍ لِأَقَلَّ مِنْ سِتَّةِ أَشْهُرٍ مِنْ وَقْتِ الْفُرْقَةِ لَزِمَهُ الْوَلَدُ خَلَا بِهَا، أَوْ لَمْ يَخْلُ، وَهَذَا عِنْدَ أَبِي يُوسُفَ.
","وَالْخَصِيُّ كَالصَّحِيحِ فِي الْوَلَدِ وَالْعِدَّةِ وَكَذَا الْمَجْبُوبُ إِذَا كَانَ يُنْزِلُ وَإِلَّا لَمْ يَلْزَمْهُ الْوَلَدُ فَكَانَ بِمَنْزِلَةِ الصَّبِيِّ فِي الْوَلَدِ وَالْعِدَّةِ (قَوْلُهُ: ثَبَتَ نَسَبُهُ) أَيْ إِذَا خَلَا بِهَا.
قَالَ فِي التَّتَارْخَانِيَّةِ: وَلَوْ كَانَ الزَّوْجُ مَجْبُوبًا فَفَرَّقَ الْقَاضِي بَيْنَهُمَا فَجَاءَتْ بِوَلَدٍ لِأَقَلَّ مِنْ سِتَّةِ أَشْهُرٍ مِنْ وَقْتِ الْفُرْقَةِ لَزِمَهُ الْوَلَدُ خَلَا بِهَا، أَوْ لَمْ يَخْلُ، وَهَذَا عِنْدَ أَبِي يُوسُفَ."
"وذكر في غيره عدم الكراهة، ووفق في الحلية بحمل الأول على المواظبة والثاني على الفعل أحيانا، وسيأتي تمامه إن شاء الله تعالى (قوله على سبيل التداعي) بأن يقتدي أربعة فأكثر بواحد (قوله وسنحققه) أي قبيل إدراك الفريضة.
[","وَذَكَرَ فِي غَيْرِهِ عَدَمَ الْكَرَاهَةِ، وَوَفَّقَ فِي الْحِلْيَةِ بِحَمْلِ الْأَوَّلِ عَلَى الْمُوَاظَبَةِ وَالثَّانِي عَلَى الْفِعْلِ أَحْيَانًا، وَسَيَأْتِي تَمَامُهُ إِنْ شَاءَ اللَّهُ تَعَالَى (قَوْلُهُ عَلَى سَبِيلِ التَّدَاعِي) بِأَنْ يَقْتَدِيَ أَرْبَعَةٌ فَأَكْثَرُ بِوَاحِدٍ (قَوْلُهُ وَسَنُحَقِّقُهُ) أَيْ قَبِيلَ إِدْرَاكِ الْفَرِيضَةِ.
[","وَذَكَرَ فِي غَيْرِهِ عَدَمَ الْكَرَاهَةِ، وَوَفَّقَ فِي الْحِلْيَةِ بِحَمْلِ الْأَوَّلِ عَلَى الْمُوَاظَبَةِ وَالثَّانِي عَلَى الْفِعْلِ أَحْيَانًا، وَسَيَأْتِي تَمَامُهُ إِنْ شَاءَ اللَّهُ تَعَالَى (قَوْلُهُ عَلَى سَبِيلِ التَّدَاعِي) بِأَنْ يَقْتَدِيَ أَرْبَعَةٌ فَأَكْثَرُ بِوَاحِدٍ (قَوْلُهُ وَسَنُحَقِّقُهُ) أَيْ قُبَيْلَ إِدْرَاكِ الْفَرِيضَةِ.
["
لأنه يحتاج إلى المشي على حافتي النهر ليجري الماء إذا احتبس بشيء وقع فيه إذ لا يمكنه المشي في وسط الماء وكذا يحتاج إلى موضع يلقي عليه الطين عند الكري كما في النقل إلى أسفله، وفيه من الحرج ما لا يخفى، وله أن استحقاق الحريم في البئر والعين ثبت نصا بخلاف القياس فلا يلحق بهما ما ليس في معناهما؛ ,لِأَنَّهُ يَحْتَاجُ إِلَى الْمَشْيِ عَلَى حَافَّتَيِ النَّهْرِ لِيُجْرِيَ الْمَاءَ إِذَا احْتَبَسَ بِشَيْءٍ وَقَعَ فِيهِ إِذْ لَا يُمْكِنُهُ الْمَشْيُ فِي وَسَطِ الْمَاءِ وَكَذَا يَحْتَاجُ إِلَى مَوْضِعٍ يُلْقِي عَلَيْهِ الطِّينَ عِنْدَ الْكَرْيِ كَمَا فِي النَّقْلِ إِلَى أَسْفَلِهِ، وَفِيهِ مِنَ الْحَرَجِ مَا لَا يَخْفَى، وَلَهُ أَنَّ اسْتِحْقَاقَ الْحَرِيمِ فِي الْبِئْرِ وَالْعَيْنِ ثَبَتَ نَصًّا بِخِلَافِ الْقِيَاسِ فَلَا يُلْحِقُ بِهِمَا مَا لَيْسَ فِي مَعْنَاهُمَا؛ ,لِأَنَّهُ يَحْتَاجُ إِلَى الْمَشْيِ عَلَى حَافَّتَيِ النَّهْرِ لِيُجْرِيَ الْمَاءَ إِذَا احْتَبَسَ بِشَيْءٍ وَقَعَ فِيهِ إِذْ لَا يُمْكِنُهُ الْمَشْيُ فِي وَسَطِ الْمَاءِ وَكَذَا يَحْتَاجُ إِلَى مَوْضِعٍ يُلْقِي عَلَيْهِ الطِّينَ عِنْدَ الْكَرْيِ كَمَا فِي النَّقْلِ إِلَى أَسْفَلِهِ، وَفِيهِ مِنَ الْحَرَجِ مَا لَا يَخْفَى، وَلَهُ أَنَّ اسْتِحْقَاقَ الْحَرِيمِ فِي الْبِئْرِ وَالْعَيْنِ ثَبَتَ نَصًّا بِخِلَافِ الْقِيَاسِ فَلَا يَلْحَقُ بِهِمَا مَا لَيْسَ فِي مَعْنَاهُمَا؛
فإنه يكتفى فيه بالقرينة ولا يحتاج فيه إلى دليل فإذا اكتفى البلقيني فيما يحتاج لدليل بمجرد قرينة ذكر الأولاد وأولادهم على تخصيص العام وجب أن يكتفى بمجرد قرينة ذكر الأولاد وأولادهم في مسألتنا على شمول العتقاء المذكورين بعد ذلك لأولادهم وأولاد أولادهم، وهذا في غاية الوضوح والجلاء الذي لا يقبل منعا ولا تشكيكا، ,فَإِنَّهُ يُكْتَفَى فِيهِ بِالْقَرِينَةِ وَلَا يُحْتَاجُ فِيهِ إِلَى دَلِيلٍ فَإِذَا اكْتَفَى الْبُلْقِينِيُّ فِيمَا يَحْتَاجُ لِدَلِيلٍ بِمُجَرَّدِ قَرِينَةِ ذِكْرِ الْأَوْلَادِ وَأَوْلَادِهِمْ عَلَى تَخْصِيصِ الْعَامِّ وَجَبَ أَنْ يُكْتَفَى بِمُجَرَّدِ قَرِينَةِ ذِكْرِ الْأَوْلَادِ وَأَوْلَادِهِمْ فِي مَسْأَلَتِنَا عَلَى شُمُولِ الْعُتَقَاءِ الْمَذْكُورِينَ بَعْدَ ذَلِكَ لِأَوْلَادِهِمْ وَأَوْلَادِ أَوْلَادِهِمْ، وَهَذَا فِي غَايَةِ الْوُضُوحِ وَالْجَلَاءِ الَّذِي لَا يَقْبَلُ مَنْعًا وَلَا تَشْكِيكًا، ,فَإِنَّهُ يُكْتَفَى فِيهِ بِالْقَرِينَةِ وَلَا يُحْتَاجُ فِيهِ إِلَى دَلِيلٍ فَإِذَا اكْتَفَى الْبُلْقِينِيُّ فِيمَا يَحْتَاجُ لِدَلِيلٍ بِمُجَرَّدِ قَرِينَةِ ذِكْرِ الْأَوْلَادِ وَأَوْلَادِهِمْ عَلَى تَخْصِيصِ الْعَامِّ وَجَبَ أَنْ يُكْتَفَى بِمُجَرَّدِ قَرِينَةِ ذِكْرِ الْأَوْلَادِ وَأَوْلَادِهِمْ فِي مَسْأَلَتِنَا عَلَى شُمُولِ الْعُتَقَاءِ الْمَذْكُورِينَ بَعْدَ ذَلِكَ لِأَوْلَادِهِمْ وَأَوْلَادِ أَوْلَادِهِمْ، وَهَذَا فِي غَايَةِ الْوُضُوحِ وَالْجَلَاءِ الَّذِي لَا يَقْبَلُ مَنْعًا وَلَا تَشْكِيكًا،
"لأن الحكم بفسخه إنما هو لفساده وهو لا يستلزم الحكم بالتأبيد فإن حكم الأول بالفسخ والتأبيد معا لم يجز إقرار هذا النكاح الثاني؛ لأنه نقض للحكم الأول وكذا في المسألة الأولى لو حكم بأن رضاع الكبير محرم فإنه لا يجوز إقرار النكاح الثاني؛ لأنه نقض للحكم الأول.
(قوله: بسبب ما ذكر) ","لِأَنَّ الْحُكْمَ بِفَسْخِهِ إِنَّمَا هُوَ لِفَسَادِهِ وَهُوَ لَا يَسْتَلْزِمُ الْحُكْمَ بِالتَّأْبِيدِ فَإِنْ حَكَمَ الْأَوَّلُ بِالْفَسْخِ وَالتَّأْبِيدِ مَعًا لَمْ يَجُزْ إِقْرَارُ هَذَا النِّكَاحِ الثَّانِي؛ لِأَنَّهُ نَقْضٌ لِلْحُكْمِ الْأَوَّلِ وَكَذَا فِي الْمَسْأَلَةِ الْأُولَى لَوْ حَكَمَ بِأَنَّ رَضَاعَ الْكَبِيرِ مُحَرِّمٌ فَإِنَّهُ لَا يَجُوزُ إِقْرَارُ النِّكَاحِ الثَّانِي؛ لِأَنَّهُ نَقْضٌ لِلْحُكْمِ الْأَوَّلِ.
(قَوْلُهُ: بِسَبَبِ مَا ذُكِرَ) ","لِأَنَّ الْحُكْمَ بِفَسْخِهِ إِنَّمَا هُوَ لِفَسَادِهِ وَهُوَ لَا يَسْتَلْزِمُ الْحُكْمَ بِالتَّأْبِيدِ فَإِنْ حَكَمَ الْأَوَّلُ بِالْفَسْخِ وَالتَّأْبِيدِ مَعًا لَمْ يَجُزْ إِقْرَارُ هَذَا النِّكَاحِ الثَّانِي؛ لِأَنَّهُ نَقْضٌ لِلْحُكْمِ الْأَوَّلِ وَكَذَا فِي الْمَسْأَلَةِ الْأُولَى لَوْ حَكَمَ بِأَنَّ رَضَاعَ الْكَبِيرِ مُحَرِّمٌ فَإِنَّهُ لَا يَجُوزُ إِقْرَارُ النِّكَاحِ الثَّانِي؛ لِأَنَّهُ نَقْضٌ لِلْحُكْمِ الْأَوَّلِ.
(قَوْلُهُ: بِسَبَبِ مَا ذُكِرَ)"
عن واقف وقف مكانا على سكنى ابنتيه ثم على أولادهما وأولاد أولادهما إلى آخر ما ذكر ثم مات الواقف عن بنتين ثم ماتت إحدى البنتين المذكورتين عن أولاد فهل أولادها يستحقون السكنى في حصة أمهم بالمكان المذكور أم تستقل به البنت الأخرى بمفردها وهل إذا قلتم إن الأولاد يستحقون ما كانت أمهم تستحقه وامتنعت البنت الأخرى من السكنى مع الأولاد من غير مانع منهم فهل لها المطالبة عليهم بقدر حصتها من الريع أم ليس لها إلا السكنى معهم خاصة؟ (,عَنْ وَاقِفٍ وَقَفَ مَكَانًا عَلَى سُكْنَى ابْنَتَيْهِ ثُمَّ عَلَى أَوْلَادِهِمَا وَأَوْلَادِ أَوْلَادِهِمَا إِلَى آخِرِ مَا ذُكِرَ ثُمَّ مَاتَ الْوَاقِفُ عَنْ بِنْتَيْنِ ثُمَّ مَاتَتْ إِحْدَى الْبِنْتَيْنِ الْمَذْكُورَتَيْنِ عَنْ أَوْلَادٍ فَهَلْ أَوْلَادُهَا يَسْتَحِقُّونَ السُّكْنَى فِي حِصَّةِ أُمِّهِمْ بِالْمَكَانِ الْمَذْكُورِ أَمْ تَسْتَقِلُّ بِهِ الْبِنْتُ الْأُخْرَى بِمُفْرَدِهَا وَهَلْ إِذَا قُلْتُمْ إِنَّ الْأَوْلَادَ يَسْتَحِقُّونَ مَا كَانَتْ أُمُّهُمْ تَسْتَحِقُّهُ وَامْتَنَعَتِ الْبِنْتُ الْأُخْرَى مِنَ السُّكْنَى مَعَ الْأَوْلَادِ مِنْ غَيْرِ مَانِعٍ مِنْهُمْ فَهَلْ لَهَا الْمُطَالَبَةُ عَلَيْهِمْ بِقَدْرِ حِصَّتِهَا مِنَ الرِّيعِ أَمْ لَيْسَ لَهَا إِلَّا السُّكْنَى مَعَهُمْ خَاصَّةً؟ (,عَنْ وَاقِفٍ وَقَفَ مَكَانًا عَلَى سُكْنَى ابْنَتَيْهِ ثُمَّ عَلَى أَوْلَادِهِمَا وَأَوْلَادِ أَوْلَادِهِمَا إِلَى آخِرِ مَا ذُكِرَ ثُمَّ مَاتَ الْوَاقِفُ عَنْ بِنْتَيْنِ ثُمَّ مَاتَتْ إِحْدَى الْبِنْتَيْنِ الْمَذْكُورَتَيْنِ عَنْ أَوْلَادٍ فَهَلْ أَوْلَادُهَا يَسْتَحِقُّونَ السُّكْنَى فِي حِصَّةِ أُمِّهِمْ بِالْمَكَانِ الْمَذْكُورِ أَمْ تَسْتَقِلُّ بِهِ الْبِنْتُ الْأُخْرَى بِمُفْرَدِهَا وَهَلْ إِذَا قُلْتُمْ إِنَّ الْأَوْلَادَ يَسْتَحِقُّونَ مَا كَانَتْ أُمُّهُمْ تَسْتَحِقُّهُ وَامْتَنَعَتِ الْبِنْتُ الْأُخْرَى مِنَ السُّكْنَى مَعَ الْأَوْلَادِ مِنْ غَيْرِ مَانِعٍ مِنْهُمْ فَهَلْ لَهَا الْمُطَالَبَةُ عَلَيْهِمْ بِقَدْرِ حِصَّتِهَا مِنَ الرِّيعِ أَمْ لَيْسَ لَهَا إِلَّا السُّكْنَى مَعَهُمْ خَاصَّةً؟ (
محمد بن يعقوب حدثنا العباس بن محمد الدوري حدثنا الحسن بن موسى الأشيب وسعد بن حفص الطلحي وهذا لفظ الأشيب قالا حدثنا شيبان عن يحيى بن أبى كثير عن يعلى بن حكيم عن يوسف بن ماهك عن عبد الله بن عصمة عن حكيم بن حزام قال قلت: ,مُحَمَّدُ بْنُ يَعْقُوبَ حَدَّثَنَا الْعَبَّاسُ بْنُ مُحَمَّدٍ الدُّورِيُّ حَدَّثَنَا الْحَسَنُ بْنُ مُوسَى الْأَشْيَبُ وَسَعْدُ بْنُ حَفْصٍ الطَّلْحِيُّ وَهَذَا لَفْظُ الْأَشْيَبِ قَالَا حَدَّثَنَا شَيْبَانُ عَنْ يَحْيَى بْنِ أَبِى كَثِيرٍ عَنْ يَعْلَى بْنِ حَكِيمٍ عَنْ يُوسُفَ بْنِ مَاهَكَ عَنْ عَبْدِ اللَّهِ بْنِ عِصْمَةَ عَنْ حَكِيمِ بْنِ حِزَامٍ قَالَ قُلْتُ: ,مُحَمَّدُ بْنُ يَعْقُوبَ حَدَّثَنَا الْعَبَّاسُ بْنُ مُحَمَّدٍ الدُّورِيُّ حَدَّثَنَا الْحَسَنُ بْنُ مُوسَى الْأَشْيَبُ وَسَعْدُ بْنُ حَفْصٍ الطَّلْحِيُّ وَهَذَا لَفْظُ الْأَشْيَبِ قَالَا حَدَّثَنَا شَيْبَانُ عَنْ يَحْيَى بْنِ أَبِى كَثِيرٍ عَنْ يَعْلَى بْنِ حَكِيمٍ عَنْ يُوسُفَ بْنِ مَاهَكَ عَنْ عَبْدِ اللَّهِ بْنِ عِصْمَةَ عَنْ حَكِيمِ بْنِ حِزَامٍ قَالَ قُلْتُ:
وهو الحق إن لم يقم على أكثر من ذلك دليل وتغير الماء برفع الحدث إنما يستلزم اعتباره نازلا عن وصفه الأول بواسطة إسقاط الفرض لا بواسطة إزالة وصف حقيقي مدنس ويدفع الثاني بأنه طهور حال عدم الماء بقوله صلى الله عليه وسلم {التراب طهور المسلم} وقال في حديث الخصائص في الصحيحين {وجعلت لي الأرض مسجدا وطهورا} يريد به مطهرا، ,وَهُوَ الْحَقُّ إِنْ لَمْ يَقُمْ عَلَى أَكْثَرَ مِنْ ذَلِكَ دَلِيلٌ وَتَغَيُّرُ الْمَاءِ بِرَفْعِ الْحَدَثِ إِنَّمَا يَسْتَلْزِمُ اعْتِبَارَهُ نَازِلًا عَنْ وَصْفِهِ الْأَوَّلِ بِوَاسِطَةِ إِسْقَاطِ الْفَرْضِ لَا بِوَاسِطَةِ إِزَالَةِ وَصْفٍ حَقِيقِيٍّ مُدَنِّسٍ وَيُدْفَعُ الثَّانِي بِأَنَّهُ طَهُورٌ حَالَ عَدَمِ الْمَاءِ بِقَوْلِهِ صَلَّى اللَّهُ عَلَيْهِ وَسَلَّمَ {التُّرَابُ طَهُورُ الْمُسْلِمِ} وَقَالَ فِي حَدِيثِ الْخَصَائِصِ فِي الصَّحِيحَيْنِ {وَجُعِلَتْ لِي الْأَرْضُ مَسْجِدًا وَطَهُورًا} يُرِيدُ بِهِ مُطَهِّرًا، ,وَهُوَ الْحَقُّ إِنْ لَمْ يَقُمْ عَلَى أَكْثَرَ مِنْ ذَلِكَ دَلِيلٌ وَتَغَيُّرُ الْمَاءِ بِرَفْعِ الْحَدَثِ إِنَّمَا يَسْتَلْزِمُ اعْتِبَارَهُ نَازِلًا عَنْ وَصْفِهِ الْأَوَّلِ بِوَاسِطَةِ إِسْقَاطِ الْفَرْضِ لَا بِوَاسِطَةِ إِزَالَةِ وَصْفٍ حَقِيقِيٍّ مُدَنَّسٍ وَيُدْفَعُ الثَّانِي بِأَنَّهُ طَهُورٌ حَالَ عَدَمِ الْمَاءِ بِقَوْلِهِ صَلَّى اللَّهُ عَلَيْهِ وَسَلَّمَ {التُّرَابُ طَهُورُ الْمُسْلِمِ} وَقَالَ فِي حَدِيثِ الْخَصَائِصِ فِي الصَّحِيحَيْنِ {وَجُعِلَتْ لِي الْأَرْضُ مَسْجِدًا وَطَهُورًا} يُرِيدُ بِهِ مُطَهَّرًا،
أما قبلها فكان ممتنعا لأن الذي أمر به أولا هو التبليغ والإنذار والصبر على أذى الكفار تألفا لهم ثم أذن الله بعدها للمسلمين في القتال بعد نهيه عنه في نيف وسبعين آية إذا ابتدأهم الكفار به ثم أباح الابتداء به في غير الأشهر الحرم في السنة الثانية بعد الفتح أمر به على الإطلاق بقوله: {انفروا خفافا وثقالا} {,أَمَّا قَبْلَهَا فَكَانَ مُمْتَنِعًا لِأَنَّ الَّذِي أُمِرَ بِهِ أَوَّلًا هُوَ التَّبْلِيغُ وَالْإِنْذَارُ وَالصَّبْرُ عَلَى أَذَى الْكُفَّارِ تَأَلُّفًا لَهُمْ ثُمَّ أَذِنَ اللَّهُ بَعْدَهَا لِلْمُسْلِمِينَ فِي الْقِتَالِ بَعْدَ نَهْيِهِ عَنْهُ فِي نَيِّفٍ وَسَبْعِينَ آيَةً إِذَا ابْتَدَأَهُمُ الْكُفَّارُ بِهِ ثُمَّ أَبَاحَ الِابْتِدَاءَ بِهِ فِي غَيْرِ الْأَشْهُرِ الْحُرُمِ فِي السَّنَةِ الثَّانِيَةِ بَعْدَ الْفَتْحِ أُمِرَ بِهِ عَلَى الْإِطْلَاقِ بِقَوْلِهِ: {انْفِرُوا خِفَافًا وَثِقَالًا} {,أَمَّا قَبْلَهَا فَكَانَ مُمْتَنِعًا لِأَنَّ الَّذِي أُمِرَ بِهِ أَوَّلًا هُوَ التَّبْلِيغُ وَالْإِنْذَارُ وَالصَّبْرُ عَلَى أَذَى الْكُفَّارِ تَأَلُّفًا لَهُمْ ثُمَّ أَذِنَ اللَّهُ بَعْدَهَا لِلْمُسْلِمِينَ فِي الْقِتَالِ بَعْدَ نَهْيِهِ عَنْهُ فِي نَيِّفٍ وَسَبْعِينَ آيَةً إِذَا ابْتَدَأَهُمُ الْكُفَّارُ بِهِ ثُمَّ أَبَاحَ الِابْتِدَاءَ بِهِ فِي غَيْرِ الْأَشْهُرِ الْحُرُمِ فِي السَّنَةِ الثَّانِيَةِ بَعْدَ الْفَتْحِ أَمَرَ بِهِ عَلَى الْإِطْلَاقِ بِقَوْلِهِ: {انْفِرُوا خِفَافًا وَثِقَالًا} {
لأن الذي يقيم الحد حاضر ضرورة فتعين صرف الأمر إلى غيره (ومتى رجع المقر بحد الزنا أو) حد (سرقة أو) حد (شرب قبل الحد عن إقراره بأن يقول كذبت في إقراري أو) يقول (لم أفعل ما أقررت به أو) يقول (رجعت عن إقراري ونحوه) فلم يصدر مني ما أقررت به (قبل منه) ,لِأَنَّ الَّذِي يُقِيمُ الْحَدَّ حَاضِرٌ ضَرُورَةً فَتَعَيَّنَ صَرْفُ الْأَمْرِ إِلَى غَيْرِهِ (وَمَتَى رَجَعَ الْمُقِرُّ بِحَدِّ الزِّنَا أَوْ) حَدِّ (سَرِقَةٍ أَوْ) حَدِّ (شُرْبٍ قَبْلَ الْحَدِّ عَنْ إِقْرَارِهِ بِأَنْ يَقُولَ كَذَبْتُ فِي إِقْرَارِي أَوْ) يَقُولُ (لَمْ أَفْعَل مَا أَقْرَرْتُ بِهِ أَوْ) يَقُولُ (رَجَعْتُ عَنْ إِقْرَارِي وَنَحْوَهُ) فَلَمْ يَصْدُرْ مِنِّي مَا أَقْرَرْتُ بِهِ (قُبِلَ مِنْهُ) ,لِأَنَّ الَّذِي يُقِيمُ الْحَدَّ حَاضِرٌ ضَرُورَةً فَتَعَيَّنَ صَرْفُ الْأَمْرِ إِلَى غَيْرِهِ (وَمَتَى رَجَعَ الْمُقِرُّ بِحَدِّ الزِّنَا أَوْ) حَدِّ (سَرِقَةٍ أَوْ) حَدِّ (شُرْبٍ قَبْلَ الْحَدِّ عَنْ إِقْرَارِهِ بِأَنْ يَقُولَ كَذَبْتُ فِي إِقْرَارِي أَوْ) يَقُولَ (لَمْ أَفْعَلْ مَا أَقْرَرْتُ بِهِ أَوْ) يَقُولَ (رَجَعْتُ عَنْ إِقْرَارِي وَنَحْوِهِ) فَلَمْ يَصْدُرْ مِنِّي مَا أَقْرَرْتُ بِهِ (قُبِلَ مِنْهُ)
ولا إلى الجداد، ولا إلى الدراس ولكن سم شهرا. ومن طريق ابن أبي شيبة أحدثنا محمد بن أبي عدي عن عبد الله بن عون سئل محمد بن سيرين عن البيع إلى العطاء؟ قال: لا أدري ما هو؟ ومن طريق ابن أبي شيبة أنا جرير عن منصور عن إبراهيم أنه كره الشراء إلى العطاء، ,وَلَا إِلَى الْجِدَادِ، وَلَا إِلَى الدِّرَاسِ وَلَكِنْ سَمِّ شَهْرًا. وَمِنْ طَرِيقِ ابْنِ أَبِي شَيْبَةَ أَحَدَّثَنَا مُحَمَّدُ بْنُ أَبِي عَدِيٍّ عَنْ عَبْدِ اللَّهِ بْنِ عَوْنٍ سُئِلَ مُحَمَّدُ بْنُ سِيرِينَ عَنِ الْبَيْعِ إِلَى الْعَطَاءِ؟ قَالَ: لَا أَدْرِي مَا هُوَ؟ وَمِنْ طَرِيقِ ابْنِ أَبِي شَيْبَةَ أَنَا جَرِيرٌ عَنْ مَنْصُورٍ عَنْ إِبْرَاهِيمَ أَنَّهُ كَرِهَ الشِّرَاءَ إِلَى الْعَطَاءِ، ,وَلَا إِلَى الْجِدَادِ، وَلَا إِلَى الدِّرَاسِ وَلَكِنْ سم شَهْرًا. وَمِنْ طَرِيقِ ابْنِ أَبِي شَيْبَةَ أَحَدَّثَنَا مُحَمَّدُ بْنُ أَبِي عَدِيٍّ عَنْ عَبْدِ اللَّهِ بْنِ عَوْنٍ سُئِلَ مُحَمَّدُ بْنُ سِيرِينَ عَنِ الْبَيْعِ إِلَى الْعَطَاءِ؟ قَالَ: لَا أَدْرِي مَا هُوَ؟ وَمِنْ طَرِيقِ ابْنِ أَبِي شَيْبَةَ أَنَا جَرِيرٌ عَنْ مَنْصُورٍ عَنْ إِبْرَاهِيمَ أَنَّهُ كَرِهَ الشِّرَاءَ إِلَى الْعَطَاءِ،
"حدثنا محمد بن جعفر حدثنا معمر أخبرنا ابن شهاب عن ابن المسيب عن أبي هريرة قال سئل رسول الله صلى الله عليه وسلم عن فأرة وقعت في سمن فماتت قال إن كان جامدا فخذوها وما حولها ثم كلوا ما بقي وإن كان مائعا فلا تأكلوه (12/100)
7178 - ","حَدَّثَنَا مُحَمَّدُ بْنُ جَعْفَرٍ حَدَّثَنَا مَعْمَرٌ أَخْبَرَنَا ابْنُ شِهَابٍ عَنِ ابْنِ الْمُسَيَّبِ عَنْ أَبِي هُرَيْرَةَ قَالَ سُئِلَ رَسُولُ اللَّهِ صَلَّى اللَّهُ عَلَيْهِ وَسَلَّمَ عَنْ فَأْرَةٍ وَقَعَتْ فِي سَمْنٍ فَمَاتَتْ قَالَ إِنْ كَانَ جَامِدًا فَخُذُوهَا وَمَا حَوْلَهَا ثُمَّ كُلُوا مَا بَقِيَ وَإِنْ كَانَ مَائِعًا فَلَا تَأْكُلُوهُ (12/100)
7178 - ","حَدَّثَنَا مُحَمَّدُ بْنُ جَعْفَرٍ حَدَّثَنَا مَعْمَرٌ أَخْبَرَنَا ابْنُ شِهَابٍ عَنِ ابْنِ الْمُسَيِّبِ عَنْ أَبِي هُرَيْرَةَ قَالَ سُئِلَ رَسُولُ اللَّهِ صَلَّى اللَّهُ عَلَيْهِ وَسَلَّمَ عَنْ فَأْرَةٍ وَقَعَتْ فِي سَمْنٍ فَمَاتَتْ قَالَ إِنْ كَانَ جَامِدًا فَخُذُوهَا وَمَا حَوْلَهَا ثُمَّ كُلُوا مَا بَقِيَ وَإِنْ كَانَ مَائِعًا فَلَا تَأْكُلُوهُ (12/100)
7178 -"
وإذا ضممت إلى عشرة آلاف ألفي درهم كان اثنا عشر ألفا وكان المضموم من هذه الجملة السدس فعرفنا أن العفو يصح في خمسة أسداس العبد مقدار ذلك ثمانمائة وثلاثة وثلاثون وثلث ويبطل في السدس فيفديه بسدس الدية، وذلك ألف وستمائة وستة وستون وثلثان فيحصل للورثة هذا القدر، ,وَإِذَا ضَمَمْت إِلَى عَشَرَةِ آلَافٍ أَلْفَيْ دِرْهَمٍ كَانَ اثْنَا عَشَرَ أَلْفًا وَكَانَ الْمَضْمُومُ مِنْ هَذِهِ الْجُمْلَةِ السُّدُسَ فَعَرَفْنَا أَنَّ الْعَفْوَ يَصِحُّ فِي خَمْسَةِ أَسْدَاسِ الْعَبْدِ مِقْدَارُ ذَلِكَ ثَمَانُمِائَةٍ وَثَلَاثَةٌ وَثَلَاثُونَ وَثُلُثٌ وَيَبْطُلُ فِي السُّدُسِ فَيَفْدِيهِ بِسُدُسِ الدِّيَةِ، وَذَلِكَ أَلْفٌ وَسِتُّمِائَةٍ وَسِتَّةٌ وَسِتُّونَ وَثُلُثَانِ فَيَحْصُلُ لِلْوَرَثَةِ هَذَا الْقَدْرُ، ,وَإِذَا ضَمَمْت إِلَى عَشَرَةِ آلَافٍ أَلْفَيْ دِرْهَمٍ كَانَ اثْنَا عَشَرَ أَلْفًا وَكَانَ الْمَضْمُومُ مِنْ هَذِهِ الْجُمْلَةِ السُّدُسَ فَعَرَفْنَا أَنَّ الْعَفْوَ يَصِحُّ فِي خَمْسَةِ أَسْدَاسِ الْعَبْدِ مِقْدَارُ ذَلِكَ ثَمَانُمِائَةٍ وَثَلَاثَةٌ وَثَلَاثُونَ وَثُلُثٌ وَيَبْطُلُ فِي السُّدُسِ فَيَفْدِيهِ بِسُدُسِ الدِّيَةِ، وَذَلِكَ أَلْفٌ وَسِتُّمِائَةٍ وَسِتَّةٌ وَسِتُّونَ وَثُلُثَانِ فَيَحْصُلُ لِلْوَرَثَةِ هَذَا الْقَدْرُ،
"وإن لم تكن الحوالة مقيدة بل كانت مطلقة بأن قال البائع للمشتري أحلت فلانا عليه بألف درهم لا تبطل الحوالة، وإن أثبت المشتري على المحيل أن الألف عليه كان ثمن خمر كذا في المحيط. (24/110)
","وَإِنْ لَمْ تَكُنِ الْحَوَالَةُ مُقَيَّدَةً بَلْ كَانَتْ مُطْلَقَةً بِأَنْ قَالَ الْبَائِعُ لِلْمُشْتَرِي أَحَلْت فُلَانًا عَلَيْهِ بِأَلْفِ دِرْهَمٍ لَا تَبْطُلُ الْحَوَالَةُ، وَإِنْ أَثْبَتَ الْمُشْتَرِي عَلَى الْمُحِيلِ أَنَّ الْأَلْفَ عَلَيْهِ كَانَ ثَمَنَ خَمْرٍ كَذَا فِي الْمُحِيطِ. (24/110)
",وَإِنْ لَمْ تَكُنِ الْحَوَالَةُ مُقَيَّدَةً بَلْ كَانَتْ مُطْلَقَةً بِأَنْ قَالَ الْبَائِعُ لِلْمُشْتَرِي أَحَلْت فُلَانًا عَلَيْهِ بِأَلْفِ دِرْهَمٍ لَا تَبْطُلُ الْحَوَالَةُ، وَإِنْ أَثْبَتَ الْمُشْتَرِي عَلَى الْمُحِيلِ أَنَّ الْأَلْفَ عَلَيْهِ كَانَ ثَمَنَ خَمْرٍ كَذَا فِي الْمُحِيطِ. (24/110)
"وأبي هريرة رضي الله عنهم {أن النبي صلى الله عليه وسلم كان إذا صلى على جنازة رفع يديه في أول تكبيرة ثم لا يعود} والرواية عن ابن عمر مضطربة فإنه روي عنه، وعن علي أنهما قالا: لا يرفع إلا عند تكبيرة الافتتاح، ولئن صحت فلا تعارض فعل النبي عليه الصلاة والسلام.
قال رحمه الله: (","وَأَبِي هُرَيْرَةَ رَضِيَ اللَّهُ عَنْهُمْ {أَنَّ النَّبِيَّ صَلَّى اللَّهُ عَلَيْهِ وَسَلَّمَ كَانَ إِذَا صَلَّى عَلَى جِنَازَةٍ رَفَعَ يَدَيْهِ فِي أَوَّلِ تَكْبِيرَةٍ ثُمَّ لَا يَعُودُ} وَالرِّوَايَةُ عَنِ ابْنِ عُمَرَ مُضْطَرِبَةٌ فَإِنَّهُ رُوِيَ عَنْهُ، وَعَنْ عَلِيٍّ أَنَّهُمَا قَالَا: لَا يَرْفَعُ إِلَّا عِنْدَ تَكْبِيرَةِ الِافْتِتَاحِ، وَلَئِنْ صَحَّتْ فَلَا تُعَارِضُ فِعْلَ النَّبِيِّ عَلَيْهِ الصَّلَاةُ وَالسَّلَامُ.
قَالَ رَحِمَهُ اللَّهُ: (","وَأَبِي هُرَيْرَةَ رَضِيَ اللَّهُ عَنْهُمْ {أَنَّ النَّبِيَّ صَلَّى اللَّهُ عَلَيْهِ وَسَلَّمَ كَانَ إِذَا صَلَّى عَلَى جِنَازَةٍ رَفَعَ يَدَيْهِ فِي أَوَّلِ تَكْبِيرَةٍ ثُمَّ لَا يَعُودُ} وَالرِّوَايَةُ عَنِ ابْنِ عُمَرَ مُضْطَرِبَةٌ فَإِنَّهُ رُوِيَ عَنْهُ، وَعَنْ عَلِيٍّ أَنَّهُمَا قَالَا: لَا يَرْفَعُ إِلَّا عِنْدَ تَكْبِيرَةِ الِافْتِتَاحِ، وَلَئِنْ صَحَّتْ فَلَا تَعَارُضَ فِعْلُ النَّبِيِّ عَلَيْهِ الصَّلَاةُ وَالسَّلَامُ.
قَالَ رَحِمَهُ اللَّهُ: ("
ويشترط للزنا) واللواط وإتيان البهيمة ووطء الميتة (أربعة رجال) بالنسبة للحد أو التعزير لقوله تعالى {ثم لم يأتوا بأربعة شهداء} ,وَيُشْتَرَطُ لِلزِّنَا) وَاللِّوَاطِ وَإِتْيَانِ الْبَهِيمَةِ وَوَطْءِ الْمَيِّتَةِ (أَرْبَعَةُ رِجَالٍ) بِالنِّسْبَةِ لِلْحَدِّ أَوِ التَّعْزِيرِ لِقَوْلِهِ تَعَالَى {ثُمَّ لَمْ يَأْتُوا بِأَرْبَعَةِ شُهَدَاءَ} ,وَيُشْتَرَطُ لِلزِّنَا) وَاللِّوَاطِ وَإِتْيَانِ الْبَهِيمَةِ وَوَطْءِ الْمَيِّتَةِ (أَرْبَعَةُ رِجَالٍ) بِالنِّسْبَةِ لِلْحَدِّ أَوِ التَّعْزِيرِ لِقَوْلِهِ تَعَالَى {ثُمَّ لَمْ يَأْتُوا بِأَرْبَعَةِ شُهَدَاءَ}
من تحتم وصلب وقطع رجل وكذا يد كما شمل ذلك كلامه؛ لأن المختص به القاطع اجتماع قطعهما فهما عقوبة واحدة إذا سقط بعضها سقط كلها (بتوبته) عن قطع الطريق (قبل القدرة عليه) لقوله تعالى {إلا الذين تابوا} ,مِنْ تَحَتُّمٍ وَصَلْبٍ وَقَطْعِ رِجْلٍ وَكَذَا يَدٍ كَمَا شَمَلَ ذَلِكَ كَلَامُهُ؛ لِأَنَّ الْمُخْتَصَّ بِهِ الْقَاطِعُ اجْتِمَاعُ قَطْعِهِمَا فَهُمَا عُقُوبَةٌ وَاحِدَةٌ إِذَا سَقَطَ بَعْضُهَا سَقَطَ كُلُّهَا (بِتَوْبَتِهِ) عَنْ قَطْعِ الطَّرِيقِ (قَبْلَ الْقُدْرَةِ عَلَيْهِ) لِقَوْلِهِ تَعَالَى {إِلَّا الَّذِينَ تَابُوا} ,مِنْ تَحَتُّمٍ وَصَلْبٍ وَقَطْعِ رِجْلٍ وَكَذَا يَدٍ كَمَا شَمِلَ ذَلِكَ كَلَامُهُ؛ لِأَنَّ الْمُخْتَصَّ بِهِ الْقَاطِعُ اجْتِمَاعُ قَطْعِهِمَا فَهُمَا عُقُوبَةٌ وَاحِدَةٌ إِذَا سَقَطَ بَعْضُهَا سَقَطَ كُلُّهَا (بِتَوْبَتِهِ) عَنْ قَطْعِ الطَّرِيقِ (قَبْلَ الْقُدْرَةِ عَلَيْهِ) لِقَوْلِهِ تَعَالَى {إِلَّا الَّذِينَ تَابُوا}
أي صلاة الجمعة بالنظر للوجه الأول ويوم الجمعة بالنظر للوجهين الأخيرين عبارة شيخنا وإنما سمي اليوم بذلك لما جمع فيه من الخير وقيل: لأنه جمع فيه خلق آدم عليه السلام وقيل لاجتماعه فيه مع حواء في الأرض بسرنديب على الراجح بعد أربعين يوما وقيل غير ذلك وكان يسمى في الجاهلية يوم العروبة أي البين المعظم، ,أَيْ صَلَاةُ الْجُمُعَةِ بِالنَّظَرِ لِلْوَجْهِ الْأَوَّلِ وَيَوْمُ الْجُمُعَةِ بِالنَّظَرِ لِلْوَجْهَيْنِ الْأَخِيرَيْنِ عِبَارَةُ شَيْخِنَا وَإِنَّمَا سُمِّيَ الْيَوْمُ بِذَلِكَ لِمَا جُمِعَ فِيهِ مِنَ الْخَيْرِ وَقِيلَ: لِأَنَّهُ جُمِعَ فِيهِ خَلْقُ آدَمَ عَلَيْهِ السَّلَامُ وَقِيلَ لِاجْتِمَاعِهِ فِيهِ مَعَ حَوَّاءَ فِي الْأَرْضِ بِسَرَنْدِيبَ عَلَى الرَّاجِحِ بَعْدَ أَرْبَعِينَ يَوْمًا وَقِيلَ غَيْرُ ذَلِكَ وَكَانَ يُسَمَّى فِي الْجَاهِلِيَّةِ يَوْمَ الْعُرُوبَةِ أَيِ الْبَيِّنِ الْمُعَظَّمِ، ,أَيْ صَلَاةُ الْجُمُعَةِ بِالنَّظَرِ لِلْوَجْهِ الْأَوَّلِ وَيَوْمُ الْجُمُعَةِ بِالنَّظَرِ لِلْوَجْهَيْنِ الْأَخِيرَيْنِ عِبَارَةُ شَيْخِنَا وَإِنَّمَا سُمِّيَ الْيَوْمُ بِذَلِكَ لِمَا جُمِعَ فِيهِ مِنَ الْخَيْرِ وَقِيلَ: لِأَنَّهُ جُمِعَ فِيهِ خَلْقُ آدَمَ عَلَيْهِ السَّلَامُ وَقِيلَ لِاجْتِمَاعِهِ فِيهِ مَعَ حَوَّاءَ فِي الْأَرْضِ بِسُرَنْدِيبَ عَلَى الرَّاجِحِ بَعْدَ أَرْبَعِينَ يَوْمًا وَقِيلَ غَيْرُ ذَلِكَ وَكَانَ يُسَمَّى فِي الْجَاهِلِيَّةِ يَوْمَ الْعُرُوبَةِ أَيِ الْبَيْنَ الْمُعَظَّمِ،
ظاهر كلامه أنه يراعى فيما ينفقه العرف ابتداء وقال الحطاب قوله بالعرف هذا بعد الوقوع، وأما أولا فينبغي أن يبين النفقة وإليه يشير الشارح بقوله: وتكون تلك النفقة إلخ، واعلم أن المراد بالعرف ما لا بد له منه مما يصلحه كما في الشارح، وفي الحطاب أنه ينفق نفقة مثله (قوله: ,ظَاهِرُ كَلَامِهِ أَنَّهُ يُرَاعَى فِيمَا يُنْفِقُهُ الْعُرْفُ ابْتِدَاءً وَقَالَ الْحَطَّابُ قَوْلُهُ بِالْعُرْفِ هَذَا بَعْدَ الْوُقُوعِ، وَأَمَّا أَوَّلًا فَيَنْبَغِي أَنْ يُبَيِّنَ النَّفَقَةَ وَإِلَيْهِ يُشِيرُ الشَّارِحُ بِقَوْلِهِ: وَتَكُونُ تِلْكَ النَّفَقَةُ إِلَخْ، وَاعْلَمْ أَنَّ الْمُرَادَ بِالْعُرْفِ مَا لَا بُدَّ لَهُ مِنْهُ مِمَّا يُصْلِحُهُ كَمَا فِي الشَّارِحِ، وَفِي الْحَطَّابِ أَنَّهُ يُنْفِقُ نَفَقَةَ مِثْلِهِ (قَوْلُهُ: ,ظَاهِرُ كَلَامِهِ أَنَّهُ يُرَاعَى فِيمَا يُنْفِقُهُ الْعُرْفُ ابْتِدَاءً وَقَالَ الْحَطَّابُ قَوْلُهُ بِالْعُرْفِ هَذَا بَعْدَ الْوُقُوعِ، وَأَمَّا أَوَّلًا فَيَنْبَغِي أَنْ يُبَيِّنَ النَّفَقَةَ وَإِلَيْهِ يُشِيرُ الشَّارِحُ بِقَوْلِهِ: وَتَكُونُ تِلْكَ النَّفَقَةُ إِلَخْ، وَاعْلَمْ أَنَّ الْمُرَادَ بِالْعُرْفِ مَا لَا بُدَّ لَهُ مِنْهُ مِمَّا يُصْلِحُهُ كَمَا فِي الشَّارِحِ، وَفِي الْحَطَّابِ أَنَّهُ يُنْفِقُ نَفَقَةَ مِثْلِهِ (قَوْلُهُ:
وكيف يؤثر عاقل لذة ساعة على فوات نعيم من صفته ما لا عين رأت ولا أذن سمعت ولا خطر على قلب بشر ؟ نسأل الله الجنة لنا ولإخواننا المسلمين، وليته فات حسب بل مع فواته يحصل له ضعف في القلب ووهن في البدن وسواد في الوجه وضيق في الرزق وبغضة في قلوب الناس كما قاله الحسن البصري، ,وَكَيْفَ يُؤْثِرُ عَاقِلٌ لَذَّةَ سَاعَةٍ عَلَى فَوَاتِ نَعِيمٍ مِنْ صِفَتِهِ مَا لَا عَيْنٌ رَأَتْ وَلَا أُذُنٌ سَمِعَتْ وَلَا خَطَرَ عَلَى قَلْبِ بَشَرٍ ؟ نَسْأَلُ اللَّهَ الْجَنَّةَ لَنَا وَلِإِخْوَانِنَا الْمُسْلِمِينَ، وَلَيْتَهُ فَاتَ حَسْبُ بَلْ مَعَ فَوَاتِهِ يَحْصُلُ لَهُ ضَعْفٌ فِي الْقَلْبِ وَوَهَنٌ فِي الْبَدَن وَسَوَادٌ فِي الْوَجْهِ وَضِيقٌ فِي الرِّزْقِ وَبَغْضَةٌ فِي قُلُوبِ النَّاسِ كَمَا قَالَهُ الْحَسَنُ الْبَصْرِيُّ، ,وَكَيْفَ يُؤَثِّرُ عَاقِلٌ لَذَّةَ سَاعَةٍ عَلَى فَوَاتِ نَعِيمٍ مِنْ صِفَتِهِ مَا لَا عَيْنٌ رَأَتْ وَلَا أُذُنٌ سَمِعَتْ وَلَا خَطَرٌ عَلَى قَلْبِ بَشَرٍ ؟ نَسْأَلُ اللَّهَ الْجَنَّةَ لَنَا وَلِإِخْوَانِنَا الْمُسْلِمِينَ، وَلَيْتَهُ فَاتَ حَسْبُ بَلْ مَعَ فَوَاتِهِ يَحْصُلُ لَهُ ضَعْفٌ فِي الْقَلْبِ وَوَهَنٌ فِي الْبَدَنِ وَسَوَادٌ فِي الْوَجْهِ وَضِيقٌ فِي الرِّزْقِ وَبَغْضَةٌ فِي قُلُوبِ النَّاسِ كَمَا قَالَهُ الْحَسَنُ الْبَصْرِيُّ،
أي دون القارن زيادة عما تقدم ستة شروط (أن يحرم بالعمرة في أشهر الحج) لقوله تعالى: {فمن تمتع بالعمرة إلى الحج} (وأن يحج من عامه) ,أَيْ دُونَ الْقَارِنِ زِيَادَةً عَمَّا تَقَدَّمَ سِتَّةُ شُرُوطٍ (أَنْ يُحْرِمَ بِالْعُمْرَةِ فِي أَشْهُرِ الْحَجِّ) لِقَوْلِهِ تَعَالَى: {فَمَنْ تَمَتَّعَ بِالْعُمْرَةِ إِلَى الْحَجِّ} (وَأَنْ يَحُجَّ مِنْ عَامِهِ) ,أَيْ دُونَ الْقَارِنِ زِيَادَةً عَمَّا تَقَدَّمَ سِتَّةُ شُرُوطٍ (أَنْ يُحْرِمَ بِالْعُمْرَةِ فِي أَشْهُرِ الْحَجِّ) لِقَوْلِهِ تَعَالَى: {فَمَنْ تَمَتَّعَ بِالْعُمْرَةِ إِلَى الْحَجِّ} (وَأَنْ يَحُجَّ مِنْ عَامِهِ)
"وترديده صلى الله عليه وسلم على ماعز أربعا؛ لأنه شك في أمره ولهذا {قال أبك جنون} فاستثبت فيه ولهذا لم (38/360)
يكرر إقرار الغامدية وعلم من كلامه السابق في اللعان ثبوته أيضا عليها بلعانه دونها والآتي في القضاء أن القاضي لا يحكم فيه بعلمه نعم للسيد استيفاؤه من قنه بعلمه لمصلحة تأديبه
الشرح.
(قوله:؛ ","وَتَرْدِيدُهُ صَلَّى اللَّهُ عَلَيْهِ وَسَلَّمَ عَلَى مَاعِزٍ أَرْبَعًا؛ لِأَنَّهُ شَكَّ فِي أَمْرِهِ وَلِهَذَا {قَالَ أَبِكَ جُنُونٌ} فَاسْتَثْبَتَ فِيهِ وَلِهَذَا لَمْ (38/360)
يُكَرِّرْ إِقْرَارَ الْغَامِدِيَّةِ وَعُلِمَ مِنْ كَلَامِهِ السَّابِقِ فِي اللِّعَانِ ثُبُوتُهُ أَيْضًا عَلَيْهَا بِلِعَانِهِ دُونَهَا وَالْآتِي فِي الْقَضَاءِ أَنَّ الْقَاضِيَ لَا يَحْكُمُ فِيهِ بِعِلْمِهِ نَعَمْ لِلسَّيِّدِ اسْتِيفَاؤُهُ مِنْ قِنِّهِ بِعِلْمِهِ لِمَصْلَحَةِ تَأْدِيبِهِ
الشَّرْحُ.
(قَوْلُهُ:؛ ","وَتَرْدِيدُهُ صَلَّى اللَّهُ عَلَيْهِ وَسَلَّمَ عَلَى مَاعِزٍ أَرْبَعًا؛ لِأَنَّهُ شَكَّ فِي أَمْرِهِ وَلِهَذَا {قَالَ أَبِكَ جُنُونٌ} فَاسْتُثْبِتَ فِيهِ وَلِهَذَا لَمْ (38/360)
يُكَرِّرْ إِقْرَارَ الْغَامِدِيَّةِ وَعُلِمَ مِنْ كَلَامِهِ السَّابِقِ فِي اللِّعَانِ ثُبُوتُهُ أَيْضًا عَلَيْهَا بِلِعَانِهِ دُونَهَا وَالْآتِي فِي الْقَضَاءِ أَنَّ الْقَاضِيَ لَا يَحْكُمُ فِيهِ بِعِلْمِهِ نَعَمْ لِلسَّيِّدِ اسْتِيفَاؤُهُ مِنْ قِنِّهِ بِعِلْمِهِ لِمَصْلَحَةِ تَأْدِيبِهِ
الشَّرْحُ.
(قَوْلُهُ:؛"
لكن الذي ذكره أصحاب المتون في كتاب الحظر والإباحة أن الذمي لا يمنع من دخول المسجد الحرام وغيره وذكر الشارح هناك أن قول محمد والشافعي وأحمد المنع من المسجد الحرام فالظاهر أن ما في السير الكبير هو قول محمد وحده دون الإمام، وأن أصحاب المتون على قول الإمام، ومعلوم أن المتون موضوعة لنقل ما هو المذهب، ,لَكِنِ الَّذِي ذَكَرَهُ أَصْحَابُ الْمُتُونِ فِي كِتَابِ الْحَظْرِ وَالْإِبَاحَةِ أَنَّ الذِّمِّيَّ لَا يُمْنَعُ مِنْ دُخُولِ الْمَسْجِدِ الْحَرَامِ وَغَيْرِهِ وَذَكَرَ الشَّارِحُ هُنَاكَ أَنَّ قَوْلَ مُحَمَّدٍ وَالشَّافِعِيِّ وَأَحْمَدَ الْمَنْعُ مِنَ الْمَسْجِدِ الْحَرَامِ فَالظَّاهِرُ أَنَّ مَا فِي السِّيَرِ الْكَبِيرِ هُوَ قَوْلُ مُحَمَّدٍ وَحْدَهُ دُونَ الْإِمَامِ، وَأَنَّ أَصْحَابَ الْمُتُونِ عَلَى قَوْلِ الْإِمَامِ، وَمَعْلُومٌ أَنَّ الْمُتُونَ مَوْضُوعَةٌ لِنَقْلِ مَا هُوَ الْمَذْهَبُ، ,لَكِنَّ الَّذِي ذَكَرَهُ أَصْحَابُ الْمُتُونِ فِي كِتَابِ الْحَظْرِ وَالْإِبَاحَةِ أَنَّ الذِّمِّيَّ لَا يُمْنَعُ مِنْ دُخُولِ الْمَسْجِدِ الْحَرَامِ وَغَيْرِهِ وَذَكَرَ الشَّارِحُ هُنَاكَ أَنَّ قَوْلَ مُحَمَّدٍ وَالشَّافِعِيِّ وَأَحْمَدَ الْمَنْعُ مِنَ الْمَسْجِدِ الْحَرَامِ فَالظَّاهِرُ أَنَّ مَا فِي السِّيَرِ الْكَبِيرِ هُوَ قَوْلُ مُحَمَّدٍ وَحْدَهُ دُونَ الْإِمَامِ، وَأَنَّ أَصْحَابَ الْمُتُونِ عَلَى قَوْلِ الْإِمَامِ، وَمَعْلُومٌ أَنَّ الْمُتُونَ مَوْضُوعَةٌ لِنَقْلِ مَا هُوَ الْمَذْهَبُ،
له من حين الجعل (في الأصح) كما لو أنشأ السفر بقصد المعصية، فإن تاب قصر جزما كما في قوله (ولو أنشأه عاصيا) به (ثم تاب) توبة صحيحة (فمنشأ السفر من حين التوبة) ، ,لَهُ مِنْ حِينِ الْجَعْلِ (فِي الْأَصَحِّ) كَمَا لَوْ أَنْشَأَ السَّفَرَ بِقَصْدِ الْمَعْصِيَةِ، فَإِنْ تَابَ قَصَرَ جَزْمًا كَمَا فِي قَوْلِهِ (وَلَوْ أَنْشَأَهُ عَاصِيًا) بِهِ (ثُمَّ تَابَ) تَوْبَةً صَحِيحَةً (فَمَنْشَأُ السَّفَرِ مِنْ حِينِ التَّوْبَةِ) ، ,لَهُ مِنْ حِينِ الْجُعْلِ (فِي الْأَصَحِّ) كَمَا لَوْ أَنْشَأَ السَّفَرَ بِقَصْدِ الْمَعْصِيَةِ، فَإِنْ تَابَ قَصَرَ جَزْمًا كَمَا فِي قَوْلِهِ (وَلَوْ أَنْشَأَهُ عَاصِيًا) بِهِ (ثُمَّ تَابَ) تَوْبَةً صَحِيحَةً (فَمَنْشَأُ السَّفَرِ مِنْ حِينِ التَّوْبَةِ) ،
وإن قتله المولى فعليه قيمته، وكانت قصاصا بالكتابة إن كانت قد حلت أو رضيت هي بالقصاص إن لم تكن حلت ثم ترجع على الزوج بحصته إذا حلت الكتابة، وإن كان في القيمة فضل على الكتابة فذلك الفضل، وما ترك الولد من مال فهو للأم دون الأب، ,وَإِنْ قَتَلَهُ الْمَوْلَى فَعَلَيْهِ قِيمَتُهُ، وَكَانَتْ قِصَاصًا بِالْكِتَابَةِ إِنْ كَانَتْ قَدْ حَلَّتْ أَوْ رَضِيَتْ هِيَ بِالْقِصَاصِ إِنْ لَمْ تَكُنْ حَلَّتْ ثُمَّ تَرْجِعُ عَلَى الزَّوْجِ بِحِصَّتِهِ إِذَا حَلَّتِ الْكِتَابَةُ، وَإِنْ كَانَ فِي الْقِيمَةِ فَضْلٌ عَلَى الْكِتَابَةِ فَذَلِكَ الْفَضْلُ، وَمَا تَرَكَ الْوَلَدُ مِنْ مَالٍ فَهُوَ لِلْأُمِّ دُونَ الْأَبِ، ,وَإِنْ قَتَلَهُ الْمَوْلَى فَعَلَيْهِ قِيمَتُهُ، وَكَانَتْ قِصَاصًا بِالْكِتَابَةِ إِنْ كَانَتْ قَدْ حَلَّتْ أَوْ رَضِيَتْ هِيَ بِالْقِصَاصِ إِنْ لَمْ تَكُنْ حَلَّتْ ثُمَّ تَرْجِعُ عَلَى الزَّوْجِ بِحِصَّتِهِ إِذَا حَلَّتِ الْكِتَابَةُ، وَإِنْ كَانَ فِي الْقِيمَةِ فَضْلٌ عَلَى الْكِتَابَةِ فَذَلِكَ الْفَضْلُ، وَمَا تَرَكَ الْوَلَدُ مِنْ مَالٍ فَهُوَ لِلْأُمِّ دُونَ الْأَبِ،
وعبارته ثم بعد قول المتن وفي المقرض أهلية تبرع: أما الحاكم فيجوز له من غير ضرورة لكثرة أشغاله خلافا للسبكي بشرط يسار المقرض وأمانته وعدم الشبهة في ماله إن سلم منها مال المولى عليه، والإشهاد عليه ويأخذ رهنا إن رأى ذلك فقيد بما إذا رأى ذلك وعمم عدم أخذه هنا، ,وَعِبَارَتُهُ ثُمَّ بَعْدَ قَوْلِ الْمَتْنِ وَفِي الْمُقْرِضِ أَهْلِيَّةُ تَبَرُّعٍ: أَمَّا الْحَاكِمُ فَيَجُوزُ لَهُ مِنْ غَيْرِ ضَرُورَةٍ لِكَثْرَةِ أَشْغَالِهِ خِلَافًا لِلسُّبْكِيِّ بِشَرْطِ يَسَارِ الْمُقْرِضِ وَأَمَانَتِهِ وَعَدَمِ الشُّبْهَةِ فِي مَالِهِ إِنْ سَلَّمَ مِنْهَا مَالَ الْمَوْلَى عَلَيْهِ، وَالْإِشْهَادُ عَلَيْهِ وَيَأْخُذُ رَهْنًا إِنْ رَأَى ذَلِكَ فَقُيِّدَ بِمَا إِذَا رَأَى ذَلِكَ وَعُمِّمَ عَدَمُ أَخْذِهِ هُنَا، ,وَعِبَارَتُهُ ثُمَّ بَعْدَ قَوْلِ الْمَتْنِ وَفِي الْمُقْرِضِ أَهْلِيَّةُ تَبَرُّعٍ: أَمَّا الْحَاكِمُ فَيَجُوزُ لَهُ مِنْ غَيْرِ ضَرُورَةٍ لِكَثْرَةِ أَشْغَالِهِ خِلَافًا لِلسُّبْكِيِّ بِشَرْطِ يَسَارِ الْمُقْرِضِ وَأَمَانَتِهِ وَعَدَمِ الشُّبْهَةِ فِي مَالِهِ إِنْ سَلِمَ مِنْهَا مَالُ الْمُوَلَّى عَلَيْهِ، وَالْإِشْهَادُ عَلَيْهِ وَيَأْخُذُ رَهْنًا إِنْ رَأَى ذَلِكَ فَقَيَّدَ بِمَا إِذَا رَأَى ذَلِكَ وَعَمَّمَ عَدَمَ أَخْذِهِ هُنَا،
"وإن ضاع فلا شيء عليه؛ لأن الوديعة أمانة.
الشرح
(16/426)
(قوله: ومن وضع درهما عند بقال إلخ) قال الكرخي في مختصره في كتاب الصرف وكل قرض جر منفعة لا يجوز مثل أن يقرض دراهم غلة على أن يعطيه صحاحا أو يقرض قرضا على أن يبيع به بيعا؛ لأنه روي أن كل قرض جر منفعة فهو ربا، ","وَإِنْ ضَاعَ فَلَا شَيْءَ عَلَيْهِ؛ لِأَنَّ الْوَدِيعَةَ أَمَانَةٌ.
الشَّرْحُ
(16/426)
(قَوْلُهُ: وَمَنْ وَضَعَ دِرْهَمًا عِنْدَ بَقَّالٍ إِلَخْ) قَالَ الْكَرْخِيُّ فِي مُخْتَصَرِهِ فِي كِتَابِ الصَّرْفِ وَكُلُّ قَرْضٍ جَرَّ مَنْفَعَةً لَا يَجُوزُ مِثْلَ أَنْ يُقْرِضَ دَرَاهِمَ غَلَّةٍ عَلَى أَنْ يُعْطِيَهُ صِحَاحًا أَوْ يُقْرِضَ قَرْضًا عَلَى أَنْ يَبِيعَ بِهِ بَيْعًا؛ لِأَنَّهُ رُوِيَ أَنَّ كُلَّ قَرْضٍ جَرَّ مَنْفَعَةً فَهُوَ رِبًا، ","وَإِنْ ضَاعَ فَلَا شَيْءَ عَلَيْهِ؛ لِأَنَّ الْوَدِيعَةَ أَمَانَةٌ.
الشَّرْحُ
(16/426)
(قَوْلُهُ: وَمَنْ وَضَعَ دِرْهَمًا عِنْدَ بَقَّالٍ إِلَخْ) قَالَ الْكَرْخِيُّ فِي مُخْتَصَرِهِ فِي كِتَابِ الصَّرْفِ وَكُلُّ قَرْضٍ جَرَّ مَنْفَعَةً لَا يَجُوزُ مِثْلُ أَنْ يُقْرِضَ دَرَاهِمَ غَلَّةً عَلَى أَنْ يُعْطِيَهُ صِحَاحًا أَوْ يُقْرِضَ قَرْضًا عَلَى أَنْ يَبِيعَ بِهِ بَيْعًا؛ لِأَنَّهُ رُوِيَ أَنَّ كُلَّ قَرْضٍ جَرَّ مَنْفَعَةً فَهُوَ رِبًا،"
من كان في سفينة لا يقدر أن يخرج منها صلى على حسب حاله فيها، وكلما دارت انحرف إلى القبلة في الفرض، ,مَنْ كَانَ فِي سَفِينَةٍ لَا يَقْدِرُ أَنْ يَخْرُجَ مِنْهَا صَلَّى عَلَى حَسَبِ حَالِهِ فِيهَا، وَكُلَّمَا دَارَتِ انْحَرَفَ إِلَى الْقِبْلَةِ فِي الْفَرْضَ، ,مَنْ كَانَ فِي سَفِينَةٍ لَا يَقْدِرُ أَنْ يَخْرُجَ مِنْهَا صَلَّى عَلَى حَسَبِ حَالِهِ فِيهَا، وَكُلَّمَا دَارَتِ انْحَرَفَ إِلَى الْقِبْلَةِ فِي الْفَرْضِ،
والقدرة إنما تكون بنفسه أو بخلفه وقد انتفت بانتفائهما فانتفى الدين ضرورة، ومعنى قوله الدين هو الفعل حقيقة أن المقصود الفائدة الحاصلة منه هو فعل الأداء والدليل على ذلك وصفه بالوجوب، يقال دين واجب كما يقال الصلاة واجبة، والوصف بالوجوب حقيقة إنما هو في الأفعال فإن قلت: ,وَالْقُدْرَةُ إِنَّمَا تَكُونُ بِنَفْسِهِ أَوْ بِخَلَفِهِ وَقَدِ انْتَفَتْ بِانْتِفَائِهِمَا فَانْتَفَى الدَّيْنُ ضَرُورَةً، وَمَعْنَى قَوْلِهِ الدَّيْنُ هُوَ الْفِعْلُ حَقِيقَةً أَنَّ الْمَقْصُودَ الْفَائِدَةُ الْحَاصِلَةُ مِنْهُ هُوَ فِعْلُ الْأَدَاءِ وَالدَّلِيلُ عَلَى ذَلِكَ وَصْفُهُ بِالْوُجُوبِ، يُقَالُ دَيْنٌ وَاجِبٌ كَمَا يُقَالُ الصَّلَاةُ وَاجِبَةٌ، وَالْوَصْفُ بِالْوُجُوبِ حَقِيقَةٌ إِنَّمَا هُوَ فِي الْأَفْعَالِ فَإِنْ قُلْت: ,وَالْقُدْرَةُ إِنَّمَا تَكُونُ بِنَفْسِهِ أَوْ بِخَلَفِهِ وَقَدِ انْتَفَتْ بِانْتِفَائِهِمَا فَانْتَفَى الدَّيْنُ ضَرُورَةً، وَمَعْنَى قَوْلِهِ الدَّيْنُ هُوَ الْفِعْلُ حَقِيقَةً أَنَّ الْمَقْصُودَ الْفَائِدَةُ الْحَاصِلَةُ مِنْهُ هُوَ فِعْلُ الْأَدَاءِ وَالدَّلِيلُ عَلَى ذَلِكَ وَصْفُهُ بِالْوُجُوبِ، يُقَالُ دَيْنٌ وَاجِبٌ كَمَا يُقَالُ الصَّلَاةُ وَاجِبَةٌ، وَالْوَصْفُ بِالْوُجُوبِ حَقِيقَةً إِنَّمَا هُوَ فِي الْأَفْعَالِ فَإِنْ قُلْت:
"أن رسول الله صلى الله عليه وسلم حمى البقيع} وصوب فيه الباء قبل القاف وذكر عن عبد الحق أنه رآه بالنون واستطرد كلام اللغويين قال بعض تلامذته رحمه الله لم ير الشيخ رضي الله عنه كلام القاضي عياض في باب الأشربة وقد ذكر فيه اللغتين وقال إنه بالنون ولا وجه لمن رواه بالباء وذكر في المشارق خلافه رحمه الله. (2/331)
(","أَنَّ رَسُولَ اللَّهِ صَلَّى اللَّهُ عَلَيْهِ وَسَلَّمَ حَمَى الْبَقِيعَ} وَصَوَّبَ فِيهِ الْبَاءَ قَبْلَ الْقَافِ وَذَكَرَ عَنْ عَبْدِ الْحَقِّ أَنَّهُ رَآهُ بِالنُّونِ وَاسْتَطْرَدَ كَلَامَ اللُّغَوِيِّينَ قَالَ بَعْضُ تَلَامِذَتِهِ رَحِمَهُ اللَّهُ لَمْ يَرَ الشَّيْخُ رَضِيَ اللَّهُ عَنْهُ كَلَامَ الْقَاضِي عِيَاضٍ فِي بَابِ الْأَشْرِبَةِ وَقَدْ ذَكَرَ فِيهِ اللُّغَتَيْنِ وَقَالَ إِنَّهُ بِالنُّونِ وَلَا وَجْهَ لِمَنْ رَوَاهُ بِالْبَاءِ وَذَكَرَ فِي الْمَشَارِقِ خِلَافَهُ رَحِمَهُ اللَّهُ. (2/331)
(","أَنَّ رَسُولَ اللَّهِ صَلَّى اللَّهُ عَلَيْهِ وَسَلَّمَ حَمَى الْبَقِيعَ} وَصَوَّبَ فِيهِ الْبَاءَ قَبْلَ الْقَافِ وَذُكِرَ عَنْ عَبْدِ الْحَقِّ أَنَّهُ رَآهُ بِالنُّونِ وَاسْتَطْرَدَ كَلَامَ اللُّغَوِيِّينَ قَالَ بَعْضُ تَلَامِذَتِهِ رَحِمَهُ اللَّهُ لَمْ يَرَ الشَّيْخُ رَضِيَ اللَّهُ عَنْهُ كَلَامَ الْقَاضِي عِيَاضٍ فِي بَابِ الْأَشْرِبَةِ وَقَدْ ذَكَرَ فِيهِ اللُّغَتَيْنِ وَقَالَ إِنَّهُ بِالنُّونِ وَلَا وَجْهَ لِمَنْ رَوَاهُ بِالْبَاءِ وَذَكَرَ فِي الْمَشَارِقِ خِلَافَهُ رَحِمَهُ اللَّهُ. (2/331)
("
لأن قدرته إلخ قد يدل على المزاحمة فليتأمل (قوله وبطل ثبوت إعساره) لا ينبغي أن يفهم من بطلان ثبوت الإعسار بطلان الحجر أو انفكاكه فإنه لا وجه لذلك؛ ,لِأَنَّ قُدْرَتَهُ إِلَخْ قَدْ يَدُلُّ عَلَى الْمُزَاحَمَةِ فَلْيُتَأَمَّلْ (قَوْلُهُ وَبَطَلَ ثُبُوتُ إِعْسَارِهِ) لَا يَنْبَغِي أَنْ يُفْهَمَ مِنْ بُطْلَانِ ثُبُوتِ الْإِعْسَارِ بُطْلَانُ الْحَجْرِ أَوِ انْفِكَاكُهُ فَإِنَّهُ لَا وَجْهَ لِذَلِكَ؛ ,لِأَنَّ قُدْرَتَهُ إِلَخْ قَدْ يَدُلُّ عَلَى الْمُزَاحَمَةِ فَلْيُتَأَمَّلْ (قَوْلُهُ وَبَطَلَ ثُبُوتُ إِعْسَارِهِ) لَا يَنْبَغِي أَنْ يُفْهَمَ مِنْ بُطْلَانِ ثُبُوتِ الْإِعْسَارِ بُطْلَانُ الْحَجْرِ أَوِ انْفِكَاكُهُ فَإِنَّهُ لَا وَجْهَ لِذَلِكَ؛
ولو شرط أن لا يطأ أم ولد أو سرية لزم في السابقة منهما على الأصح (ش) صورة المسألة أنه شرط لزوجته عند عقد النكاح عليها أو شرط لزوجته التي هي في عصمته قبل ذلك أنه لا يطأ أم ولد أو سرية، وأنه إن فعل ذلك كانت الأمة حرة أو كانت الزوجة طالقة أو أمرها بيدها، ,وَلَوْ شَرَطَ أَنْ لَا يَطَأَ أُمَّ وَلَدٍ أَوْ سُرِّيَّةً لَزِمَ فِي السَّابِقَةِ مِنْهُمَا عَلَى الْأَصَحِّ (ش) صُورَةُ الْمَسْأَلَةِ أَنَّهُ شَرْطٌ لِزَوْجَتِهِ عِنْدَ عَقْدِ النِّكَاحِ عَلَيْهَا أَوْ شَرَطَ لِزَوْجَتِهِ الَّتِي هِيَ فِي عِصْمَتِهِ قَبْلَ ذَلِكَ أَنَّهُ لَا يَطَأُ أُمَّ وَلَدٍ أَوْ سُرِّيَّةً، وَأَنَّهُ إِنْ فَعَلَ ذَلِكَ كَانَتِ الْأَمَةُ حُرَّةً أَوْ كَانَتِ الزَّوْجَةُ طَالِقَةً أَوْ أَمْرُهَا بِيَدِهَا، ,وَلَوْ شَرَطَ أَنْ لَا يَطَأَ أُمَّ وَلَدٍ أَوْ سُرِّيَّةً لَزِمَ فِي السَّابِقَةِ مِنْهُمَا عَلَى الْأَصَحِّ (ش) صُورَةُ الْمَسْأَلَةِ أَنَّهُ شَرَطَ لِزَوْجَتِهِ عِنْدَ عَقْدِ النِّكَاحِ عَلَيْهَا أَوْ شَرَطَ لِزَوْجَتِهِ الَّتِي هِيَ فِي عِصْمَتِهِ قَبْلَ ذَلِكَ أَنَّهُ لَا يَطَأُ أُمَّ وَلَدٍ أَوْ سُرِّيَّةً، وَأَنَّهُ إِنْ فَعَلَ ذَلِكَ كَانَتِ الْأَمَةُ حُرَّةً أَوْ كَانَتِ الزَّوْجَةُ طَالِقَةً أَوْ أَمْرُهَا بِيَدِهَا،
"تسعة واثنا عشر تسقط التسعة من الاثني عشرة مرة يبقى ثلاثة تسقطها من التسعة ثلاث مرات تفنى فهما متوافقان بالثلث ومثال الثاني: سبعة وخمسون وستة وسبعون الباقي منه بعد طرح الأول تسعة عشر، تفني الأول في ثلاث مرات فهما متوافقان بجزء من تسعة عشر.
(وإن بقي) بعد الطرح المذكور (واحد) ","تِسْعَةٌ وَاثْنَا عَشَرَ تُسْقِطُ التِّسْعَةَ مِنَ الِاثْنَيْ عَشْرَةَ مَرَّةً يَبْقَى ثَلَاثَةٌ تُسْقِطُهَا مِنَ التِّسْعَةِ ثَلَاثَ مَرَّاتٍ تَفْنَى فَهُمَا مُتَوَافِقَانِ بِالثُّلُثِ وَمِثَالُ الثَّانِي: سَبْعَةٌ وَخَمْسُونَ وَسِتَّةٌ وَسَبْعُونَ الْبَاقِي مِنْهُ بَعْدَ طَرْحِ الْأَوَّلِ تِسْعَةَ عَشَرَ، تُفْنِي الْأَوَّل فِي ثَلَاثِ مَرَّاتٍ فَهُمَا مُتَوَافِقَانِ بِجُزْءٍ مِنْ تِسْعَةَ عَشَرَ.
(وَإِنْ بَقِيَ) بَعْدَ الطَّرْحِ الْمَذْكُورِ (وَاحِدٌ) ","تِسْعَةٌ وَاثْنَا عَشَرَ تَسْقُطُ التِّسْعَةُ مِنَ الِاثْنَيْ عَشْرَةَ مَرَّةً يَبْقَى ثَلَاثَةٌ تُسْقِطُهَا مِنَ التِّسْعَةِ ثَلَاثَ مَرَّاتٍ تَفْنَى فَهُمَا مُتَوَافِقَانِ بِالثُّلُثِ وَمِثَالُ الثَّانِي: سَبْعَةٌ وَخَمْسُونَ وَسِتَّةٌ وَسَبْعُونَ الْبَاقِي مِنْهُ بَعْدَ طَرْحِ الْأَوَّلِ تِسْعَةَ عَشَرَ، تُفْنِي الْأَوَّلَ فِي ثَلَاثِ مَرَّاتٍ فَهُمَا مُتَوَافِقَانِ بِجُزْءٍ مِنْ تِسْعَةَ عَشَرَ.
(وَإِنْ بَقِيَ) بَعْدَ الطَّرْحِ الْمَذْكُورِ (وَاحِدٌ)"
"إن لم تنقض المدة ولم يبادر المؤجر لانتزاع العين لتعذر الاستيفاء وإنما لم تنفسخ الإجارة لبقاء عين المعقود عليه (فإن أجاز) العقد (- والتقدير بالعمل - استوفاه حين يقدر) على (12/247)
العين (أو) والتقدير (بالزمان انفسخت) أي الإجارة (فيما انقضى منه) فتسقط حصته من المسمى واستعمل العين في الباقي (فإن لم ينفسخ فانقضت المدة انفسخت) ","إِنْ لَمْ تَنْقَضِ الْمُدَّةُ وَلَمْ يُبَادِرِ الْمُؤَجِّرُ لِانْتِزَاعِ الْعَيْنِ لِتَعَذُّرِ الِاسْتِيفَاءِ وَإِنَّمَا لَمْ تَنْفَسِخِ الْإِجَارَةُ لِبَقَاءِ عَيْنِ الْمَعْقُودِ عَلَيْهِ (فَإِنْ أَجَازَ) الْعَقْدَ (- وَالتَّقْدِيرُ بِالْعَمَلِ - اسْتَوْفَاهُ حِينَ يَقْدِرُ) عَلَى (12/247)
الْعَيْنِ (أَوْ) وَالتَّقْدِيرُ (بِالزَّمَانِ انْفَسَخَتْ) أَيِ الْإِجَارَةُ (فِيمَا انْقَضَى مِنْهُ) فَتَسْقُطُ حِصَّتُهُ مِنَ الْمُسَمَّى وَاسْتَعْمَلَ الْعَيْنَ فِي الْبَاقِي (فَإِنْ لَمْ يَنْفَسِخْ فَانْقَضَتِ الْمُدَّةُ انْفَسَخَتْ) ","إِنْ لَمْ تَنْقَضِ الْمُدَّةُ وَلَمْ يُبَادِرِ الْمُؤَجِّرُ لِانْتِزَاعِ الْعَيْنِ لِتَعَذُّرِ الِاسْتِيفَاءِ وَإِنَّمَا لَمْ تَنْفَسِخِ الْإِجَارَةُ لِبَقَاءِ عَيْنِ الْمَعْقُودِ عَلَيْهِ (فَإِنْ أَجَازَ) الْعَقْدَ (- وَالتَّقْدِيرُ بِالْعَمَلِ - اسْتَوْفَاهُ حِينَ يَقْدِرُ) عَلَى (12/247)
الْعَيْنِ (أَوْ) وَالتَّقْدِيرُ (بِالزَّمَانِ انْفَسَخَتْ) أَيِ الْإِجَارَةُ (فِيمَا انْقَضَى مِنْهُ) فَتَسْقُطُ حِصَّتُهُ مِنَ الْمُسَمَّى وَاسْتَعْمَلَ الْعَيْنَ فِي الْبَاقِي (فَإِنْ لَمْ يَنْفَسِخْ فَانْقَضَتِ الْمُدَّةُ انْفَسَخَتْ)"
وهو حد القذف فلا يخلو عن موجب ما إذا كان منه إما الأصل أو الخلف فكان فائدة تخصيص المرأة عدم وجوب شيء ما وهذا الذي ذكره خطأ فاحش لأن من شرط اللعان أن يكونا من أهل الشهادة لأنه شهادة عندنا على ما تقدم، وكونه ممن لا يحد قاذفه لا يخل بهذا الشرط لأن من لا يحد قاذفه، ,وَهُوَ حَدُّ الْقَذْفِ فَلَا يَخْلُو عَنْ مُوجَبِ مَا إِذَا كَانَ مِنْهُ إِمَّا الْأَصْلُ أَوِ الْخَلْفُ فَكَانَ فَائِدَةُ تَخْصِيصِ الْمَرْأَةِ عَدَمَ وُجُوبِ شَيْءٍ مَا وَهَذَا الَّذِي ذَكَرَهُ خَطَأٌ فَاحِشٌ لِأَنَّ مِنْ شَرْطِ اللِّعَانِ أَنْ يَكُونَا مِنْ أَهْلِ الشَّهَادَةِ لِأَنَّهُ شَهَادَةٌ عِنْدَنَا عَلَى مَا تَقَدَّمَ، وَكَوْنُهُ مِمَّنْ لَا يُحَدُّ قَاذِفُهُ لَا يَخْلُ بِهَذَا الشَّرْطِ لِأَنَّ مَنْ لَا يُحَدُّ قَاذِفُهُ، ,وَهُوَ حَدُّ الْقَذْفِ فَلَا يَخْلُو عَنْ مُوجِبٍ مَا إِذَا كَانَ مِنْهُ إِمَّا الْأَصْلُ أَوِ الْخَلَفُ فَكَانَ فَائِدَةُ تَخْصِيصِ الْمَرْأَةِ عَدَمَ وُجُوبِ شَيْءٍ مَا وَهَذَا الَّذِي ذَكَرَهُ خَطَأٌ فَاحِشٌ لِأَنَّ مِنْ شَرْطِ اللِّعَانِ أَنْ يَكُونَا مِنْ أَهْلِ الشَّهَادَةِ لِأَنَّهُ شَهَادَةٌ عِنْدَنَا عَلَى مَا تَقَدَّمَ، وَكَوْنُهُ مِمَّنْ لَا يُحَدُّ قَاذِفُهُ لَا يُخِلُّ بِهَذَا الشَّرْطِ لِأَنَّ مَنْ لَا يُحَدُّ قَاذِفُهُ،
"إنما الأعمال بالنيات} .
والصلاة أم الأعمال، ورأس العبادات، ومحل النية في الصلاة مع تكبيرة الإحرام؛ فإن الأفضل في كل نية بفعل أن تكون مع الفعل لا قبله؛ وإنما رخص في تقديم نية الصوم لأجل تعذر اقتران النية فيه بأول الفعل عند الفجر، لوجوده والناس في غفلة، ","إِنَّمَا الْأَعْمَالُ بِالنِّيَّاتِ} .
وَالصَّلَاةُ أُمُّ الْأَعْمَالِ، وَرَأْسُ الْعِبَادَاتِ، وَمَحَلُّ النِّيَّةِ فِي الصَّلَاةِ مَعَ تَكْبِيرَةِ الْإِحْرَامِ؛ فَإِنَّ الْأَفْضَلَ فِي كُلِّ نِيَّةٍ بِفِعْلٍ أَنْ تَكُونَ مَعَ الْفِعْلِ لَا قَبْلَهُ؛ وَإِنَّمَا رُخِّصَ فِي تَقْدِيمِ نِيَّةِ الصَّوْمِ لِأَجْلِ تَعَذُّرِ اقْتِرَانِ النِّيَّةِ فِيهِ بِأَوَّلِ الْفِعْلِ عِنْدَ الْفَجْرِ، لِوُجُودِهِ وَالنَّاسُ فِي غَفْلَةٍ، ","إِنَّمَا الْأَعْمَالُ بِالنِّيَّاتِ} .
وَالصَّلَاةُ أُمُّ الْأَعْمَالِ، وَرَأْسُ الْعِبَادَاتِ، وَمَحَلُّ النِّيَّةِ فِي الصَّلَاةِ مَعَ تَكْبِيرَةِ الْإِحْرَامِ؛ فَإِنَّ الْأَفْضَلَ فِي كُلِّ نِيَّةٍ بِفِعْلٍ أَنْ تَكُونَ مَعَ الْفِعْلِ لَا قَبْلَهُ؛ وَإِنَّمَا رُخِّصَ فِي تَقْدِيمِ نِيَّةِ الصَّوْمِ لِأَجْلِ تَعَذُّرِ اقْتِرَانِ النِّيَّةِ فِيهِ بِأَوَّلِ الْفِعْلِ عِنْدَ الْفَجْرِ، لِوُجُودِهِ وَالنَّاسُ فِي غَفْلَةٍ،"
"فإن مات أبو الفتح عبد الله.
جملة شرطية أيضا معطوفة على الشرطية التي قبلها وظاهر العطف بالفاء يقتضي تأخرها عن زمان ما قبلها، ولا يرد على هذا أن موت أبي الفتح عبد الله يفيد تأخيره عن انقراض نسله لأنا نقول: الشرط شيئان: ","فَإِنْ مَاتَ أَبُو الْفَتْحِ عَبْدُ اللَّهِ.
جُمْلَةٌ شَرْطِيَّةٌ أَيْضًا مَعْطُوفَةٌ عَلَى الشَّرْطِيَّةِ الَّتِي قَبْلَهَا وَظَاهِرُ الْعَطْفِ بِالْفَاءِ يَقْتَضِي تَأَخُّرَهَا عَنْ زَمَانِ مَا قَبْلَهَا، وَلَا يُرَدُّ عَلَى هَذَا أَنَّ مَوْتَ أَبِي الْفَتْحِ عَبْدِ اللَّهِ يُفِيدُ تَأْخِيرَهُ عَنِ انْقِرَاضِ نَسْلِهِ لِأَنَّا نَقُولُ: الشَّرْطُ شَيْئَانِ: ","فَإِنْ مَاتَ أَبُو الْفَتْحِ عَبْدُ اللَّهِ.
جُمْلَةٌ شَرْطِيَّةٌ أَيْضًا مَعْطُوفَةٌ عَلَى الشَّرْطِيَّةِ الَّتِي قَبْلَهَا وَظَاهِرُ الْعَطْفِ بِالْفَاءِ يَقْتَضِي تَأَخُّرَهَا عَنْ زَمَانِ مَا قَبْلَهَا، وَلَا يَرِدُ عَلَى هَذَا أَنَّ مَوْتَ أَبِي الْفَتْحِ عَبْدِ اللَّهِ يُفِيدُ تَأْخِيرَهُ عَنِ انْقِرَاضِ نَسْلِهِ لِأَنَّا نَقُولُ: الشَّرْطُ شَيْئَانِ:"
"ولو دفع إليه ألف درهم مضاربة وأمره أن يستدين على المال على أن ما رزق الله تعالى في ذلك من شيء فهو بينهما للمضارب ثلثاه ولرب المال ثلثه فاشترى المضارب بألف جارية تساوي ألفين واشترى على المضاربة غلاما بألف يساوي ألفين فباعهما جميعا بأربعة آلاف فإن ثمن الجارية يستوفي منه رب المال رأس ماله وما بقي فهو ربح بينهما على ما اشترطا ثلثاه للمضارب وثلثه لرب المال وأما ثمن الغلام فيؤدى منه ثمنه والباقي بينهما نصفان فإن كان أمره أن يستدين على المال على أن اشترى بالدين من شيء فلرب المال ثلثه وللمضارب ثلثاه على أن ما رزق الله تعالى في ذلك من شيء فهو بينهما نصفان فاشترى المضارب بالمضاربة جارية تساوي ألفين واشترى على المضاربة جارية بألف دينا تساوي (33/79)
","وَلَوْ دَفَعَ إِلَيْهِ أَلْفَ دِرْهَمٍ مُضَارَبَةً وَأَمَرَهُ أَنْ يَسْتَدِينَ عَلَى الْمَالِ عَلَى أَنَّ مَا رَزَقَ اللَّهُ تَعَالَى فِي ذَلِكَ مِنْ شَيْءٍ فَهُوَ بَيْنَهُمَا لِلْمُضَارِبِ ثُلُثَاهُ وَلِرَبِّ الْمَالِ ثُلُثُهُ فَاشْتَرَى الْمُضَارِبُ بِأَلْفٍ جَارِيَةً تُسَاوِي أَلْفَيْنِ وَاشْتَرَى عَلَى الْمُضَارَبَةِ غُلَامًا بِأَلْفٍ يُسَاوِي أَلْفَيْنِ فَبَاعَهُمَا جَمِيعًا بِأَرْبَعَةِ آلَافٍ فَإِنَّ ثَمَنَ الْجَارِيَةِ يَسْتَوْفِي مِنْهُ رَبُّ الْمَالِ رَأْسَ مَالِهِ وَمَا بَقِيَ فَهُوَ رِبْحٌ بَيْنَهُمَا عَلَى مَا اشْتَرَطَا ثُلُثَاهُ لِلْمُضَارِبِ وَثُلُثُهُ لِرَبِّ الْمَالِ وَأَمَّا ثَمَنُ الْغُلَامِ فَيُؤَدَّى مِنْهُ ثَمَنُهُ وَالْبَاقِي بَيْنَهُمَا نِصْفَانِ فَإِنْ كَانَ أَمَرَهُ أَنْ يَسْتَدِينَ عَلَى الْمَالِ عَلَى أَنِ اشْتَرَى بِالدَّيْنِ مِنْ شَيْءٍ فَلِرَبِّ الْمَالِ ثُلُثُهُ وَلِلْمُضَارِبِ ثُلُثَاهُ عَلَى أَنَّ مَا رَزَقَ اللَّهُ تَعَالَى فِي ذَلِكَ مِنْ شَيْءٍ فَهُوَ بَيْنَهُمَا نِصْفَانِ فَاشْتَرَى الْمُضَارِبُ بِالْمُضَارَبَةِ جَارِيَةً تُسَاوِي أَلْفَيْنِ وَاشْتَرَى عَلَى الْمُضَارَبَةِ جَارِيَةً بِأَلْفٍ دَيْنًا تُسَاوِي (33/79)
",وَلَوْ دَفَعَ إِلَيْهِ أَلْفَ دِرْهَمٍ مُضَارَبَةً وَأَمَرَهُ أَنْ يَسْتَدِينَ عَلَى الْمَالِ عَلَى أَنَّ مَا رَزَقَ اللَّهُ تَعَالَى فِي ذَلِكَ مِنْ شَيْءٍ فَهُوَ بَيْنَهُمَا لِلْمُضَارِبِ ثُلُثَاهُ وَلِرَبِّ الْمَالِ ثُلُثُهُ فَاشْتَرَى الْمُضَارِبُ بِأَلْفٍ جَارِيَةً تُسَاوِي أَلْفَيْنِ وَاشْتَرَى عَلَى الْمُضَارَبَةِ غُلَامًا بِأَلْفٍ يُسَاوِي أَلْفَيْنِ فَبَاعَهُمَا جَمِيعًا بِأَرْبَعَةِ آلَافٍ فَإِنَّ ثَمَنَ الْجَارِيَةِ يَسْتَوْفِي مِنْهُ رَبُّ الْمَالِ رَأْسَ مَالِهِ وَمَا بَقِيَ فَهُوَ رِبْحٌ بَيْنَهُمَا عَلَى مَا اشْتَرَطَا ثُلُثَاهُ لِلْمُضَارِبِ وَثُلُثُهُ لِرَبِّ الْمَالِ وَأَمَّا ثَمَنُ الْغُلَامِ فَيُؤَدَّى مِنْهُ ثَمَنُهُ وَالْبَاقِي بَيْنَهُمَا نِصْفَانِ فَإِنْ كَانَ أَمَرَهُ أَنْ يَسْتَدِينَ عَلَى الْمَالِ عَلَى أَنِ اشْتَرَى بِالدَّيْنِ مِنْ شَيْءٍ فَلِرَبِّ الْمَالِ ثُلُثُهُ وَلِلْمُضَارِبِ ثُلُثَاهُ عَلَى أَنَّ مَا رَزَقَ اللَّهُ تَعَالَى فِي ذَلِكَ مِنْ شَيْءٍ فَهُوَ بَيْنَهُمَا نِصْفَانِ فَاشْتَرَى الْمُضَارِبُ بِالْمُضَارَبَةِ جَارِيَةً تُسَاوِي أَلْفَيْنِ وَاشْت
وكذلك رواه عبد الملك بن أبى سليمان عن عطاء عن جابر عن عمر من قوله أخبرناه أبو سعيد بن أبى عمرو حدثنا أبو العباس: محمد بن يعقوب حدثنا الحسن بن علي بن عفان العامري الكوفي حدثنا أبو أسامة عن عبد الملك عن عطاء عن جابر قال: ,وَكَذَلِكَ رَوَاهُ عَبْدُ الْمَلِكِ بْنُ أَبِى سُلَيْمَانَ عَنْ عَطَاءٍ عَنْ جَابِرٍ عَنْ عُمَرَ مِنْ قَوْلِهِ أَخْبَرَنَاهُ أَبُو سَعِيدِ بْنُ أَبِى عَمْرٍو حَدَّثَنَا أَبُو الْعَبَّاسِ: مُحمَّدُ بْنُ يَعْقُوبَ حَدَّثَنَا الْحَسَنُ بْنُ عَلِيِّ بْنِ عَفَّانَ الْعَامِرِيُّ الْكُوفِيُّ حَدَّثَنَا أَبُو أُسَامَةَ عَنْ عَبْدِ الْمَلِكِ عَنْ عَطَاءٍ عَنْ جَابِرٍ قَالَ: ,وَكَذَلِكَ رَوَاهُ عَبْدُ الْمَلِكِ بْنُ أَبِى سُلَيْمَانَ عَنْ عَطَاءٍ عَنْ جَابِرٍ عَنْ عُمَرَ مِنْ قَوْلِهِ أَخْبَرَنَاهُ أَبُو سَعِيدِ بْنُ أَبِى عَمْرٍو حَدَّثَنَا أَبُو الْعَبَّاسِ: مُحَمَّدُ بْنُ يَعْقُوبَ حَدَّثَنَا الْحَسَنُ بْنُ عَلِيِّ بْنِ عَفَّانَ الْعَامِرِيُّ الْكُوفِيُّ حَدَّثَنَا أَبُو أُسَامَةَ عَنْ عَبْدِ الْمَلِكِ عَنْ عَطَاءٍ عَنْ جَابِرٍ قَالَ:
"وهي من ناحية الفرع فتلك المعادن لا يؤخذ منها إلا الزكاة إلى اليوم.
ورواه أبو داود والطبراني والحاكم، والبيهقي موصولا، وليست فيه الزيادة، قال الشافعي بعد أن روى حديث مالك: ليس هذا مما يثبته أهل الحديث، ","وَهِيَ مِنْ نَاحِيَةِ الْفَرْعِ فَتِلْكَ الْمَعَادِنُ لَا يُؤْخَذُ مِنْهَا إِلَّا الزَّكَاةُ إِلَى الْيَوْمِ.
وَرَوَاهُ أَبُو دَاوُدَ وَالطَّبَرَانِيُّ وَالْحَاكِمُ، وَالْبَيْهَقِيُّ مَوْصُولًا، وَلَيْسَتْ فِيهِ الزِّيَادَةُ، قَالَ الشَّافِعِيُّ بَعْدَ أَنْ رَوَى حَدِيثَ مَالِكٍ: لَيْسَ هَذَا مِمَّا يُثْبِتُهُ أَهْلُ الْحَدِيثِ، ","وَهِيَ مِنْ نَاحِيَةِ الْفَرْعِ فَتِلْكَ الْمَعَادِنُ لَا يُؤْخَذُ مِنْهَا إِلَّا الزَّكَاةُ إِلَى الْيَوْمِ.
وَرَوَاهُ أَبُو دَاوُدَ وَالطَّبَرَانِيُّ وَالْحَاكِمُ، وَالْبَيْهَقِيُّ مَوْصُولًا، وَلَيْسَتْ فِيهِ الزِّيَادَةُ، قَالَ الشَّافِعِيُّ بَعْدَ أَنْ رَوَى حَدِيثَ مَالِكٍ: لَيْسَ هَذَا مِمَّا يُثْبِتُهُ أَهْلُ الْحَدِيثِ،"
لا تثبت به حرمة المصاهرة، 18 - ولا يجب الحد به عند الإمام إلا إذا تكرر فيقتل على المفتى به، ولا يثبت به الإحصان ولا التحليل للزوج الأول ولا فيء للمولي، ولا يخرج به عن العنة، ولا تخرج به عن كونها بكرا فيكتفى بسكوتها، ,لَا تَثْبُتُ بِهِ حُرْمَةُ الْمُصَاهَرَةِ، 18 - وَلَا يَجِبُ الْحَدُّ بِهِ عِنْدَ الْإِمَامِ إِلَّا إِذَا تَكَرَّرَ فَيُقْتَلُ عَلَى الْمُفْتَى بِهِ، وَلَا يَثْبُتُ بِهِ الْإِحْصَانُ وَلَا التَّحْلِيلُ لِلزَّوْجِ الْأَوَّلِ وَلَا فَيْءَ لِلْمُولِي، وَلَا يَخْرُجُ بِهِ عَنِ الْعُنَّةِ، وَلَا تَخْرُجُ بِهِ عَنْ كَوْنِهَا بِكْرًا فَيُكْتَفَى بِسُكُوتِهَا، ,لَا تَثْبُتُ بِهِ حُرْمَةُ الْمُصَاهَرَةِ، 18 - وَلَا يَجِبُ الْحَدُّ بِهِ عِنْدَ الْإِمَامِ إِلَّا إِذَا تَكَرَّرَ فَيُقْتَلُ عَلَى الْمُفْتَى بِهِ، وَلَا يَثْبُتُ بِهِ الْإِحْصَانُ وَلَا التَّحْلِيلُ لِلزَّوْجِ الْأَوَّلِ وَلَا فَيْءَ لِلْمُولِي، وَلَا يَخْرُجُ بِهِ عَنِ الْعُنَّةِ، وَلَا تَخْرُجُ بِهِ عَنْ كَوْنِهَا بِكْرًا فَيُكْتَفَى بِسُكُوتِهَا،
"فقال أحمد هذا شيء لا يدرك ألقاهما في التهلكة فإنكاره لقول الحارث يدل على موافقته لقول الشعبي بوقوع الطلاق فيهما.
هذا هو الظاهر ذكره الشيخ تقي الدين وقال هو بناء على أنه حلف على ما لم يعلم صحته أو ما لا تدرك صحته فيحنث كقول مالك.
","فَقَالَ أَحْمَدُ هَذَا شَيْءٌ لَا يُدْرَكُ أَلْقَاهُمَا فِي التَّهْلُكَةِ فَإِنْكَارُهُ لِقَوْلِ الْحَارِثِ يَدُلُّ عَلَى مُوَافَقَتِهِ لِقَوْلِ الشَّعْبِيِّ بِوُقُوعِ الطَّلَاقِ فِيهِمَا.
هَذَا هُوَ الظَّاهِرُ ذَكَرَهُ الشَّيْخُ تَقِيُّ الدِّينِ وَقَالَ هُوَ بِنَاءً عَلَى أَنَّهُ حَلَفَ عَلَى مَا لَمْ يَعْلَمْ صِحَّتَهُ أَوْ مَا لَا تُدْرَكُ صِحَّتُهُ فَيَحْنَثُ كَقَوْلِ مَالِكٍ.
","فَقَالَ أَحْمَدُ هَذَا شَيْءٌ لَا يُدْرَكُ أَلْقَاهُمَا فِي التَّهْلُكَةِ فَإِنْكَارُهُ لِقَوْلِ الْحَارِثِ يَدُلُّ عَلَى مُوَافَقَتِهِ لِقَوْلِ الشَّعْبِيِّ بِوُقُوعِ الطَّلَاقِ فِيهِمَا.
هَذَا هُوَ الظَّاهِرُ ذَكَرَهُ الشَّيْخُ تَقِيُّ الدِّينِ وَقَالَ هُوَ بِنَاءً عَلَى أَنَّهُ حَلَفَ عَلَى مَا لَمْ يَعْلَمْ صِحَّتَهُ أَوْ مَا لَا تُدْرَكُ صِحَّتُهُ فَيَحْنَثُ كَقَوْلِ مَالِكٍ."
"الخليطين وإلا فلا يعد من الأكثر.
(وفحل) ينزو على الجميع إن كان صنفا واحدا (ب) قصد (رفق) أي: تعاون راجع لاجتماعهما فيما اجتمعا فيه من الخمسة أو (3/281)
أكثرها لا بقصد الفرار من كثرة الزكاة فهو إيضاح لقوله إن نويت. (3/282)
","الْخَلِيطَيْنِ وَإِلَّا فَلَا يُعَدُّ مِنَ الْأَكْثَرِ.
(وَفَحْلٍ) يَنْزُو عَلَى الْجَمِيعِ إِنْ كَانَ صِنْفًا وَاحِدًا (بِ) قَصْدِ (رِفْقٍ) أَيْ: تَعَاوُنٍ رَاجِعٍ لِاجْتِمَاعِهِمَا فِيمَا اجْتَمَعَا فِيهِ مِنَ الْخَمْسَةِ أَوْ (3/281)
أَكْثَرِهَا لَا بِقَصْدِ الْفِرَارِ مِنْ كَثْرَةِ الزَّكَاةِ فَهُوَ إِيضَاحٌ لِقَوْلِهِ إِنْ نُوِيَتْ. (3/282)
","الْخَلِيطَيْنِ وَإِلَّا فَلَا يُعَدُّ مِنَ الْأَكْثَرِ.
(وَفَحْلٍ) يَنْزُو عَلَى الْجَمِيعِ إِنْ كَانَ صِنْفًا وَاحِدًا (بِ) قَصْدِ (رِفْقٍ) أَيْ: تَعَاوُنٍ رَاجِعٍ لِاجْتِمَاعِهِمَا فِيمَا اجْتَمَعَا فِيهِ مِنَ الْخَمْسَةِ أَوْ (3/281)
أَكْثَرِهَا لَا بِقَصْدِ الْفِرَارِ مِنْ كَثْرَةِ الزَّكَاةِ فَهُوَ إِيضَاحٌ لِقَوْلِهِ إِنْ نَوَيْت. (3/282)"
"يعني أن الشخص إذا ادعى على آخر غائب بدين فضمنه شخص في القدر المدعى به فلما حضر الغائب أنكر ما ادعي عليه به ولم يثبت الحق بالبينة الشرعية فإن الضمان يسقط.
الشرح
(","يَعْنِي أَنَّ الشَّخْصَ إِذَا ادَّعَى عَلَى آخَرَ غَائِبٍ بِدَيْنٍ فَضَمِنَهُ شَخْصٌ فِي الْقَدْرِ الْمُدَّعَى بِهِ فَلَمَّا حَضَرَ الْغَائِبُ أَنْكَرَ مَا ادُّعِيَ عَلَيْهِ بِهِ وَلَمْ يَثْبُتِ الْحَقُّ بِالْبَيِّنَةِ الشَّرْعِيَّةِ فَإِنَّ الضَّمَانَ يَسْقُطُ.
الشَّرْحُ
(","يَعْنِي أَنَّ الشَّخْصَ إِذَا ادَّعَى عَلَى آخَرَ غَائِبٍ بِدَيْنٍ فَضَمِنَهُ شَخْصٌ فِي الْقَدْرِ الْمُدَّعَى بِهِ فَلَمَّا حَضَرَ الْغَائِبُ أَنْكَرَ مَا ادُّعِيَ عَلَيْهِ بِهِ وَلَمْ يَثْبُتِ الْحَقُّ بِالْبَيِّنَةِ الشَّرْعِيَّةِ فَإِنَّ الضَّمَانَ يَسْقُطُ.
الشَّرْحُ
("
"أي لأنه وكيل الغائب حيث لم يكن له وكيل بأن يرفع المشتري للقاضي بطلب القسم وقسمه على الغائب جائز أي قاسم على أن المشتري شريك غائب لا على أن الغائب وجبت له الشفعة إذ لو علم لم يجز له أن يقسم عليه إذ لو جاز لما تقرر له شفعة إذا قدم وإن كان ظاهر عبارة الشارح العموم. (19/159)
(ص) ","أَيْ لِأَنَّهُ وَكِيلُ الْغَائِبِ حَيْثُ لَمْ يَكُنْ لَهُ وَكِيلٌ بِأَنْ يَرْفَعَ الْمُشْتَرِي لِلْقَاضِي بِطَلَبِ الْقَسْمِ وَقَسْمُهُ عَلَى الْغَائِبْ جَائِزٌ أَيْ قَاسَمَ عَلَى أَنَّ الْمُشْتَرِيَ شَرِيكُ غَائِبٍ لَا عَلَى أَنَّ الْغَائِبَ وَجَبَتْ لَهُ الشُّفْعَةُ إِذْ لَوْ عَلِمَ لَمْ يَجُزْ لَهُ أَنْ يَقْسِمَ عَلَيْهِ إِذْ لَوْ جَازَ لَمَا تَقَرَّرَ لَهُ شُفْعَةٌ إِذَا قَدِمَ وَإِنْ كَانَ ظَاهِرُ عِبَارَةِ الشَّارِحِ الْعُمُومَ. (19/159)
(ص) ","أَيْ لِأَنَّهُ وَكِيلُ الْغَائِبِ حَيْثُ لَمْ يَكُنْ لَهُ وَكِيلٌ بِأَنْ يَرْفَعَ الْمُشْتَرِي لِلْقَاضِي بِطَلَبِ الْقَسْمِ وَقَسْمُهُ عَلَى الْغَائِبِ جَائِزٌ أَيْ قَاسَمَ عَلَى أَنَّ الْمُشْتَرِيَ شَرِيكٌ غَائِبٌ لَا عَلَى أَنَّ الْغَائِبَ وَجَبَتْ لَهُ الشُّفْعَةُ إِذْ لَوْ عَلِمَ لَمْ يَجُزْ لَهُ أَنْ يَقْسِمَ عَلَيْهِ إِذْ لَوْ جَازَ لَمَا تَقَرَّرَ لَهُ شُفْعَةٌ إِذَا قَدِمَ وَإِنْ كَانَ ظَاهِرُ عِبَارَةِ الشَّارِحِ الْعُمُومَ. (19/159)
(ص)"
"الثالث اتصال سندها وهو متصل إلى أويس عن عمر رضي الله عنهما وإلى الحسن عن علي رضي الله عنهما وهذا أشهر عند أهل العلم وأشهر طرقه طريق الشيخ عبد القادر وهو يرويه عن أبي السعادات الحرمي عن أبي الفرج الطرسوسي عن أبي الفضل التميمي وهو عبد الواحد بن أبي الحسن الفقيه الحنبلي عن أبي بكر الشبلي عن أبي القاسم الجنيد عن خاله السري السقطي عن معروف الكرخي عن داود الطائي عن حبيب العجمي عن الحسن البصري عن علي عن النبي صلى الله عليه وسلم ومن طريق آخر إلى جابر بن عبد الله الأنصاري.
","الثَّالِثُ اتِّصَالُ سَنَدِهَا وَهُوَ مُتَّصِلٌ إِلَى أُوَيْسٍ عَنْ عُمَرَ رَضِيَ اللَّهُ عَنْهُمَا وَإِلَى الْحَسَنِ عَنْ عَلِيٍّ رَضِيَ اللَّهُ عَنْهُمَا وَهَذَا أَشْهَرُ عِنْدَ أَهْلِ الْعِلْمِ وَأَشْهَرُ طُرُقِهِ طَرِيقُ الشَّيْخِ عَبْدِ الْقَادِرِ وَهُوَ يَرْوِيهِ عَنْ أَبِي السَّعَادَاتِ الْحَرَمِيِّ عَنْ أَبِي الْفَرَجِ الطَّرَسُوسِيِّ عَنْ أَبِي الْفَضْلِ التَّمِيمِيِّ وَهُوَ عَبْدُ الْوَاحِدِ بْنُ أَبِي الْحَسَنِ الْفَقِيهُ الْحَنْبَلِيُّ عَنْ أَبِي بَكْرٍ الشِّبْلِيِّ عَنْ أَبِي الْقَاسِمِ الْجُنَيْدِ عَنْ خَالِهِ السَّرِيِّ السَّقَطِيِّ عَنْ مَعْرُوفٍ الْكَرْخِيِّ عَنْ دَاوُد الطَّائِيِّ عَنْ حَبِيبٍ الْعَجَمِيِّ عَنِ الْحَسَنِ الْبَصْرِيِّ عَنْ عَلِيٍّ عَنِ النَّبِيِّ صَلَّى اللَّهُ عَلَيْهِ وَسَلَّمَ وَمِنْ طَرِيقٍ آخَرَ إِلَى جَابِرِ بْنِ عَبْدِ اللَّهِ الْأَنْصَارِيِّ.
",الثَّالِثُ اتِّصَالُ سَنَدِهَا وَهُوَ مُتَّصِلٌ إِلَى أُوَيْسٍ عَنْ عُمَرَ رَضِيَ اللَّهُ عَنْهُمَا وَإِلَى الْحَسَنِ عَنْ عَلِيٍّ رَضِيَ اللَّهُ عَنْهُمَا وَهَذَا أَشْهَرُ عِنْدَ أَهْلِ الْعِلْمِ وَأَشْهَرُ طُرُقِهِ طَرِيقُ الشَّيْخِ عَبْدِ الْقَادِرِ وَهُوَ يَرْوِيهِ عَنْ أَبِي السَّعَادَاتِ الْحَرَمِيِّ عَنْ أَبِي الْفَرَجِ الطَّرَسُوسِيِّ عَنْ أَبِي الْفَضْلِ التَّمِيمِيِّ وَهُوَ عَبْدُ الْوَاحِدِ بْنُ أَبِي الْحَسَنِ الْفَقِيهُ الْحَنْبَلِيُّ عَنْ أَبِي بَكْرٍ الشِّبْلِيِّ عَنْ أَبِي الْقَاسِمِ الْجُنَيْدِ عَنْ خَالِهِ السَّرِيِّ السَّقَطِيِّ عَنْ مَعْرُوفٍ الْكَرْخِيِّ عَنْ دَاوُد الطَّائِيِّ عَنْ حَبِيبٍ الْعَجَمِيِّ عَنِ الْحَسَنِ الْبَصْرِيِّ عَنْ عَلِيٍّ عَنِ النَّبِيِّ صَلَّى اللَّهُ عَلَيْهِ وَسَلَّمَ وَمِنْ طَرِيقٍ آخَرَ إِلَى جَابِرِ بْنِ عَبْدِ اللَّهِ الْأَنْصَارِيِّ.
"لم أسمع من مالك فيه شيئا إلا أني أرى أن القول قول العبد؛ لأن الكتابة قد انعقدت فادعى السيد أن أجل المائة الزائدة التي ادعى قد حلت، وقال العبد: لم تحل؛ فالقول قول المكاتب فيما أخبرتك.
قلت: أرأيت إن تصادقا على أصل الكتابة السيد والعبد أنها ألف درهم وقال السيد: ","لَمْ أَسْمَعْ مِنْ مَالِكٍ فِيهِ شَيْئًا إِلَّا أَنِّي أَرَى أَنَّ الْقَوْلَ قَوْلُ الْعَبْدِ؛ لِأَنَّ الْكِتَابَةَ قَدِ انْعَقَدَتْ فَادَّعَى السَّيِّدُ أَنَّ أَجَلَ الْمِائَةِ الزَّائِدَةِ الَّتِي ادَّعَى قَدْ حَلَّتْ، وَقَالَ الْعَبْدُ: لَمْ تَحِلَّ؛ فَالْقَوْلُ قَوْلُ الْمُكَاتَبِ فِيمَا أَخْبَرْتُكَ.
قُلْتُ: أَرَأَيْتَ إِنْ تَصَادَقَا عَلَى أَصْلِ الْكِتَابَةِ السَّيِّدُ وَالْعَبْدُ أَنَّهَا أَلْفُ دِرْهَمٍ وَقَالَ السَّيِّدُ: ","لَمْ أَسْمَعْ مِنْ مَالِكٍ فِيهِ شَيْئًا إِلَّا أَنِّي أَرَى أَنَّ الْقَوْلَ قَوْلُ الْعَبْدِ؛ لِأَنَّ الْكِتَابَةَ قَدِ انْعَقَدَتْ فَادَّعَى السَّيِّدُ أَنَّ أَجَلَ الْمِائَةِ الزَّائِدَةِ الَّتِي ادَّعَى قَدْ حَلَّتْ، وَقَالَ الْعَبْدُ: لَمْ تَحِلَّ؛ فَالْقَوْلُ قَوْلُ الْمُكَاتَبِ فِيمَا أَخْبَرْتُكَ.
قُلْتُ: أَرَأَيْتَ إِنْ تَصَادَقَا عَلَى أَصْلِ الْكِتَابَةِ السَّيِّدُ وَالْعَبْدُ أَنَّهَا أَلْفُ دِرْهَمٍ وَقَالَ السَّيِّدُ:"
"ولا يلزم من عدم الالتحاق لمانع عدمه (9/283)
لا لمانع فيلتحق حط البعض بأصل العقد، وعلى اعتبار الالتحاق لا تكون الزيادة عوضا عن ملكه.
ويظهر حكم الالتحاق في التولية والمرابحة حتى تجوز على الكل في الزيادة، ","وَلَا يَلْزَمُ مِنْ عَدَمِ الِالْتِحَاقِ لِمَانِعٍ عَدَمُهُ (9/283)
لَا لِمَانِعٍ فَيَلْتَحِقُ حَطُّ الْبَعْضِ بِأَصْلِ الْعَقْدِ، وَعَلَى اعْتِبَارِ الِالْتِحَاقِ لَا تَكُونُ الزِّيَادَةُ عِوَضًا عَنْ مِلْكِهِ.
وَيَظْهَرُ حُكْمُ الِالْتِحَاقِ فِي التَّوْلِيَةِ وَالْمُرَابَحَةِ حَتَّى تَجُوزَ عَلَى الْكُلِّ فِي الزِّيَادَةِ، ","وَلَا يَلْزَمُ مِنْ عَدَمِ الِالْتِحَاقِ لِمَانِعِ عَدَمِهِ (9/283)
لَا لِمَانِعٍ فَيَلْتَحِقُ حَطُّ الْبَعْضِ بِأَصْلِ الْعَقْدِ، وَعَلَى اعْتِبَارِ الِالْتِحَاقِ لَا تَكُونُ الزِّيَادَةُ عِوَضًا عَنْ مِلْكِهِ.
وَيَظْهَرُ حُكْمُ الِالْتِحَاقِ فِي التَّوْلِيَةِ وَالْمُرَابَحَةِ حَتَّى تَجُوزَ عَلَى الْكُلِّ فِي الزِّيَادَةِ،"
إن تزوج خمسا في عقد واحد فسخ ولو بنى ولا إرث مطلقا وللمبني بها مهرها وعدتها ثلاث حيض (والمرأة ومحرمها) لما ذكر ابن عرفة من يحرم الجمع بالنكاح بينهما قال: فما جمع منهما في عقد فسخ فيهما ولا مهر إن لم يبن ولمن بنى بها مهرها (ولزوجها العزل إن أذنت وسيدها كالحرة إذا أذنت) ,إِنْ تَزَوَّجَ خَمْسًا فِي عَقْدٍ وَاحِدٍ فُسِخَ وَلَوْ بَنَى وَلَا إِرْثَ مُطْلَقًا وَلِلْمَبْنِيِّ بِهَا مَهْرُهَا وَعِدَّتُهَا ثَلَاثُ حِيَضٍ (وَالْمَرْأَةِ وَمَحْرَمِهَا) لِمَا ذَكَرَ ابْنُ عَرَفَةَ مَنْ يَحْرُمُ الْجَمْعُ بِالنِّكَاحِ بَيْنَهُمَا قَالَ: فَمَا جُمِعَ مِنْهُمَا فِي عَقْدٍ فُسِخَ فِيهِمَا وَلَا مَهْرَ إِنْ لَمْ يَبْنِ وَلِمَنْ بَنَى بِهَا مَهْرُهَا (وَلِزَوْجِهَا الْعَزْلُ إِنْ أَذِنَتْ وَسَيِّدُهَا كَالْحُرَّةِ إِذَا أَذِنَتْ) ,إِنْ تَزَوَّجَ خَمْسًا فِي عَقْدٍ وَاحِدٍ فُسِخَ وَلَوْ بَنَى وَلَا إِرْثَ مُطْلَقًا وَلِلْمَبْنِيِّ بِهَا مَهْرُهَا وَعِدَّتُهَا ثَلَاثُ حِيَضٍ (وَالْمَرْأَةُ وَمَحْرَمُهَا) لِمَا ذَكَرَ ابْنُ عَرَفَةَ مَنْ يُحَرِّمُ الْجَمْعَ بِالنِّكَاحِ بَيْنَهُمَا قَالَ: فَمَا جَمَعَ مِنْهُمَا فِي عَقْدٍ فُسِخَ فِيهِمَا وَلَا مَهْرَ إِنْ لَمْ يَبْنِ وَلِمَنْ بَنَى بِهَا مَهْرُهَا (وَلِزَوْجِهَا الْعَزْلُ إِنْ أَذِنَتْ وَسَيِّدُهَا كَالْحُرَّةِ إِذَا أَذِنَتْ)
مسألتنا من رأت سبعة أسود ثم سبعة أحمر ثم سبعة أسود ومن رأت ثمانية أسود ثم سبعة أحمر ثم نصف يوم أسود حيث حكموا بأن الحيض السواد الأول وحده أو مع الأحمر على قول ابن سريج ومسألة ثمانية أسود ثم ثمانية أحمر ثم ثمانية أسود، ,مَسْأَلَتُنَا مَنْ رَأَتْ سَبْعَةً أَسْوَدَ ثُمَّ سَبْعَةً أَحْمَرَ ثُمَّ سَبْعَةً أَسْوَدَ وَمَنْ رَأَتْ ثَمَانِيَةً أَسْوَدَ ثُمَّ سَبْعَةً أَحْمَرَ ثُمَّ نِصْفَ يَوْمٍ أَسْوَدَ حَيْثُ حَكَمُوا بِأَنَّ الْحَيْضَ السَّوَادُ الْأَوَّلُ وَحْدَهُ أَوْ مَعَ الْأَحْمَرِ عَلَى قَوْلِ ابْنِ سُرَيْجٍ وَمَسْأَلَةُ ثَمَانِيَةٌ أَسْوَدُ ثُمَّ ثَمَانِيَةٌ أَحْمَرُ ثُمَّ ثَمَانِيَةٌ أَسْوَدُ، ,مَسْأَلَتُنَا مَنْ رَأَتْ سَبْعَةً أَسْوَدَ ثُمَّ سَبْعَةً أَحْمَرَ ثُمَّ سَبْعَةً أَسْوَدَ وَمَنْ رَأَتْ ثَمَانِيَةً أَسْوَدَ ثُمَّ سَبْعَةً أَحْمَرَ ثُمَّ نِصْفَ يَوْمٍ أَسْوَدَ حَيْثُ حَكَمُوا بِأَنَّ الْحَيْضَ السَّوَادُ الْأَوَّلُ وَحْدَهُ أَوْ مَعَ الْأَحْمَرِ عَلَى قَوْلِ ابْنِ سُرَيْجٍ وَمَسْأَلَةُ ثَمَانِيَةٍ أَسْوَدَ ثُمَّ ثَمَانِيَةٍ أَحْمَرَ ثُمَّ ثَمَانِيَةٍ أَسْوَدَ،
"غير جامع أو أحدث الجامع بعد اعتكافه لم يضر الخروج لها لعدم تقصيره وإذا خرج لها تعين أقرب جامع إليه إن اتحد وقت صلاة الجامعين وإلا جاز الذهاب للأسبق ولو أبعد أي:؛ لأن سبقه مرجح له ويؤخذ منه أن مثله بالأولى ما تيقن حل مال بانيه وأرضه دون ضده.
الشرح
(14/113)
(","غَيْرِ جَامِعٍ أَوْ أُحْدِثَ الْجَامِعُ بَعْدَ اعْتِكَافِهِ لَمْ يَضُرَّ الْخُرُوجُ لَهَا لِعَدَمِ تَقْصِيرِهِ وَإِذَا خَرَجَ لَهَا تَعَيَّنَ أَقْرَبُ جَامِعِ إِلَيْهِ إِنِ اتَّحِدْ وَقْتُ صَلَاةِ الْجَامِعَيْنِ وَإِلَّا جَازَ الذَّهَابُ لِلْأَسْبَقِ وَلَوْ أَبْعَدَ أَيْ:؛ لِأَنَّ سَبْقَهُ مُرَجِّحٌ لَهُ وَيُؤْخَذُ مِنْهُ أَنَّ مِثْلَهُ بِالْأَوْلَى مَا تَيَقَّنَ حِلُّ مَالِ بَانِيهِ وَأَرْضِهِ دُونَ ضِدِّهِ.
الشَّرْحُ
(14/113)
(","غَيْرُ جَامِعٍ أَوْ أَحْدَثَ الْجَامِعُ بَعْدَ اعْتِكَافِهِ لَمْ يَضُرَّ الْخُرُوجُ لَهَا لِعَدَمِ تَقْصِيرِهِ وَإِذَا خَرَجَ لَهَا تَعَيَّنَ أَقْرَبُ جَامِعٍ إِلَيْهِ إِنِ اتَّحَدَ وَقْتُ صَلَاةِ الْجَامِعَيْنِ وَإِلَّا جَازَ الذَّهَابُ لِلْأَسْبَقِ وَلَوْ أَبْعَدَ أَيْ:؛ لِأَنَّ سَبْقَهُ مُرَجَّحٌ لَهُ وَيُؤْخَذُ مِنْهُ أَنَّ مِثْلَهُ بِالْأَوْلَى مَا تَيَقَّنَ حِلَّ مَالِ بَانِيهِ وَأَرْضِهِ دُونَ ضِدِّهِ.
الشَّرْحُ
(14/113)
("
ولو وقف الأرض تخير أيضا لكن لا يفعل الأول إلا إذا كان أصلح للوقف من الثاني ولا الأخير إلا إذا كان في شرط الواقف جواز تحصيل مثل ذلك البناء والغراس من ريعه وينبغي أن يقيد بهذا قول ابن الحداد في أرض وقفت بعد البناء فيها بإجارة يقلع البناء مجانا وخالفه الروياني فرأي أنه قبل مضي مدة الإجارة لا يطالب بالقلع، ,وَلَوْ وَقَفَ الْأَرْضَ تَخَيَّرَ أَيْضًا لَكِنْ لَا يَفْعَلُ الْأَوَّلَ إِلَّا إِذَا كَانَ أَصْلَحَ لِلْوَقْفِ مِنَ الثَّانِي وَلَا الْأَخِيرَ إِلَّا إِذَا كَانَ فِي شَرْطِ الْوَاقِفِ جَوَازُ تَحْصِيلِ مِثْلِ ذَلِكَ الْبِنَاءِ وَالْغِرَاسِ مِنْ رِيعِهِ وَيَنْبَغِي أَنْ يُقَيَّدَ بِهَذَا قَوْلُ ابْنِ الْحَدَّادِ فِي أَرْضٍ وُقِفَتْ بَعْدَ الْبِنَاءِ فِيهَا بِإِجَارَةٍ يُقْلَعُ الْبِنَاءُ مَجَّانًا وَخَالَفَهُ الرُّويَانِيُّ فَرَأْي أَنَّهُ قَبْلَ مُضِيِّ مُدَّةِ الْإِجَارَةِ لَا يُطَالَبُ بِالْقَلْعِ، ,وَلَوْ وَقَفَ الْأَرْضَ تَخَيَّرَ أَيْضًا لَكِنْ لَا يَفْعَلُ الْأَوَّلَ إِلَّا إِذَا كَانَ أَصْلَحَ لِلْوَقْفِ مِنَ الثَّانِي وَلَا الْأَخِيرَ إِلَّا إِذَا كَانَ فِي شَرْطِ الْوَاقِفِ جَوَازُ تَحْصِيلِ مِثْلِ ذَلِكَ الْبِنَاءِ وَالْغِرَاسِ مِنْ رِيعِهِ وَيَنْبَغِي أَنْ يُقَيَّدَ بِهَذَا قَوْلُ ابْنِ الْحَدَّادِ فِي أَرْضٍ وُقِفَتْ بَعْدَ الْبِنَاءِ فِيهَا بِإِجَارَةٍ يُقْلَعُ الْبِنَاءُ مَجَّانًا وَخَالَفَهُ الرُّويَانِيُّ فَرَأْيٌ أَنَّهُ قَبْلَ مُضِيِّ مُدَّةِ الْإِجَارَةِ لَا يُطَالَبُ بِالْقَلْعِ،
ويترتب على كونه غاشا أنه عند الفوات يلزم الأقل من الثمن والقيمة كذا ذكره عج، وهو خلاف ما تقدم، والمعتمد ما تقدم من أنه في حالة الفوات يخير بين أخذها بما وقع عليه العقد أو بما نقد أي بالأقل منهما، ,وَيَتَرَتَّبُ عَلَى كَوْنِهِ غَاشًّا أَنَّهُ عِنْدَ الْفَوَاتِ يَلْزَمُ الْأَقَلُّ مِنَ الثَّمَنِ وَالْقِيمَةِ كَذَا ذَكَرَهُ عج، وَهُوَ خِلَافُ مَا تَقَدَّمَ، وَالْمُعْتَمَدُ مَا تَقَدَّمَ مِنْ أَنَّهُ فِي حَالَةِ الْفَوَاتِ يُخَيَّرُ بَيْنَ أَخْذِهَا بِمَا وَقَعَ عَلَيْهِ الْعَقْدُ أَوْ بِمَا نَقَدَ أَيْ بِالْأَقَلِّ مِنْهُمَا، ,وَيَتَرَتَّبُ عَلَى كَوْنِهِ غَاشًّا أَنَّهُ عِنْدَ الْفَوَاتِ يَلْزَمُ الْأَقَلُّ مِنَ الثَّمَنِ وَالْقِيمَةِ كَذَا ذَكَرَهُ عج، وَهُوَ خِلَافُ مَا تَقَدَّمَ، وَالْمُعْتَمَدُ مَا تَقَدَّمَ مِنْ أَنَّهُ فِي حَالَةِ الْفَوَاتِ يُخَيَّرُ بَيْنَ أَخْذِهَا بِمَا وَقَعَ عَلَيْهِ الْعَقْدُ أَوْ بِمَا نَقَدَ أَيْ بِالْأَقَلِّ مِنْهُمَا،
أنها تصح في الواقفة، وجزم أبو المعالي وغيره: أنه لا يصح السجود، وأنها لا تصح في أرجوحة لعدم تمكنه عرفا قال ابن عقيل، وابن شهاب: ومثلها زورق صغير وجزم المجد في شرحه: أنها لا تصح في أرجوحة، ولا من معلق في الهواء وساجد على هواء أو ماء قدامه، أو على حشيش أو قطن أو ثلج، ,أَنَّهَا تَصِحُّ فِي الْوَاقِفَةِ، وَجَزَمَ أَبُو الْمَعَالِي وَغَيْرُهُ: أَنَّهُ لَا يَصِحُّ السُّجُودُ، وَأَنَّهَا لَا تَصِحُّ فِي أُرْجُوحَةٍ لِعَدَمِ تَمَكُّنِهِ عُرْفًا قَالَ ابْنُ عَقِيلٍ، وَابْنُ شِهَابٍ: وَمِثْلُهَا زَوْرَقٌ صَغِيرٌ وَجَزَمَ الْمَجْدُ فِي شَرْحِهِ: أَنَّهَا لَا تَصِحُّ فِي أُرْجُوحَةٍ، وَلَا مِنْ مُعَلَّقٍ فِي الْهَوَاءِ وَسَاجِدٍ عَلَى هَوَاءٍ أَوْ مَاءٍ قُدَّامَهُ، أَوْ عَلَى حَشِيشٍ أَوْ قُطْنٍ أَوْ ثَلْجٍ، ,أَنَّهَا تَصِحُّ فِي الْوَاقِفَةِ، وَجَزَمَ أَبُو الْمَعَالِي وَغَيْرُهُ: أَنَّهُ لَا يَصِحُّ السُّجُودُ، وَأَنَّهَا لَا تَصِحُّ فِي أُرْجُوحَةٍ لِعَدَمِ تَمَكُّنِهِ عُرْفًا قَالَ ابْنُ عَقِيلٍ، وَابْنُ شِهَابٍ: وَمِثْلُهَا زَوْرَقٌ صَغِيرٌ وَجَزَمَ الْمَجْدُ فِي شَرْحِهِ: أَنَّهَا لَا تَصِحُّ فِي أُرْجُوحَةٍ، وَلَا مَنْ مُعَلَّقٌ فِي الْهَوَاءِ وَسَاجِدٌ عَلَى هَوَاءٍ أَوْ مَاءٍ قُدَّامَهُ، أَوْ عَلَى حَشِيشٍ أَوْ قُطْنٍ أَوْ ثَلْجٍ،
والثلاث ليس بكثير فاحش كذا نقل عبارة الجامع في المحيط وغيره، والكثير ما يستكثره الناظر، والقليل ما يستقله صححه في البدائع والكافي، والمعراج والهداية وكثير من الكتب أو أنه ما لا يخلو ولو عن بعرة، وصححه في النهاية وعزاه إلى المبسوط كما في البحر (قوله: كما إذا وقعتا في محلب) ,وَالثَّلَاثُ لَيْسَ بِكَثِيرٍ فَاحِشٍ كَذَا نَقَلَ عِبَارَةَ الْجَامِعِ فِي الْمُحِيطِ وَغَيْرِهِ، وَالْكَثِيرُ مَا يَسْتَكْثِرُهُ النَّاظِرُ، وَالْقَلِيلُ مَا يَسْتَقِلُّهُ صَحَّحَهُ فِي الْبَدَائِعِ وَالْكَافِي، وَالْمِعْرَاجِ وَالْهِدَايَةِ وَكَثِيرٍ مِنَ الْكُتُبِ أَوْ أَنَّهُ مَا لَا يَخْلُو وَلَوْ عَنْ بَعْرَةٍ، وَصَحَّحَهُ فِي النِّهَايَةِ وَعَزَاهُ إِلَى الْمَبْسُوطِ كَمَا فِي الْبَحْرِ (قَوْلُهُ: كَمَا إِذَا وَقَعَتَا فِي مِحْلَبٍ) ,وَالثَّلَاثُ لَيْسَ بِكَثِيرٍ فَاحِشٍ كَذَا نَقَلَ عِبَارَةَ الْجَامِعِ فِي الْمُحِيطِ وَغَيْرِهِ، وَالْكَثِيرُ مَا يَسْتَكْثِرُهُ النَّاظِرُ، وَالْقَلِيلُ مَا يَسْتَقِلُّهُ صَحَّحَهُ فِي الْبَدَائِعِ وَالْكَافِي، وَالْمِعْرَاجِ وَالْهِدَايَةِ وَكَثِيرٌ مِنَ الْكُتُبِ أَوْ أَنَّهُ مَا لَا يَخْلُو وَلَوْ عَنْ بَعْرَةٍ، وَصَحَّحَهُ فِي النِّهَايَةِ وَعَزَاهُ إِلَى الْمَبْسُوطِ كَمَا فِي الْبَحْرِ (قَوْلُهُ: كَمَا إِذَا وَقَعَتَا فِي مِحْلَبٍ)
وقيل يكره واستظهر الأول، وأما عكس كلام المصنف وهو شراء المدين من رب الدين مسامحة فيكره لاحتمال حمل المدين على زيادة في السلف (قوله معطوفا) الأولى زيادة الواو كما هو الواقع في كلام ابن غازي ولأن كونه مصدرا معطوفا على هديته لم تختلف فيه النسخ وإنما اختلفت بالعطف بأو والواو وإنما كان العطف بالواو أحسن؛ ,وَقِيلَ يُكْرَهُ وَاسْتَظْهَرَ الْأَوَّلَ، وَأَمَّا عَكْسُ كَلَامِ الْمُصَنِّفِ وَهُوَ شِرَاءُ الْمَدِينِ مِنْ رَبِّ الدَّيْنِ مُسَامَحَةً فَيُكْرَهُ لِاحْتِمَالِ حَمْلِ الْمَدِينِ عَلَى زِيَادَةٍ فِي السَّلَفِ (قَوْلُهُ مَعْطُوفًا) الْأَوْلَى زِيَادَةُ الْوَاوِ كَمَا هُوَ الْوَاقِعُ فِي كَلَامِ ابْنِ غَازِيٍّ وَلِأَنَّ كَوْنَهُ مَصْدَرًا مَعْطُوفًا عَلَى هَدِيَّتِهِ لَمْ تَخْتَلِفْ فِيهِ النُّسَخُ وَإِنَّمَا اخْتَلَفَتْ بِالْعَطْفِ بِأَوْ وَالْوَاوِ وَإِنَّمَا كَانَ الْعَطْفُ بِالْوَاوِ أَحْسَنَ؛ ,وَقِيلَ يُكْرَهُ وَاسْتَظْهَرَ الْأَوَّلَ، وَأَمَّا عَكْسُ كَلَامِ الْمُصَنِّفِ وَهُوَ شِرَاءُ الْمَدِينِ مِنْ رَبِّ الدَّيْنِ مُسَامَحَةً فَيُكْرَهُ لِاحْتِمَالِ حَمْلِ الْمَدِينِ عَلَى زِيَادَةٍ فِي السَّلَفِ (قَوْلُهُ مَعْطُوفًا) الْأَوْلَى زِيَادَةُ الْوَاوِ كَمَا هُوَ الْوَاقِعُ فِي كَلَامِ ابْنِ غَازِيٍّ وَلِأَنَّ كَوْنَهُ مَصْدَرًا مَعْطُوفًا عَلَى هَدِيَّتِهِ لَمْ تَخْتَلِفْ فِيهِ النُّسَخُ وَإِنَّمَا اخْتَلَفَتْ بِالْعَطْفِ بِأَوْ وَالْوَاوُ وَإِنَّمَا كَانَ الْعَطْفُ بِالْوَاوِ أَحْسَنَ؛
"لأن الكتابة طريق في إفهام المراد كالعبارة، وقد اقترنت بالنية والثاني لا يقع لأنها فعل والفعل لا يصلح كناية عن الطلاق، لو أخرجها من بيته ونوى الطلاق، وقطع قاطعون بالأول وآخرون بالثاني.
وهما في الغائب والحاضر لأن الحاضر قد يكتب إلى الحاضر، لاستيحائه منه أو غير ذلك، ","لِأَنَّ الْكِتَابَةَ طَرِيقٌ فِي إِفْهَامِ الْمُرَادِ كَالْعِبَارَةِ، وَقَدِ اقْتَرَنَتْ بِالنِّيَّةِ وَالثَّانِي لَا يَقَعُ لِأَنَّهَا فِعْلٌ وَالْفِعْلُ لَا يَصْلُحُ كِنَايَةً عَنِ الطَّلَاقِ، لَوْ أَخْرَجَهَا مِنْ بَيْتِهِ وَنَوَى الطَّلَاقَ، وَقَطَعَ قَاطِعُونَ بِالْأَوَّلِ وَآخَرُونَ بِالثَّانِي.
وَهُمَا فِي الْغَائِبِ وَالْحَاضِرِ لِأَنَّ الْحَاضِرَ قَدْ يَكْتُبُ إِلَى الْحَاضِرِ، لِاسْتِيحَائِهِ مِنْهُ أَوْ غَيْرِ ذَلِكَ، ","لِأَنَّ الْكِتَابَةَ طَرِيقٌ فِي إِفْهَامِ الْمُرَادِ كَالْعِبَارَةِ، وَقَدِ اقْتَرَنَتْ بِالنِّيَّةِ وَالثَّانِي لَا يَقَعُ لِأَنَّهَا فِعْلٌ وَالْفِعْلُ لَا يَصْلُحُ كِنَايَةً عَنِ الطَّلَاقِ، لَوْ أَخْرَجَهَا مِنْ بَيْتِهِ وَنَوَى الطَّلَاقَ، وَقَطَعَ قَاطِعُونَ بِالْأَوَّلِ وَآخَرُونَ بِالثَّانِي.
وَهُمَا فِي الْغَائِبِ وَالْحَاضِرِ لِأَنَّ الْحَاضِرَ قَدْ يَكْتُبُ إِلَى الْحَاضِرِ، لِاسْتِيحَائِهِ مِنْهُ أَوْ غَيْرِ ذَلِكَ،"
"وتبعه ولده الجلال فقال ينبغي أن يترجح أنه بالسوية؛ لأنه في أيديهم وذلك يقتضي الاستواء ا ه.
وقد يفرق بين ما هنا وفي الكتابة بأن اليد هنا على النهر حكمية لا حسية؛ لأن النهر ليس في قبضتهم يقينا كما يعلم مما مر عن المتولي، وإنما نزل استحقاقهم الشرب منه منزلة الاستيلاء عليه ويد المكاتبين على ما أحضراه حسية ولا حكمية، ","وَتَبِعَهُ وَلَدُهُ الْجَلَالُ فَقَالَ يَنْبَغِي أَنْ يَتَرَجَّحَ أَنَّهُ بِالسَّوِيَّةِ؛ لِأَنَّهُ فِي أَيْدِيهِمْ وَذَلِكَ يَقْتَضِي الِاسْتِوَاءَ ا ه.
وَقَدْ يُفَرَّقُ بَيْنَ مَا هُنَا وَفِي الْكِتَابَةِ بِأَنَّ الْيَدَ هُنَا عَلَى النَّهْرِ حُكْمِيَّةٌ لَا حِسِّيَّةٌ؛ لِأَنَّ النَّهْرَ لَيْسَ فِي قَبْضَتِهِمْ يَقِينًا كَمَا يُعْلَمُ مِمَّا مَرَّ عَنِ الْمُتَوَلِّي، وَإِنَّمَا نَزَلَ اسْتِحْقَاقُهُمُ الشُّرْبَ مِنْهُ مَنْزِلَةَ الِاسْتِيلَاءِ عَلَيْهِ وَيَدُ الْمُكَاتَبَيْنِ عَلَى مَا أَحْضَرَاهُ حِسِّيَّةٌ وَلَا حُكْمِيَّةٌ، ","وَتَبِعَهُ وَلَدُهُ الْجَلَالُ فَقَالَ يَنْبَغِي أَنْ يَتَرَجَّحَ أَنَّهُ بِالسَّوِيَّةِ؛ لِأَنَّهُ فِي أَيْدِيهِمْ وَذَلِكَ يَقْتَضِي الِاسْتِوَاءَ ا ه.
وَقَدْ يُفَرَّقُ بَيْنَ مَا هُنَا وَفِي الْكِتَابَةِ بِأَنَّ الْيَدَ هُنَا عَلَى النَّهْرِ حُكْمِيَّةٌ لَا حِسِّيَّةٌ؛ لِأَنَّ النَّهْرَ لَيْسَ فِي قَبْضَتِهِمْ يَقِينًا كَمَا يُعْلَمُ مِمَّا مَرَّ عَنِ الْمُتَوَلِّي، وَإِنَّمَا نَزَلَ اسْتِحْقَاقُهُمُ الشُّرْبَ مِنْهُ مَنْزِلَةَ الِاسْتِيلَاءِ عَلَيْهِ وَيَدُ الْمُكَاتَبِينَ عَلَى مَا أَحْضَرَاهُ حِسِّيَّةٌ وَلَا حُكْمِيَّةٌ،"
لأنه المدة التي يقع بها الاشتهار هذا بخلاف الرهن إذا عاد للراهن فإنه يبطل ولو طالت حيازة المرتهن له لقوله تعالى {فرهان مقبوضة} وهذا بخلاف الكتاب ونحوه مما لا غلة له فإنه لا يبطل الوقف بعوده له حيث صرف في مصارفه ولو أقل من عام كما مر فقوله أو عاد إلخ معطوف على شرط مقدر أي: ,لِأَنَّهُ الْمُدَّةُ الَّتِي يَقَعُ بِهَا الِاشْتِهَارُ هَذَا بِخِلَافِ الرَّهْنِ إِذَا عَادَ لِلرَّاهِنِ فَإِنَّهُ يَبْطُلُ وَلَوْ طَالَتْ حِيَازَةُ الْمُرْتَهِنِ لَهُ لِقَوْلِهِ تَعَالَى {فَرِهَانٌ مَقْبُوضَةٌ} وَهَذَا بِخِلَافِ الْكِتَابِ وَنَحْوِهِ مِمَّا لَا غَلَّةَ لَهُ فَإِنَّهُ لَا يُبْطِلُ الْوَقْفَ بِعَوْدِهِ لَهُ حَيْثُ صُرِفَ فِي مَصَارِفِهِ وَلَوْ أَقَلَّ مِنْ عَامٍ كَمَا مَرَّ فَقَوْلُهُ أَوْ عَادَ إِلَخْ مَعْطُوفٌ عَلَى شَرْطٍ مُقَدَّرٍ أَيْ: ,لِأَنَّهُ الْمُدَّةُ الَّتِي يَقَعُ بِهَا الِاشْتِهَارُ هَذَا بِخِلَافِ الرَّهْنِ إِذَا عَادَ لِلرَّاهِنِ فَإِنَّهُ يَبْطُلُ وَلَوْ طَالَتْ حِيَازَةُ الْمُرْتَهِنِ لَهُ لِقَوْلِهِ تَعَالَى {فَرِهَانٌ مَقْبُوضَةٌ} وَهَذَا بِخِلَافِ الْكِتَابِ وَنَحْوِهِ مِمَّا لَا غَلَّةَ لَهُ فَإِنَّهُ لَا يَبْطُلُ الْوَقْفُ بِعَوْدِهِ لَهُ حَيْثُ صُرِفَ فِي مَصَارِفِهِ وَلَوْ أَقَلَّ مِنْ عَامٍ كَمَا مَرَّ فَقَوْلُهُ أَوْ عَادَ إِلَخْ مَعْطُوفٌ عَلَى شَرْطٍ مُقَدَّرٍ أَيْ:
"والمكاتب عبد ما بقي عليه درهم (أو زوج السيد أمته ثم طلقت قبل الدخول) حلت للسيد بغير استبراء لأنه لم يتجدد له ملك ولم يصبها الزوج. (19/219)
(أو اشترى عبده التاجر أمة) استبرأها العبد (ثم أخذها سيده حلت) لسيده (بغير استبراء) لأن ملكه ثابت على ما في يد عبده (لكن يستحب) ","وَالْمَكَاتِبُ عَبْدٌ مَا بَقِيَ عَلَيْهِ دِرْهَمٌ (أَوْ زَوَّجَ السَّيِّدُ أَمَتَهُ ثُمَّ طَلُقَتْ قَبْلَ الدُّخُولِ) حَلَّتْ لِلسَّيِّدِ بِغَيْرِ اسْتِبْرَاءٍ لِأَنَّهُ لَمْ يَتَجَدَّدْ لَهُ مِلْكٌ وَلَمْ يُصِبْهَا الزَّوْجُ. (19/219)
(أَوِ اشْتَرَى عَبْدُهُ التَّاجِرُ أَمَةً) اسْتَبْرَأَهَا الْعَبْدُ (ثُمَّ أَخَذَهَا سَيِّدُهُ حَلَّتْ) لِسَيِّدِهِ (بِغَيْرِ اسْتِبْرَاءٍ) لِأَنَّ مِلْكَهُ ثَابِتٌ عَلَى مَا فِي يَدِ عَبْدِهِ (لَكِنْ يُسْتَحَبُّ) ","وَالْمُكَاتَبُ عَبْدٌ مَا بَقِيَ عَلَيْهِ دِرْهَمٌ (أَوْ زَوَّجَ السَّيِّدُ أَمَتَهُ ثُمَّ طَلُقَتْ قَبْلَ الدُّخُولِ) حَلَّتْ لِلسَّيِّدِ بِغَيْرِ اسْتِبْرَاءٍ لِأَنَّهُ لَمْ يَتَجَدَّدْ لَهُ مِلْكٌ وَلَمْ يُصِبْهَا الزَّوْجُ. (19/219)
(أَوِ اشْتَرَى عَبْدُهُ التَّاجِرُ أَمَةً) اسْتَبْرَأَهَا الْعَبْدُ (ثُمَّ أَخَذَهَا سَيِّدُهُ حَلَّتْ) لِسَيِّدِهِ (بِغَيْرِ اسْتِبْرَاءٍ) لِأَنَّ مِلْكَهُ ثَابِتٌ عَلَى مَا فِي يَدِ عَبْدِهِ (لَكِنْ يُسْتَحَبُّ)"
"يضمن مطلقا، انتهى.
والذي قدمه هناك هو الصحيح من المذهب، وعليه الأكثر، والذي يظهر أنه أراد هنا حكاية الخلاف لا إطلاقه، أو يكون من تتمة كلام صاحب الترغيب، وهو ظاهر اللفظ. (10/490)
وإن كان واضع الحجر آخر فعثر به إنسان فوقع في البئر فقد اجتمع سببان مختلفان، فعنه: ","يَضْمَنُ مُطْلَقًا، انْتَهَى.
وَالَّذِي قَدَّمَهُ هُنَاكَ هُوَ الصَّحِيحُ مِنَ الْمَذْهَبِ، وَعَلَيْهِ الْأَكْثَرُ، وَالَّذِي يَظْهَرُ أَنَّهُ أَرَادَ هُنَا حِكَايَةَ الْخِلَافِ لَا إِطْلَاقَهُ، أَوْ يَكُونُ مِنْ تَتِمَّةِ كَلَامِ صَاحِبِ التَّرْغِيبِ، وَهُوَ ظَاهِرُ اللَّفْظِ. (10/490)
وَإِنْ كَانَ وَاضِعُ الْحَجَرِ آخَرُ فَعَثَرَ بِهِ إِنْسَانٌ فَوَقَعَ فِي الْبِئْرِ فَقَدِ اجْتَمَعَ سَبَبَانِ مُخْتَلِفَانِ، فَعَنْهُ: ","يَضْمَنُ مُطْلَقًا، انْتَهَى.
وَالَّذِي قَدَّمَهُ هُنَاكَ هُوَ الصَّحِيحُ مِنَ الْمَذْهَبِ، وَعَلَيْهِ الْأَكْثَرُ، وَالَّذِي يَظْهَرُ أَنَّهُ أَرَادَ هُنَا حِكَايَةَ الْخِلَافِ لَا إِطْلَاقَهُ، أَوْ يَكُونُ مِنْ تَتِمَّةِ كَلَامِ صَاحِبِ التَّرْغِيبِ، وَهُوَ ظَاهِرُ اللَّفْظِ. (10/490)
وَإِنْ كَانَ وَاضِعُ الْحَجَرِ آخَرَ فَعَثَرَ بِهِ إِنْسَانٌ فَوَقَعَ فِي الْبِئْرِ فَقَدِ اجْتَمَعَ سَبَبَانِ مُخْتَلِفَانِ، فَعَنْهُ:"
ومثله جماعة مسافرة لم تطلب غيرها (لا) يندب الأذان ل (جماعة) غير مسافرة (لم تطلب غيرها) فيكره لها كفذ غير مسافر (على المختار) للخمي من قول الإمام مالك رضي الله عنه لقوله في قول الإمام: لا أحب الأذان للفذ الحاضر والجماعة المنفردة هذا هو الصواب ومقابله الاستحباب لقول الإمام مرة أخرى: ,وَمِثْلُهُ جَمَاعَةٌ مُسَافِرَةٌ لَمْ تَطْلُبْ غَيْرَهَا (لَا) يُنْدَبُ الْأَذَانُ لِ (جَمَاعَةٍ) غَيْرِ مُسَافِرَةٍ (لَمْ تَطْلُبْ غَيْرَهَا) فَيُكْرَهُ لَهَا كَفَذٍّ غَيْرِ مُسَافِرٍ (عَلَى الْمُخْتَارِ) لِلَّخْمِيِّ مِنْ قَوْلِ الْإِمَامِ مَالِكٍ رَضِيَ اللَّهُ عَنْهُ لِقَوْلِهِ فِي قَوْلِ الْإِمَامِ: لَا أُحِبُّ الْأَذَانَ لِلْفَذِّ الْحَاضِرِ وَالْجَمَاعَةِ الْمُنْفَرِدَةِ هَذَا هُوَ الصَّوَابُ وَمُقَابِلُهُ الِاسْتِحْبَابُ لِقَوْلِ الْإِمَامِ مَرَّةً أُخْرَى: ,وَمِثْلُهُ جَمَاعَةٌ مُسَافِرَةٌ لَمْ تَطْلُبْ غَيْرَهَا (لَا) يُنْدَبُ الْأَذَانُ لِ (جَمَاعَةٍ) غَيْرِ مُسَافِرَةٍ (لَمْ تَطْلُبْ غَيْرَهَا) فَيُكْرَهُ لَهَا كَفَذِّ غَيْرِ مُسَافِرٍ (عَلَى الْمُخْتَارِ) لِلَّخْمِيِّ مِنْ قَوْلِ الْإِمَامِ مَالِكٍ رَضِيَ اللَّهُ عَنْهُ لِقَوْلِهِ فِي قَوْلِ الْإِمَامِ: لَا أُحِبُّ الْأَذَانَ لِلْفَذِّ الْحَاضِرِ وَالْجَمَاعَةِ الْمُنْفَرِدَةِ هَذَا هُوَ الصَّوَابُ وَمُقَابِلُهُ الِاسْتِحْبَابُ لِقَوْلِ الْإِمَامِ مَرَّةً أُخْرَى:
"في قوله لا تباع المدبرة.
مطلب في القضاء بجواز بيع أم الولد (قوله في ثلاثة عشر) قال في البيع الفاسد من البحر وفي فتح القدير هنا: اعلم أن أم الولد تخالف المدبر في ثلاثة عشر حكما: لا تضمن بالغصب وبالإعتاق والبيع، ولا تسعى لغريم، وتعتق من جميع المال، وإذا استولد أم ولد مشتركة لم يتملك نصيب شريكه، ","فِي قَوْلِهِ لَا تُبَاعُ الْمُدَبَّرَةُ.
مَطْلَبٌ فِي الْقَضَاءِ بِجَوَازِ بَيْعِ أُمِّ الْوَلَدِ (قَوْلُهُ فِي ثَلَاثَةَ عَشَرَ) قَالَ فِي الْبَيْعِ الْفَاسِدِ مِنَ الْبَحْرِ وَفِي فَتْحِ الْقَدِيرِ هُنَا: اعْلَمْ أَنَّ أُمَّ الْوَلَدِ تُخَالِفُ الْمُدَبَّرَ فِي ثَلَاثَةَ عَشَرَ حُكْمًا: لَا تُضْمَنُ بِالْغَصْبِ وَبِالْإِعْتَاقِ وَالْبَيْعِ، وَلَا تَسْعَى لِغَرِيمٍ، وَتَعْتِقُ مِنْ جَمِيعِ الْمَالِ، وَإِذَا اسْتَوْلَدَ أُمَّ وَلَدٍ مُشْتَرَكَةً لَمْ يَتَمَلَّكْ نَصِيبَ شَرِيكِهِ، ","فِي قَوْلِهِ لَا تُبَاعُ الْمُدَبَّرَةُ.
مَطْلَبٌ فِي الْقَضَاءِ بِجَوَازِ بَيْعِ أُمِّ الْوَلَدِ (قَوْلُهُ فِي ثَلَاثَةَ عَشَرَ) قَالَ فِي الْبَيْعِ الْفَاسِدِ مِنَ الْبَحْرِ وَفِي فَتْحِ الْقَدِيرِ هُنَا: اعْلَمْ أَنَّ أُمَّ الْوَلَدِ تُخَالِفُ الْمُدَبَّرَ فِي ثَلَاثَةَ عَشَرَ حُكْمًا: لَا تُضْمَنُ بِالْغَصْبِ وَبِالْإِعْتَاقِ وَالْبَيْعِ، وَلَا تَسْعَى لِغَرِيمٍ، وَتُعْتَقُ مِنْ جَمِيعِ الْمَالِ، وَإِذَا اسْتَوْلَدَ أُمَّ وَلَدٍ مُشْتَرَكَةً لَمْ يَتَمَلَّكْ نَصِيبَ شَرِيكِهِ،"
ولكنه هو وما بعده من حديث النفس مرفوعان بالحديث وإذا ارتفع حديث النفس ارتفع ما قبله بالأولى وهذه الثلاثة لو كانت في الحسنات لا يؤجر لعدم القصد وأما الهم بالحسنة يكتب حسنة واحدة وبالسيئة لا يكتب، فإن ترك لله كتب حسنة وإن فعل فسيئة واحدة، يعني يكتب عليه الفعل وحده على الأصح وأما العزم فيؤاخذ به على التحقيق وقيل: ,وَلَكِنَّهُ هُوَ وَمَا بَعْدَهُ مِنْ حَدِيثِ النَّفْسِ مَرْفُوعَانِ بِالْحَدِيثِ وَإِذَا ارْتَفَعَ حَدِيثُ النَّفْسِ ارْتَفَعَ مَا قَبْلَهُ بِالْأَوْلَى وَهَذِهِ الثَّلَاثَةُ لَوْ كَانَتْ فِي الْحَسَنَاتِ لَا يُؤْجَرُ لِعَدَمِ الْقَصْدِ وَأَمَّا الْهَمُّ بِالْحَسَنَةِ يُكْتَبُ حَسَنَةً وَاحِدَةً وَبِالسَّيِّئَةِ لَا يُكْتَبُ، فَإِنْ تَرَكَ لِلَّهِ كُتِبَ حَسَنَةً وَإِنْ فَعَلَ فَسَيِّئَةٍ وَاحِدَةٍ، يَعْنِي يُكْتَبُ عَلَيْهِ الْفِعْلُ وَحْدَهُ عَلَى الْأَصَحِّ وَأَمَّا الْعَزْمُ فَيُؤَاخَذُ بِهِ عَلَى التَّحْقِيقِ وَقِيلَ: ,وَلَكِنَّهُ هُوَ وَمَا بَعْدَهُ مِنْ حَدِيثِ النَّفْسِ مَرْفُوعَانِ بِالْحَدِيثِ وَإِذَا ارْتَفَعَ حَدِيثُ النَّفْسِ ارْتَفَعَ مَا قَبْلَهُ بِالْأَوْلَى وَهَذِهِ الثَّلَاثَةُ لَوْ كَانَتْ فِي الْحَسَنَاتِ لَا يُؤْجَرُ لِعَدَمِ الْقَصْدِ وَأَمَّا الْهَمُّ بِالْحَسَنَةِ يُكْتَبُ حَسَنَةً وَاحِدَةً وَبِالسَّيِّئَةِ لَا يُكْتَبُ، فَإِنْ تَرَكَ لِلَّهِ كُتِبَ حَسَنَةً وَإِنْ فَعَلَ فَسِيئَةً وَاحِدَةً، يَعْنِي يُكْتَبُ عَلَيْهِ الْفِعْلُ وَحْدَهُ عَلَى الْأَصَحِّ وَأَمَّا الْعَزْمُ فَيُؤَاخَذُ بِهِ عَلَى التَّحْقِيقِ وَقِيلَ:
"أجزأ، إن أمر يده، على الصحيح من المذهب، نص عليه، وقدمه في الفروع.
واختاره المجد، وقدمه ابن عبيدان، وصححه.
وعنه لا يجزئ حتى يمر يده ويقصد وقوع الماء عليه.
قال في الرعاية: ولا يجزئ وقوع المطر بلا قصد.
وقيل: ","أَجْزَأَ، إِنْ أَمَّرَ يَدَهُ، عَلَى الصَّحِيحِ مِنَ الْمَذْهَبِ، نَصَّ عَلَيْهِ، وَقَدَّمَهُ فِي الْفُرُوعِ.
وَاخْتَارَهُ الْمَجْدُ، وَقَدَّمَهُ ابْنُ عُبَيْدَانَ، وَصَحَّحَهُ.
وَعَنْهُ لَا يُجْزِئُ حَتَّى يُمِرَّ يَدَهُ وَيَقْصِدَ وُقُوعَ الْمَاءِ عَلَيْهِ.
قَالَ فِي الرِّعَايَةِ: وَلَا يُجْزِئُ وُقُوعُ الْمَطَرِ بِلَا قَصْدٍ.
وَقِيلَ: ","أَجْزَأَ، إِنْ أَمَرَ يَدَهُ، عَلَى الصَّحِيحِ مِنَ الْمَذْهَبِ، نَصَّ عَلَيْهِ، وَقَدَّمَهُ فِي الْفُرُوعِ.
وَاخْتَارَهُ الْمَجْدُ، وَقَدَّمَهُ ابْنُ عُبَيْدَانَ، وَصَحَّحَهُ.
وَعَنْهُ لَا يُجْزِئُ حَتَّى يُمِرَّ يَدَهُ وَيَقْصِدَ وُقُوعَ الْمَاءِ عَلَيْهِ.
قَالَ فِي الرِّعَايَةِ: وَلَا يُجْزِئُ وُقُوعُ الْمَطَرِ بِلَا قَصْدٍ.
وَقِيلَ:"
"على موسى، وعلى النصراني الذي أنزل الإنجيل على عيسى.
تنبيه: ومن الكفار من لا يحلف بما يحلف به المسلم؛ لأنه ينكر ما يقوله أهل التوحيد، ويحتجون أن ليس عليهم الخروج عن دينهم ليمين وجبت عليهم، قال: فيحتاط حتى يقول ما لا يخرج به عن الشهادة بالحق، ولا يحلف بكفره.
وقال محمد في مجوسية أسلم زوجها فلاعنت فقالت أقول: ","عَلَى مُوسَى، وَعَلَى النَّصْرَانِيِّ الَّذِي أَنْزَلَ الْإِنْجِيلَ عَلَى عِيسَى.
تَنْبِيهٌ: وَمِنَ الْكُفَّارِ مَنْ لَا يَحْلِفُ بِمَا يَحْلِفُ بِهِ الْمُسْلِمُ؛ لِأَنَّهُ يُنْكِرُ مَا يَقُولُهُ أَهْلُ التَّوْحِيدِ، وَيَحْتَجُّونَ أَنْ لَيْسَ عَلَيْهِمِ الْخُرُوجُ عَنْ دِينِهِمْ لِيَمِينٍ وَجَبَتْ عَلَيْهِمْ، قَالَ: فَيُحْتَاطُ حَتَّى يَقُولَ مَا لَا يَخْرُجُ بِهِ عَنِ الشَّهَادَةِ بِالْحَقِّ، وَلَا يَحْلِفُ بِكُفْرِهِ.
وَقَالَ مُحَمَّدٌ فِي مَجُوسِيَّةٍ أَسْلَمَ زَوْجُهَا فَلَاعَنَتْ فَقَالَتْ أَقُولُ: ","عَلَى مُوسَى، وَعَلَى النَّصْرَانِيِّ الَّذِي أُنْزِلَ الْإِنْجِيلُ عَلَى عِيسَى.
تَنْبِيهٌ: وَمِنَ الْكُفَّارِ مَنْ لَا يَحْلِفُ بِمَا يَحْلِفُ بِهِ الْمُسْلِمُ؛ لِأَنَّهُ يُنْكِرُ مَا يَقُولُهُ أَهْلُ التَّوْحِيدِ، وَيَحْتَجُّونَ أَنْ لَيْسَ عَلَيْهِمِ الْخُرُوجُ عَنْ دِينِهِمْ لِيَمِينٍ وَجَبَتْ عَلَيْهِمْ، قَالَ: فَيَحْتَاطُ حَتَّى يَقُولَ مَا لَا يَخْرُجُ بِهِ عَنِ الشَّهَادَةِ بِالْحَقِّ، وَلَا يَحْلِفُ بِكُفْرِهِ.
وَقَالَ مُحَمَّدٌ فِي مَجُوسِيَّةٍ أَسْلَمَ زَوْجُهَا فَلَاعَنَتْ فَقَالَتْ أَقُولُ:"
ذكره لاشتماله على ما ليس في القدوري من الإعادة لأن الكراهة وهي المذكورة فيه لا تستلزم الإعادة كأذان القاعد والراكب في المصر يكره ولا إعادة، وليبن عليه المختار من التفصيل في الإعادة، والله أعلم (قوله وكذلك المرأة إلخ) ,ذَكَرَهُ لِاشْتِمَالِهِ عَلَى مَا لَيْسَ فِي الْقُدُورِيِّ مِنَ الْإِعَادَةِ لِأَنَّ الْكَرَاهَةَ وَهِيَ الْمَذْكُورَةُ فِيهِ لَا تَسْتَلْزِمُ الْإِعَادَةَ كَأَذَانِ الْقَاعِدِ وَالرَّاكِبِ فِي الْمِصْرِ يُكْرَهُ وَلَا إِعَادَةَ، وَلْيُبْنَ عَلَيْهِ الْمُخْتَارُ مِنَ التَّفْصِيلِ فِي الْإِعَادَةِ، وَاللَّهُ أَعْلَمُ (قَوْلُهُ وَكَذَلِكَ الْمَرْأَةُ إِلَخْ) ,ذَكَرَهُ لِاشْتِمَالِهِ عَلَى مَا لَيْسَ فِي الْقُدُورِيِّ مِنَ الْإِعَادَةِ لِأَنَّ الْكَرَاهَةَ وَهِيَ الْمَذْكُورَةُ فِيهِ لَا تَسْتَلْزِمُ الْإِعَادَةَ كَأَذَانِ الْقَاعِدِ وَالرَّاكِبِ فِي الْمِصْرِ يُكْرَهُ وَلَا إِعَادَةَ، وَلْيُبْنَ عَلَيْهِ الْمُخْتَارُ مِنَ التَّفْصِيلِ فِي الْإِعَادَةِ، وَاللَّهُ أَعْلَمُ (قَوْلُهُ وَكَذَلِكَ الْمَرْأَةُ إِلَخْ)
لأنه إذا بلغ الإمام تعلق به حق الله فلا يجوز للإمام العفو عنه ولا طلبه منه ظاهر كلامه وإن تاب السارق والزاني وهو كذلك يدل عليه حديث ماعز والغامدية (واختلف في ذلك) أي في الشفاعة بعد بلوغ الإمام (في القذف) فقال مالك مرة: يجوز عفوه بناء على أن القذف حق للمقذوف، ,لِأَنَّهُ إِذَا بَلَغَ الْإِمَامَ تَعَلَّقَ بِهِ حَقُّ اللَّهِ فَلَا يَجُوزُ لِلْإِمَامِ الْعَفْوُ عَنْهُ وَلَا طَلَبُهُ مِنْهُ ظَاهِرُ كَلَامِهِ وَإِنْ تَابَ السَّارِقُ وَالزَّانِي وَهُوَ كَذَلِكَ يَدُلُّ عَلَيْهِ حَدِيثُ مَاعِزٍ وَالْغَامِدِيَّةِ (وَاخْتُلِفَ فِي ذَلِكَ) أَيْ فِي الشَّفَاعَةِ بَعْدَ بُلُوغِ الْإِمَامِ (فِي الْقَذْفِ) فَقَالَ مَالِكٌ مَرَّةً: يَجُوزُ عَفْوُهُ بِنَاءً عَلَى أَنَّ الْقَذْفَ حَقٌّ لِلْمَقْذُوفِ، ,لِأَنَّهُ إِذَا بَلَغَ الْإِمَامَ تَعَلَّقَ بِهِ حَقُّ اللَّهِ فَلَا يَجُوزُ لِلْإِمَامِ الْعَفْوُ عَنْهُ وَلَا طَلَبُهُ مِنْهُ ظَاهِرُ كَلَامِهِ وَإِنْ تَابَ السَّارِقُ وَالزَّانِي وَهُوَ كَذَلِكَ يَدُلُّ عَلَيْهِ حَدِيثُ مَاعِزٍ وَالْغَامِدِيَّةُ (وَاخْتُلِفَ فِي ذَلِكَ) أَيْ فِي الشَّفَاعَةِ بَعْدَ بُلُوغِ الْإِمَامِ (فِي الْقَذْفِ) فَقَالَ مَالِكٌ مَرَّةً: يَجُوزُ عَفْوُهُ بِنَاءً عَلَى أَنَّ الْقَذْفَ حَقٌّ لِلْمَقْذُوفِ،
هذا شروع منه في العلم المركب بعد أن فرغ من العلم البسيط والمعنى أن كل واحد من الزوجين إذا علم بتعدي الوكيل في الألف الثانية ودخل على ذلك ملكه وسواء علم كل منهما بعلم صاحبه بتعدي الوكيل أو لم يعلم بذلك فيقضى للزوجة بألفين نظرا لما دخل عليه الزوج لأنه لما علم بذلك ودخل عليه فكأنه التزم الألف الثانية ولا عبرة بعلم الزوجة حينئذ وأما إذا علما معا بالتعدي ولم يعلم كل منهما بعلم صاحبه بتعدي الوكيل فيقضى أيضا لها بألفين لتساويهما في العلم والجهل، ,هَذَا شُرُوعٌ مِنْهُ فِي الْعِلْمِ الْمُرَكَّبِ بَعْدَ أَنْ فَرَغَ مِنَ الْعِلْمِ الْبَسِيطِ وَالْمَعْنَى أَنَّ كُلَّ وَاحِدٍ مِنَ الزَّوْجَيْنِ إِذَا عَلِمَ بِتَعَدِّي الْوَكِيلِ فِي الْأَلْفِ الثَّانِيَةِ وَدَخَلَ عَلَى ذَلِكَ مَلَكَهُ وَسَوَاءٌ عَلِمَ كُلٌّ مِنْهُمَا بِعِلْمِ صَاحِبِهِ بِتَعَدِّي الْوَكِيلِ أَوْ لَمْ يَعْلَمُ بِذَلِكَ فَيُقْضَى لِلزَّوْجَةِ بِأَلْفَيْنِ نَظَرًا لِمَا دَخَلَ عَلَيْهِ الزَّوْجُ لِأَنَّهُ لَمَّا عَلِمَ بِذَلِكَ وَدَخَلَ عَلَيْهِ فَكَأَنَّهُ الْتَزَمَ الْأَلْفَ الثَّانِيَةَ وَلَا عِبْرَةَ بِعِلْمِ الزَّوْجَةِ حِينَئِذٍ وَأَمَّا إِذَا عَلِمَا مَعًا بِالتَّعَدِّي وَلَمْ يَعْلَمْ كُلٌّ مِنْهُمَا بِعِلْمِ صَاحِبِهِ بِتَعَدِّي الْوَكِيلِ فَيُقْضَى أَيْضًا لَهَا بِأَلْفَيْنِ لِتَسَاوِيهِمَا فِي الْعِلْمِ وَالْجَهْلِ، ,هَذَا شُرُوعٌ مِنْهُ فِي الْعِلْمِ الْمُرَكَّبِ بَعْدَ أَنْ فَرَغَ مِنَ الْعِلْمِ الْبَسِيطِ وَالْمَعْنَى أَنَّ كُلَّ وَاحِدٍ مِنَ الزَّوْجَيْنِ إِذَا عَلِمَ بِتَعَدِّي الْوَكِيلِ فِي الْأَلْفِ الثَّانِيَةِ وَدَخَلَ عَلَى ذَلِكَ مِلْكُهُ وَسَوَاءٌ عَلِمَ كُلٌّ مِنْهُمَا بِعِلْمِ صَاحِبِهِ بِتَعَدِّي الْوَكِيلِ أَوْ لَمْ يَعْلَمْ بِذَلِكَ فَيُقْضَى لِلزَّوْجَةِ بِأَلْفَيْنِ نَظَرًا لِمَا دَخَلَ عَلَيْهِ الزَّوْجُ لِأَنَّهُ لَمَّا عَلِمَ بِذَلِكَ وَدَخَلَ عَلَيْهِ فَكَأَنَّهُ الْتَزَمَ الْأَلْفَ الثَّانِيَةَ وَلَا عِبْرَةَ بِعِلْمِ الزَّوْجَةِ حِينَئِذٍ وَأَمَّا إِذَا عَلِمَا مَعًا بِالتَّعَدِّي وَلَمْ يَعْلَمْ كُلٌّ مِنْهُمَا بِعِلْمِ صَاحِبِهِ بِتَعَدِّي الْوَكِيلِ فَيُقْضَى أَيْضًا لَهَا بِأَلْفَيْنِ لِتَسَاوِيهِمَا فِي الْعِلْمِ وَالْجَهْلِ،
"ولا فرق بين كون العبد ذميا أو مسلما فيجري اختلاف المشايخ فيه والتصحيح.
وأشار بالتدبير إلى أن الاستيلاد كذلك كما في الذخيرة والمراد بالتدبير المطلق منه، ولا يحنث بالمقيد كما أشار إليه في فتح القدير وينبغي أنه إذا قال إن لم أبعك فأنت حر فدبره تدبيرا مطلقا أن يعتق لوجود الشرط كما ذكروه، ","وَلَا فَرْقَ بَيْنَ كَوْنِ الْعَبْدِ ذِمِّيًّا أَوْ مُسْلِمًا فَيَجْرِي اخْتِلَافُ الْمَشَايِخِ فِيهِ وَالتَّصْحِيحُ.
وَأَشَارَ بِالتَّدْبِيرِ إِلَى أَنَّ الِاسْتِيلَادَ كَذَلِكَ كَمَا فِي الذَّخِيرَةِ وَالْمُرَادُ بِالتَّدْبِيرِ الْمُطْلَقُ مِنْهُ، وَلَا يَحْنَثُ بِالْمُقَيَّدِ كَمَا أَشَارَ إِلَيْهِ فِي فَتْحِ الْقَدِيرِ وَيَنْبَغِي أَنَّهُ إِذَا قَالَ إِنْ لَمْ أَبِعْك فَأَنْتَ حُرٌّ فَدَبَّرَهُ تَدْبِيرًا مُطْلَقًا أَنْ يَعْتِقَ لِوُجُودِ الشَّرْطِ كَمَا ذَكَرُوهُ، ","وَلَا فَرْقَ بَيْنَ كَوْنِ الْعَبْدِ ذِمِّيًّا أَوْ مُسْلِمًا فَيَجْرِي اخْتِلَافُ الْمَشَايِخِ فِيهِ وَالتَّصْحِيحُ.
وَأَشَارَ بِالتَّدْبِيرِ إِلَى أَنَّ الِاسْتِيلَادَ كَذَلِكَ كَمَا فِي الذَّخِيرَةِ وَالْمُرَادُ بِالتَّدْبِيرِ الْمُطْلَقُ مِنْهُ، وَلَا يَحْنَثُ بِالْمُقَيَّدِ كَمَا أَشَارَ إِلَيْهِ فِي فَتْحِ الْقَدِيرِ وَيَنْبَغِي أَنَّهُ إِذَا قَالَ إِنْ لَمْ أَبِعْك فَأَنْتَ حُرٌّ فَدَبَّرَهُ تَدْبِيرًا مُطْلَقًا أَنْ يَعْتِقَ لِوُجُودِ الشَّرْطِ كَمَا ذَكَرُوهُ،"
"ويلزم الوديع دفع الظالم بما أمكنه، فإن لم يندفع إلا بالحلف جاز وكفر إن كان بالله تعالى دون الطلاق، نعم يتجه كما بحثه الأذرعي الوجوب إن كان حيوانا يريد قتله أو قنا يريد الفجور به ا ه.
وبقي ما لو أكرهه على الحلف فقط فحلف بالطلاق أو بالله فهل يحنث أم لا؟ ","وَيَلْزَمُ الْوَدِيعَ دَفْعُ الظَّالِمِ بِمَا أَمْكَنَهُ، فَإِنْ لَمْ يَنْدَفِعْ إِلَّا بِالْحَلِفِ جَازَ وَكَفَّرَ إِنْ كَانَ بِاللَّهِ تَعَالَى دُونَ الطَّلَاقِ، نَعَمْ يَتَّجِهُ كَمَا بَحَثَهُ الْأَذْرَعِيُّ الْوُجُوبُ إِنْ كَانَ حَيَوَانًا يُرِيدُ قَتْلَهُ أَوْ قِنًّا يُرِيدُ الْفُجُورَ بِهِ ا ه.
وَبَقِيَ مَا لَوْ أَكْرَهَهُ عَلَى الْحَلِفِ فَقَطْ فَحَلَفَ بِالطَّلَاقِ أَوْ بِاللَّهِ فَهَلْ يَحْنَثُ أَمْ لَا؟ ","وَيَلْزَمُ الْوَدِيعَ دَفْعُ الظَّالِمِ بِمَا أَمْكَنَهُ، فَإِنْ لَمْ يَنْدَفِعْ إِلَّا بِالْحَلِفِ جَازَ وَكَفَّرَ إِنْ كَانَ بِاللَّهِ تَعَالَى دُونَ الطَّلَاقِ، نَعَمْ يَتَّجِهُ كَمَا بَحَثَهُ الْأَذْرَعِيُّ الْوُجُوبُ إِنْ كَانَ حَيَوَانًا يُرِيدُ قَتْلَهُ أَوْ قِنًّا يُرِيدُ الْفُجُورَ بِهِ ا ه.
وَبَقِيَ مَا لَوْ أَكْرَهَهُ عَلَى الْحَلِفِ فَقَطْ فَحَلَفَ بِالطَّلَاقِ أَوْ بِاللَّهِ فَهَلْ يَحْنَثُ أَمْ لَا؟"
لأن هذا الطريق النافذ حق جماعة المسلمين فلا يمكن واحد منهم أن يعتاض عنه شيئا فصاحب الظلة لا يستفيد بهذا الصلح حق الإقرار؛ لأن لكل مسلم أن يخاصمه في طرحه والذي خاصمه كان محتسبا في ذلك فارتشى لترك الحسبة وذلك حرام وهذا؛ ,لِأَنَّ هَذَا الطَّرِيقَ النَّافِذَ حَقُّ جَمَاعَةِ الْمُسْلِمِينَ فَلَا يُمَكَّنُ وَاحِدٌ مِنْهُمْ أَنْ يَعْتَاضَ عَنْهُ شَيْئًا فَصَاحِبُ الظُّلَّةِ لَا يَسْتَفِيدُ بِهَذَا الصُّلْحِ حَقَّ الْإِقْرَارِ؛ لِأَنَّ لِكُلِّ مُسْلِمٍ أَنْ يُخَاصِمَهُ فِي طَرْحِهِ وَالَّذِي خَاصَمَهُ كَانَ مُحْتَسِبًا فِي ذَلِكَ فَارْتَشَى لِتَرْكِ الْحِسْبَةِ وَذَلِكَ حَرَامٌ وَهَذَا؛ ,لِأَنَّ هَذَا الطَّرِيقَ النَّافِذَ حَقُّ جَمَاعَةِ الْمُسْلِمِينَ فَلَا يُمْكِنُ وَاحِدٌ مِنْهُمْ أَنْ يَعْتَاضَ عَنْهُ شَيْئًا فَصَاحِبُ الظُّلَّةِ لَا يَسْتَفِيدُ بِهَذَا الصُّلْحِ حَقَّ الْإِقْرَارِ؛ لِأَنَّ لِكُلِّ مُسْلِمٍ أَنْ يُخَاصِمَهُ فِي طَرْحِهِ وَالَّذِي خَاصَمَهُ كَانَ مُحْتَسِبًا فِي ذَلِكَ فَارْتَشَى لِتَرْكِ الْحِسْبَةِ وَذَلِكَ حَرَامٌ وَهَذَا؛
الثاني هو الذي أجمع عليه أهل السنة وهو قول مالك وكره التختم في اليمين قال ولا بأس أن يجعل الخاتم في يمينه للحاجة يتذكرها أو يربط خيطا في أصبعه ولابن القاسم عن مالك ولا بأس بلبس الخاتم فيه ذكر الله يلبسه في الشمال ويستنجي به وروى أبو داود {,الثَّانِي هُوَ الَّذِي أَجْمَعَ عَلَيْهِ أَهْلُ السُّنَّةِ وَهُوَ قَوْلُ مَالِكٍ وَكَرِهَ التَّخَتُّمَ فِي الْيَمِينِ قَالَ وَلَا بَأْسَ أَنْ يَجْعَلَ الْخَاتَمَ فِي يَمِينِهِ لِلْحَاجَةِ يَتَذَكَّرَهَا أَوْ يَرْبِطَ خَيْطًا فِي أُصْبُعِهِ وَلِابْنِ الْقَاسِمِ عَنْ مَالِكٍ وَلَا بَأْسَ بِلُبْسِ الْخَاتَمِ فِيهِ ذِكْرُ اللَّهِ يَلْبَسُهُ فِي الشِّمَالِ وَيَسْتَنْجِي بِهِ وَرَوَى أَبُو دَاوُدَ {,الثَّانِي هُوَ الَّذِي أَجْمَعَ عَلَيْهِ أَهْلُ السُّنَّةِ وَهُوَ قَوْلُ مَالِكٍ وَكَرِهَ التَّخَتُّمَ فِي الْيَمِينِ قَالَ وَلَا بَأْسَ أَنْ يَجْعَلَ الْخَاتَمَ فِي يَمِينِهِ لِلْحَاجَةِ يَتَذَكَّرُهَا أَوْ يَرْبِطَ خَيْطًا فِي أُصْبُعِهِ وَلِابْنِ الْقَاسِمِ عَنْ مَالِكٍ وَلَا بَأْسَ بِلُبْسِ الْخَاتَمِ فِيهِ ذِكْرُ اللَّهِ يَلْبَسُهُ فِي الشِّمَالِ وَيَسْتَنْجِي بِهِ وَرَوَى أَبُو دَاوُدَ {
"من نسي صلاة أو نام عنها فكفارتها أن يصليها إذا ذكرها} ولو تذكر فائتة فتيمم لها ثم صلى به حاضرة أو عكسه أجزأه؛ لأن التيمم قد صح لما قصده فصح أن يؤدي به غيره.
والمنذورة المتعلقة بوقت معين والجنازة ويدخل وقتها بانقضاء طهر الميت من غسل أو تيمم وإن لم يكفن، ","مَنْ نَسِيَ صَلَاةً أَوْ نَامَ عَنْهَا فَكَفَّارَتُهَا أَنْ يُصَلِّيَهَا إِذَا ذَكَرَهَا} وَلَوْ تَذَكَّرَ فَائِتَةً فَتَيَمَّمَ لَهَا ثُمَّ صَلَّى بِهِ حَاضِرَةً أَوْ عَكْسَهُ أَجْزَأَهُ؛ لِأَنَّ التَّيَمُّمَ قَدْ صَحَّ لِمَا قَصَدَهُ فَصَحَّ أَنْ يُؤَدِّيَ بِهِ غَيْرَهُ.
وَالْمَنْذُورَةُ الْمُتَعَلِّقَةُ بِوَقْتٍ مُعَيَّنٍ وَالْجِنَازَةُ وَيَدْخُلُ وَقْتُهَا بِانْقِضَاءِ طُهْرِ الْمَيِّتِ مِنْ غُسْلٍ أَوْ تَيَمُّمٍ وَإِنْ لَمْ يُكَفَّنْ، ","مَنْ نَسِيَ صَلَاةً أَوْ نَامَ عَنْهَا فَكَفَّارَتُهَا أَنْ يُصَلِّيَهَا إِذَا ذَكَرَهَا} وَلَوْ تَذَكَّرَ فَائِتَةً فَتَيَمَّمَ لَهَا ثُمَّ صَلَّى بِهِ حَاضِرَةً أَوْ عَكْسَهُ أَجْزَأَهُ؛ لِأَنَّ التَّيَمُّمَ قَدْ صَحَّ لِمَا قَصَدَهُ فَصَحَّ أَنْ يُؤَدِّيَ بِهِ غَيْرَهُ.
وَالْمَنْذُورَةُ الْمُتَعَلِّقَةُ بِوَقْتٍ مُعَيَّنٍ وَالْجِنَازَةُ وَيَدْخُلُ وَقْتُهَا بِانْقِضَاءِ طُهْرِ الْمَيِّتِ مِنْ غُسْلٍ أَوْ تَيَمُّمٍ وَإِنْ لَمْ يُكَفَّنْ،"
"والأوجه من تردد للأذرعي وجوب تسليم الأمة ليلا ونهارا حيث كانت لا كسب لها ولا خدمة فيها لزمانة أو جنون أو خبل أو غيرها، إذ لا وجه لحبسها عند السيد بلا فائدة.
الشرح
(21/199)
(قوله: لأن الحياء والمروءة) قضيته أنه لو عين السيد بيتا بجواره مستقلا وجب على الزوج السكنى فيه لانتفاء ما علل به من أن المروءة والحياء إلخ، ","وَالْأَوْجَهُ مِنْ تَرَدُّدٍ لِلْأَذْرَعِيِّ وُجُوبُ تَسْلِيمِ الْأُمَّةِ لَيْلًا وَنَهَارًا حَيْثُ كَانَتْ لَا كَسْبَ لَهَا وَلَا خِدْمَةَ فِيهَا لِزَمَانَةٍ أَوْ جُنُونٍ أَوْ خَبَلٍ أَوْ غَيْرِهَا، إِذْ لَا وَجْهَ لِحَبْسِهَا عِنْدَ السَّيِّدِ بِلَا فَائِدَةٍ.
الشَّرْحُ
(21/199)
(قَوْلُهُ: لِأَنَّ الْحَيَاءَ وَالْمُرُوءَةَ) قَضِيَّتُهُ أَنَّهُ لَوْ عَيَّنَ السَّيِّدُ بَيْتًا بِجِوَارِهِ مُسْتَقِلًّا وَجَبَ عَلَى الزَّوْجِ السُّكْنَى فِيهِ لِانْتِفَاءِ مَا عَلَّلَ بِهِ مِنْ أَنَّ الْمُرُوءَةَ وَالْحَيَاءَ إِلَخْ، ","وَالْأَوْجَهُ مِنْ تَرَدُّدٍ لِلْأَذْرَعِيِّ وُجُوبُ تَسْلِيمِ الْأَمَةِ لَيْلًا وَنَهَارًا حَيْثُ كَانَتْ لَا كَسْبَ لَهَا وَلَا خِدْمَةَ فِيهَا لِزَمَانَةٍ أَوْ جُنُونٍ أَوْ خَبَلٍ أَوْ غَيْرِهَا، إِذْ لَا وَجْهَ لِحَبْسِهَا عِنْدَ السَّيِّدِ بِلَا فَائِدَةٍ.
الشَّرْحُ
(21/199)
(قَوْلُهُ: لِأَنَّ الْحَيَاءَ وَالْمُرُوءَةَ) قَضِيَّتُهُ أَنَّهُ لَوْ عَيَّنَ السَّيِّدُ بَيْتًا بِجِوَارِهِ مُسْتَقِلًّا وَجَبَ عَلَى الزَّوْجِ السُّكْنَى فِيهِ لِانْتِفَاءِ مَا عَلَّلَ بِهِ مِنْ أَنَّ الْمُرُوءَةَ وَالْحَيَاءَ إِلَخْ،"
"وقد يستدل بما في مسند البزار عن ابن عباس أن رسول الله صلى الله عليه وسلم قال {نهيت أن أصلي إلى النيام والمتحدثين} وإن قال البزار لا نعلمه إلا عن ابن عباس.
ويجاب بأن محمله إذا كانت لهم أصوات (2/320)
يخاف منها التغليظ أو الشغل، ","وَقَدْ يُسْتَدَلُّ بِمَا فِي مُسْنَدِ الْبَزَّارِ عَنِ ابْنِ عَبَّاسٍ أَنَّ رَسُولَ اللَّهِ صَلَّى اللَّهُ عَلَيْهِ وَسَلَّمَ قَالَ {نُهِيتُ أَنْ أُصَلِّيَ إِلَى النِّيَامِ وَالْمُتَحَدِّثِينَ} وَإِنْ قَالَ الْبَزَّارُ لَا نَعْلَمُهُ إِلَّا عَنِ ابْنِ عَبَّاسٍ.
وَيُجَابُ بِأَنَّ مَحْمَلُهُ إِذَا كَانَتْ لَهُمْ أَصْوَاتٌ (2/320)
يُخَافُ مِنْهَا التَّغْلِيظُ أَوِ الشَّغْلُ، ","وَقَدْ يُسْتَدَلُّ بِمَا فِي مُسْنَدِ الْبَزَّارِ عَنِ ابْنِ عَبَّاسٍ أَنَّ رَسُولَ اللَّهِ صَلَّى اللَّهُ عَلَيْهِ وَسَلَّمَ قَالَ {نُهِيتُ أَنْ أُصَلِّيَ إِلَى النِّيَامِ وَالْمُتَحَدِّثِينَ} وَإِنْ قَالَ الْبَزَّارُ لَا نَعْلَمُهُ إِلَّا عَنِ ابْنِ عَبَّاسٍ.
وَيُجَابُ بِأَنَّ مَحْمَلَهُ إِذَا كَانَتْ لَهُمْ أَصْوَاتٌ (2/320)
يُخَافُ مِنْهَا التَّغْلِيظُ أَوِ الشُّغْلُ،"
"وهي جارية لا يلزمه إلا سجدة، واحدة كما لو كررها في بيت، واحد.
وكذا لو خير امرأته في السفينة، وهي جارية فهي على خيارها ما لم يوجد منها دليل الإعراض، وعلى هذا إذا أوجب أحدهما البيع، والآخر غائب فبلغه فقبل لا ينعقد بأن قال: بعت عبدي هذا من فلان الغائب بكذا فبلغه فقبل، ولو قبل عنه قابل ينعقد، ","وَهِيَ جَارِيَةٌ لَا يَلْزَمُهُ إِلَّا سَجْدَةٌ، وَاحِدَةٌ كَمَا لَوْ كَرَّرَهَا فِي بَيْتٍ، وَاحِدٍ.
وَكَذَا لَوْ خَيَّرَ امْرَأَتَهُ فِي السَّفِينَةِ، وَهِيَ جَارِيَةٌ فَهِيَ عَلَى خِيَارِهَا مَا لَمْ يُوجَدْ مِنْهَا دَلِيلُ الْإِعْرَاضِ، وَعَلَى هَذَا إِذَا أَوْجَبَ أَحَدُهُمَا الْبَيْعَ، وَالْآخَرُ غَائِبٌ فَبَلَغَهُ فَقَبِلَ لَا يَنْعَقِدُ بِأَنْ قَالَ: بِعْتُ عَبْدِي هَذَا مِنْ فُلَانٍ الْغَائِبِ بِكَذَا فَبَلَغَهُ فَقَبِلَ، وَلَوْ قَبِلَ عَنْهُ قَابِلٌ يَنْعَقِدُ، ","وَهِيَ جَارِيَةٌ لَا يَلْزَمُهُ إِلَّا سَجْدَةٌ، وَاحِدَةٌ كَمَا لَوْ كَرَّرَهَا فِي بَيْتٍ، وَاحِدٍ.
وَكَذَا لَوْ خَيَّرَ امْرَأَتَهُ فِي السَّفِينَةِ، وَهِيَ جَارِيَةٌ فَهِيَ عَلَى خِيَارِهَا مَا لَمْ يُوجَدْ مِنْهَا دَلِيلُ الْإِعْرَاضِ، وَعَلَى هَذَا إِذَا أَوْجَبَ أَحَدُهُمَا الْبَيْعَ، وَالْآخَرُ غَائِبٌ فَبَلَغَهُ فَقَبِلَ لَا يَنْعَقِدُ بِأَنْ قَالَ: بِعْتُ عَبْدِي هَذَا مِنْ فُلَانٍ الْغَائِبِ بِكَذَا فَبَلَغَهُ فَقَبِلَ، وَلَوْ قَبِلَ عَنْهُ قَابِلٌ يَنْعَقِدُ،"
ولا قسامة في الجراحات وقطع الأطراف والأموال، فأسقط المصنف الجراحات، ولو قال: ولا يقسم فيما دون النفس كما قدرته في كلامه لشملها وكان أخصر، وعدم القسامة في المال مجزوم به، وفي الأطراف على الصحيح كما قدرته في كلامه أيضا، وإن أشعر كلامه بالتسوية بينهما، ثم استثنى من عدم القسامة في المال الرقيق فقال (إلا في) ,وَلَا قَسَامَةَ فِي الْجِرَاحَاتِ وَقَطْعِ الْأَطْرَافِ وَالْأَمْوَالِ، فَأَسْقَطَ الْمُصَنِّفُ الْجِرَاحَاتِ، وَلَوْ قَالَ: وَلَا يُقْسَمُ فِيمَا دُونَ النَّفْسِ كَمَا قَدَّرْتُهُ فِي كَلَامِهِ لِشَمْلِهَا وَكَانَ أَخْصَرَ، وَعَدَمُ الْقَسَامَةِ فِي الْمَالِ مَجْزُومٌ بِهِ، وَفِي الْأَطْرَافِ عَلَى الصَّحِيحِ كَمَا قَدَّرْتُهُ فِي كَلَامِهِ أَيْضًا، وَإِنْ أَشْعَرَ كَلَامُهُ بِالتَّسْوِيَةِ بَيْنَهُمَا، ثُمَّ اسْتَثْنَى مِنْ عَدَمِ الْقَسَامَةِ فِي الْمَالِ الرَّقِيقَ فَقَالَ (إِلَّا فِي) ,وَلَا قَسَامَةَ فِي الْجِرَاحَاتِ وَقَطْعِ الْأَطْرَافِ وَالْأَمْوَالِ، فَأَسْقَطَ الْمُصَنِّفُ الْجِرَاحَاتِ، وَلَوْ قَالَ: وَلَا يُقْسَمُ فِيمَا دُونَ النَّفْسِ كَمَا قَدَّرْتُهُ فِي كَلَامِهِ لَشَمِلَهَا وَكَانَ أَخْصَرَ، وَعَدَمُ الْقَسَامَةِ فِي الْمَالِ مَجْزُومٌ بِهِ، وَفِي الْأَطْرَافِ عَلَى الصَّحِيحِ كَمَا قَدَّرْتُهُ فِي كَلَامِهِ أَيْضًا، وَإِنْ أَشْعَرَ كَلَامُهُ بِالتَّسْوِيَةِ بَيْنَهُمَا، ثُمَّ اسْتَثْنَى مِنْ عَدَمِ الْقَسَامَةِ فِي الْمَالِ الرَّقِيقَ فَقَالَ (إِلَّا فِي)
"وقال أبو يوسف وهو رواية عن أبي حنيفة يتيمم ولا يتوضأ به، وقال محمد يجمع بينهما وهو أيضا مروي عن أبي حنيفة وروى نوح (1/152)
رجوع أبي حنيفة إلى قول أبي يوسف وفي خزانة الأكمل إنما اختلفت أجوبته لاختلاف أسئلتهم فسئل مرة إن كان الماء غالبا فقال يتوضأ به ولا يتيمم ومرة إن كانت الحلاوة غالبة عليه، ","وَقَالَ أَبُو يُوسُفَ وَهُوَ رِوَايَةٌ عَنْ أَبِي حَنِيفَةَ يَتَيَمَّمُ وَلَا يَتَوَضَّأُ بِهِ، وَقَالَ مُحَمَّدٌ يَجْمَعُ بَيْنَهُمَا وَهُوَ أَيْضًا مَرْوِيٌّ عَنْ أَبِي حَنِيفَةَ وَرَوَى نُوحٌ (1/152)
رُجُوعَ أَبِي حَنِيفَةَ إِلَى قَوْلِ أَبِي يُوسُفَ وَفِي خِزَانَةِ الْأَكْمَلِ إِنَّمَا اخْتَلَفَتْ أَجْوِبَتُهُ لِاخْتِلَافِ أَسْئِلَتِهِمْ فَسُئِلَ مَرَّةً إِنْ كَانَ الْمَاءُ غَالِبًا فَقَالَ يَتَوَضَّأُ بِهِ وَلَا يَتَيَمَّمُ وَمَرَّةً إِنْ كَانَتِ الْحَلَاوَةُ غَالِبَةً عَلَيْهِ، ","وَقَالَ أَبُو يُوسُفَ وَهُوَ رِوَايَةٌ عَنْ أَبِي حَنِيفَةَ يَتَيَمَّمُ وَلَا يَتَوَضَّأُ بِهِ، وَقَالَ مُحَمَّدٌ يَجْمَعُ بَيْنَهُمَا وَهُوَ أَيْضًا مَرْوِيٌّ عَنْ أَبِي حَنِيفَةَ وَرَوَى نُوحٌ (1/152)
رُجُوعَ أَبِي حَنِيفَةَ إِلَى قَوْلِ أَبِي يُوسُفَ وَفِي خِزَانَةِ الْأَكْمَلِ إِنَّمَا اخْتَلَفَتْ أَجْوِبَتُهُ لِاخْتِلَافِ أَسْئِلَتِهِمْ فَسُئِلَ مَرَّةً إِنْ كَانَ الْمَاءُ غَالِبًا فَقَالَ يَتَوَضَّأُ بِهِ وَلَا يَتَيَمَّمُ وَمَرَّةً إِنْ كَانَتِ الْحَلَاوَةُ غَالِبَةً عَلَيْهِ،"
"والإنجيل لا) قراءة (القنوت) لأنه كسائر الأدعية (ولا يكره له مس القرآن بالكم) على ما سبق (ودفع المصحف للصبي) لأن في تكليفهم بالوضوء حرجا بهم وفي تأخيره إلى البلوغ تقليل حفظ القرآن فرخص للضرورة.
الشرح
(1/79)
(قوله: ويكره له) أي للجنب (قوله: كتابته أي القرآن...
إلخ) ","وَالْإِنْجِيلِ لَا) قِرَاءَةُ (الْقُنُوتِ) لِأَنَّهُ كَسَائِرِ الْأَدْعِيَةِ (وَلَا يُكْرَهُ لَهُ مَسُّ الْقُرْآنِ بِالْكُمِّ) عَلَى مَا سَبَقَ (وَدَفْعُ الْمُصْحَفِ لِلصَّبِيِّ) لِأَنَّ فِي تَكْلِيفِهِمْ بِالْوُضُوءِ حَرَجًا بِهِمْ وَفِي تَأْخِيرِهِ إِلَى الْبُلُوغِ تَقْلِيلَ حِفْظِ الْقُرْآنِ فَرُخِّصَ لِلضَّرُورَةِ.
الشَّرْحُ
(1/79)
(قَوْلُهُ: وَيُكْرَهُ لَهُ) أَيْ لِلْجُنُبِ (قَوْلُهُ: كِتَابَتُهُ أَيِ الْقُرْآنِ...
إِلَخْ) ","وَالْإِنْجِيلِ لَا) قِرَاءَةُ (الْقُنُوتِ) لِأَنَّهُ كَسَائِرِ الْأَدْعِيَةِ (وَلَا يُكْرَهُ لَهُ مَسُّ الْقُرْآنِ بِالْكُمِّ) عَلَى مَا سَبَقَ (وَدَفْعُ الْمُصْحَفِ لِلصَّبِيِّ) لِأَنَّ فِي تَكْلِيفِهِمْ بِالْوُضُوءِ حَرَجًا بِهِمْ وَفِي تَأْخِيرِهِ إِلَى الْبُلُوغِ تَقْلِيلَ حِفْظِ الْقُرْآنِ فَرُخِّصَ لِلضَّرُورَةِ.
الشَّرْحُ
(1/79)
(قَوْلُهُ: وَيُكْرَهُ لَهُ) أَيْ لِلْجُنُبِ (قَوْلُهُ: كِتَابَتُهُ أَيِ الْقُرْآنِ...
إِلَخْ)"
قال الزركشي أخذا من التعليل ومحل كونها للتعليل في غير التأقيت فإن كان فيه فلا كما لو قال أنت طالق إن جاءت السنة أو البدعة لأن ذلك بمنزلة لأن جاءت واللام في مثله للتأقيت كقوله أنت طالق للسنة أو للبدعة وهذا متعين وإن سكتوا عنه وما قاله في لأن جاءت ممنوع ولو سلم فلهم أن يمنعوا ذلك في إن جاءت فإن المقدر ليس في قوة الملفوظ مطلقا (وإلا) ,قَالَ الزَّرْكَشِيُّ أَخْذًا مِنَ التَّعْلِيلِ وَمَحَلُّ كَوْنِهَا لِلتَّعْلِيلِ فِي غَيْرِ التَّأْقِيتِ فَإِنْ كَانَ فِيهِ فَلَا كَمَا لَوْ قَالَ أَنْتِ طَالِقٌ إِنْ جَاءَتِ السُّنَّةُ أَوِ الْبِدْعَةُ لِأَنَّ ذَلِكَ بِمَنْزِلَةِ لَأَنْ جَاءَتْ وَاللَّامُ فِي مِثْلِهِ لِلتَّأْقِيتِ كَقَوْلِهِ أَنْتِ طَالِقٌ لِلسُّنَّةِ أَوْ لِلْبِدْعَةِ وَهَذَا مُتَعَيِّنٌ وَإِنْ سَكَتُوا عَنْهُ وَمَا قَالَهُ فِي لَأَنْ جَاءَتْ مَمْنُوعٌ وَلَوْ سُلِّمَ فَلَهُمْ أَنْ يَمْنَعُوا ذَلِكَ فِي إِنْ جَاءَتْ فَإِنَّ الْمُقَدَّرَ لَيْسَ فِي قُوَّةِ الْمَلْفُوظِ مُطْلَقًا (وَإِلَّا) ,قَالَ الزَّرْكَشِيُّ أَخْذًا مِنَ التَّعْلِيلِ وَمَحَلُّ كَوْنِهَا لِلتَّعْلِيلِ فِي غَيْرِ التَّأْقِيتِ فَإِنْ كَانَ فِيهِ فَلَا كَمَا لَوْ قَالَ أَنْتِ طَالِقٌ إِنْ جَاءَتِ السُّنَّةُ أَوِ الْبِدْعَةُ لِأَنَّ ذَلِكَ بِمَنْزِلَةِ لَإِنْ جَاءَتْ وَاللَّامُ فِي مِثْلِهِ لِلتَّأْقِيتِ كَقَوْلِهِ أَنْتِ طَالِقٌ لِلسُّنَّةِ أَوْ لِلْبِدْعَةِ وَهَذَا مُتَعَيِّنٌ وَإِنْ سَكَتُوا عَنْهُ وَمَا قَالَهُ فِي لَإِنْ جَاءَتْ مَمْنُوعٌ وَلَوْ سَلِمَ فَلَهُمْ أَنْ يَمْنَعُوا ذَلِكَ فِي إِنْ جَاءَتْ فَإِنَّ الْمُقَدَّرَ لَيْسَ فِي قُوَّةِ الْمَلْفُوظِ مُطْلَقًا (وَإِلَّا)
"والتدبير وموازنة الثواب للعباد. (8/135)
إذا ثبت هذا فلا بد أن نفرغ على قالب القولين وننسج على منوال الفريقين، فنقول: أما إذا قلنا إن المراد به النحر يوم الضحى فقد تقدم ذكره وسببه في سورة والصافات وغيرها.
والأصل في ذلك قصة إبراهيم في ولده إسماعيل، وما بينه الله فيه للأمة، وجعله لهم قدوة، ","وَالتَّدْبِيرِ وَمُوَازَنَةِ الثَّوَابِ لِلْعِبَادِ. (8/135)
إِذَا ثَبَتَ هَذَا فَلَا بُدَّ أَنْ نَفْرُغَ عَلَى قَالَبِ الْقَوْلَيْنِ وَنَنْسِجَ عَلَى مِنْوَالِ الْفَرِيقَيْنِ، فَنَقُولَ: أَمَّا إِذَا قُلْنَا إِنَّ الْمُرَادَ بِهِ النَّحْرُ يَوْمَ الضُّحَى فَقَدْ تَقَدَّمَ ذِكْرُهُ وَسَبَبُهُ فِي سُورَةِ وَالصَّافَّاتِ وَغَيْرِهَا.
وَالْأَصْلُ فِي ذَلِكَ قِصَّةُ إِبْرَاهِيمَ فِي وَلَدِهِ إِسْمَاعِيلَ، وَمَا بَيَّنَّهُ اللَّهُ فِيهِ لِلْأُمَّةِ، وَجَعَلَهُ لَهُمْ قُدْوَةً، ","وَالتَّدْبِيرُ وَمُوَازَنَةُ الثَّوَابِ لِلْعِبَادِ. (8/135)
إِذَا ثَبَتَ هَذَا فَلَا بُدَّ أَنْ نُفَرِّغَ عَلَى قَالَبِ الْقَوْلَيْنِ وَنَنْسِجَ عَلَى مِنْوَالِ الْفَرِيقَيْنِ، فَنَقُولُ: أَمَّا إِذَا قُلْنَا إِنَّ الْمُرَادَ بِهِ النَّحْرُ يَوْمَ الضُّحَى فَقَدْ تَقَدَّمَ ذِكْرُهُ وَسَبَبُهُ فِي سُورَةِ وَالصَّافَّاتِ وَغَيْرِهَا.
وَالْأَصْلُ فِي ذَلِكَ قِصَّةُ إِبْرَاهِيمَ فِي وَلَدِهِ إِسْمَاعِيلَ، وَمَا بَيَّنَهُ اللَّهُ فِيهِ لِلْأُمَّةِ، وَجَعَلَهُ لَهُمْ قُدْوَةً،"
أو نحو وثنية أو مرتدة (فحاضت) مثلا (ثم) بعد فراغ الحيض أو في أثنائه ومثله الشهر في ذات الأشهر وكذا الوضع كما صرحا به (أسلمت لم يكف) ,أَوْ نَحْوَ وَثَنِيَّةٍ أَوْ مُرْتَدَّةٍ (فَحَاضَتْ) مَثَلًا (ثُمَّ) بَعْدَ فَرَاغِ الْحَيْضِ أَوْ فِي أَثْنَائِهِ وَمِثْلُهُ الشَّهْرُ فِي ذَاتِ الْأَشْهُرِ وَكَذَا الْوَضْعُ كَمَا صَرَّحَا بِهِ (أَسْلَمَتْ لَمْ يَكْفِ) ,أَوْ نَحْوِ وَثَنِيَّةٍ أَوْ مُرْتَدَّةٍ (فَحَاضَتْ) مَثَلًا (ثُمَّ) بَعْدَ فَرَاغِ الْحَيْضِ أَوْ فِي أَثْنَائِهِ وَمِثْلُهُ الشَّهْرُ فِي ذَاتِ الْأَشْهُرِ وَكَذَا الْوَضْعُ كَمَا صَرَّحَا بِهِ (أَسْلَمَتْ لَمْ يَكْفِ)
ومنع مانعون هذا الفرق وقالوا لم يزل الإجماع حجة في الملل قال القاضي رحمه الله لست أدري كيف كان ولا يشهد له موجب عقلي على وجوب التسوية ولا على وجوب الفرق، ولم يثبت في ذلك عندنا قاطع من طريق النقل فلا وجه إلا التوقف والذي أراه أن أهل الإجماع إذا قطعوا فقولهم في كل ملة يستند إلى حجة قاطعة، ,وَمَنَعَ مَانِعُونَ هَذَا الْفَرْقَ وَقَالُوا لَمْ يَزَلِ الْإِجْمَاعُ حُجَّةً فِي الْمِلَلِ قَالَ الْقَاضِي رَحِمَهُ اللَّهُ لَسْت أَدْرِي كَيْفَ كَانَ وَلَا يَشْهَدُ لَهُ مُوجِبٌ عَقْلِيٌّ عَلَى وُجُوبِ التَّسْوِيَةِ وَلَا عَلَى وُجُوبِ الْفَرْقِ، وَلَمْ يَثْبُتْ فِي ذَلِكَ عِنْدَنَا قَاطِعٌ مِنْ طَرِيقِ النَّقْلِ فَلَا وَجْهَ إِلَّا التَّوَقُّفُ وَالَّذِي أَرَاهُ أَنَّ أَهْلَ الْإِجْمَاعِ إِذَا قَطَعُوا فَقَوْلُهُمْ فِي كُلِّ مِلَّةٍ يَسْتَنِدُ إِلَى حُجَّةٍ قَاطِعَةٍ، ,وَمَنَعَ مَانِعُونَ هَذَا الْفَرْقَ وَقَالُوا لَمْ يَزَلِ الْإِجْمَاعُ حُجَّةً فِي الْمِلَلِ قَالَ الْقَاضِي رَحِمَهُ اللَّهُ لَسْت أَدْرِي كَيْفَ كَانَ وَلَا يَشْهَدُ لَهُ مُوجِبٌ عَقْلِيٌّ عَلَى وُجُوبِ التَّسْوِيَةِ وَلَا عَلَى وُجُوبِ الْفَرْقِ، وَلَمْ يَثْبُتْ فِي ذَلِكَ عِنْدَنَا قَاطِعٌ مِنْ طَرِيقِ النَّقْلِ فَلَا وَجْهَ إِلَّا التَّوَقُّفُ وَالَّذِي أَرَاهُ أَنَّ أَهْلَ الْإِجْمَاعِ إِذَا قَطَعُوا فَقَوْلُهُمْ فِي كُلِّ مِلَّةٍ يَسْتَنِدُ إِلَى حُجَّةٍ قَاطِعَةٍ،
"أي لعدم اختلافها غالبا حتى لو تعلق غرضه لجودتها أو كونها من جهة حل لا يتعين (قوله: أما إذا التزم معيبة) كأن قال لله علي أن أضحي بعوراء أو عرجاء (قوله: وعليه قيمتها) أي إن لم يتصدق بلحمها (قوله: لا يثبت في الذمة) أي لا يثبت شاة بدل المعيبة (27/210)
في ذمته وإلا فالقيمة التي يجب التصدق بها ثابتة في الذمة (27/211)
","أَيْ لِعَدَمِ اخْتِلَافِهَا غَالِبًا حَتَّى لَوْ تَعَلَّقَ غَرَضُهُ لِجُودَتِهَا أَوْ كَوْنِهَا مِنْ جِهَةِ حِلٍّ لَا يَتَعَيَّنُ (قَوْلُهُ: أَمَّا إِذَا الْتَزَمَ مَعِيبَةً) كَأَنْ قَالَ لِلَّهِ عَلَيَّ أَنْ أُضَحِّيَ بِعَوْرَاءَ أَوْ عَرْجَاءَ (قَوْلُهُ: وَعَلَيْهِ قِيمَتُهَا) أَيْ إِنْ لَمْ يَتَصَدَّقْ بِلَحْمِهَا (قَوْلُهُ: لَا يَثْبُتُ فِي الذِّمَّةِ) أَيْ لَا يَثْبُتُ شَاةٌ بَدَلَ الْمَعِيبَةِ (27/210)
فِي ذِمَّتِهِ وَإِلَّا فَالْقِيمَةُ الَّتِي يَجِبُ التَّصَدُّقُ بِهَا ثَابِتَةٌ فِي الذِّمَّةِ (27/211)
","أَيْ لِعَدَمِ اخْتِلَافِهَا غَالِبًا حَتَّى لَوْ تَعَلَّقَ غَرَضُهُ لِجَوْدَتِهَا أَوْ كَوْنِهَا مِنْ جِهَةِ حِلٍّ لَا يَتَعَيَّنُ (قَوْلُهُ: أَمَّا إِذَا الْتَزَمَ مَعِيبَةً) كَأَنْ قَالَ لِلَّهِ عَلَيَّ أَنْ أُضَحِّيَ بِعَوْرَاءَ أَوْ عَرْجَاءَ (قَوْلُهُ: وَعَلَيْهِ قِيمَتُهَا) أَيْ إِنْ لَمْ يَتَصَدَّقْ بِلَحْمِهَا (قَوْلُهُ: لَا يَثْبُتُ فِي الذِّمَّةِ) أَيْ لَا يَثْبُتُ شَاةٌ بَدَلُ الْمَعِيبَةِ (27/210)
فِي ذِمَّتِهِ وَإِلَّا فَالْقِيمَةُ الَّتِي يَجِبُ التَّصَدُّقُ بِهَا ثَابِتَةٌ فِي الذِّمَّةِ (27/211)"
"حدثني مالك عن نافع عن عبد الله بن عمر
أن رسول الله صلى الله عليه وسلم قطع في مجن ثمنه ثلاثة دراهم (5/1215)
3075 - وحدثني عن مالك عن عبد الله بن عبد الرحمن بن أبي حسين المكي
","حَدَّثَنِي مَالِك عَنْ نَافِعٍ عَنْ عَبْدِ اللَّهِ بْنِ عُمَرَ
أَنَّ رَسُولَ اللَّهِ صَلَّى اللَّهُ عَلَيْهِ وَسَلَّمَ قَطَعَ فِي مِجَنٍّ ثَمَنُهُ ثَلَاثَةُ دَرَاهِمَ (5/1215)
3075 - وَحَدَّثَنِي عَنْ مَالِكٍ عَنْ عَبْدِ اللَّهِ بْنِ عَبْدِ الرَّحْمَنِ بْنِ أَبِي حُسَيْنٍ الْمَكِّيِّ
","حَدَّثَنِي مَالِكٌ عَنْ نَافِعٍ عَنْ عَبْدِ اللَّهِ بْنِ عُمَرَ
أَنَّ رَسُولَ اللَّهِ صَلَّى اللَّهُ عَلَيْهِ وَسَلَّمَ قَطَعَ فِي مِجَنٍّ ثَمَنُهُ ثَلَاثَةُ دَرَاهِمَ (5/1215)
3075 - وَحَدَّثَنِي عَنْ مَالِكٍ عَنْ عَبْدِ اللَّهِ بْنِ عَبْدِ الرَّحْمَنِ بْنِ أَبِي حُسَيْنٍ الْمَكِّيِّ"
"وفي اختلاف وزنهما بيع نقد بمثله متفاضلا وفي اختلافهما جودة ورداءة دخولهما على التفاوت في الشركة حيث عملا على الوزن لا القيمة؛ لأن قيمة الجيد أكثر من قيمة الرديء وإن دخلا على القيمة فقد صرفا النقد للقيمة وذلك يؤدي إلى بيع النقد بغير معياره الشرعي من الوزن في بيعه بجنسه
الشرح
(13/469)
","وَفِي اخْتِلَافِ وَزْنِهِمَا بَيْعُ نَقْدٍ بِمِثْلِهِ مُتَفَاضِلًا وَفِي اخْتِلَافِهِمَا جَوْدَةً وَرَدَاءَةً دُخُولُهُمَا عَلَى التَّفَاوُتِ فِي الشِّرْكَةِ حَيْثُ عَمِلَا عَلَى الْوَزْنِ لَا الْقِيمَةِ؛ لِأَنَّ قِيمَةَ الْجَيِّدِ أَكْثَرُ مِنْ قِيمَةِ الرَّدِيءِ وَإِنْ دَخَلَا عَلَى الْقِيمَةِ فَقَدْ صَرَفَا النَّقْدَ لِلْقِيمَةِ وَذَلِكَ يُؤَدِّي إِلَى بَيْعِ النَّقْدِ بِغَيْرِ مِعْيَارِهِ الشَّرْعِيِّ مِنَ الْوَزْنِ فِي بَيْعِهِ بِجِنْسِهِ
الشَّرْحُ
(13/469)
","وَفِي اخْتِلَافِ وَزْنِهِمَا بَيْعُ نَقْدٍ بِمِثْلِهِ مُتَفَاضِلًا وَفِي اخْتِلَافِهِمَا جَوْدَةً وَرَدَاءَةً دُخُولُهُمَا عَلَى التَّفَاوُتِ فِي الشَّرِكَةِ حَيْثُ عَمِلَا عَلَى الْوَزْنِ لَا الْقِيمَةِ؛ لِأَنَّ قِيمَةَ الْجَيِّدِ أَكْثَرُ مِنْ قِيمَةِ الرَّدِيءِ وَإِنْ دَخَلَا عَلَى الْقِيمَةِ فَقَدْ صَرَفَا النَّقْدَ لِلْقِيمَةِ وَذَلِكَ يُؤَدِّي إِلَى بَيْعِ النَّقْدِ بِغَيْرِ مِعْيَارِهِ الشَّرْعِيِّ مِنَ الْوَزْنِ فِي بَيْعِهِ بِجِنْسِهِ
الشَّرْحُ
(13/469)"
"وكذلك إن فتح المسلمون الباب وهابوا أن يدخلوا مخافة كمين خلف الباب، فهذا والأول سواء.
لأن المقصود التحريض على الدخول فيتقيد بحال بقاء الخوف. (2/452)
- وكذلك لو قال: من دخل فله بطريق المطمورة.
فدخل العشرة معا أو على الترتيب حال قيام الخوف..
لأنه عرف البطريق بالإضافة.
فعرفنا أن مراده الإشراك بين الداخلين فيه.
- ","وَكَذَلِكَ إِنْ فَتَحَ الْمُسْلِمُونَ الْبَابَ وَهَابُوا أَنْ يَدْخُلُوا مَخَافَةَ كَمِينٍ خَلْفَ الْبَابِ، فَهَذَا وَالْأَوَّلُ سَوَاءٌ.
لِأَنَّ الْمَقْصُودَ التَّحْرِيضُ عَلَى الدُّخُولِ فَيَتَقَيَّدُ بِحَالِ بَقَاءِ الْخَوْفِ. (2/452)
- وَكَذَلِكَ لَوْ قَالَ: مَنْ دَخَلَ فَلَهُ بِطْرِيقُ الْمَطْمُورَةِ.
فَدَخَلَ الْعَشَرَةُ مَعًا أَوْ عَلَى التَّرْتِيبِ حَالَ قِيَامِ الْخَوْفِ..
لِأَنَّهُ عَرَّفَ الْبِطْرِيقَ بِالْإِضَافَةِ.
فَعَرَفْنَا أَنَّ مُرَادَهُ الْإِشْرَاكُ بَيْنَ الدَّاخِلِينَ فِيهِ.
- ","وَكَذَلِكَ إِنْ فَتَحَ الْمُسْلِمُونَ الْبَابَ وَهَابُوا أَنْ يَدْخُلُوا مَخَافَةَ كَمِينٍ خَلْفَ الْبَابِ، فَهَذَا وَالْأَوَّلُ سَوَاءٌ.
لِأَنَّ الْمَقْصُودَ التَّحْرِيضُ عَلَى الدُّخُولِ فَيَتَقَيَّدُ بِحَالِ بَقَاءِ الْخَوْفِ. (2/452)
- وَكَذَلِكَ لَوْ قَالَ: مَنْ دَخَلَ فَلَهُ بِطَرِيقِ الْمَطْمُورَةِ.
فَدَخَلَ الْعَشَرَةُ مَعًا أَوْ عَلَى التَّرْتِيبِ حَالَ قِيَامِ الْخَوْفِ..
لِأَنَّهُ عَرَّفَ الْبَطْرِيقَ بِالْإِضَافَةِ.
فَعَرَفْنَا أَنَّ مُرَادَهُ الْإِشْرَاكُ بَيْنَ الدَّاخِلِينَ فِيهِ.
-"
"الرحمن والنجم في ركعة، واقتربت والحاقة في ركعة، والطور والذاريات في ركعة، ثم قال: والدخان وإذا الشمس كورت في ركعة، وذكر قبل ذلك أن آخرهن من الحواميم حم الدخان وعم يتساءلون وقال أيضا عن الأعمش هن عشرون سورة؛ أولاهن: الرحمن؛ وآخرهن: الدخان.
وقال أيضا: ","الرَّحْمَنُ وَالنَّجْمُ فِي رَكْعَةٍ، وَاقْتَرَبَتْ وَالْحَاقَّةُ فِي رَكْعَةٍ، وَالطُّورُ وَالذَّارِيَاتُ فِي رَكْعَةٍ، ثُمَّ قَالَ: وَالدُّخَانُ وَإِذَا الشَّمْسُ كُوِّرَتْ فِي رَكْعَةٍ، وَذَكَرَ قَبْلَ ذَلِكَ أَنَّ آخِرَهُنَّ مِنَ الْحَوَامِيمِ حم الدُّخَانُ وَعَمَّ يَتَسَاءَلُونَ وَقَالَ أَيْضًا عَنِ الْأَعْمَشِ هُنَّ عِشْرُونَ سُورَةً؛ أُولَاهُنَّ: الرَّحْمَنُ؛ وَآخِرُهُنَّ: الدُّخَانُ.
وَقَالَ أَيْضًا: ","الرَّحْمَنِ وَالنَّجْمِ فِي رَكْعَةٍ، وَاقْتَرَبَتْ وَالْحَاقَّةِ فِي رَكْعَةٍ، وَالطُّورِ وَالذَّارِيَاتِ فِي رَكْعَةٍ، ثُمَّ قَالَ: وَالدُّخَانِ وَإِذَا الشَّمْسُ كُوِّرَتْ فِي رَكْعَةٍ، وَذَكَرَ قَبْلَ ذَلِكَ أَنَّ آخِرَهُنَّ مِنَ الْحَوَامِيمِ حم الدُّخَانِ وَعَمَّ يَتَسَاءَلُونَ وَقَالَ أَيْضًا عَنِ الْأَعْمَشِ هُنَّ عِشْرُونَ سُورَةً؛ أُولَاهُنَّ: الرَّحْمَنُ؛ وَآخِرُهُنَّ: الدُّخَانُ.
وَقَالَ أَيْضًا:"
"لأن النكرة في سياق الإثبات قد تعم أي عموما شموليا، وإن كان قليلا وهو المناسب لغرضه هنا ولا يعترض على (10/122)
ذلك بكلام ابن رشد وابن الجهم من أنها لا تؤخذ من كفار قريش إجماعا فإنه طريقة لهما وإنما أتى المؤلف بقوله لكافر توطئة لما بعده وإلا المسلم لا يتوهم أن عليه جزية حتى يحترز به منه وخرج بقوله (صح سباؤه) ","لِأَنَّ النَّكِرَةَ فِي سِيَاقِ الْإِثْبَاتِ قَدْ تَعُمُّ أَيْ عُمُومًا شُمُولِيًّا، وَإِنْ كَانَ قَلِيلًا وَهُوَ الْمُنَاسِبُ لِغَرَضِهِ هُنَا وَلَا يُعْتَرَضُ عَلَى (10/122)
ذَلِكَ بِكَلَامِ ابْنِ رُشْدٍ وَابْنِ الْجَهْمِ مِنْ أَنَّهَا لَا تُؤْخَذُ مِنْ كُفَّارِ قُرَيْشٍ إِجْمَاعًا فَإِنَّهُ طَرِيقَةٌ لَهُمَا وَإِنَّمَا أَتَى الْمُؤَلِّفُ بِقَوْلِهِ لِكَافِرٍ تَوْطِئَةٌ لِمَا بَعْدَهُ وَإِلَّا الْمُسْلِمُ لَا يُتَوَهَّمُ أَنَّ عَلَيْهِ جِزْيَةً حَتَّى يَحْتَرِزُ بِهِ مِنْهُ وَخَرَجَ بِقَوْلِهِ (صَحَّ سِبَاؤُهُ) ","لِأَنَّ النَّكِرَةَ فِي سِيَاقِ الْإِثْبَاتِ قَدْ تَعُمُّ أَيْ عُمُومًا شُمُولِيًّا، وَإِنْ كَانَ قَلِيلًا وَهُوَ الْمُنَاسِبُ لِغَرَضِهِ هُنَا وَلَا يُعْتَرَضُ عَلَى (10/122)
ذَلِكَ بِكَلَامِ ابْنِ رُشْدٍ وَابْنِ الْجَهْمِ مِنْ أَنَّهَا لَا تُؤْخَذُ مِنْ كُفَّارِ قُرَيْشٍ إِجْمَاعًا فَإِنَّهُ طَرِيقَةٌ لَهُمَا وَإِنَّمَا أَتَى الْمُؤَلِّفُ بِقَوْلِهِ لِكَافِرٍ تَوْطِئَةً لِمَا بَعْدَهُ وَإِلَّا الْمُسْلِمُ لَا يُتَوَهَّمُ أَنَّ عَلَيْهِ جِزْيَةً حَتَّى يُحْتَرَزَ بِهِ مِنْهُ وَخَرَجَ بِقَوْلِهِ (صَحَّ سِبَاؤُهُ)"
"لأن نحو الخطإ شبهة في الفعل تورث في فعل الشريك فيه شبهة في القود بخلاف شريك من امتنع قوده لمعنى فيه؛ لأنه عمد ولا شبهة فيه ا ه.
أي: فالزهوق في الأول حصل بما يجب فيه القود ما لا يجوز فيه فهو من قاعدة اجتماع مقتض ومانع فغلب الثاني وليس ذلك في الثاني؛ ","لِأَنَّ نَحْوَ الْخَطَإِ شُبْهَةٌ فِي الْفِعْلِ تُورِثُ فِي فِعْلِ الشَّرِيكِ فِيهِ شُبْهَةً فِي الْقَوَدِ بِخِلَافِ شَرِيكِ مَنِ امْتَنَعَ قَوَدُهُ لِمَعْنًى فِيهِ؛ لِأَنَّهُ عَمْدٌ وَلَا شُبْهَةَ فِيهِ ا ه.
أَيْ: فَالزُّهُوقُ فِي الْأَوَّلِ حَصَلَ بِمَا يَجِبُ فِيهِ الْقَوَدُ مَا لَا يَجُوزُ فِيهِ فَهُوَ مِنْ قَاعِدَةِ اجْتِمَاعِ مُقْتَضٍ وَمَانِعٍ فَغَلَبَ الثَّانِي وَلَيْسَ ذَلِكَ فِي الثَّانِي؛ ","لِأَنَّ نَحْوَ الْخَطَإِ شُبْهَةٌ فِي الْفِعْلِ تُورِثُ فِي فِعْلِ الشَّرِيكِ فِيهِ شُبْهَةً فِي الْقَوَدِ بِخِلَافِ شَرِيكِ مَنِ امْتَنَعَ قَوَدُهُ لِمَعْنًى فِيهِ؛ لِأَنَّهُ عَمْدٌ وَلَا شُبْهَةَ فِيهِ ا ه.
أَيْ: فَالزُّهُوقُ فِي الْأَوَّلِ حَصَلَ بِمَا يَجِبُ فِيهِ الْقَوَدُ مَا لَا يَجُوزُ فِيهِ فَهُوَ مِنْ قَاعِدَةِ اجْتِمَاعِ مُقْتَضٍ وَمَانِعٍ فَغَلَبَ الثَّانِي وَلَيْسَ ذَلِكَ فِي الثَّانِي؛"
"تعين الماء في الاستنجاء من (حيض ونفاس) المريضة أو عادمة للماء أو كان سلسا مفارقا يوما وإلا عفي عنه.
وتعين الماء في الاستنجاء من (بول امرأة) ","تَعَيَّنَ الْمَاءُ فِي الِاسْتِنْجَاءِ مِنْ (حَيْضِ وَنِفَاسِ) الْمَرِيضَةِ أَوْ عَادِمَةٍ لِلْمَاءِ أَوْ كَانَ سَلَسًا مُفَارِقًا يَوْمًا وَإِلَّا عُفِيَ عَنْهُ.
وَتَعَيَّنَ الْمَاءُ فِي الِاسْتِنْجَاءِ مِنْ (بَوْلِ امْرَأَةٍ) ","تَعَيَّنَ الْمَاءُ فِي الِاسْتِنْجَاءِ مِنْ (حَيْضِ وَنِفَاسِ) الْمَرِيضَةِ أَوْ عَادِمَةٍ لِلْمَاءِ أَوْ كَانَ سَلَسًا مُفَارِقًا يَوْمًا وَإِلَّا عُفِيَ عَنْهُ.
وَتَعَيَّنَ الْمَاءُ فِي الِاسْتِنْجَاءِ مِنْ (بَوْلِ امْرَأَةٍ)"
اشتر على المقارضة بالدين، أيجوز هذا؟ قال مالك: هذه مقارضة لا تحل، قال ابن القاسم: ولا ينبغي له هذا؛ لأنه لو جاز هذا جاز أن يقارض الرجل الرجل بغير مال؛ ألا ترى أنه لما قال له ما اشتريت به من دين فهو على القراض، فهو كرجل قارض على غير مال، فهذا لا يجوز قلت: ,اشْتَرِ عَلَى الْمُقَارَضَةِ بِالدَّيْنِ، أَيَجُوزُ هَذَا؟ قَالَ مَالِكٌ: هَذِهِ مُقَارَضَةٌ لَا تَحِلُّ، قَالَ ابْنُ الْقَاسِمِ: وَلَا يَنْبَغِي لَهُ هَذَا؛ لِأَنَّهُ لَوْ جَازَ هَذَا جَازَ أَنْ يُقَارِضَ الرَّجُلُ الرَّجُلَ بِغَيْرِ مَالٍ؛ أَلَا تَرَى أَنَّهُ لَمَّا قَالَ لَهُ مَا اشْتَرَيْتَ بِهِ مِنْ دَيْنٍ فَهُوَ عَلَى الْقِرَاضِ، فَهُوَ كَرَجُلٍ قَارَضَ عَلَى غَيْرِ مَالٍ، فَهَذَا لَا يَجُوزُ قُلْتُ: ,اشْتَرِ عَلَى الْمُقَارَضَةِ بِالدَّيْنِ، أَيَجُوزُ هَذَا؟ قَالَ مَالِكٌ: هَذِهِ مُقَارَضَةٌ لَا تَحِلُّ، قَالَ ابْنُ الْقَاسِمِ: وَلَا يَنْبَغِي لَهُ هَذَا؛ لِأَنَّهُ لَوْ جَازَ هَذَا جَازَ أَنْ يُقَارِضَ الرَّجُلُ الرَّجُلَ بِغَيْرِ مَالٍ؛ أَلَا تَرَى أَنَّهُ لَمَّا قَالَ لَهُ مَا اشْتَرَيْتَ بِهِ مِنْ دَيْنٍ فَهُوَ عَلَى الْقِرَاضِ، فَهُوَ كَرَجُلٍ قَارَضَ عَلَى غَيْرِ مَالٍ، فَهَذَا لَا يَجُوزُ قُلْتُ:
في جملة من آداب عيادة المريض، ينبغي أن تكون من أول المرض لحديث {إذا مرض فعده} وقيل بعد ثلاثة أيام لفعله عليه الصلاة والسلام رواه ابن ماجه بإسناد ضعيف عن أنس أخرجه ابن ماجه والبيهقي قال: {كان النبي صلى الله عليه وسلم لا يعود مريضا إلا بعد ثلاث} .، وأخرج الطبراني في الأوسط عن ابن عباس رضي الله عنهما: {,فِي جُمْلَةٍ مِنْ آدَابِ عِيَادَةِ الْمَرِيضِ، يَنْبَغِي أَنْ تَكُونَ مِنْ أَوَّلِ الْمَرَضِ لِحَدِيثِ {إِذَا مَرِضَ فَعُدْهُ} وَقِيلَ بَعْدَ ثَلَاثَةِ أَيَّامٍ لِفِعْلِهِ عَلَيْهِ الصَّلَاةُ وَالسَّلَامُ رَوَاهُ ابْنُ مَاجَهْ بِإِسْنَادٍ ضَعِيفٍ عَنْ أَنَسٍ أَخْرَجَهُ ابْنُ مَاجَهْ وَالْبَيْهَقِيُّ قَالَ: {كَانَ النَّبِيُّ صَلَّى اللَّهُ عَلَيْهِ وَسَلَّمَ لَا يَعُودُ مَرِيضًا إِلَّا بَعْدَ ثَلَاثٍ} .، وَأَخْرَجَ الطَّبَرَانِيُّ فِي الْأَوْسَطِ عَنِ ابْنِ عَبَّاسٍ رَضِيَ اللَّهُ عَنْهُمَا: {,فِي جُمْلَةٍ مِنْ آدَابِ عِيَادَةِ الْمَرِيضِ، يَنْبَغِي أَنْ تَكُونَ مِنْ أَوَّلِ الْمَرَضِ لِحَدِيثِ {إِذَا مَرِضَ فَعُدْهُ} وَقِيلَ بَعْدَ ثَلَاثَةِ أَيَّامٍ لِفِعْلِهِ عَلَيْهِ الصَّلَاةُ وَالسَّلَامُ رَوَاهُ ابْنُ مَاجَهْ بِإِسْنَادٍ ضَعِيفٍ عَنْ أَنَسٍ أَخْرَجَهُ ابْنُ مَاجَهْ وَالْبَيْهَقِيُّ قَالَ: {كَانَ النَّبِيُّ صَلَّى اللَّهُ عَلَيْهِ وَسَلَّمَ لَا يَعُودُ مَرِيضًا إِلَّا بَعْدَ ثَلَاثٍ} .، وَأَخْرَجَ الطَّبَرَانِيُّ فِي الْأَوْسَطِ عَنِ ابْنِ عَبَّاسٍ رَضِيَ اللَّهُ عَنْهُمَا: {
"أي الشهداء أفضل؟ قال: الذين يلقون القوم في الصف فلا يلفتون وجوههم حتى يقتلوا، أولئك يتلبطون في الغرف العلا من الجنة، يضحك إليهم ربك، وإذا ضحك ربك إلى عبد في موطن فلا حساب عليه (2/466)
1278- حدثنا محمد بن مصفى، حدثنا أبو المغيرة عبد القدوس، حدثنا الوليد بن سليمان بن أبي السائب، ","أَيُّ الشُّهَدَاءِ أَفْضَلُ؟ قَالَ: الَّذِينَ يَلْقُونَ الْقَوْمَ فِي الصَّفِّ فَلَا يَلْفِتُونَ وُجُوهَهُمْ حَتَّى يُقَتَلُوا، أُولَئِكَ يَتَلَبَّطُونَ فِي الْغُرَفِ الْعُلَا مِنَ الْجَنَّةِ، يَضْحَكُ إِلَيْهِمْ رَبُّكَ، وَإِذَا ضَحِكَ رَبُّكَ إِلَى عَبْدٍ فِي مَوْطِنٍ فَلَا حِسَابَ عَلَيْهِ (2/466)
1278- حَدَّثَنَا مُحَمَّدُ بْنُ مُصَفَّى، حَدَّثَنَا أَبُو الْمُغِيرَةِ عَبْدُ الْقُدُّوسِ، حَدَّثَنَا الْوَلِيدُ بْنُ سُلَيْمَانَ بْنِ أَبِي السَّائِبِ، ","أَيُّ الشُّهَدَاءِ أَفْضَلُ؟ قَالَ: الَّذِينَ يَلْقَوْنَ الْقَوْمَ فِي الصَّفِّ فَلَا يَلْفِتُونَ وُجُوهَهُمْ حَتَّى يُقْتَلُوا، أُولَئِكَ يَتَلَبَّطُونَ فِي الْغُرَفِ الْعُلَا مِنَ الْجَنَّةِ، يَضْحَكُ إِلَيْهِمْ رَبُّكَ، وَإِذَا ضَحِكَ رَبُّكَ إِلَى عَبْدٍ فِي مَوْطِنٍ فَلَا حِسَابَ عَلَيْهِ (2/466)
1278- حَدَّثَنَا مُحَمَّدُ بْنُ مُصَفَّى، حَدَّثَنَا أَبُو الْمُغِيرَةِ عَبْدُ الْقُدُّوسِ، حَدَّثَنَا الْوَلِيدُ بْنُ سُلَيْمَانَ بْنِ أَبِي السَّائِبِ،"
أو القطع تكون للمشتري حيث لم يكن أصلها مما يجز مرة بعد أخرى، وإلا فلا يدخل في العقد إلا الجزة الظاهرة كما علم من قوله السابق وأصول البقل إلخ والطريق في جعلها للبائع أن يبيع بشرط القطع فإنه حينئذ تكون الزيادة حتى السنابل للبائع، ومن الزيادة الربة التي تخلف بعد القطع في الرعي، ,أَوِ الْقَطْعِ تَكُونُ لِلْمُشْتَرِي حَيْثُ لَمْ يَكُنْ أَصْلُهَا مِمَّا يُجَزُّ مَرَّةً بَعْدَ أُخْرَى، وَإِلَّا فَلَا يَدْخُلُ فِي الْعَقْدِ إِلَّا الْجِزَّةُ الظَّاهِرَةُ كَمَا عُلِمَ مِنْ قَوْلِهِ السَّابِقِ وَأُصُولُ الْبَقْلِ إِلَخْ وَالطَّرِيقُ فِي جَعْلِهَا لِلْبَائِعِ أَنْ يَبِيعَ بِشَرْطِ الْقَطْعِ فَإِنَّهُ حِينَئِذٍ تَكُونُ الزِّيَادَةُ حَتَّى السَّنَابِلُ لِلْبَائِعِ، وَمِنَ الزِّيَادَةِ الرِّبَّةُ الَّتِي تَخْلُفُ بَعْدَ الْقَطْعِ فِي الرَّعْيِ، ,أَوِ الْقَطْعِ تَكُونُ لِلْمُشْتَرِي حَيْثُ لَمْ يَكُنْ أَصْلُهَا مِمَّا يُجَزُّ مَرَّةً بَعْدَ أُخْرَى، وَإِلَّا فَلَا يَدْخُلُ فِي الْعَقْدِ إِلَّا الْجَزَّةُ الظَّاهِرَةُ كَمَا عُلِمَ مِنْ قَوْلِهِ السَّابِقِ وَأُصُولُ الْبَقْلِ إِلَخْ وَالطَّرِيقُ فِي جَعْلِهَا لِلْبَائِعِ أَنْ يَبِيعَ بِشَرْطِ الْقَطْعِ فَإِنَّهُ حِينَئِذٍ تَكُونُ الزِّيَادَةُ حَتَّى السَّنَابِلَ لِلْبَائِعِ، وَمِنَ الزِّيَادَةِ الرِّبَّةُ الَّتِي تَخْلُفُ بَعْدَ الْقَطْعِ فِي الرَّعْيِ،
"أي المدعي الذين أشهدهم علي وأنكر المدعي علمه بفسقهم فللمدعى عليه تحليفه على أنه لم يعلم فسقهم.
","أَيِ الْمُدَّعِي الَّذِينَ أَشْهَدَهُمْ عَلَيَّ وَأَنْكَرَ الْمُدَّعِي عِلْمَهُ بِفِسْقِهِمْ فَلِلْمُدَّعَى عَلَيْهِ تَحْلِيفُهُ عَلَى أَنَّهُ لَمْ يَعْلَمْ فِسْقَهُمْ.
",أَيِ الْمُدَّعِي الَّذِينَ أَشْهَدَهُمْ عَلَيَّ وَأَنْكَرَ الْمُدَّعِي عِلْمَهُ بِفِسْقِهِمْ فَلِلْمُدَّعَى عَلَيْهِ تَحْلِيفُهُ عَلَى أَنَّهُ لَمْ يَعْلَمْ فِسْقَهُمْ.
أي مفاد ما ذكر من جواز إسلام منقود في موزون وإسلام الحنطة في الزيت فإنه قد وجد في الأول القدر المتفق وفي الثاني القدر المختلف فافهم (قوله فليحرر) تحريره ما أفاده عقبه من أن المراد بقولهم وعلته القدر هو القدر المتفق كبيع موزون بموزون أو مكيل بمكيل، ,أَيْ مُفَادُ مَا ذُكِرَ مِنْ جَوَازِ إِسْلَامِ مَنْقُودٍ فِي مَوْزُونٍ وَإِسْلَامِ الْحِنْطَةِ فِي الزَّيْتِ فَإِنَّهُ قَدْ وُجِدَ فِي الْأَوَّلِ الْقَدْرُ الْمُتَّفِقُ وَفِي الثَّانِي الْقَدْرُ الْمُخْتَلِفُ فَافْهَمْ (قَوْلُهُ فَلْيُحَرَّرْ) تَحْرِيرُهُ مَا أَفَادَهُ عَقِبَهُ مِنْ أَنَّ الْمُرَادَ بِقَوْلِهِمْ وَعِلَّتُهُ الْقَدْرُ هُوَ الْقَدْرُ الْمُتَّفِقُ كَبَيْعِ مَوْزُونٍ بِمَوْزُونٍ أَوْ مَكِيلٍ بِمَكِيلٍ، ,أَيْ مُفَادُ مَا ذُكِرَ مِنْ جَوَازِ إِسْلَامِ مَنْقُودٍ فِي مَوْزُونٍ وَإِسْلَامِ الْحِنْطَةِ فِي الزَّيْتِ فَإِنَّهُ قَدْ وُجِدَ فِي الْأَوَّلِ الْقَدْرُ الْمُتَّفِقُ وَفِي الثَّانِي الْقَدْرُ الْمُخْتَلِفُ فَافْهَمْ (قَوْلُهُ فَلْيُحَرَّرْ) تَحْرِيرُهُ مَا أَفَادَهُ عَقِبَهُ مِنْ أَنَّ الْمُرَادَ بِقَوْلِهِمْ وَعِلَّتُهُ الْقَدْرُ هُوَ الْقَدْرُ الْمُتَّفِقُ كَبَيْعِ مَوْزُونٍ بِمَوْزُونٍ أَوْ مَكِيلٍ بِمَكِيلٍ،
"التكبيرة (الثانية) للاتباع، وأقلها اللهم صل على محمد، وتسن الصلاة على الآل كالدعاء للمؤمنين والمؤمنات عقبها والحمد لله قبل الصلاة على النبي صلى الله عليه وسلم
الشرح
قوله: (يصلي على النبي) وهذا من المواضع التي لا يكره فيها إفراد الصلاة عن السلام لعدم استحبابه على المعتمد اتباعا للوارد، ","التَّكْبِيرَةِ (الثَّانِيَةِ) لِلِاتِّبَاعِ، وَأَقَلُّهَا اللَّهُمَّ صَلِّ عَلَى مُحَمَّدٍ، وَتُسَنُّ الصَّلَاةُ عَلَى الْآلِ كَالدُّعَاءِ لِلْمُؤْمِنِينَ وَالْمُؤْمِنَاتِ عَقِبَهَا وَالْحَمْدُ لِلَّهِ قَبْلَ الصَّلَاةِ عَلَى النَّبِيِّ صَلَّى اللَّهُ عَلَيْهِ وَسَلَّمَ
الشَّرْحُ
قَوْلُهُ: (يُصَلِّي عَلَى النَّبِيِّ) وَهَذَا مِنَ الْمَوَاضِعِ الَّتِي لَا يُكْرَهُ فِيهَا إِفْرَادُ الصَّلَاةِ عَنِ السَّلَامِ لِعَدَمِ اسْتِحْبَابِهِ عَلَى الْمُعْتَمَدِ اتِّبَاعًا لِلْوَارِدِ، ","التَّكْبِيرَةُ (الثَّانِيَةُ) لِلِاتِّبَاعِ، وَأَقَلُّهَا اللَّهُمَّ صَلِّ عَلَى مُحَمَّدٍ، وَتُسَنُّ الصَّلَاةُ عَلَى الْآلِ كَالدُّعَاءِ لِلْمُؤْمِنِينَ وَالْمُؤْمِنَاتِ عَقِبَهَا وَالْحَمْدُ لِلَّهِ قَبْلَ الصَّلَاةِ عَلَى النَّبِيِّ صَلَّى اللَّهُ عَلَيْهِ وَسَلَّمَ
الشَّرْحُ
قَوْلُهُ: (يُصَلِّي عَلَى النَّبِيِّ) وَهَذَا مِنَ الْمَوَاضِعِ الَّتِي لَا يُكْرَهُ فِيهَا إِفْرَادُ الصَّلَاةِ عَنِ السَّلَامِ لِعَدَمِ اسْتِحْبَابِهِ عَلَى الْمُعْتَمَدِ اتِّبَاعًا لِلْوَارِدِ،"
"وغيره المسلم وذلك لا يوجد هنا، فإنما يأخذ رأس ماله بعينه، وإن كان عوده إليه بحكم ملك جديد، وهذا لأن الإقالة فسخ في حق المتعاقدين لتراضيهما عليه، وإذا رضي الأول بذلك كان فسخا في حقه أيضا.
وهذا بخلاف ما إذا قضى القاضي له بالقيمة قبل أن يصالح الثاني مع الشك؛ لأن حقه هناك تقرر في القيمة بقضاء القاضي، ","وَغَيْرُهُ الْمُسْلَمُ وَذَلِكَ لَا يُوجَدُ هُنَا، فَإِنَّمَا يَأْخُذُ رَأْسَ مَالِهِ بِعَيْنِهِ، وَإِنْ كَانَ عَوْدُهُ إِلَيْهِ بِحُكْمِ مِلْكٍ جَدِيدٍ، وَهَذَا لِأَنَّ الْإِقَالَةَ فَسْخٌ فِي حَقِّ الْمُتَعَاقِدَيْنِ لِتَرَاضِيهِمَا عَلَيْهِ، وَإِذَا رَضِيَ الْأَوَّلُ بِذَلِكَ كَانَ فَسْخًا فِي حَقِّهِ أَيْضًا.
وَهَذَا بِخِلَافِ مَا إِذَا قَضَى الْقَاضِي لَهُ بِالْقِيمَةِ قَبْلَ أَنْ يُصَالِحَ الثَّانِي مَعَ الشَّكِّ؛ لِأَنَّ حَقَّهُ هُنَاكَ تَقَرَّرَ فِي الْقِيمَةِ بِقَضَاءِ الْقَاضِي، ","وَغَيْرِهِ الْمُسْلِمِ وَذَلِكَ لَا يُوجَدُ هُنَا، فَإِنَّمَا يَأْخُذُ رَأْسَ مَالِهِ بِعَيْنِهِ، وَإِنْ كَانَ عَوْدُهُ إِلَيْهِ بِحُكْمِ مِلْكٍ جَدِيدٍ، وَهَذَا لِأَنَّ الْإِقَالَةَ فَسْخٌ فِي حَقِّ الْمُتَعَاقِدَيْنِ لِتَرَاضِيهِمَا عَلَيْهِ، وَإِذَا رَضِيَ الْأَوَّلُ بِذَلِكَ كَانَ فَسْخًا فِي حَقِّهِ أَيْضًا.
وَهَذَا بِخِلَافِ مَا إِذَا قَضَى الْقَاضِي لَهُ بِالْقِيمَةِ قَبْلَ أَنْ يُصَالِحَ الثَّانِي مَعَ الشَّكِّ؛ لِأَنَّ حَقَّهُ هُنَاكَ تَقَرَّرَ فِي الْقِيمَةِ بِقَضَاءِ الْقَاضِي،"
عن السدي، قوله: سيحلفون بالله لكم إذا انقلبتم إليهم لتعرضوا عنهم فأعرضوا عنهم إنهم رجس قال: لما خرج رسول الله صلى الله عليه وسلم خلف عليا بعده ولم يخرج به معه فخاض الناس، فقالوا: إنما خلفه لسخطه، فأدركه علي في الطريق فأخبره بما قال المنافقون، فقال النبي صلى الله عليه وسلم لعلي رضي الله عنه: ,عَنِ السُّدِّيِّ، قَوْلُهُ: سَيَحْلِفُونَ بِاللَّهِ لَكُمْ إِذَا انْقَلَبْتُمْ إِلَيْهِمْ لِتُعْرِضُوا عَنْهُمْ فَأَعْرِضُوا عَنْهُمْ إِنَّهُمْ رِجْسٌ قَالَ: لَمَّا خَرَجَ رَسُولُ اللَّهِ صَلَّى اللَّهُ عَلَيْهِ وَسَلَّمَ خَلَفَ عَلِيًّا بَعْدَهُ وَلَمْ يَخْرُجْ بِهِ مَعَهُ فَخَاضَ النَّاسُ، فَقَالُوا: إِنَّمَا خَلَفَهُ لِسُخْطِهِ، فَأَدْرَكَهُ عَلِيٌّ فِي الطَّرِيقِ فَأَخْبَرَهُ بِمَا قَالَ الْمُنَافِقُونِ، فَقَالَ النَّبِيُّ صَلَّى اللَّهُ عَلَيْهِ وَسَلَّمَ لِعَلِيٍّ رَضِيَ اللَّهُ عَنْهُ: ,عَنِ السُّدِّيِّ، قَوْلُهُ: سَيَحْلِفُونَ بِاللَّهِ لَكُمْ إِذَا انْقَلَبْتُمْ إِلَيْهِمْ لِتَعْرِضُوا عَنْهُمْ فَأَعْرَضُوا عَنْهُمْ إِنَّهُمْ رِجْسٌ قَالَ: لَمَّا خَرَجَ رَسُولُ اللَّهِ صَلَّى اللَّهُ عَلَيْهِ وَسَلَّمَ خَلْفَ عَلِيًّا بَعْدَهُ وَلَمْ يَخْرُجْ بِهِ مَعَهُ فَخَاضَ النَّاسُ، فَقَالُوا: إِنَّمَا خَلْفَهُ لِسَخَطِهِ، فَأَدْرَكَهُ عَلِيٌّ فِي الطَّرِيقِ فَأَخْبَرَهُ بِمَا قَالَ الْمُنَافِقُونَ، فَقَالَ النَّبِيُّ صَلَّى اللَّهُ عَلَيْهِ وَسَلَّمَ لِعَلِيٍّ رَضِيَ اللَّهُ عَنْهُ:
"لأن المسجد بني للصلاة وأمر الصلاة بالجماعة إن كان مفوضا إلى أهل المسجد فلكل واحد من المسلمين أن يصلي فيه وحده..
الشرح
(23/466)
(فصل في الحائط المائل) (قوله وقالا: لا يضمن في الوجهين جميعا) أي فيما إذا فعل ذلك أحد من العشيرة، وفيما إذا فعله أحد من غير العشيرة.
قال صاحب معراج الدراية: ","لِأَنَّ الْمَسْجِدَ بُنِيَ لِلصَّلَاةِ وَأَمْرُ الصَّلَاةِ بِالْجَمَاعَةِ إِنْ كَانَ مُفَوَّضًا إِلَى أَهْلِ الْمَسْجِدِ فَلِكُلِّ وَاحِدٍ مِنَ الْمُسْلِمِينَ أَنْ يُصَلِّيَ فِيهِ وَحْدَهُ..
الشَّرْحُ
(23/466)
(فَصْلٌ فِي الْحَائِطِ الْمَائِلِ) (قَوْلُهُ وَقَالَا: لَا يَضْمَنُ فِي الْوَجْهَيْنِ جَمِيعًا) أَيْ فِيمَا إِذَا فَعَلَ ذَلِكَ أَحَدٌ مِنَ الْعَشِيرَةِ، وَفِيمَا إِذَا فَعَلَهُ أَحَدٌ مِنْ غَيْرِ الْعَشِيرَةِ.
قَالَ صَاحِبُ مِعْرَاجِ الدِّرَايَةِ: ","لِأَنَّ الْمَسْجِدَ بُنِيَ لِلصَّلَاةِ وَأَمْرُ الصَّلَاةِ بِالْجَمَاعَةِ إِنْ كَانَ مُفَوَّضًا إِلَى أَهْلِ الْمَسْجِدِ فَلِكُلِّ وَاحِدٍ مِنَ الْمُسْلِمِينَ أَنْ يُصَلِّيَ فِيهِ وَحْدَهُ..
الشَّرْحُ
(23/466)
(فَصْلٌ فِي الْحَائِطِ الْمَائِلِ) (قَوْلُهُ وَقَالَا: لَا يَضْمَنُ فِي الْوَجْهَيْنِ جَمِيعًا) أَيْ فِيمَا إِذَا فَعَلَ ذَلِكَ أَحَدٌ مِنَ الْعَشِيرَةِ، وَفِيمَا إِذَا فَعَلَهُ أَحَدٌ مِنْ غَيْرِ الْعَشِيرَةِ.
قَالَ صَاحِبُ مِعْرَاجِ الدِّرَايَةِ:"
"وبما قررناه اندفع الاعتراض على المصنف، بأن التملك يقتضي اشتراط التكليف؛ لأنه حمل التملك على الصفة، فاقتضى ما ذكره فافهم.
قوله: (وليس هو) أي الإحياء لذمي فغيره من الكفار أولى بالمنع، فلا عبرة بإحيائه خلافا لأبي حنيفة وللمسلم أن يأخذه منه، ويملكه فإن كان فيه عين له كزرع رده المسلم إليه، ","وَبِمَا قَرَّرْنَاهُ انْدَفَعَ الِاعْتِرَاضُ عَلَى الْمُصَنِّفِ، بِأَنَّ التَّمَلُّكَ يَقْتَضِي اشْتِرَاطُ التَّكْلِيفِ؛ لِأَنَّهُ حَمَلَ التَّمَلُّكَ عَلَى الصِّفَةِ، فَاقْتَضَى مَا ذَكَرَهُ فَافْهَمْ.
قَوْلُهُ: (وَلَيْسَ هُوَ) أَيِ الْإِحْيَاءُ لِذِمِّيٍّ فَغَيْرُهُ مِنَ الْكُفَّارِ أَوْلَى بِالْمَنْعِ، فَلَا عِبْرَةَ بِإِحْيَائِهِ خِلَافًا لِأَبِي حَنِيفَةَ وَلِلْمُسْلِمِ أَنْ يَأْخُذَهُ مِنْهُ، وَيَمْلِكَهُ فَإِنْ كَانَ فِيهِ عَيْنٌ لَهُ كَزَرْعٍ رَدَّهُ الْمُسْلِمُ إِلَيْهِ، ","وَبِمَا قَرَّرْنَاهُ انْدَفَعَ الِاعْتِرَاضُ عَلَى الْمُصَنِّفِ، بِأَنَّ التَّمَلُّكَ يَقْتَضِي اشْتِرَاطَ التَّكْلِيفِ؛ لِأَنَّهُ حَمَلَ التَّمَلُّكَ عَلَى الصِّفَةِ، فَاقْتَضَى مَا ذَكَرَهُ فَافْهَمْ.
قَوْلُهُ: (وَلَيْسَ هُوَ) أَيِ الْإِحْيَاءُ لِذِمِّيٍّ فَغَيْرُهُ مِنَ الْكُفَّارِ أَوْلَى بِالْمَنْعِ، فَلَا عِبْرَةَ بِإِحْيَائِهِ خِلَافًا لِأَبِي حَنِيفَةَ وَلِلْمُسْلِمِ أَنْ يَأْخُذَهُ مِنْهُ، وَيَمْلِكَهُ فَإِنْ كَانَ فِيهِ عَيْنٌ لَهُ كَزَرْعٍ رَدَّهُ الْمُسْلِمُ إِلَيْهِ،"
"قد يغيب الرجل عن أهله أكثر من ستة أشهر فيما لا بد له منه.
قال القاضي: معنى هذا: أنه قد يغيب في سفر واجب كالحج، والجهاد فلا يحتسب عليه بتلك الزيادة؛ لأنه معذور فيها؛ لأنه سفر واجب عليه.
قال الشيخ تقي الدين رحمه الله: فالقاضي جعل الزيادة على الستة الأشهر لا تجوز إلا لسفر واجب، ","قَدْ يَغِيبُ الرَّجُلُ عَنْ أَهْلِهِ أَكْثَرَ مِنْ سِتَّةِ أَشْهُرٍ فِيمَا لَا بُدَّ لَهُ مِنْهُ.
قَالَ الْقَاضِي: مَعْنَى هَذَا: أَنَّهُ قَدْ يَغِيبُ فِي سَفَرٍ وَاجِبٍ كَالْحَجِّ، وَالْجِهَادِ فَلَا يُحْتَسَبُ عَلَيْهِ بِتِلْكَ الزِّيَادَةِ؛ لِأَنَّهُ مَعْذُورٌ فِيهَا؛ لِأَنَّهُ سَفَرٌ وَاجِبٌ عَلَيْهِ.
قَالَ الشَّيْخُ تَقِيُّ الدِّينِ رَحِمَهُ اللَّهُ: فَالْقَاضِي جَعَلَ الزِّيَادَةَ عَلَى السِّتَّةِ الْأَشْهُرِ لَا تَجُوزُ إِلَّا لِسَفَرٍ وَاجِبٍ، ","قَدْ يَغِيبُ الرَّجُلُ عَنْ أَهْلِهِ أَكْثَرَ مِنْ سِتَّةِ أَشْهُرٍ فِيمَا لَا بُدَّ لَهُ مِنْهُ.
قَالَ الْقَاضِي: مَعْنَى هَذَا: أَنَّهُ قَدْ يَغِيبُ فِي سَفَرٍ وَاجِبٍ كَالْحَجِّ، وَالْجِهَادِ فَلَا يُحْتَسَبُ عَلَيْهِ بِتِلْكَ الزِّيَادَةِ؛ لِأَنَّهُ مَعْذُورٌ فِيهَا؛ لِأَنَّهُ سَفَرٌ وَاجِبٌ عَلَيْهِ.
قَالَ الشَّيْخُ تَقِيُّ الدِّينِ رَحِمَهُ اللَّهُ: فَالْقَاضِي جَعَلَ الزِّيَادَةَ عَلَى السِّتَّةِ الْأَشْهُرِ لَا تَجُوزُ إِلَّا لِسَفَرٍ وَاجِبٍ،"
"لأنه عمد (وللثاني الدية على عاقلته) لأنه خطأ.
الشرح
(قوله؛ لأنه خطأ) لأنه لم يقصده بالرمي حيث قصد غيره ولكنه أصابه بالنفاذ من الأول: وهو أحد نوعي الخطأ وهو الخطأ في القود، فصار كمن قصد صيدا فأصاب آدميا فوجبت الدية على عاقلته أتقاني، ومفاده أنه لو قصدهما معا كان الثاني عمدا أيضا، وهو ظاهر (28/101)
(","لِأَنَّهُ عَمْدٌ (وَلِلثَّانِي الدِّيَةُ عَلَى عَاقِلَتِهِ) لِأَنَّهُ خَطَأٌ.
الشَّرْحُ
(قَوْلُهُ؛ لِأَنَّهُ خَطَأٌ) لِأَنَّهُ لَمْ يَقْصِدْهُ بِالرَّمْيِ حَيْثُ قَصَدَ غَيْرَهُ وَلَكِنَّهُ أَصَابَهُ بِالنَّفَاذِ مِنَ الْأَوَّلِ: وَهُوَ أَحَدُ نَوْعَيِ الْخَطَأِ وَهُوَ الْخَطَأُ فِي الْقَوَدِ، فَصَارَ كَمَنْ قَصَدَ صَيْدًا فَأَصَابَ آدَمِيًّا فَوَجَبَتِ الدِّيَةُ عَلَى عَاقِلَتِهِ أَتْقَانِيٌّ، وَمُفَادُهُ أَنَّهُ لَوْ قَصَدَهُمَا مَعًا كَانَ الثَّانِي عَمْدًا أَيْضًا، وَهُوَ ظَاهِرٌ (28/101)
(","لِأَنَّهُ عَمْدٌ (وَلِلثَّانِي الدِّيَةُ عَلَى عَاقِلَتِهِ) لِأَنَّهُ خَطَأٌ.
الشَّرْحُ
(قَوْلُهُ؛ لِأَنَّهُ خَطَأٌ) لِأَنَّهُ لَمْ يَقْصِدْهُ بِالرَّمْيِ حَيْثُ قَصَدَ غَيْرَهُ وَلَكِنَّهُ أَصَابَهُ بِالنَّفَاذِ مِنَ الْأَوَّلِ: وَهُوَ أَحَدُ نَوْعَيِ الْخَطَأِ وَهُوَ الْخَطَأُ فِي الْقَوَدِ، فَصَارَ كَمَنْ قَصَدَ صَيْدًا فَأَصَابَ آدَمِيًّا فَوَجَبَتِ الدِّيَةُ عَلَى عَاقِلَتِهِ أَتْقَانِيٌّ، وَمُفَادُهُ أَنَّهُ لَوْ قَصَدَهُمَا مَعًا كَانَ الثَّانِي عَمْدًا أَيْضًا، وَهُوَ ظَاهِرٌ (28/101)
("
"ألم تري أن مجززا المدلجي دخل علي فرأى أسامة بن زيد وزيدا عليهما قطيفة قد غطيا رءوسهما وبدت أقدامهما فقال: إن هذه الأقدام بعضها من بعض} قال أبو داود: كان أسامة أسود وزيد أبيض قال الشافعي رحمه الله: فلو لم يعتبر قوله لمنعه من المجازفة لأنه صلى الله عليه وسلم لا يقر على خطإ ولا يسر إلا بالحق.
","أَلَمْ تَرَيْ أَنَّ مُجَزِّزًا الْمُدْلِجِيَّ دَخَلَ عَلَيَّ فَرَأَى أُسَامَةَ بْنَ زَيْدٍ وَزَيْدًا عَلَيْهِمَا قَطِيفَةٌ قَدْ غَطَّيَا رُءُوسَهُمَا وَبَدَتْ أَقْدَامُهُمَا فَقَالَ: إِنَّ هَذِهِ الْأَقْدَامَ بَعْضُهَا مِنْ بَعْضٍ} قَالَ أَبُو دَاوُدَ: كَانَ أُسَامَةُ أَسْوَدَ وَزَيْدٌ أَبْيَضَ قَالَ الشَّافِعِيُّ رَحِمَهُ اللَّهُ: فَلَوْ لَمْ يُعْتَبَرْ قَوْلُهُ لَمَنَعَهُ مِنَ الْمُجَازَفَةِ لِأَنَّهُ صَلَّى اللَّهُ عَلَيْهِ وَسَلَّمَ لَا يُقِرُّ عَلَى خَطَإٍ وَلَا يُسَرُّ إِلَّا بِالْحَقِّ.
",أَلَمْ تَرَى أَنَّ مُجَزِّزًا الْمُدْلِجِيَّ دَخَلَ عَلَيَّ فَرَأَى أُسَامَةَ بْنَ زَيْدٍ وَزَيْدًا عَلَيْهِمَا قَطِيفَةٌ قَدْ غَطَّيَا رُءُوسَهُمَا وَبَدَتْ أَقْدَامُهُمَا فَقَالَ: إِنَّ هَذِهِ الْأَقْدَامَ بَعْضُهَا مِنْ بَعْضٍ} قَالَ أَبُو دَاوُدَ: كَانَ أُسَامَةُ أَسْوَدَ وَزَيْدٌ أَبْيَضَ قَالَ الشَّافِعِيُّ رَحِمَهُ اللَّهُ: فَلَوْ لَمْ يُعْتَبَرْ قَوْلُهُ لَمَنَعَهُ مِنَ الْمُجَازَفَةِ لِأَنَّهُ صَلَّى اللَّهُ عَلَيْهِ وَسَلَّمَ لَا يُقِرُّ عَلَى خَطَإٍ وَلَا يُسِرُّ إِلَّا بِالْحَقِّ.
"إذا لم يكن مقطوعا به فلا بد من النظر إلى تلك العلة فعساها تبطل هذا فينظر في غيرها.
وهذا بعيد فإن السبر لا يفيد على هذا التقدير.
ومقصودنا أن الظن يحصل عند ذلك بمجرد السبر، وإذا بطل ذلك فقد ظن قوم أن هذا يعسر وجوده (7/65)
ولا بعد عندنا في تقديره فإن العلماء يتفقون على تعليل الربا، ","إِذَا لَمْ يَكُنْ مَقْطُوعًا بِهِ فَلَا بُدَّ مِنَ النَّظَرِ إِلَى تِلْكَ الْعِلَّةِ فَعَسَاهَا تُبْطِلُ هَذَا فَيَنْظُرُ فِي غَيْرِهَا.
وَهَذَا بَعِيدٌ فَإِنَّ السَّبْرَ لَا يُفِيدُ عَلَى هَذَا التَّقْدِيرِ.
وَمَقْصُودُنَا أَنَّ الظَّنَّ يَحْصُلُ عِنْدَ ذَلِكَ بِمُجَرَّدِ السَّبْرِ، وَإِذَا بَطَلَ ذَلِكَ فَقَدْ ظَنَّ قَوْمٌ أَنَّ هَذَا يَعْسُرُ وُجُودُهُ (7/65)
وَلَا بُعْدَ عِنْدَنَا فِي تَقْدِيرِهِ فَإِنَّ الْعُلَمَاءَ يَتَّفِقُونَ عَلَى تَعْلِيلِ الرِّبَا، ","إِذَا لَمْ يَكُنْ مَقْطُوعًا بِهِ فَلَا بُدَّ مِنَ النَّظَرِ إِلَى تِلْكَ الْعِلَّةِ فَعَسَاهَا تُبْطِلُ هَذَا فَيُنْظَرُ فِي غَيْرِهَا.
وَهَذَا بَعِيدٌ فَإِنَّ السَّبْرَ لَا يُفِيدُ عَلَى هَذَا التَّقْدِيرِ.
وَمَقْصُودُنَا أَنَّ الظَّنَّ يَحْصُلُ عِنْدَ ذَلِكَ بِمُجَرَّدِ السَّبْرِ، وَإِذَا بَطَلَ ذَلِكَ فَقَدْ ظَنَّ قَوْمٌ أَنَّ هَذَا يَعْسُرُ وُجُودُهُ (7/65)
وَلَا بُعْدَ عِنْدَنَا فِي تَقْدِيرِهِ فَإِنَّ الْعُلَمَاءَ يَتَّفِقُونَ عَلَى تَعْلِيلِ الرِّبَا،"
"بضم أوله وفتح ما قبل آخره (منه) المنفعة كموت حيوان معين وانهدام عقار معين (لا) تنفسخ الإجارة بتلف ما يستوفي المنفعة (به) كالراكب والساكن طفي أطلق في عدم الفسخ كابن الحاجب وابن شاس وعبد الوهاب وغير واحد سواء كان التلف بسماوي أو من قبل الحامل.
","بِضَمِّ أَوَّلِهِ وَفَتْحِ مَا قَبْلَ آخِرِهِ (مِنْهُ) الْمَنْفَعَةُ كَمَوْتِ حَيَوَانٍ مُعَيَّنٍ وَانْهِدَامِ عَقَارٍ مُعَيَّنٍ (لَا) تَنْفَسِخُ الْإِجَارَةُ بِتَلَفِ مَا يَسْتَوْفِي الْمَنْفَعَةَ (بِهِ) كَالرَّاكِبِ وَالسَّاكِنِ طفي أَطْلَقَ فِي عَدَمِ الْفَسْخِ كَابْنِ الْحَاجِبِ وَابْنِ شَاسٍ وَعَبْدِ الْوَهَّابِ وَغَيْرِ وَاحِدٍ سَوَاءٌ كَانَ التَّلَفُ بِسَمَاوِيٍّ أَوْ مِنْ قِبَلِ الْحَامِلِ.
",بِضَمِّ أَوَّلِهِ وَفَتْحِ مَا قَبْلَ آخِرِهِ (مِنْهُ) الْمَنْفَعَةُ كَمَوْتِ حَيَوَانٍ مُعَيَّنٍ وَانْهِدَامِ عَقَارٍ مُعَيَّنٍ (لَا) تَنْفَسِخُ الْإِجَارَةُ بِتَلَفِ مَا يَسْتَوْفِي الْمَنْفَعَةَ (بِهِ) كَالرَّاكِبِ وَالسَّاكِنِ طفي أَطْلَقَ فِي عَدَمِ الْفَسْخِ كَابْنِ الْحَاجِبِ وَابْنِ شَاسٍ وَعَبْدِ الْوَهَّابِ وَغَيْرِ وَاحِدٍ سَوَاءٌ كَانَ التَّلَفُ بِسَمَاوِيٍّ أَوْ مِنْ قِبَلِ الْحَامِلِ.
في القضاء بالعرف والعادة العادة غلبة معنى من المعاني على جميع البلاد أو بعضها، قال المازري الإجماع على من باع سلعة بمائة دينار، ونقد البلد مختلف أن البيع فاسد ولو كان مع اختلاف السكك، جرت عادة بالتبايع بسكة معلومة منها لكان البيع صحيحا وقضي بدفع تلك السكة، ومن ذلك الحكم بالقمط ووجه الحائط وغيره وسيأتي حكم ذلك، ,فِي الْقَضَاءِ بِالْعُرْفِ وَالْعَادَةِ الْعَادَةُ غَلَبَةُ مَعْنًى مِنَ الْمَعَانِي عَلَى جَمِيعِ الْبِلَادِ أَوْ بَعْضِهَا، قَالَ الْمَازِرِيُّ الْإِجْمَاعُ عَلَى مَنْ بَاعَ سِلْعَةً بِمِائَةِ دِينَارٍ، وَنَقْدُ الْبَلَدِ مُخْتَلِفٌ أَنَّ الْبَيْعَ فَاسِدٌ وَلَوْ كَانَ مَعَ اخْتِلَافِ السِّكَكِ، جَرَتْ عَادَةٌ بِالتَّبَايُعِ بِسِكَّةٍ مَعْلُومَةٍ مِنْهَا لَكَانَ الْبَيْعُ صَحِيحًا وَقُضِيَ بِدَفْعِ تِلْكَ السِّكَّةِ، وَمِنْ ذَلِكَ الْحُكْمُ بِالْقَمْطِ وَوَجْهِ الْحَائِطِ وَغَيْرِهِ وَسَيَأْتِي حُكْمُ ذَلِكَ، ,فِي الْقَضَاءِ بِالْعُرْفِ وَالْعَادَةِ الْعَادَةُ غَلَبَةُ مَعْنًى مِنَ الْمَعَانِي عَلَى جَمِيعِ الْبِلَادِ أَوْ بَعْضِهَا، قَالَ الْمَازِرِيُّ الْإِجْمَاعُ عَلَى مَنْ بَاعَ سِلْعَةً بِمِائَةِ دِينَارٍ، وَنَقْدُ الْبَلَدِ مُخْتَلِفٌ أَنَّ الْبَيْعَ فَاسِدٌ وَلَوْ كَانَ مَعَ اخْتِلَافِ السِّكَكِ، جَرَتْ عَادَةٌ بِالتَّبَايُعِ بِسِكَّةٍ مَعْلُومَةٍ مِنْهَا لَكَانَ الْبَيْعُ صَحِيحًا وَقُضِيَ بِدَفْعِ تِلْكَ السِّكَّةِ، وَمِنْ ذَلِكَ الْحُكْمُ بِالْقَمْطِ وَوَجْهِ الْحَائِطِ وَغَيْرِهِ وَسَيَأْتِي حُكْمُ ذَلِكَ،
"والوقود كصبور الحطب.
وكلامه رحمه الله يشمل المصباح وغيره لما في الصحيحين عن أبي موسى الأشعري رضي الله عنه قال {احترق بيت على أهله في المدينة من الليل، فلما حدث رسول الله صلى الله عليه وسلم قال إن هذه النار عدو لكم فإذا نمتم فأطفئوها عنكم} .
وفي سنن أبي داود عن ابن عباس رضي الله عنهما قال {","وَالْوَقُودُ كَصَبُورٍ الْحَطَبُ.
وَكَلَامُهُ رَحِمَهُ اللَّهُ يَشْمَلُ الْمِصْبَاحَ وَغَيْرَهُ لِمَا فِي الصَّحِيحَيْنِ عَنْ أَبِي مُوسَى الْأَشْعَرِيِّ رَضِيَ اللَّهُ عَنْهُ قَالَ {احْتَرَقَ بَيْتٌ عَلَى أَهْلِهِ فِي الْمَدِينَةِ مِنَ اللَّيْلِ، فَلَمَّا حُدِّثَ رَسُولُ اللَّهِ صَلَّى اللَّهُ عَلَيْهِ وَسَلَّمَ قَالَ إِنَّ هَذِهِ النَّارَ عَدُوٌّ لَكُمْ فَإِذَا نِمْتُمْ فَأَطْفِئُوهَا عَنْكُمْ} .
وَفِي سُنَنِ أَبِي دَاوُدَ عَنِ ابْنِ عَبَّاسٍ رَضِيَ اللَّهُ عَنْهُمَا قَالَ {","وَالْوَقُودُ كَصَبُورِ الْحَطَبِ.
وَكَلَامُهُ رَحِمَهُ اللَّهُ يَشْمَلُ الْمِصْبَاحَ وَغَيْرَهُ لِمَا فِي الصَّحِيحَيْنِ عَنْ أَبِي مُوسَى الْأَشْعَرِيِّ رَضِيَ اللَّهُ عَنْهُ قَالَ {احْتَرَقَ بَيْتٌ عَلَى أَهْلِهِ فِي الْمَدِينَةِ مِنَ اللَّيْلِ، فَلَمَّا حَدَّثَ رَسُولَ اللَّهِ صَلَّى اللَّهُ عَلَيْهِ وَسَلَّمَ قَالَ إِنَّ هَذِهِ النَّارَ عَدُوٌّ لَكُمْ فَإِذَا نِمْتُمْ فَأَطْفِئُوهَا عَنْكُمْ} .
وَفِي سُنَنِ أَبِي دَاوُدَ عَنِ ابْنِ عَبَّاسٍ رَضِيَ اللَّهُ عَنْهُمَا قَالَ {"
"وروي أن سعد بن مالك قبل يده صلى الله عليه وسلم (من والد وشيخ وصالح) فلا يكره بل يطلب وحكم غير اليد من الأعضاء كالرأس والكتف والقدم كاليد نهيا وطلبا وقال سيدي أحمد زروق نفعنا الله به: وعمل الناس على الجواز لمن يتواضع له ويطلب إبراره.
الشرح
قوله: [وروي أن سعد بن مالك قبل يده] : ","وَرُوِيَ أَنَّ سَعْدَ بْنَ مَالِكٍ قَبَّلَ يَدَهُ صَلَّى اللَّهُ عَلَيْهِ وَسَلَّمَ (مِنْ وَالِدٍ وَشَيْخٍ وَصَالِحٍ) فَلَا يُكْرَهُ بَلْ يُطْلَبُ وَحُكْمُ غَيْرِ الْيَدِ مِنَ الْأَعْضَاءِ كَالرَّأْسِ وَالْكَتِفِ وَالْقَدَمِ كَالْيَدِ نَهْيًا وَطَلَبًا وَقَالَ سَيِّدِي أَحْمَدُ زَرُّوقٌ نَفَعَنَا اللَّهُ بِهِ: وَعَمَلُ النَّاسِ عَلَى الْجَوَازِ لِمَنْ يُتَوَاضَعُ لَهُ وَيُطْلَبُ إِبْرَارُهُ.
الشَّرْحُ
قَوْلُهُ: [وَرُوِيَ أَنَّ سَعْدَ بْنَ مَالِكٍ قَبَّلَ يَدَهُ] : ","وَرُوِيَ أَنَّ سَعْدَ بْنَ مَالِكٍ قَبَّلَ يَدَهُ صَلَّى اللَّهُ عَلَيْهِ وَسَلَّمَ (مِنْ وَالِدٍ وَشَيْخٍ وَصَالِحٍ) فَلَا يُكْرَهُ بَلْ يُطْلَبُ وَحُكْمُ غَيْرِ الْيَدِ مِنَ الْأَعْضَاءِ كَالرَّأْسِ وَالْكَتِفِ وَالْقَدَمِ كَالْيَدِ نَهْيًا وَطَلَبًا وَقَالَ سَيِّدِي أَحْمَدُ زَرُّوقٌ نَفَعَنَا اللَّهُ بِهِ: وَعَمَلُ النَّاسِ عَلَى الْجَوَازِ لِمَنْ يَتَوَاضَعُ لَهُ وَيَطْلُبُ إِبْرَارَهُ.
الشَّرْحُ
قَوْلُهُ: [وَرُوِيَ أَنَّ سَعْدَ بْنَ مَالِكٍ قَبَّلَ يَدَهُ] :"
"قال ابن رشد وهو بعيد.
وفي مفيد الحكام تفصيل آخر، فقال: قال ابن رشد في كتاب الشرح له: الشهادات تنقسم على خمسة أقسام: قسم لا تصح الشهادة به إلا بعد أن يدعى إلى أداء الشهادة، وهي الشهادة الخاصة بالمال.
وقسم يلزمه القيام به وإن لم يدع إليه، وهي الشهادة بما يستدام فيه التحريم مثل: ","قَالَ ابْنُ رُشْدٍ وَهُوَ بَعِيدٌ.
وَفِي مُفِيدِ الْحُكَّامِ تَفْصِيلٌ آخَرُ، فَقَالَ: قَالَ ابْنُ رُشْدٍ فِي كِتَابِ الشَّرْحِ لَهُ: الشَّهَادَاتُ تَنْقَسِمُ عَلَى خَمْسَةِ أَقْسَامٍ: قِسْمٌ لَا تَصِحُّ الشَّهَادَةُ بِهِ إِلَّا بَعْدَ أَنْ يُدْعَى إِلَى أَدَاءِ الشَّهَادَةِ، وَهِيَ الشَّهَادَةُ الْخَاصَّةُ بِالْمَالِ.
وَقِسْمٌ يَلْزَمُهُ الْقِيَامُ بِهِ وَإِنْ لَمْ يُدْعَ إِلَيْهِ، وَهِيَ الشَّهَادَةُ بِمَا يُسْتَدَامُ فِيهِ التَّحْرِيمُ مِثْلُ: ","قَالَ ابْنُ رُشْدٍ وَهُوَ بَعِيدٌ.
وَفِي مُفِيدِ الْحُكَّامِ تَفْصِيلٌ آخَرُ، فَقَالَ: قَالَ ابْنُ رُشْدٍ فِي كِتَابِ الشَّرْحِ لَهُ: الشَّهَادَاتُ تَنْقَسِمُ عَلَى خَمْسَةِ أَقْسَامٍ: قِسْمٌ لَا تَصِحُّ الشَّهَادَةُ بِهِ إِلَّا بَعْدَ أَنْ يُدْعَى إِلَى أَدَاءِ الشَّهَادَةِ، وَهِيَ الشَّهَادَةُ الْخَاصَّةُ بِالْمَالِ.
وَقِسْمٌ يَلْزَمُهُ الْقِيَامُ بِهِ وَإِنْ لَمْ يُدْعَ إِلَيْهِ، وَهِيَ الشَّهَادَةُ بِمَا يُسْتَدَامُ فِيهِ التَّحْرِيمُ مِثْلُ:"
"لأنه مشار إليه ومقصد للمتحرك وكل ما هو كذلك فهو موجود وهو لا يكون جزءا للجسم ولا حالا فيه؛ لأنه لا يسكن فيه الجسم وينتقل بالحركة عنه وإليه وكل ما هو كذلك لا يكون جزءا للجسم ولا حالا فيه فهو إما السطح أو البعد إلخ.
(قوله: قيل هو السطح إلخ) ","لِأَنَّهُ مُشَارٌ إِلَيْهِ وَمَقْصِدٌ لِلْمُتَحَرِّكِ وَكُلُّ مَا هُوَ كَذَلِكَ فَهُوَ مَوْجُودٌ وَهُوَ لَا يَكُونُ جُزْءًا لِلْجِسْمِ وَلَا حَالًّا فِيهِ؛ لِأَنَّهُ لَا يَسْكُنُ فِيهِ الْجِسْمُ وَيَنْتَقِلُ بِالْحَرَكَةِ عَنْهُ وَإِلَيْهِ وَكُلُّ مَا هُوَ كَذَلِكَ لَا يَكُونُ جُزْءًا لِلْجِسْمِ وَلَا حَالًّا فِيهِ فَهُوَ إِمَّا السَّطْحُ أَوِ الْبُعْدُ إِلَخْ.
(قَوْلُهُ: قِيلَ هُوَ السَّطْحُ إِلَخْ) ","لِأَنَّهُ مُشَارٌ إِلَيْهِ وَمَقْصِدٌ لِلْمُتَحَرِّكِ وَكُلُّ مَا هُوَ كَذَلِكَ فَهُوَ مَوْجُودٌ وَهُوَ لَا يَكُونُ جُزْءًا لِلْجِسْمِ وَلَا حَالًا فِيهِ؛ لِأَنَّهُ لَا يَسْكُنُ فِيهِ الْجِسْمُ وَيَنْتَقِلُ بِالْحَرَكَةِ عَنْهُ وَإِلَيْهِ وَكُلُّ مَا هُوَ كَذَلِكَ لَا يَكُونُ جُزْءًا لِلْجِسْمِ وَلَا حَالًا فِيهِ فَهُوَ إِمَّا السَّطْحُ أَوِ الْبُعْدُ إِلَخْ.
(قَوْلُهُ: قِيلَ هُوَ السَّطْحُ إِلَخْ)"
"أي إذا رهن المرتهن الرهن لشخص آخر وسلمه إياه يكون هذا الرهن صحيحا ويصير الرهن الأول باطلا يعني منفسخا ويصير الراهن الأول معيرا والراهن الثاني - المرتهن الأول - مستعيرا والشخص الآخر مرتهنا وتجرى الأحكام المار ذكرها بشأن الرهن المستعار في المواد 727، 728، 732، 735، 736، 737 في هذا أيضا.
إنما التسليم كما أشير إليه شرحا لازم لأنه بدونه لا حكم للرهن.
","أَيْ إِذَا رَهَنَ الْمُرْتَهِنُ الرَّهْنَ لِشَخْصٍ آخَرَ وَسَلَّمَهُ إِيَّاهُ يَكُونُ هَذَا الرَّهْنُ صَحِيحًا وَيَصِيرُ الرَّهْنُ الْأَوَّلُ بَاطِلًا يَعْنِي مُنْفَسِخًا وَيَصِيرُ الرَّاهِنُ الْأَوَّلُ مُعِيرًا وَالرَّاهِنُ الثَّانِي - الْمُرْتَهِنُ الْأَوَّلُ - مُسْتَعِيرًا وَالشَّخْصُ الْآخَرُ مُرْتَهِنًا وَتُجْرَى الْأَحْكَامُ الْمَارُّ ذِكْرُهَا بِشَأْنِ الرَّهْنِ الْمُسْتَعَارِ فِي الْمَوَادِّ 727، 728، 732، 735، 736، 737 فِي هَذَا أَيْضًا.
إِنَّمَا التَّسْلِيمُ كَمَا أُشِيرَ إِلَيْهِ شَرْحًا لَازِمٌ لِأَنَّهُ بِدُونِهِ لَا حُكْمَ لِلرَّهْنِ.
","أَيْ إِذَا رَهَنَ الْمُرْتَهِنُ الرَّهْنَ لِشَخْصٍ آخَرَ وَسَلَّمَهُ إِيَّاهُ يَكُونُ هَذَا الرَّهْنُ صَحِيحًا وَيَصِيرُ الرَّهْنُ الْأَوَّلُ بَاطِلًا يَعْنِي مُنْفَسِخًا وَيَصِيرُ الرَّاهِنُ الْأَوَّلُ مُعِيرًا وَالرَّاهِنُ الثَّانِي - الْمُرْتَهِنُ الْأَوَّلُ - مُسْتَعِيرًا وَالشَّخْصُ الْآخَرُ مُرْتَهِنًا وَتَجْرِى الْأَحْكَامُ الْمَارُّ ذِكْرُهَا بِشَأْنِ الرَّهْنِ الْمُسْتَعَارِ فِي الْمَوَادِّ 727، 728، 732، 735، 736، 737 فِي هَذَا أَيْضًا.
إِنَّمَا التَّسْلِيمُ كَمَا أُشِيرَ إِلَيْهِ شَرْحًا لَازِمٌ لِأَنَّهُ بِدُونِهِ لَا حُكْمَ لِلرَّهْنِ."
"عن أبان بن عثمان، عن عثمان، وأورده المنذري في تخريج أحاديث المهذب مسندا أيضا، وقال النووي في شرح المهذب: إنه غريب - يعني أنه لم يقف على إسناده -. (3/297)
(* * *) حديث ابن عباس: أنه دخل حمام الجحفة وهو محرم، وقال: إن الله لا يعبأ بأوساخكم شيئا.
الشافعي والبيهقي وفيه إبراهيم بن أبي يحيى، ","عَنْ أَبَانَ بْنِ عُثْمَانَ، عَنْ عُثْمَانَ، وَأَوْرَدَهُ الْمُنْذِرِيُّ فِي تَخْرِيجِ أَحَادِيثِ الْمُهَذَّبِ مُسْنَدًا أَيْضًا، وَقَالَ النَّوَوِيُّ فِي شَرْحِ الْمُهَذَّبِ: إِنَّهُ غَرِيبٌ - يَعْنِي أَنَّهُ لَمْ يَقِفْ عَلَى إِسْنَادِهِ -. (3/297)
(* * *) حَدِيثُ ابْنِ عَبَّاسٍ: أَنَّهُ دَخَلَ حَمَّامَ الْجُحْفَةِ وَهُوَ مُحْرِمٌ، وَقَالَ: إِنَّ اللَّهَ لَا يَعْبَأُ بِأَوْسَاخِكُمْ شَيْئًا.
الشَّافِعِيُّ وَالْبَيْهَقِيُّ وَفِيهِ إِبْرَاهِيمُ بْنُ أَبِي يَحْيَى، ","عَنْ أَبَانَ بْنِ عُثْمَانَ، عَنْ عُثْمَانَ، وَأَوْرَدَهُ الْمُنْذِرِيُّ فِي تَخْرِيجِ أَحَادِيثِ الْمُهَذَّبِ مُسْنَدًا أَيْضًا، وَقَالَ النَّوَوِيُّ فِي شَرْحِ الْمُهَذَّبِ: إِنَّهُ غَرِيبٌ - يَعْنِي أَنَّهُ لَمْ يَقِفْ عَلَى إِسْنَادِهِ -. (3/297)
(* * *) حَدِيثُ ابْنِ عَبَّاسٍ: أَنَّهُ دَخَلَ حَمَّامَ الْجُحْفَةِ وَهُوَ مُحْرِمٌ، وَقَالَ: إِنَّ اللَّهَ لَا يَعْبَأُ بِأَوْسَاخِكُمْ شَيْئًا.
الشَّافِعِيُّ وَالْبَيْهَقِيُّ وَفِيهِ إِبْرَاهِيمُ بْنُ أَبِي يَحْيَى،"
"وإن لم يثبت نسبه شرعا ليختص به وينفعه ويشتبه على من هو له فيقع التقاتل (11/447)
والفتنة وليس شيء من ذلك في اللواط (وكذا هو أندر وقوعا من الزنا لانعدام الداعي من الجانبين) على الاستمرار، بخلاف الزنا لتحققه من الجانبين فيه على وجه الاستمرار لندرة وقوع الزنا بصبية لا تشتهى أصلا إذ قلما يكون ذلك، ","وَإِنْ لَمْ يَثْبُتْ نَسَبُهُ شَرْعًا لِيَخْتَصَّ بِهِ وَيَنْفَعَهُ وَيَشْتَبِهَ عَلَى مَنْ هُوَ لَهُ فَيَقَعَ التَّقَاتُلُ (11/447)
وَالْفِتْنَةُ وَلَيْسَ شَيْءٌ مِنْ ذَلِكَ فِي اللِّوَاطِ (وَكَذَا هُوَ أَنْدَرُ وُقُوعًا مِنَ الزِّنَا لِانْعِدَامِ الدَّاعِي مِنَ الْجَانِبَيْنِ) عَلَى الِاسْتِمْرَارِ، بِخِلَافِ الزِّنَا لِتَحَقُّقِهِ مِنَ الْجَانِبَيْنِ فِيهِ عَلَى وَجْهِ الِاسْتِمْرَارِ لِنُدْرَةِ وُقُوعِ الزِّنَا بِصَبِيَّةٍ لَا تُشْتَهَى أَصْلًا إِذْ قَلَّمَا يَكُونُ ذَلِكَ، ","وَإِنْ لَمْ يَثْبُتْ نَسَبُهُ شَرْعًا لِيَخْتَصَّ بِهِ وَيَنْفَعَهُ وَيَشْتَبِهَ عَلَى مَنْ هُوَ لَهُ فَيَقَعَ التَّقَاتُلُ (11/447)
وَالْفِتْنَةُ وَلَيْسَ شَيْءٌ مِنْ ذَلِكَ فِي اللِّوَاطِ (وَكَذَا هُوَ أَنْدَرُ وُقُوعًا مِنَ الزِّنَا لِانْعِدَامِ الدَّاعِي مِنَ الْجَانِبَيْنِ) عَلَى الِاسْتِمْرَارِ، بِخِلَافِ الزِّنَا لِتَحَقُّقِهِ مِنَ الْجَانِبَيْنِ فِيهِ عَلَى وَجْهِ الِاسْتِمْرَارِ لِنُدْرَةِ وُقُوعِ الزِّنَا بِصَبِيَّةٍ لَا تُشْتَهَى أَصْلًا إِذْ قَلَّمَا يَكُونُ ذَلِكَ،"
"وقضية كلام المصنف أن خفض الرأس من غير مبالغة لا كراهة فيه، الذي دل عليه كلام الشافعي والأصحاب كما قال السبكي وجرى عليه شيخنا في منهجه الكراهة وهو المعتمد (و) تكره (الصلاة في) الأسواق، والرحاب الخارجة عن المسجد قاله في الإحياء.
قال: وكان بعض الصحابة يضرب الناس ويقيم من الرحاب، وفي (الحمام) ","وَقَضِيَّةُ كَلَامِ الْمُصَنِّفِ أَنَّ خَفْضَ الرَّأْسِ مِنْ غَيْرِ مُبَالَغَةٍ لَا كَرَاهَةَ فِيهِ، الَّذِي دَلَّ عَلَيْهِ كَلَامُ الشَّافِعِيِّ وَالْأَصْحَابِ كَمَا قَالَ السُّبْكِيُّ وَجَرَى عَلَيْهِ شَيْخُنَا فِي مَنْهَجِهِ الْكَرَاهَةُ وَهُوَ الْمُعْتَمَدُ (وَ) تُكْرَهُ (الصَّلَاةُ فِي) الْأَسْوَاقِ، وَالرِّحَابِ الْخَارِجَةِ عَنِ الْمَسْجِدِ قَالَهُ فِي الْإِحْيَاءِ.
قَالَ: وَكَانَ بَعْضُ الصَّحَابَةِ يَضْرِبُ النَّاسَ وَيُقِيمُ مِنَ الرِّحَابِ، وَفِي (الْحَمَّامِ) ","وَقَضِيَّةُ كَلَامِ الْمُصَنِّفِ أَنَّ خَفْضَ الرَّأْسِ مِنْ غَيْرِ مُبَالَغَةٍ لَا كَرَاهَةَ فِيهِ، الَّذِي دَلَّ عَلَيْهِ كَلَامُ الشَّافِعِيِّ وَالْأَصْحَابِ كَمَا قَالَ السُّبْكِيُّ وَجَرَى عَلَيْهِ شَيْخُنَا فِي مَنْهَجِهِ الْكَرَاهَةُ وَهُوَ الْمُعْتَمَدُ (وَ) تُكْرَهُ (الصَّلَاةُ فِي) الْأَسْوَاقِ، وَالرِّحَابِ الْخَارِجَةِ عَنِ الْمَسْجِدِ قَالَهُ فِي الْإِحْيَاءِ.
قَالَ: وَكَانَ بَعْضُ الصَّحَابَةِ يَضْرِبُ النَّاسَ وَيُقِيمُ مِنَ الرِّحَابِ، وَفِي (الْحَمَّامِ)"
"لو حلق رأس إنسان أو لحيته لا يطالب بالدية حالة الحلق بل يؤجل سنة لتصور النبات، فإن مات قبل مضي السنة ولم ينبت فلا شيء على الحالق، وقالا: فيه حكومة، وشعر الرجل والمرأة والصغير والكبير في ذلك سواء.
وقوله (كما في الأذنين الشاخصتين) أي المرتفعتين وصفهما لدفع إرادة السمع.
وقوله (أنه يجب فيها كمال القيمة) ","لَوْ حَلَقَ رَأْسَ إِنْسَانٍ أَوْ لِحْيَتَهُ لَا يُطَالَبُ بِالدِّيَةِ حَالَةَ الْحَلْقِ بَلْ يُؤَجَّلُ سَنَةً لِتَصَوُّرِ النَّبَاتِ، فَإِنْ مَاتَ قَبْلَ مُضِيِّ السَّنَةِ وَلَمْ يَنْبُتْ فَلَا شَيْءَ عَلَى الْحَالِقِ، وَقَالَا: فِيهِ حُكُومَةٌ، وَشَعْرُ الرَّجُلِ وَالْمَرْأَةِ وَالصَّغِيرِ وَالْكَبِيرِ فِي ذَلِكَ سَوَاءٌ.
وَقَوْلُهُ (كَمَا فِي الْأُذُنَيْنِ الشَّاخِصَتَيْنِ) أَيِ الْمُرْتَفِعَتَيْنِ وَصَفَهُمَا لِدَفْعِ إِرَادَةِ السَّمْعِ.
وَقَوْلُهُ (أَنَّهُ يَجِبُ فِيهَا كَمَالُ الْقِيمَةِ) ","لَوْ حَلَقَ رَأْسَ إِنْسَانٍ أَوْ لِحْيَتَهُ لَا يُطَالَبُ بِالدِّيَةِ حَالَةَ الْحَلْقِ بَلْ يُؤَجَّلُ سَنَةً لِتَصَوُّرِ النَّبَاتِ، فَإِنْ مَاتَ قَبْلَ مُضِيِّ السَّنَةِ وَلَمْ يَنْبُتْ فَلَا شَيْءَ عَلَى الْحَالِقِ، وَقَالَا: فِيهِ حُكُومَةٌ، وَشَعْرُ الرَّجُلِ وَالْمَرْأَةِ وَالصَّغِيرِ وَالْكَبِيرِ فِي ذَلِكَ سَوَاءٌ.
وَقَوْلُهُ (كَمَا فِي الْأُذُنَيْنِ الشَّاخِصَتَيْنِ) أَيِ الْمُرْتَفِعَتَيْنِ وَصْفُهُمَا لِدَفْعِ إِرَادَةِ السَّمْعِ.
وَقَوْلُهُ (أَنَّهُ يَجِبُ فِيهَا كَمَالُ الْقِيمَةِ)"
وقد يقال إنه لا مخالفة بينه وبين كلام شارحنا؛ لأن مراد شارحنا بالمائعة ما يتحلل منها شيء سواء كانت رطبة أو يابسة والمحترز عنه في كلامه الجامدة بمعنى التي لا يتحلل منها شيء، والمراد بالمائعة في كلام الحاشية الرطبة وغير المائعة غير الرطبة والحال أنه يتحلل منها شيء (قوله: أو يطول الزمان) ,وَقَدْ يُقَالُ إِنَّهُ لَا مُخَالَفَةَ بَيْنَهُ وَبَيْنَ كَلَامِ شَارِحِنَا؛ لِأَنَّ مُرَادَ شَارِحِنَا بِالْمَائِعَةِ مَا يَتَحَلَّلُ مِنْهَا شَيْءٌ سَوَاءٌ كَانَتْ رَطْبَةً أَوْ يَابِسَةً وَالْمُحْتَرَزُ عَنْهُ فِي كَلَامِهِ الْجَامِدَةُ بِمَعْنَى الَّتِي لَا يَتَحَلَّلُ مِنْهَا شَيْءٌ، وَالْمُرَادُ بِالْمَائِعَةِ فِي كَلَامِ الْحَاشِيَةِ الرَّطْبَةُ وَغَيْرُ الْمَائِعَةِ غَيْرُ الرَّطْبَةِ وَالْحَالُ أَنَّهُ يَتَحَلَّلُ مِنْهَا شَيْءٌ (قَوْلُهُ: أَوْ يَطُولُ الزَّمَانُ) ,وَقَدْ يُقَالُ إِنَّهُ لَا مُخَالَفَةَ بَيْنَهُ وَبَيْنَ كَلَامِ شَارِحِنَا؛ لِأَنَّ مُرَادَ شَارِحِنَا بِالْمَائِعَةِ مَا يَتَحَلَّلُ مِنْهَا شَيْءٌ سَوَاءٌ كَانَتْ رَطْبَةً أَوْ يَابِسَةً وَالْمُحْتَرَزُ عَنْهُ فِي كَلَامِهِ الْجَامِدَةُ بِمَعْنَى الَّتِي لَا يَتَحَلَّلُ مِنْهَا شَيْءٌ، وَالْمُرَادُ بِالْمَائِعَةِ فِي كَلَامِ الْحَاشِيَةِ الرَّطْبَةُ وَغَيْرُ الْمَائِعَةِ غَيْرُ الرَّطْبَةِ وَالْحَالُ أَنَّهُ يَتَحَلَّلُ مِنْهَا شَيْءٌ (قَوْلُهُ: أَوْ يَطُولَ الزَّمَانُ)
"وظاهر ما ذكروه في باب الجمع لا يجمع.
وقال القاضي في الخلاف في بحث المسألة إذا نوى إقامة أربعة أيام: له الجمع، لا ما زاد.
وقيل للقاضي: إذا لم يجمع إقامة لا يقصر، لأنه لا يجمع؟ فقال: لا يسلم هذا، بل له الجمع.
انتهى.
وقال في الفروع: وهل يمسح مسح مسافر من قصر؟ ","وَظَاهِرُ مَا ذَكَرُوهُ فِي بَابِ الْجَمْعِ لَا يَجْمَعُ.
وَقَالَ الْقَاضِي فِي الْخِلَافِ فِي بَحْثِ الْمَسْأَلَةِ إِذَا نَوَى إِقَامَةَ أَرْبَعَةِ أَيَّامٍ: لَهُ الْجَمْعُ، لَا مَا زَادَ.
وَقِيلَ لِلْقَاضِي: إِذَا لَمْ يَجْمَعْ إِقَامَةً لَا يَقْصُرُ، لِأَنَّهُ لَا يَجْمَعُ؟ فَقَالَ: لَا يُسَلَّمُ هَذَا، بَلْ لَهُ الْجَمْعُ.
انْتَهَى.
وَقَالَ فِي الْفُرُوعِ: وَهَلْ يَمْسَحُ مَسْحَ مُسَافِرٍ مَنْ قَصَرَ؟ ","وَظَاهِرُ مَا ذَكَرُوهُ فِي بَابِ الْجَمْعِ لَا يَجْمَعُ.
وَقَالَ الْقَاضِي فِي الْخِلَافِ فِي بَحْثِ الْمَسْأَلَةِ إِذَا نَوَى إِقَامَةَ أَرْبَعَةِ أَيَّامٍ: لَهُ الْجَمْعُ، لَا مَا زَادَ.
وَقِيلَ لِلْقَاضِي: إِذَا لَمْ يَجْمَعْ إِقَامَةً لَا يَقْصُرُ، لِأَنَّهُ لَا يَجْمَعُ؟ فَقَالَ: لَا يُسَلَّمُ هَذَا، بَلْ لَهُ الْجَمْعُ.
انْتَهَى.
وَقَالَ فِي الْفُرُوعِ: وَهَلْ يَمْسَحُ مَسْحَ مُسَافِرٍ مَنْ قَصَرَ؟"
فيتوجه لو أثبت حاكم مالكي وقفا لا يراه كوقف الإنسان على نفسه بالشهادة على الخط، فإن حكم للخلاف في العمل بالخط كما هو المعتاد فلحاكم حنبلي يرى صحة الحكم أن ينفذه في مسافة قريبة، وإن لم يحكم المالكي بل قال ثبت كذلك فكذلك، لأن الثبوت عند المالكي حكم، ثم إن رأى الحنبلي الثبوت حكما نفذه وإلا فالخلاف في قرب المسافة، ,فَيَتَوَجَّهُ لَوْ أَثْبَتَ حَاكِمٌ مَالِكِيٌّ وَقْفًا لَا يَرَاهُ كَوَقْفِ الْإِنْسَانِ عَلَى نَفْسِهِ بِالشَّهَادَةِ عَلَى الْخَطِّ، فَإِنْ حَكَمَ لِلْخِلَافِ فِي الْعَمَلِ بِالْخَطِّ كَمَا هُوَ الْمُعْتَادُ فَلِحَاكِمٍ حَنْبَلِيٍّ يَرَى صِحَّةَ الْحُكْمِ أَنْ يُنَفِّذَهُ فِي مَسَافَةٍ قَرِيبَةٍ، وَإِنْ لَمْ يَحْكُمُ الْمَالِكِيُّ بَلْ قَالَ ثَبَتَ كَذَلِكَ فَكَذَلِكَ، لِأَنَّ الثُّبُوتَ عِنْدَ الْمَالِكِيِّ حُكْمٌ، ثُمَّ إِنْ رَأَى الْحَنْبَلِيُّ الثُّبُوتَ حُكْمًا نَفَّذَهُ وَإِلَّا فَالْخِلَافُ فِي قُرْبِ الْمَسَافَةِ، ,فَيَتَوَجَّهُ لَوْ أَثْبَتَ حَاكِمٌ مَالِكِيٌّ وَقْفًا لَا يَرَاهُ كَوَقْفِ الْإِنْسَانِ عَلَى نَفْسِهِ بِالشَّهَادَةِ عَلَى الْخَطِّ، فَإِنْ حَكَمَ لِلْخِلَافِ فِي الْعَمَلِ بِالْخَطِّ كَمَا هُوَ الْمُعْتَادُ فَلِحَاكِمٍ حَنْبَلِيٍّ يَرَى صِحَّةَ الْحُكْمِ أَنْ يُنَفِّذَهُ فِي مَسَافَةٍ قَرِيبَةٍ، وَإِنْ لَمْ يَحْكُمْ الْمَالِكِيُّ بَلْ قَالَ ثَبَتَ كَذَلِكَ فَكَذَلِكَ، لِأَنَّ الثُّبُوتَ عِنْدَ الْمَالِكِيِّ حُكْمٌ، ثُمَّ إِنْ رَأَى الْحَنْبَلِيُّ الثُّبُوتَ حُكْمًا نَفَّذَهُ وَإِلَّا فَالْخِلَافُ فِي قُرْبِ الْمَسَافَةِ،
"أم إباحة منفعة؟ فيه وجهان.
وكذا هو ظاهر بحث المصنف في المغني، والشرح.
قال الحارثي: أصل هذا: ما قدمنا من أن الإعارة إباحة منفعة.
وقال عن الوجه الثاني: يتفرع على رواية اللزوم في العارية المؤقتة.
انتهى.
قلت: قطع في القاعدة السابعة والثمانين بجواز إعارة العين المعارة المؤقتة إذا قيل بلزومها، ","أَمْ إِبَاحَةُ مَنْفَعَةٍ؟ فِيهِ وَجْهَانِ.
وَكَذَا هُوَ ظَاهِرُ بَحْثِ الْمُصَنِّفِ فِي الْمُغْنِي، وَالشَّرْحِ.
قَالَ الْحَارِثِيُّ: أَصْلُ هَذَا: مَا قَدَّمْنَا مِنْ أَنَّ الْإِعَارَةَ إِبَاحَةُ مَنْفَعَةٍ.
وَقَالَ عَنِ الْوَجْهِ الثَّانِي: يَتَفَرَّعُ عَلَى رِوَايَةِ اللُّزُومِ فِي الْعَارِيَّةِ الْمُؤَقَّتَةِ.
انْتَهَى.
قُلْت: قَطَعَ فِي الْقَاعِدَةِ السَّابِعَةِ وَالثَّمَانِينَ بِجَوَازِ إِعَارَةِ الْعَيْنِ الْمُعَارَةِ الْمُؤَقَّتَةِ إِذَا قِيلَ بِلُزُومِهَا، ","أَمْ إِبَاحَةُ مَنْفَعَةٍ؟ فِيهِ وَجْهَانِ.
وَكَذَا هُوَ ظَاهِرُ بَحْثِ الْمُصَنِّفِ فِي الْمُغْنِي، وَالشَّرْحِ.
قَالَ الْحَارِثِيُّ: أَصْلُ هَذَا: مَا قَدَّمْنَا مِنْ أَنَّ الْإِعَارَةَ إِبَاحَةُ مَنْفَعَةٍ.
وَقَالَ عَنِ الْوَجْهِ الثَّانِي: يَتَفَرَّعُ عَلَى رِوَايَةِ اللُّزُومِ فِي الْعَارِيَّةِ الْمُؤَقَّتَةِ.
انْتَهَى.
قُلْت: قَطَعَ فِي الْقَاعِدَةِ السَّابِعَةِ وَالثَّمَانِينَ بِجَوَازِ إِعَارَةِ الْعَيْنِ الْمُعَارَةِ الْمُؤَقَّتَةِ إِذَا قِيلَ بِلُزُومِهَا،"
"محله) بفتح الحاء، والكسر لغة -: موضع الحلول (رجب، أو) محله (إليه) ؛ أي: رجب محله (أو فيه) ؛ أي: في رجب؛ (صح) السلم، (وحل) مسلم فيه (بأوله) ؛ أي: رجب، وهو غروب الشمس من آخر الشهر الذي قبله؛ كما لو قال لامرأته: أنت طالق إلى رجب أو فيه، وليس مجهولا؛ لتعلقه؛ بأوله.
(و) ","مَحَلُّهُ) بِفَتْحِ الْحَاءِ، وَالْكَسْرُ لُغَةٌ -: مَوْضِعُ الْحُلُولِ (رَجَبٌ، أَوْ) مَحَلُّهُ (إِلَيْهِ) ؛ أَيْ: رَجَبٌ مَحَلُّهُ (أَوْ فِيهِ) ؛ أَيْ: فِي رَجَبٍ؛ (صَحَّ) السَّلَمُ، (وَحَلَّ) مُسْلَمٌ فِيهِ (بِأَوَّلِهِ) ؛ أَيْ: رَجَبٍ، وَهُوَ غُرُوبُ الشَّمْسِ مِنْ آخِرِ الشَّهْرِ الَّذِي قَبْلَهُ؛ كَمَا لَوْ قَالَ لِامْرَأَتِهِ: أَنْتِ طَالِقٌ إِلَى رَجَبٍ أَوْ فِيهِ، وَلَيْسَ مَجْهُولًا؛ لِتَعَلُّقِهِ؛ بِأَوَّلِهِ.
(وَ) ","مَحَلُّهُ) بِفَتْحِ الْحَاءِ، وَالْكَسْرِ لُغَةً -: مَوْضِعُ الْحُلُولِ (رَجَبٌ، أَوْ) مَحَلُّهُ (إِلَيْهِ) ؛ أَيْ: رَجَبٍ مَحَلُّهُ (أَوْ فِيهِ) ؛ أَيْ: فِي رَجَبٍ؛ (صَحَّ) السَّلَمُ، (وَحَلَّ) مُسْلَمٌ فِيهِ (بِأَوَّلِهِ) ؛ أَيْ: رَجَبٍ، وَهُوَ غُرُوبُ الشَّمْسِ مِنْ آخِرِ الشَّهْرِ الَّذِي قَبْلَهُ؛ كَمَا لَوْ قَالَ لِامْرَأَتِهِ: أَنْتِ طَالِقٌ إِلَى رَجَبٍ أَوْ فِيهِ، وَلَيْسَ مَجْهُولًا؛ لِتَعَلُّقِهِ؛ بِأَوَّلِهِ.
(وَ)"
"أي إن كان أحدث في اليوم الثاني بخلاف ما لو مسح في اليوم الأول واستمر على طهارته إلى اليوم الثالث فله أن يصلي فيه بذلك المسح نهاية ومغني ( (3/107)
قوله أخذ في وقت المسح إلخ) فلو أحدث ومسح وصلى العصر والمغرب والعشاء وشك أتقدم حدثه ومسحه أول وقت الظهر وصلاها به أم تأخر إلى وقت العصر ولم يصل الظهر فيلزمه قضاؤها؛ ","أَيْ إِنْ كَانَ أَحْدَثَ فِي الْيَوْمِ الثَّانِي بِخِلَافِ مَا لَوْ مَسَحَ فِي الْيَوْمِ الْأَوَّلِ وَاسْتَمَرَّ عَلَى طَهَارَتِهِ إِلَى الْيَوْمِ الثَّالِثِ فَلَهُ أَنْ يُصَلِّيَ فِيهِ بِذَلِكَ الْمَسْحِ نِهَايَةٌ وَمُغْنِي ( (3/107)
قَوْلُهُ أَخَذَ فِي وَقْتِ الْمَسْحِ إِلَخْ) فَلَوْ أَحْدَثَ وَمَسَحَ وَصَلَّى الْعَصْرَ وَالْمَغْرِبَ وَالْعِشَاءَ وَشَكَّ أَتَقَدَّمَ حَدَثُهُ وَمَسَحَهُ أَوَّلَ وَقْتِ الظُّهْرِ وَصَلَّاهَا بِهِ أَمْ تَأَخَّرَ إِلَى وَقْتِ الْعَصْرِ وَلَمْ يُصَلِّ الظُّهْرَ فَيَلْزَمُهُ قَضَاؤُهَا؛ ","أَيْ إِنْ كَانَ أَحْدَثَ فِي الْيَوْمِ الثَّانِي بِخِلَافِ مَا لَوْ مَسَحَ فِي الْيَوْمِ الْأَوَّلِ وَاسْتَمَرَّ عَلَى طَهَارَتِهِ إِلَى الْيَوْمِ الثَّالِثِ فَلَهُ أَنْ يُصَلِّيَ فِيهِ بِذَلِكَ الْمَسْحِ نِهَايَةٌ وَمُغْنِي ( (3/107)
قَوْلُهُ أَخَذَ فِي وَقْتِ الْمَسْحِ إِلَخْ) فَلَوْ أَحْدَثَ وَمَسَحَ وَصَلَّى الْعَصْرَ وَالْمَغْرِبَ وَالْعِشَاءَ وَشَكَّ أَتَقَدَّمَ حَدَثُهُ وَمَسْحُهُ أَوَّلَ وَقْتِ الظُّهْرِ وَصَلَّاهَا بِهِ أَمْ تَأَخَّرَ إِلَى وَقْتِ الْعَصْرِ وَلَمْ يُصَلِّ الظُّهْرَ فَيَلْزَمُهُ قَضَاؤُهَا؛"
"إنما جعل الإمام ليؤتم به، فإذا صلى قائما فصلوا قياما، وإذا ركع فاركعوا، وإذا رفع فارفعوا، وإذا قال سمع الله لمن حمده فقولوا ربنا ولك الحمد، وإذا صلى جالسا فصلوا جلوسا أجمعين» . أخرجاه فى الصحيح من حديث مالك. (3/79)
5273- وأخبرنا أبو عبد الله الحافظ فى آخرين قالوا حدثنا أبو العباس: ","إِنَّمَا جُعِلَ الْإِمَامُ لِيُؤْتَمَّ بِهِ، فَإِذَا صَلَّى قَائِمًا فَصَلُّوا قِيَامًا، وَإِذَا رَكَعَ فَارْكَعُوا، وَإِذَا رَفَعَ فَارْفَعُوا، وَإِذَا قَالَ سَمِعَ اللَّهُ لِمَنْ حَمِدَهُ فَقُولُوا رَبَّنَا وَلَكَ الْحَمْدُ، وَإِذَا صَلَّى جَالِسًا فَصَلُّوا جُلُوسًا أَجْمَعِينَ» . أَخْرَجَاهُ فِى الصَّحِيحِ مِنْ حَدِيثِ مَالِكٍ. (3/79)
5273- وَأَخْبَرَنَا أَبُو عَبْدِ اللَّهِ الْحَافِظُ فِى آخَرِينَ قَالُوا حَدَّثَنَا أَبُو الْعَبَّاسِ: ","إِنَّمَا جُعِلَ الْإِمَامُ لِيُؤْتَمَّ بِهِ، فَإِذَا صَلَّى قَائِمًا فَصَلُّوا قِيَامًا، وَإِذَا رَكَعَ فَارْكَعُوا، وَإِذَا رَفَعَ فَارْفَعُوا، وَإِذَا قَالَ سَمِعَ اللَّهُ لِمَنْ حَمِدَهُ فَقُولُوا رَبَّنَا وَلَكَ الْحَمْدُ، وَإِذَا صَلَّى جَالِسًا فَصَلُّوا جُلُوسًا أَجْمَعِينَ» . أَخْرَجَاهُ فِى الصَّحِيحِ مِنْ حَدِيثِ مَالِكٍ. (3/79)
5273- وَأَخْبَرَنَا أَبُو عَبْدِ اللَّهِ الْحَافِظُ فِى آخَرِينَ قَالُوا حَدَّثَنَا أَبُو الْعَبَّاسِ:"
"للاتباع أيضا) لما روى الإمام أحمد في مسنده أن الناس حولوا مع النبي صلى الله عليه وسلم مغني (قوله: ويترك الرداء) أي رداء الخطيب والناس مغني ونهاية (قوله: بنحو البيت) أي عند رجوعهم إلى منازلهم نهاية وأسنى وشرح بافضل (قوله: وينزع إلخ) خالف فيه المغني فقال حتى ينزع بفتح أوله الثياب كل منهما عند رجوعهما لمنزلهما ا ه.
(","لِلِاتِّبَاعِ أَيْضًا) لِمَا رَوَى الْإِمَامُ أَحْمَدُ فِي مُسْنَدِهِ أَنَّ النَّاسَ حَوَّلُوا مَعَ النَّبِيِّ صَلَّى اللَّهُ عَلَيْهِ وَسَلَّمَ مُغْنِي (قَوْلُهُ: وَيُتْرَكُ الرِّدَاءُ) أَيْ رِدَاءُ الْخَطِيبِ وَالنَّاسِ مُغْنِي وَنِهَايَةٌ (قَوْلُهُ: بِنَحْوِ الْبَيْتِ) أَيْ عِنْدَ رُجُوعِهِمْ إِلَى مَنَازِلِهِمْ نِهَايَةٌ وَأَسْنَى وَشَرْحُ بَافَضْلٍ (قَوْلُهُ: وَيُنْزَعَ إِلَخْ) خَالَفَ فِيهِ الْمُغْنِي فَقَالَ حَتَّى يَنْزِعَ بِفَتْحِ أَوَّلِهِ الثِّيَابَ كُلٌّ مِنْهُمَا عِنْدَ رُجُوعِهِمَا لِمَنْزِلِهِمَا ا ه.
(","لِلِاتِّبَاعِ أَيْضًا) لِمَا رَوَى الْإِمَامُ أَحْمَدُ فِي مُسْنَدِهِ أَنَّ النَّاسَ حَلَّوْا مَعَ النَّبِيِّ صَلَّى اللَّهُ عَلَيْهِ وَسَلَّمَ مُغْنِي (قَوْلُهُ: وَيَتْرُكُ الرِّدَاءَ) أَيْ رِدَاءَ الْخَطِيبِ وَالنَّاسِ مُغْنِي وَنِهَايَةٌ (قَوْلُهُ: بِنَحْوِ الْبَيْتِ) أَيْ عِنْدَ رُجُوعِهِمْ إِلَى مَنَازِلِهِمْ نِهَايَةٌ وَأَسْنَى وَشَرْحُ بَافَضْلٍ (قَوْلُهُ: وَيَنْزِعُ إِلَخْ) خَالَفَ فِيهِ الْمُغْنِي فَقَالَ حَتَّى يَنْزِعَ بِفَتْحِ أَوَّلِهِ الثِّيَابَ كُلٌّ مِنْهُمَا عِنْدَ رُجُوعِهِمَا لِمَنْزِلِهِمَا ا ه.
("
"يستحب له أن يتصدق ببعض لحم أضحيته ولو لم يتصدق بشيء منه ما جاز له.
(فرع) إذا ثبت أن الإطعام من الأضحية مشروع فقد روى ابن حبيب لم يجد ما يطعم منها ولا ما يأكل وما فعل مما قل من ذلك أو كثر فهو يجزئ زاد الشيخ أبو القاسم والاختيار أن يأكل الأقل ويقسم ما بقي ولو قيل: ","يُسْتَحَبُّ لَهُ أَنْ يَتَصَدَّقَ بِبَعْضِ لَحْمِ أُضْحِيَّتِهِ وَلَوْ لَمْ يَتَصَدَّقْ بِشَيْءٍ مِنْهُ مَا جَازَ لَهُ.
(فَرْعٌ) إِذَا ثَبَتَ أَنَّ الْإِطْعَامَ مِنَ الْأُضْحِيَّةِ مَشْرُوعٌ فَقَدْ رَوَى ابْنُ حَبِيبٍ لَمْ يَجِدْ مَا يَطْعَمُ مِنْهَا وَلَا مَا يَأْكُلُ وَمَا فَعَلَ مِمَّا قَلَّ مِنْ ذَلِكَ أَوْ كَثُرَ فَهُوَ يُجْزِئُ زَادَ الشَّيْخُ أَبُو الْقَاسِمِ وَالِاخْتِيَارُ أَنْ يَأْكُلَ الْأَقَلَّ وَيَقْسِمَ مَا بَقِيَ وَلَوْ قِيلَ: ","يُسْتَحَبُّ لَهُ أَنْ يَتَصَدَّقَ بِبَعْضِ لَحْمِ أُضْحِيَّتِهِ وَلَوْ لَمْ يَتَصَدَّقْ بِشَيْءٍ مِنْهُ مَا جَازَ لَهُ.
(فَرْعٌ) إِذَا ثَبَتَ أَنَّ الْإِطْعَامَ مِنَ الْأُضْحِيَّةِ مَشْرُوعٌ فَقَدْ رَوَى ابْنُ حَبِيبٍ لَمْ يَجِدْ مَا يُطْعِمُ مِنْهَا وَلَا مَا يَأْكُلُ وَمَا فَعَلَ مِمَّا قَلَّ مِنْ ذَلِكَ أَوْ كَثُرَ فَهُوَ يُجْزِئُ زَادَ الشَّيْخُ أَبُو الْقَاسِمِ وَالِاخْتِيَارُ أَنْ يَأْكُلَ الْأَقَلَّ وَيَقْسِمَ مَا بَقِيَ وَلَوْ قِيلَ:"
كما في الدقائق وحكي تخفيفها ويختص الجالس بمحله ومحل أمتعته ومعامليه وليس لغيره أن يضيق عليه فيه بحيث يضر به في الكيل والوزن والأخذ والعطاء وله أن يمنع واقفا بقربه إن منع رؤية متاعه أو وصول المعاملين إليه وليس له منع من قعد ليبيع مثل متاعه إذا لم يزاحمه فيما يختص به من المرافق المذكورة مغني ونهاية (قوله: ,كَمَا فِي الدَّقَائِقِ وَحُكِيَ تَخْفِيفُهَا وَيَخْتَصُّ الْجَالِسُ بِمَحَلِّهِ وَمَحَلِّ أَمْتِعَتِهِ وَمُعَامِلِيهِ وَلَيْسَ لِغَيْرِهِ أَنْ يُضَيِّقَ عَلَيْهِ فِيهِ بِحَيْثُ يَضُرُّ بِهِ فِي الْكَيْلِ وَالْوَزْنِ وَالْأَخْذِ وَالْعَطَاءِ وَلَهُ أَنْ يَمْنَعَ وَاقِفًا بِقُرْبِهِ إِنْ مَنَعَ رُؤْيَةَ مَتَاعِهِ أَوْ وُصُولَ الْمُعَامِلِينَ إِلَيْهِ وَلَيْسَ لَهُ مَنْعُ مَنْ قَعَدَ لِيَبِيعَ مِثْلَ مَتَاعِهِ إِذَا لَمْ يُزَاحِمْهُ فِيمَا يَخْتَصُّ بِهِ مِنَ الْمَرَافِقِ الْمَذْكُورَةِ مُغْنِي وَنِهَايَةٌ (قَوْلُهُ: ,كَمَا فِي الدَّقَائِقِ وَحُكِيَ تَخْفِيفُهَا وَيَخْتَصُّ الْجَالِسُ بِمَحَلِّهِ وَمَحَلِّ أَمْتِعَتِهِ وَمُعَامِلِيهِ وَلَيْسَ لِغَيْرِهِ أَنْ يُضَيِّقَ عَلَيْهِ فِيهِ بِحَيْثُ يَضُرُّ بِهِ فِي الْكَيْلِ وَالْوَزْنِ وَالْأَخْذِ وَالْعَطَاءِ وَلَهُ أَنْ يَمْنَعَ وَاقِفًا بِقُرْبِهِ إِنْ مَنَعَ رُؤْيَةَ مَتَاعِهِ أَوْ وُصُولَ الْمُعَامِلِينَ إِلَيْهِ وَلَيْسَ لَهُ مَنْعُ مَنْ قَعَدَ لِيَبِيعَ مِثْلَ مَتَاعِهِ إِذَا لَمْ يُزَاحِمْهُ فِيمَا يَخْتَصُّ بِهِ مِنَ الْمَرَافِقِ الْمَذْكُورَةِ مُغْنِي وَنِهَايَةٌ (قَوْلُهُ:
"ثم معتق معتقه) ثم عصباته (وهكذا من أهل الولاء معتق أبيه وجده) ، وإن علا (لا معتق سائر العصبات) له.
الشرح
(قوله الطرف الثاني في أحكام الولاء إلخ) علم من كلامه أن العتق مقدم على عصبته فيما يمكن تقديمه فيه مع ثبوت الولاء لهم في حياته ولهذا لو مات المعتق مسلما والمعتق حر كافر وله ابن مسلم فميراثه للابن المسلم (24/26)
(","ثُمَّ مُعْتِقُ مُعْتِقِهِ) ثُمَّ عَصَبَاتُهُ (وَهَكَذَا مِنْ أَهْلِ الْوَلَاءِ مُعْتِقُ أَبِيهِ وَجَدِّهِ) ، وَإِنْ عَلَا (لَا مُعْتِقُ سَائِرِ الْعَصَبَاتِ) لَهُ.
الشَّرْحُ
(قَوْلُهُ الطَّرَفُ الثَّانِي فِي أَحْكَامِ الْوَلَاءِ إِلَخْ) عُلِمَ مِنْ كَلَامِهِ أَنَّ الْعِتْقَ مُقَدَّمٌ عَلَى عَصَبَتِهِ فِيمَا يُمْكِنُ تَقْدِيمُهُ فِيهِ مَعَ ثُبُوتِ الْوَلَاءِ لَهُمْ فِي حَيَاتِهِ وَلِهَذَا لَوْ مَاتَ الْمُعْتَقُ مُسْلِمًا وَالْمُعْتِقُ حُرٌّ كَافِرٌ وَلَهُ ابْنٌ مُسْلِمٌ فَمِيرَاثُهُ لِلِابْنِ الْمُسْلِمِ (24/26)
(","ثُمَّ مُعْتِقُ مُعْتِقِهِ) ثُمَّ عَصَبَاتُهُ (وَهَكَذَا مِنْ أَهْلِ الْوَلَاءِ مُعْتِقُ أَبِيهِ وَجَدِّهِ) ، وَإِنْ عَلَا (لَا مُعْتِقُ سَائِرِ الْعَصَبَاتِ) لَهُ.
الشَّرْحُ
(قَوْلُهُ الطَّرَفُ الثَّانِي فِي أَحْكَامِ الْوَلَاءِ إِلَخْ) عُلِمَ مِنْ كَلَامِهِ أَنَّ الْعِتْقَ مُقَدَّمٌ عَلَى عَصَبَتِهِ فِيمَا يُمْكِنُ تَقْدِيمُهُ فِيهِ مَعَ ثُبُوتِ الْوَلَاءِ لَهُمْ فِي حَيَاتِهِ وَلِهَذَا لَوْ مَاتَ الْمُعْتِقُ مُسْلِمًا وَالْمُعْتَقُ حُرٌّ كَافِرٌ وَلَهُ ابْنٌ مُسْلِمٌ فَمِيرَاثُهُ لِلِابْنِ الْمُسْلِمِ (24/26)
("
"وكفل بها ثم استدان ثلاثة آلاف درهم وباعه القاضي بألفين فإنه يضرب فيها أصحاب الكفالة بدينهم كله، وأصحاب الدين بجميع دينهم؛ لأن الكفالة من العبد حصلت في حال فراغه من الدين؛ فنفذت في الكل.
","وَكَفَلَ بِهَا ثُمَّ اسْتَدَانَ ثَلَاثَةَ آلَافِ دِرْهَمٍ وَبَاعَهُ الْقَاضِي بِأَلْفَيْنِ فَإِنَّهُ يَضْرِبُ فِيهَا أَصْحَابُ الْكَفَالَةِ بِدَيْنِهِمْ كُلِّهِ، وَأَصْحَابُ الدَّيْنِ بِجَمِيعِ دَيْنِهِمْ؛ لِأَنَّ الْكَفَالَةَ مِنَ الْعَبْدِ حَصَلَتْ فِي حَالِ فَرَاغِهِ مِنَ الدَّيْنِ؛ فَنَفَذَتْ فِي الْكُلِّ.
",وَكَفَلَ بِهَا ثُمَّ اسْتَدَانَ ثَلَاثَةَ آلَافِ دِرْهَمٍ وَبَاعَهُ الْقَاضِي بِأَلْفَيْنِ فَإِنَّهُ يَضْرِبُ فِيهَا أَصْحَابُ الْكَفَالَةِ بِدَيْنِهِمْ كُلِّهِ، وَأَصْحَابُ الدَّيْنِ بِجَمِيعِ دَيْنِهِمْ؛ لِأَنَّ الْكَفَالَةَ مِنَ الْعَبْدِ حَصَلَتْ فِي حَالِ فَرَاغِهِ مِنَ الدَّيْنِ؛ فَنَفَذَتْ فِي الْكُلِّ.
احترز به عما إذا انتفى كأرض غمر ماؤها وندر انكشافه فلا يلزم الكراء وإن صحت إجارتها ولا يجوز النقد فيها والقول قول المكتري بيمين في عدم التمكن إن نازعه المكري فإن أقر المكتري بالتمكن لكن ادعى أنه حصل مانع فالقول للمكري وعليه إثبات المانع؛ لأن الأصل عدمه، وكذلك إذا ادعى ما يسقط الكراء قال قول للمكري (قوله، وكذلك الجراد إلخ) ,احْتُرِزَ بِهِ عَمَّا إِذَا انْتَفَى كَأَرْضٍ غَمَرَ مَاؤُهَا وَنَدَرَ انْكِشَافُهُ فَلَا يَلْزَمُ الْكِرَاءُ وَإِنْ صَحَّتْ إِجَارَتُهَا وَلَا يَجُوزُ النَّقْدُ فِيهَا وَالْقَوْلُ قَوْلُ الْمُكْتَرِي بِيَمِينٍ فِي عَدَمِ التَّمَكُّنِ إِنْ نَازَعَهُ الْمُكْرِي فَإِنْ أَقَرَّ الْمُكْتَرِي بِالتَّمَكُّنِ لَكِنِ ادَّعَى أَنَّهُ حَصَلَ مَانِعٌ فَالْقَوْلُ لِلْمُكْرِي وَعَلَيْهِ إِثْبَاتُ الْمَانِعِ؛ لِأَنَّ الْأَصْلَ عَدَمُهُ، وَكَذَلِكَ إِذَا ادَّعَى مَا يُسْقِطُ الْكِرَاءَ قَالَ قَوْلٌ لِلْمُكْرِي (قَوْلُهُ، وَكَذَلِكَ الْجَرَادُ إِلَخْ) ,احْتَرَزَ بِهِ عَمَّا إِذَا انْتَفَى كَأَرْضٍ غَمَرَ مَاؤُهَا وَنَدَرَ انْكِشَافُهُ فَلَا يَلْزَمُ الْكِرَاءُ وَإِنْ صَحَّتْ إِجَارَتُهَا وَلَا يَجُوزُ النَّقْدُ فِيهَا وَالْقَوْلُ قَوْلُ الْمُكْتَرِي بِيَمِينٍ فِي عَدَمِ التَّمَكُّنِ إِنْ نَازَعَهُ الْمُكْرِي فَإِنْ أَقَرَّ الْمُكْتَرِي بِالتَّمَكُّنِ لَكِنِ ادَّعَى أَنَّهُ حَصَلَ مَانِعٌ فَالْقَوْلُ لِلْمُكْرِي وَعَلَيْهِ إِثْبَاتُ الْمَانِعِ؛ لِأَنَّ الْأَصْلَ عَدَمُهُ، وَكَذَلِكَ إِذَا ادَّعَى مَا يُسْقِطُ الْكِرَاءَ قَالَ قَوْلٌ لِلْمُكْرِي (قَوْلُهُ، وَكَذَلِكَ الْجَرَادُ إِلَخْ)
"قال: نعم، وذلك؛ لأنه لو كان بينهما قعود لذكر في الحديث.
قلت: فهل كان مالك يرى أن صلاة الخسوف سنة لا تترك مثل صلاة العيدين سنة لا تترك؟ قال: نعم، قلت: هل يصلي أهل القرى وأهل العمود والمسافرون صلاة الخسوف في قول مالك؟ قال: نعم.
قال: وقال مالك في المسافرين يصلون صلاة الخسوف جماعة إلا أن يعجل بالمسافرين السير، ","قَالَ: نَعَمْ، وَذَلِكَ؛ لِأَنَّهُ لَوْ كَانَ بَيْنَهُمَا قُعُودٌ لَذُكِرَ فِي الْحَدِيثِ.
قُلْتُ: فَهَلْ كَانَ مَالِكٌ يَرَى أَنَّ صَلَاةَ الْخُسُوفِ سُنَّةٌ لَا تُتْرَكُ مِثْلُ صَلَاةِ الْعِيدَيْنِ سُنَّةٌ لَا تُتْرَكُ؟ قَالَ: نَعَمْ، قُلْت: هَلْ يُصَلِّي أَهْلُ الْقُرَى وَأَهْلُ الْعَمُودِ وَالْمُسَافِرُونَ صَلَاةَ الْخُسُوفِ فِي قَوْلِ مَالِكٍ؟ قَالَ: نَعَمْ.
قَالَ: وَقَالَ مَالِكٌ فِي الْمُسَافِرِينَ يُصَلُّونَ صَلَاةَ الْخُسُوفِ جَمَاعَةً إِلَّا أَنْ يُعَجِّلَ بِالْمُسَافِرِينَ السَّيْرُ، ","قَالَ: نَعَمْ، وَذَلِكَ؛ لِأَنَّهُ لَوْ كَانَ بَيْنَهُمَا قُعُودٌ لَذُكِرَ فِي الْحَدِيثِ.
قُلْتُ: فَهَلْ كَانَ مَالِكٌ يَرَى أَنَّ صَلَاةَ الْخُسُوفِ سُنَّةٌ لَا تُتْرَكُ مِثْلَ صَلَاةِ الْعِيدَيْنِ سُنَّةٌ لَا تُتْرَكُ؟ قَالَ: نَعَمْ، قُلْتُ: هَلْ يُصَلِّي أَهْلُ الْقُرَى وَأَهْلُ الْعَمُودِ وَالْمُسَافِرُونَ صَلَاةَ الْخُسُوفِ فِي قَوْلِ مَالِكٍ؟ قَالَ: نَعَمْ.
قَالَ: وَقَالَ مَالِكٌ فِي الْمُسَافِرِينَ يُصَلُّونَ صَلَاةَ الْخُسُوفِ جَمَاعَةً إِلَّا أَنْ يُعَجِّلَ بِالْمُسَافِرِينَ السَّيْرَ،"
ولا يعذب الميت بشيء من ذلك إن لم يوص به لقوله تعالى {ولا تزر وازرة وزر أخرى} بخلاف ما إذا أوصى به كقول طرفة بن العبد: إذا مت فانعيني بما أنا أهله وشقي علي الجيب يا بنت معبد وعليه حمل الجمهور خبر الصحيحين {إن الميت ليعذب ببكاء أهله عليه} وفي رواية {بما نيح عليه} وفي أخرى (ما نيح عليه) ,وَلَا يُعَذَّبُ الْمَيِّتُ بِشَيْءٍ مِنْ ذَلِكَ إِنْ لَمْ يُوصِ بِهِ لِقَوْلِهِ تَعَالَى {وَلَا تَزِرُ وَازِرَةٌ وِزْرَ أُخْرَى} بِخِلَافِ مَا إِذَا أَوْصَى بِهِ كَقَوْلِ طَرَفَةَ بْنِ الْعَبْدِ: إِذَا مِتُّ فَانْعِينِي بِمَا أَنَا أَهْلُهُ وَشُقِّي عَلَيَّ الْجَيْبَ يَا بِنْتَ مَعْبَدٍ وَعَلَيْهِ حَمَلَ الْجُمْهُورُ خَبَرَ الصَّحِيحَيْنِ {إِنَّ الْمَيِّتَ لَيُعَذَّبُ بِبُكَاءِ أَهْلِهِ عَلَيْهِ} وَفِي رِوَايَةٍ {بِمَا نِيحَ عَلَيْهِ} وَفِي أُخْرَى (مَا نِيحَ عَلَيْهِ) ,وَلَا يُعَذَّبُ الْمَيِّتُ بِشَيْءٍ مِنْ ذَلِكَ إِنْ لَمْ يُوصِ بِهِ لِقَوْلِهِ تَعَالَى {وَلَا تَزِرُ وَازِرَةٌ وِزْرَ أُخْرَى} بِخِلَافِ مَا إِذَا أَوْصَى بِهِ كَقَوْلِ طَرَفَةَ بْنِ الْعَبْدِ: إِذَا مِتُّ فَانْعِينِي بِمَا أَنَا أَهْلُهُ وَشُقِّي عَلَيَّ الْجَيْبَ يَا بِنْتَ مَعْبَدٍ وَعَلَيْهِ حَمَلَ الْجُمْهُورُ خَبَرَ الصَّحِيحَيْنِ {إِنَّ الْمَيِّتَ لَيُعَذَّبُ بِبُكَاءِ أَهْلِهِ عَلَيْهِ} وَفِي رِوَايَةٍ {بِمَا نِيحَ عَلَيْهِ} وَفِي أُخْرَى (مَا نِيحَ عَلَيْهِ)
"فرضا كانت الصلاة أو نفلا، فيسجد له، لبطلان الصلاة بتعمده.
فتلخص أن كثير الأكل والشرب يبطل الصلاة مطلقا، وأن يسيرهما عمدا يبطل الفرض، وأن يسير الأكل عمدا يبطل النفل والفرض، خلافا للإقناع.
وكان على المصنف أن يشير إلى ذلك بخلاف يسير الشرب ويأتي.
وإن يسيرهما سهوا لا يبطل فرضا ولا نفلا.
(و) ","فَرْضًا كَانَتِ الصَّلَاةُ أَوْ نَفْلًا، فَيَسْجُدُ لَهُ، لِبُطْلَانِ الصَّلَاةِ بِتَعَمُّدِهِ.
فَتَلَخَّصَ أَنَّ كَثِيرَ الْأَكْلِ وَالشُّرْبِ يُبْطِلُ الصَّلَاةَ مُطْلَقًا، وَأَنَّ يَسِيرَهُمَا عَمْدًا يُبْطِلُ الْفَرْضَ، وَأَنَّ يَسِيرَ الْأَكْلِ عَمْدًا يُبْطِلُ النَّفَلَ وَالْفَرْضَ، خِلَافًا لِلْإِقْنَاعِ.
وَكَانَ عَلَى الْمُصَنِّفِ أَنْ يُشِيرَ إِلَى ذَلِكَ بِخِلَافِ يَسِيرِ الشُّرْبِ وَيَأْتِي.
وَإِنَّ يَسِيرَهُمَا سَهْوًا لَا يُبْطِلُ فَرْضًا وَلَا نَفْلًا.
(وَ) ","فَرْضًا كَانَتِ الصَّلَاةُ أَوْ نَفْلًا، فَيَسْجُدُ لَهُ، لِبُطْلَانِ الصَّلَاةِ بِتَعَمُّدِهِ.
فَتَلَخَّصَ أَنَّ كَثِيرَ الْأَكْلِ وَالشُّرْبِ يُبْطِلُ الصَّلَاةَ مُطْلَقًا، وَأَنَّ يَسِيرَهُمَا عَمْدًا يُبْطِلُ الْفَرْضَ، وَأَنَّ يَسِيرَ الْأَكْلِ عَمْدًا يُبْطِلُ النَّفَلَ وَالْفَرْضَ، خِلَافًا لِلْإِقْنَاعِ.
وَكَانَ عَلَى الْمُصَنِّفِ أَنْ يُشِيرَ إِلَى ذَلِكَ بِخِلَافِ يَسِيرِ الشُّرْبِ وَيَأْتِي.
وَإِنْ يَسِيرَهُمَا سَهْوًا لَا يُبْطِلُ فَرْضًا وَلَا نَفْلًا.
(وَ)"
"لأنه يقع على القليل والكثير. (10/10)
(وإن علقه) أي الإيلاء (بشرط ك) قوله (إن وطئتك فوالله لا وطئتك، أو إن قمت) فوالله لا وطئتك (أو إن شئت فوالله لا وطئتك لم يصر موليا حتى يوجد) شرطه لأنه معلق بشرط فقبله ليس بحلف فإن وجد شرطه صار موليا. (10/11)
(ومتى أولج زائدا على الحشفة في الصورة الأولى) ","لِأَنَّهُ يَقَعُ عَلَى الْقَلِيلِ وَالْكَثِيرِ. (10/10)
(وَإِنْ عَلَّقَهُ) أَيِ الْإِيلَاءَ (بِشَرْطٍ كَ) قَوْلِهِ (إِنْ وَطِئْتُكِ فَوَاللَّهِ لَا وَطِئْتُكِ، أَوْ إِنْ قُمْتُ) فَوَاللَّهِ لَا وَطِئْتُكِ (أَوْ إِنْ شِئْتُ فَوَاللَّهِ لَا وَطِئْتُكِ لَمْ يَصِرْ مُولِيًا حَتَّى يُوجَدَ) شَرْطُهُ لِأَنَّهُ مُعَلَّقٌ بِشَرْطٍ فَقَبْلَهُ لَيْسَ بِحَلِفٍ فَإِنْ وُجِدَ شَرْطُهُ صَارَ مُولِيًا. (10/11)
(وَمَتَى أَوْلَجَ زَائِدًا عَلَى الْحَشَفَةِ فِي الصُّورَةِ الْأُولَى) ","لِأَنَّهُ يَقَعُ عَلَى الْقَلِيلِ وَالْكَثِيرِ. (10/10)
(وَإِنْ عَلَّقَهُ) أَيِ الْإِيلَاءَ (بِشَرْطٍ كَ) قَوْلِهِ (إِنْ وَطِئْتُكِ فَوَاللَّهِ لَا وَطِئْتُكِ، أَوْ إِنْ قُمْتُ) فَوَاللَّهِ لَا وَطِئْتُكِ (أَوْ إِنْ شِئْتِ فَوَاللَّهِ لَا وَطِئْتُكِ لَمْ يَصِرْ مُولِيًا حَتَّى يُوجَدَ) شَرْطُهُ لِأَنَّهُ مُعَلَّقٌ بِشَرْطٍ فَقَبْلَهُ لَيْسَ بِحَلِفٍ فَإِنْ وُجِدَ شَرْطُهُ صَارَ مُولِيًا. (10/11)
(وَمَتَى أَوْلَجَ زَائِدًا عَلَى الْحَشَفَةِ فِي الصُّورَةِ الْأُولَى)"
"لما فرغ من بيان الاستيلاء الذي هو عبارة عن الاقتدار على المحل قهرا وغلبة شرع في بيان الاستئمان، لأن طلب الأمان إنما يكون حيث يكون فيه قهر وغلبة، وقدم استئمان المسلم تعظيما له وكلامه واضح (قوله والغدر حرام) دليله {قوله صلى الله عليه وسلم لأصحاب السرايا ولا تغدروا} .
وقوله (بخلاف الأسير) ","لَمَّا فَرَغَ مِنْ بَيَانِ الِاسْتِيلَاءِ الَّذِي هُوَ عِبَارَةٌ عَنِ الِاقْتِدَارِ عَلَى الْمَحَلِّ قَهْرًا وَغَلَبَةً شَرَعَ فِي بَيَانِ الِاسْتِئْمَانِ، لِأَنَّ طَلَبَ الْأَمَانِ إِنَّمَا يَكُونُ حَيْثُ يَكُونُ فِيهِ قَهْرٌ وَغَلَبَةٌ، وَقَدَّمَ اسْتِئْمَانَ الْمُسْلِمِ تَعْظِيمًا لَهُ وَكَلَامُهُ وَاضِحٌ (قَوْلُهُ وَالْغَدْرُ حَرَامٌ) دَلِيلُهُ {قَوْلُهُ صَلَّى اللَّهُ عَلَيْهِ وَسَلَّمَ لِأَصْحَابِ السَّرَايَا وَلَا تَغْدِرُوا} .
وَقَوْلُهُ (بِخِلَافِ الْأَسِيرِ) ","لَمَّا فَرَغَ مِنْ بَيَانِ الِاسْتِيلَاءِ الَّذِي هُوَ عِبَارَةٌ عَنِ الِاقْتِدَارِ عَلَى الْمَحَلِّ قَهْرًا وَغَلَبَةً شَرَعَ فِي بَيَانِ الِاسْتِئْمَانِ، لِأَنَّ طَلَبَ الْأَمَانِ إِنَّمَا يَكُونُ حَيْثُ يَكُونُ فِيهِ قَهْرٌ وَغَلَبَةٌ، وَقَدَّمَ اسْتِئْمَانَ الْمُسْلِمِ تَعْظِيمًا لَهُ وَكَلَامُهُ وَاضِحٌ (قَوْلُهُ وَالْغَدْرُ حَرَامٌ) دَلِيلُهُ {قَوْلُهُ صَلَّى اللَّهُ عَلَيْهِ وَسَلَّمَ لِأَصْحَابِ السَّرَايَا وَلَا تَغْدِرُوا} .
وَقَوْلُهُ (بِخِلَافِ الْأَسِيرِ)"
"لأنه إذا كانت هذه المسألة كمسألة الصلاة عاريا في لزوم الإعادة بالإجماع فوجهها ظاهر؛ لأن الثوب في رحله والرحل معد للثوب على أنه لا يناسبه ما بعده مع أن ذلك ليس في فتح القدير ونص ما فيه لكنه يشكل بمسألة الصلاة مع النجاسة، فإنه قد اعتبر الرحل فيها دليل ماء الاستعمال ا ه.
","لِأَنَّهُ إِذَا كَانَتْ هَذِهِ الْمَسْأَلَةُ كَمَسْأَلَةِ الصَّلَاةِ عَارِيًّا فِي لُزُومِ الْإِعَادَةِ بِالْإِجْمَاعِ فَوَجْهُهَا ظَاهِرٌ؛ لِأَنَّ الثَّوْبَ فِي رَحْلِهِ وَالرَّحْلُ مُعَدٌّ لِلثَّوْبِ عَلَى أَنَّهُ لَا يُنَاسِبُهُ مَا بَعْدَهُ مَعَ أَنَّ ذَلِكَ لَيْسَ فِي فَتْحِ الْقَدِيرِ وَنَصُّ مَا فِيهِ لَكِنَّهُ يُشْكِلُ بِمَسْأَلَةِ الصَّلَاةِ مَعَ النَّجَاسَةِ، فَإِنَّهُ قَدِ اعْتَبَرَ الرَّحْلَ فِيهَا دَلِيلَ مَاءِ الِاسْتِعْمَالِ ا ه.
",لِأَنَّهُ إِذَا كَانَتْ هَذِهِ الْمَسْأَلَةُ كَمَسْأَلَةِ الصَّلَاةِ عَارِيًّا فِي لُزُومِ الْإِعَادَةِ بِالْإِجْمَاعِ فَوَجْهُهَا ظَاهِرٌ؛ لِأَنَّ الثَّوْبَ فِي رَحْلِهِ وَالرَّحْلُ مُعَدٌّ لِلثَّوْبِ عَلَى أَنَّهُ لَا يُنَاسِبُهُ مَا بَعْدَهُ مَعَ أَنَّ ذَلِكَ لَيْسَ فِي فَتْحِ الْقَدِيرِ وَنَصُّ مَا فِيهِ لَكِنَّهُ يُشْكِلُ بِمَسْأَلَةِ الصَّلَاةِ مَعَ النَّجَاسَةِ، فَإِنَّهُ قَدِ اعْتَبَرَ الرَّحْلَ فِيهَا دَلِيلَ مَاءِ الِاسْتِعْمَالِ ا ه.
"لكني أصلي وأنام وأصوم وأفطر وآكل اللحم وأتزوج النساء فمن رغب عن سنتي فليس مني} .
وفي مسلم عن عبد الله بن مسعود أن النبي قال {هلك المتنطعون قالها ثلاثا} وهم المبالغون في الأمور، ","لَكِنِّي أُصَلِّي وَأَنَامُ وَأَصُومُ وَأُفْطِرُ وَآكُلُ اللَّحْمَ وَأَتَزَوَّجُ النِّسَاءَ فَمَنْ رَغِبَ عَنْ سُنَّتِي فَلَيْسَ مِنِّي} .
وَفِي مُسْلِمٍ عَنْ عَبْدِ اللَّهِ بْنِ مَسْعُودٍ أَنَّ النَّبِيَّ قَالَ {هَلَكَ الْمُتَنَطِّعُونَ قَالَهَا ثَلَاثًا} وَهُمُ الْمُبَالِغُونَ فِي الْأُمُورِ، ","لَكِنِّي أُصَلِّي وَأَنَامُ وَأَصُومُ وَأُفْطِرُ وَآكُلُ اللَّحْمَ وَأَتَزَوَّجُ النِّسَاءَ فَمَنْ رَغِبَ عَنْ سُنَّتِي فَلَيْسَ مِنِّي} .
وَفِي مُسْلِمٍ عَنْ عَبْدِ اللَّهِ بْنِ مَسْعُودٍ أَنَّ النَّبِيَّ قَالَ {هَلَكَ الْمُتَنَطِّعُونَ قَالَهَا ثَلَاثًا} وَهُمُ الْمُبَالِغُونَ فِي الْأُمُورِ،"
وبعض الفقهاء فصل في ذلك فقال: إن كان الدين الذي صير فيه الهبة ثابتا ببينة أو قرينة صدق فالحكم ما تقدم، وإن كان غير ثابت، فعهد التصيير هبة أخرى مستأنفة، فتفتقر للحوز وإلى ذلك أشار بقوله: وقيل: بل تصح إن مال شهر البيت، فقوله: لكنه أي الأب، وذاك أي الشيء الموهوب: ,وَبَعْضُ الْفُقَهَاءِ فَصَّلَ فِي ذَلِكَ فَقَالَ: إِنْ كَانَ الدَّيْنُ الَّذِي صَيَّرَ فِيهِ الْهِبَةَ ثَابِتًا بِبَيِّنَةٍ أَوْ قَرِينَةِ صِدْقٍ فَالْحُكْمُ مَا تَقَدَّمَ، وَإِنْ كَانَ غَيْرَ ثَابِتٍ، فَعَهْدُ التَّصْيِيرِ هِبَةٌ أُخْرَى مُسْتَأْنَفَةٌ، فَتَفْتَقِرُ لِلْحَوْزِ وَإِلَى ذَلِكَ أَشَارَ بِقَوْلِهِ: وَقِيلَ: بَلْ تَصِحُّ إِنْ مَالٌ شُهِرِ الْبَيْتَ، فَقَوْلُهُ: لَكِنَّهُ أَيِ الْأَبَ، وَذَاكَ أَيِ الشَّيْءُ الْمَوْهُوبُ: ,وَبَعْضُ الْفُقَهَاءِ فَصَّلَ فِي ذَلِكَ فَقَالَ: إِنْ كَانَ الدَّيْنُ الَّذِي صَيَّرَ فِيهِ الْهِبَةَ ثَابِتًا بِبَيِّنَةٍ أَوْ قَرِينَةٍ صُدِّقَ فَالْحُكْمُ مَا تَقَدَّمَ، وَإِنْ كَانَ غَيْرَ ثَابِتٍ، فَعَهْدُ التَّصْيِيرِ هِبَةٌ أُخْرَى مُسْتَأْنَفَةٌ، فَتَفْتَقِرُ لِلْحَوْزِ وَإِلَى ذَلِكَ أَشَارَ بِقَوْلِهِ: وَقِيلَ: بَلْ تَصِحُّ إِنْ مَالَ شَهْرُ الْبَيْتِ، فَقَوْلُهُ: لَكِنَّهُ أَيِ الْأَبَ، وَذَاكَ أَيِ الشَّيْءَ الْمَوْهُوبَ:
صالحتك على خمسة فشهد شاهدان أنه صالحها على عشرة فقضى بها ثم رجعا فإن كانت نفقة مثلها عشرة أو أكثر فلا ضمان عليهما؛ ,صَالَحْتُكِ عَلَى خَمْسَةٍ فَشَهِدَ شَاهِدَانِ أَنَّهُ صَالَحَهَا عَلَى عَشَرَةٍ فَقَضَى بِهَا ثُمَّ رَجَعَا فَإِنْ كَانَتْ نَفَقَةُ مِثْلِهَا عَشَرَةً أَوْ أَكْثَرَ فَلَا ضَمَانَ عَلَيْهِمَا؛ ,صَالَحْتُكِ عَلَى خَمْسَةٍ فَشَهِدَ شَاهِدَانِ أَنَّهُ صَالَحَهَا عَلَى عَشَرَةٍ فَقَضَى بِهَا ثُمَّ رَجَعَا فَإِنْ كَانَتْ نَفَقَةُ مِثْلِهَا عَشَرَةً أَوْ أَكْثَرَ فَلَا ضَمَانَ عَلَيْهِمَا؛
"قال وشكونا إلى رسول الله صلى الله عليه وسلم وهو متوسد بردة له في ظل الكعبة فقلنا يا رسول الله ألا تستنصر الله تعالى لنا فجلس محمرا وجهه فقال والله لقد كان من قبلكم يؤخذ فتجعل المناشير على رأسه فيفرق بفرقتين ما يصرفه ذلك عن دينه وليتمن الله تبارك وتعالى هذا الأمر حتى يسير الراكب ما بين صنعاء وحضرموت لا يخاف إلا الله تبارك وتعالى والذئب على غنمه حدثنا محمد بن يزيد حدثنا إسماعيل فذكر معناه إلا أنه قال لم تنقصهم الدنيا شيئا ويمشط بأمشاط الحديد ما دون عظمه من لحم وعصب لا يصرفه عن دينه شيء (34/549)
21071 - ","قَالَ وَشَكَوْنَا إِلَى رَسُولِ اللَّهِ صَلَّى اللَّهُ عَلَيْهِ وَسَلَّمَ وَهُوَ مُتَوَسِّدٌ بُرْدَةً لَهُ فِي ظِلِّ الْكَعْبَةِ فَقُلْنَا يَا رَسُولَ اللَّهِ أَلَا تَسْتَنْصِرُ اللَّهَ تَعَالَى لَنَا فَجَلَسَ مُحْمَرًّا وَجْهُهُ فَقَالَ وَاللَّهِ لَقَدْ كَانَ مَنْ قَبْلَكُمْ يُؤْخَذُ فَتُجْعَلُ الْمَنَاشِيرُ عَلَى رَأْسِهِ فَيُفَرَّقُ بِفِرْقَتَيْنِ مَا يَصْرِفُهُ ذَلِكَ عَنْ دِينِهِ وَلَيُتِمَّنَّ اللَّهُ تَبَارَكَ وَتَعَالَى هَذَا الْأَمْرَ حَتَّى يَسِيرَ الرَّاكِبُ مَا بَيْنَ صَنْعَاءَ وَحَضْرَمَوْتَ لَا يَخَافُ إِلَّا اللَّهَ تَبَارَكَ وَتَعَالَى وَالذِّئْبَ عَلَى غَنَمِهِ حَدَّثَنَا مُحَمَّدُ بْنُ يَزِيدَ حَدَّثَنَا إِسْمَاعِيلُ فَذَكَرَ مَعْنَاهُ إِلَّا أَنَّهُ قَالَ لَمْ تُنْقِصْهُمِ الدُّنْيَا شَيْئًا وَيُمْشَطُ بِأَمْشَاطِ الْحَدِيدِ مَا دُونَ عَظْمِهِ مِنْ لَحْمٍ وَعَصَبٍ لَا يَصْرِفُهُ عَنْ دِينِهِ شَيْءٌ (34/549)
21071 - ","قَالَ وَشَكَوْنَا إِلَى رَسُولِ اللَّهِ صَلَّى اللَّهُ عَلَيْهِ وَسَلَّمَ وَهُوَ مُتَوَسِّدٌ بُرْدَةً لَهُ فِي ظِلِّ الْكَعْبَةِ فَقُلْنَا يَا رَسُولَ اللَّهِ أَلَا تَسْتَنْصِرُ اللَّهَ تَعَالَى لَنَا فَجَلَسَ مُحْمَرًّا وَجْهُهُ فَقَالَ وَاللَّهِ لَقَدْ كَانَ مَنْ قَبْلَكُمْ يُؤْخَذُ فَتُجْعَلُ الْمَنَاشِيرُ عَلَى رَأْسِهِ فَيُفَرَّقُ بِفِرْقَتَيْنِ مَا يَصْرِفُهُ ذَلِكَ عَنْ دِينِهِ وَلْيُتَمِّنِ اللَّهُ تَبَارَكَ وَتَعَالَى هَذَا الْأَمْرَ حَتَّى يَسِيرَ الرَّاكِبُ مَا بَيْنَ صَنْعَاءَ وَحَضْرَمَوْتَ لَا يَخَافُ إِلَّا اللَّهَ تَبَارَكَ وَتَعَالَى وَالذِّئْبَ عَلَى غَنَمِهِ حَدَّثَنَا مُحَمَّدُ بْنُ يَزِيدَ حَدَّثَنَا إِسْمَاعِيلُ فَذَكَرَ مَعْنَاهُ إِلَّا أَنَّهُ قَالَ لَمْ تُنْقِصْهُمِ الدُّنْيَا شَيْئًا وَيُمَشَّطُ بِأَمْشَاطِ الْحَدِيدِ مَا دُونَ عَظْمِهِ مِنْ لَحْمٍ وَعَصَبٍ لَا يَصْرِفُهُ عَنْ دِينِهِ شَيْءٌ (34/549)
21071 -"
"والمستوعب.
واختار في التبصرة: أنها جائزة من جهة العامل، بل لازمة من جهة المالك.
مأخوذ من الإجارة.
فعلى المذهب: يبطلها ما يبطل الوكالة.
ولا تفتقر إلى ذكر مدة.
ويصح توقيتها.
ولكل واحد منهما فسخها.
فمتى انفسخت بعد ظهور الثمرة فهي بينهما.
وعليه تمام العمل.
وإن فسخ العامل قبل ظهورها: فلا شيء له.
","وَالْمُسْتَوْعِبِ.
وَاخْتَارَ فِي التَّبْصِرَةِ: أَنَّهَا جَائِزَةٌ مِنْ جِهَةِ الْعَامِلِ، بَلْ لَازِمَةٌ مِنْ جِهَةِ الْمَالِكِ.
مَأْخُوذٌ مِنَ الْإِجَارَةِ.
فَعَلَى الْمَذْهَبِ: يُبْطِلُهَا مَا يُبْطِلُ الْوَكَالَةَ.
وَلَا تَفْتَقِرُ إِلَى ذِكْرِ مُدَّةٍ.
وَيَصِحُّ تَوْقِيتُهَا.
وَلِكُلِّ وَاحِدٍ مِنْهُمَا فَسْخُهَا.
فَمَتَى انْفَسَخَتْ بَعْدَ ظُهُورِ الثَّمَرَةِ فَهِيَ بَيْنَهُمَا.
وَعَلَيْهِ تَمَامُ الْعَمَلِ.
وَإِنْ فَسَخَ الْعَامِلُ قَبْلَ ظُهُورِهَا: فَلَا شَيْءَ لَهُ.
","وَالْمُسْتَوْعِبِ.
وَاخْتَارَ فِي التَّبْصِرَةِ: أَنَّهَا جَائِزَةٌ مِنْ جِهَةِ الْعَامِلِ، بَلْ لَازِمَةٌ مِنْ جِهَةِ الْمَالِكِ.
مَأْخُوذٌ مِنَ الْإِجَارَةِ.
فَعَلَى الْمَذْهَبِ: يُبْطِلُهَا مَا يُبْطِلُ الْوَكَالَةَ.
وَلَا تَفْتَقِرُ إِلَى ذِكْرِ مُدَّةٍ.
وَيَصِحُّ تَوْقِيتُهَا.
وَلِكُلِّ وَاحِدٍ مِنْهُمَا فَسْخُهَا.
فَمَتَى انْفَسَخَتْ بَعْدَ ظُهُورِ الثَّمَرَةِ فَهِيَ بَيْنَهُمَا.
وَعَلَيْهِ تَمَامُ الْعَمَلِ.
وَإِنْ فَسَخَ الْعَامِلُ قَبْلَ ظُهُورِهَا: فَلَا شَيْءَ لَهُ."
"فإذا كان البائع هو المستحق لا تسمع دعواه لتناقضه بخلاف ما إذا كان المدعي غيره من المستحقين له لعدم التناقض منهم وأما إذا كان الوقف على الفقراء أو على المسجد فتقبل البينة ويثبت الوقف بلا فرق بين كون المدعي هو البائع أو غيره والله سبحانه أعلم [تنبيه] بقي ما لو اشترى دارا ثم ادعى (17/460)
","فَإِذَا كَانَ الْبَائِعُ هُوَ الْمُسْتَحِقَّ لَا تُسْمَعُ دَعْوَاهُ لِتَنَاقُضِهِ بِخِلَافِ مَا إِذَا كَانَ الْمُدَّعِي غَيْرُهُ مِنَ الْمُسْتَحِقِّينَ لَهُ لِعَدَمِ التَّنَاقُضِ مِنْهُمْ وَأَمَّا إِذَا كَانَ الْوَقْفُ عَلَى الْفُقَرَاءِ أَوْ عَلَى الْمَسْجِدِ فَتُقْبَلُ الْبَيِّنَةُ وَيَثْبُتُ الْوَقْفُ بِلَا فَرْقٍ بَيْنَ كَوْنِ الْمُدَّعِي هُوَ الْبَائِعُ أَوْ غَيْرُهُ وَاللَّهُ سُبْحَانَهُ أَعْلَمُ [تَنْبِيهٌ] بَقِيَ مَا لَوِ اشْتَرَى دَارًا ثُمَّ ادَّعَى (17/460)
",فَإِذَا كَانَ الْبَائِعُ هُوَ الْمُسْتَحِقَّ لَا تُسْمَعُ دَعْوَاهُ لِتَنَاقُضِهِ بِخِلَافِ مَا إِذَا كَانَ الْمُدَّعِي غَيْرَهُ مِنَ الْمُسْتَحِقِّينَ لَهُ لِعَدَمِ التَّنَاقُضِ مِنْهُمْ وَأَمَّا إِذَا كَانَ الْوَقْفُ عَلَى الْفُقَرَاءِ أَوْ عَلَى الْمَسْجِدِ فَتُقْبَلُ الْبَيِّنَةُ وَيَثْبُتُ الْوَقْفُ بِلَا فَرْقٍ بَيْنَ كَوْنِ الْمُدَّعِي هُوَ الْبَائِعَ أَوْ غَيْرَهُ وَاللَّهُ سُبْحَانَهُ أَعْلَمُ [تَنْبِيهٌ] بَقِيَ مَا لَوِ اشْتَرَى دَارًا ثُمَّ ادَّعَى (17/460)
"ومثله المزجد في عبابه وقد استشكل في المسألة الأخيرة بأنه خلاف القواعد المقررة فإنه لم يسبق لها دور هو عشرون في هذا التصوير فترجع إليه، وقد قرر في المجموع عقب ذلك أنها لو طهرت بعد خمس العادة عشرا ثم استحيضت ردت إلى عادتها بلا خلاف فكيف يقدح في عدد الأربعة عشر.
","وَمِثْلُهُ الْمُزَجَّدُ فِي عُبَابِهِ وَقَدِ اسْتُشْكِلَ فِي الْمَسْأَلَةِ الْأَخِيرَةِ بِأَنَّهُ خِلَافُ الْقَوَاعِدِ الْمُقَرَّرَةِ فَإِنَّهُ لَمْ يَسْبِقْ لَهَا دُورٌ هُوَ عِشْرُونَ فِي هَذَا التَّصْوِيرِ فَتَرْجِعُ إِلَيْهِ، وَقَدْ قَرَّرَ فِي الْمَجْمُوعِ عَقِبَ ذَلِكَ أَنَّهَا لَوْ طَهُرَتْ بَعْدَ خَمْسِ الْعَادَةِ عَشْرًا ثُمَّ اسْتُحِيضَتْ رُدَّتْ إِلَى عَادَتِهَا بِلَا خِلَافٍ فَكَيْفَ يُقْدَحُ فِي عَدَدِ الْأَرْبَعَةَ عَشَرَ.
",وَمِثْلُهُ الْمُزَجَّدُ فِي عُبَابِهِ وَقَدِ اسْتُشْكِلَ فِي الْمَسْأَلَةِ الْأَخِيرَةِ بِأَنَّهُ خِلَافُ الْقَوَاعِدِ الْمُقَرَّرَةِ فَإِنَّهُ لَمْ يَسْبِقْ لَهَا دَوْرٌ هُوَ عِشْرُونَ فِي هَذَا التَّصْوِيرِ فَتَرْجِعُ إِلَيْهِ، وَقَدْ قَرَّرَ فِي الْمَجْمُوعِ عَقِبَ ذَلِكَ أَنَّهَا لَوْ طَهُرَتْ بَعْدَ خَمْسٍ الْعَادَةُ عَشْرًا ثُمَّ اسْتُحِيضَتْ رُدَّتْ إِلَى عَادَتِهَا بِلَا خِلَافٍ فَكَيْفَ يَقْدَحُ فِي عَدَدِ الْأَرْبَعَةَ عَشَرَ.
فتأمل ساعة ثم قال لا إذ لا يجب فيها شيء فعد هذا من مناقب الإمام حيث أخذ بكل قول من أقاويله مجتهد ولم يضع منها شيء ومن المشايخ من رد ما نقل عن الإمام وقال إن مثل هذا من الصبيان محال فما ظنك بأبي حنيفة رحمه الله وقال: بعضهم لا معنى لرده؛ ,فَتَأَمَّلَ سَاعَةً ثُمَّ قَالَ لَا إِذْ لَا يَجِبُ فِيهَا شَيْءٌ فَعَدَّ هَذَا مِنْ مَنَاقِبِ الْإِمَامِ حَيْثُ أَخَذَ بِكُلِّ قَوْلٍ مِنْ أَقَاوِيلِهِ مُجْتَهِدٌ وَلَمْ يَضَعْ مِنْهَا شَيْءٌ وَمِنَ الْمَشَايِخِ مَنْ رَدَّ مَا نُقِلَ عَنِ الْإِمَامِ وَقَالَ إِنَّ مِثْلَ هَذَا مِنَ الصِّبْيَانِ مُحَالٌ فَمَا ظَنُّكَ بِأَبِي حَنِيفَةَ رَحِمَهُ اللَّهُ وَقَالَ: بَعْضُهُمْ لَا مَعْنَى لِرَدِّهِ؛ ,فَتَأَمَّلَ سَاعَةً ثُمَّ قَالَ لَا إِذْ لَا يَجِبُ فِيهَا شَيْءٌ فَعُدَّ هَذَا مِنْ مَنَاقِبِ الْإِمَامِ حَيْثُ أَخَذَ بِكُلِّ قَوْلٍ مِنْ أَقَاوِيلِهِ مُجْتَهِدٌ وَلَمْ يَضَعْ مِنْهَا شَيْءٌ وَمِنَ الْمَشَايِخِ مَنْ رَدَّ مَا نُقِلَ عَنِ الْإِمَامِ وَقَالَ إِنَّ مِثْلَ هَذَا مِنَ الصِّبْيَانِ مُحَالٌ فَمَا ظَنُّك بِأَبِي حَنِيفَةَ رَحِمَهُ اللَّهُ وَقَالَ: بَعْضُهُمْ لَا مَعْنَى لِرَدِّهِ؛
وقد يقال يمنع الحصر لجواز أن يكون للرق سبب آخر وأسباب أخر غير السبي بدليل استرقاق السارق في قصة يوسف المصرح بذلك في القرآن العزيز بقوله تعالى {قالوا جزاؤه من وجد في رحله فهو جزاؤه} والله أعلم، وفي شرح المشارق للأكمل قال مالك: إن من قبلنا إذا غنموا الحيوانات تكون ملكا للغانمين دون أنبيائهم، ,وَقَدْ يُقَالُ يُمْنَعُ الْحَصْرُ لِجَوَازِ أَنْ يَكُونَ لِلرِّقِّ سَبَبٌ آخَرُ وَأَسْبَابٌ أُخَرُ غَيْرَ السَّبْيِ بِدَلِيلِ اسْتِرْقَاقِ السَّارِقِ فِي قِصَّةِ يُوسُفَ الْمُصَرَّحُ بِذَلِكَ فِي الْقُرْآنِ الْعَزِيزِ بِقَوْلِهِ تَعَالَى {قَالُوا جَزَاؤُهُ مَنْ وُجِدَ فِي رَحْلِهِ فَهُوَ جَزَاؤُهُ} وَاللَّهُ أَعْلَمُ، وَفِي شَرْحِ الْمَشَارِقِ لِلْأَكْمَلِ قَالَ مَالِكٌ: إِنَّ مَنْ قَبْلَنَا إِذَا غَنِمُوا الْحَيَوَانَاتِ تَكُونُ مِلْكًا لِلْغَانِمِينَ دُونَ أَنْبِيَائِهِمْ، ,وَقَدْ يُقَالُ يُمْنَعُ الْحَصْرُ لِجَوَازِ أَنْ يَكُونَ لِلرِّقِّ سَبَبٌ آخَرُ وَأَسْبَابٌ أُخَرُ غَيْرُ السَّبْيِ بِدَلِيلِ اسْتِرْقَاقِ السَّارِقِ فِي قِصَّةِ يُوسُفَ الْمُصَرِّحِ بِذَلِكَ فِي الْقُرْآنِ الْعَزِيزِ بِقَوْلِهِ تَعَالَى {قَالُوا جَزَاؤُهُ مَنْ وُجِدَ فِي رَحْلِهِ فَهُوَ جَزَاؤُهُ} وَاللَّهُ أَعْلَمُ، وَفِي شَرْحِ الْمَشَارِقِ لِلْأَكْمَلِ قَالَ مَالِكٌ: إِنَّ مَنْ قَبْلَنَا إِذَا غَنِمُوا الْحَيَوَانَاتِ تَكُونُ مِلْكًا لِلْغَانِمِينَ دُونَ أَنْبِيَائِهِمْ،
وجاوزت) معطوف على ما قبله تفسير (قوله: لاضطراره لشدها) أي بلا طهارة ولو تأخر لتحصيلها لحصل ضرر قال بعض الشراح وظاهره ولو لم يكن في حلها مشقة لكن بشرط أن يحصل له بفكها الضرر (قوله: كيد) أي بالنظر للغالب فلو خلق لشخص وجه ورأس ويد واحدة وكانت هي الصحيحة لكان حكمه التيمم قاله الشيخ أحمد، ,وَجَاوَزَتْ) مَعْطُوفٌ عَلَى مَا قَبْلَهُ تَفْسِيرٌ (قَوْلُهُ: لِاضْطِرَارِهِ لِشَدِّهَا) أَيْ بِلَا طَهَارَةٍ وَلَوْ تَأَخَّرَ لِتَحْصِيلِهَا لَحَصَلَ ضَرَرٌ قَالَ بَعْضُ الشُّرَّاحِ وَظَاهِرُهُ وَلَوْ لَمْ يَكُنْ فِي حَلِّهَا مَشَقَّةٌ لَكِنْ بِشَرْطِ أَنْ يَحْصُلَ لَهُ بِفَكِّهَا الضَّرَرُ (قَوْلُهُ: كَيَدٍ) أَيْ بِالنَّظَرِ لِلْغَالِبِ فَلَوْ خُلِقَ لِشَخْصٍ وَجْهٌ وَرَأْسٌ وَيَدٌ وَاحِدَةٌ وَكَانَتْ هِيَ الصَّحِيحَةَ لَكَانَ حُكْمُهُ التَّيَمُّمَ قَالَهُ الشَّيْخُ أَحْمَدُ، ,وَجَاوَزَتْ) مَعْطُوفٌ عَلَى مَا قَبْلَهُ تَفْسِيرٌ (قَوْلُهُ: لِاضْطِرَارِهِ لِشَدِّهَا) أَيْ بِلَا طَهَارَةٍ وَلَوْ تَأَخَّرَ لِتَحْصِيلِهَا لَحَصَلَ ضَرَرٌ قَالَ بَعْضُ الشُّرَّاحِ وَظَاهِرُهُ وَلَوْ لَمْ يَكُنْ فِي حِلِّهَا مَشَقَّةٌ لَكِنْ بِشَرْطِ أَنْ يَحْصُلَ لَهُ بِفَكِّهَا الضَّرَرُ (قَوْلُهُ: كَيَدٍ) أَيْ بِالنَّظَرِ لِلْغَالِبِ فَلَوْ خُلِقَ لِشَخْصٍ وَجْهٌ وَرَأْسٌ وَيَدٌ وَاحِدَةٌ وَكَانَتْ هِيَ الصَّحِيحَةُ لَكَانَ حُكْمُهُ التَّيَمُّمَ قَالَهُ الشَّيْخُ أَحْمَدُ،
"أحدهما) أصل التوحيد، و (الثاني) أصل المذهب.
وقال الأستاذ أبو إسحاق في شرح الترتيب : اختلف الناس فيما اختلف فيه العلماء أنه ما الذي أوجب على قوم اختيار مذهب من المذاهب دون غيره؟ فذهب أصحاب داود ومالك وأحمد وأكثر أصحاب أبي حنيفة إلى أنا إنما رجعنا إلى مذاهبهم والأخذ بأقاويلهم والعمل بفتاواهم تقليدا له، ","أَحَدُهُمَا) أَصْلُ التَّوْحِيدِ، وَ (الثَّانِي) أَصْلُ الْمَذْهَبِ.
وَقَالَ الْأُسْتَاذُ أَبُو إِسْحَاقَ فِي شَرْحِ التَّرْتِيبِ : اخْتَلَفَ النَّاسُ فِيمَا اخْتَلَفَ فِيهِ الْعُلَمَاءُ أَنَّهُ مَا الَّذِي أَوْجَبَ عَلَى قَوْمٍ اخْتِيَارَ مَذْهَبٍ مِنَ الْمَذَاهِبِ دُونَ غَيْرِهِ؟ فَذَهَبَ أَصْحَابُ دَاوُد وَمَالِكٍ وَأَحْمَدَ وَأَكْثَرُ أَصْحَابِ أَبِي حَنِيفَةَ إِلَى أَنَّا إِنَّمَا رَجَعْنَا إِلَى مَذَاهِبِهِمْ وَالْأَخْذِ بِأَقَاوِيلِهِمْ وَالْعَمَلِ بِفَتَاوَاهُمْ تَقْلِيدًا لَهُ، ","أَحَدُهُمَا) أَصْلُ التَّوْحِيدِ، وَ (الثَّانِي) أَصْلُ الْمَذْهَبِ.
وَقَالَ الْأُسْتَاذُ أَبُو إِسْحَاقَ فِي شَرْحِ التَّرْتِيبِ : اخْتَلَفَ النَّاسُ فِيمَا اخْتَلَفَ فِيهِ الْعُلَمَاءُ أَنَّهُ مَا الَّذِي أَوْجَبَ عَلَى قَوْمٍ اخْتِيَارَ مَذْهَبٍ مِنَ الْمَذَاهِبِ دُونَ غَيْرِهِ؟ فَذَهَبَ أَصْحَابُ دَاوُد وَمَالِكٍ وَأَحْمَدَ وَأَكْثَرُ أَصْحَابِ أَبِي حَنِيفَةَ إِلَى أَنَّا إِنَّمَا رَجَعْنَا إِلَى مَذَاهِبِهِمْ وَالْأَخْذُ بِأَقَاوِيلِهِمْ وَالْعَمَلُ بِفَتَاوَاهُمْ تَقْلِيدًا لَهُ،"
"و {كلما أرادوا أن يخرجوا منها أعيدوا فيها} فكررت النضج وإرادة الخروج وذلك أفعال قوله (فإن تزوجها بعد ذلك وتكرر الشرط لم يقع شيء) أي فإن تزوجها بعد زوج آخر وتكرر الشرط لم يقع شيء عندنا.
","وَ {كُلَّمَا أَرَادُوا أَنْ يَخْرُجُوا مِنْهَا أُعِيدُوا فِيهَا} فَكَرَّرَتِ النُّضْجَ وَإِرَادَةَ الْخُرُوجِ وَذَلِكَ أَفْعَالٌ قَوْلُهُ (فَإِنْ تَزَوَّجَهَا بَعْدَ ذَلِكَ وَتَكَرَّرَ الشَّرْطُ لَمْ يَقَعْ شَيْءٌ) أَيْ فَإِنْ تَزَوَّجَهَا بَعْدَ زَوْجٍ آخَرَ وَتَكَرَّرَ الشَّرْطُ لَمْ يَقَعْ شَيْءٌ عِنْدَنَا.
",وَ {كُلَّمَا أَرَادُوا أَنْ يَخْرُجُوا مِنْهَا أُعِيدُوا فِيهَا} فَكَرَّرَتِ النُّضْجَ وَإِرَادَةَ الْخُرُوجِ وَذَلِكَ أَفْعَالُ قَوْلِهِ (فَإِنْ تَزَوَّجَهَا بَعْدَ ذَلِكَ وَتَكَرَّرَ الشَّرْطُ لَمْ يَقَعْ شَيْءٌ) أَيْ فَإِنْ تَزَوَّجَهَا بَعْدَ زَوْجٍ آخَرَ وَتَكَرَّرَ الشَّرْطُ لَمْ يَقَعْ شَيْءٌ عِنْدَنَا.
"حدثنا عفان حدثنا محمد بن الحارث الحارثي حدثني محمد بن عبد الرحمن البيلماني عن أبيه عن عبد الله بن عمر قال قال رسول الله صلى الله عليه وسلم إذا لقيت الحاج فسلم عليه وصافحه ومره أن يستغفر لك قبل أن يدخل بيته فإنه مغفور له (10/269)
6113 - ","حَدَّثَنَا عَفَّانُ حَدَّثَنَا مُحَمَّدُ بْنُ الْحَارِثِ الْحَارِثِيُّ حَدَّثَنِي مُحَمَّدُ بْنُ عَبْدِ الرَّحْمَنِ الْبَيْلَمَانِيُّ عَنْ أَبِيهِ عَنْ عَبْدِ اللَّهِ بْنِ عُمَرَ قَالَ قَالَ رَسُولُ اللَّهِ صَلَّى اللَّهُ عَلَيْهِ وَسَلَّمَ إِذَا لَقِيتَ الْحَاجَّ فَسَلِّمْ عَلَيْهِ وَصَافِحْهُ وَمُرْهُ أَنْ يَسْتَغْفِرَ لَكَ قَبْلَ أَنْ يَدْخُلَ بَيْتَهُ فَإِنَّهُ مَغْفُورٌ لَهُ (10/269)
6113 - ","حَدَّثَنَا عَفَّانُ حَدَّثَنَا مُحَمَّدُ بْنُ الْحَارِثِ الْحَارِثِيُّ حَدَّثَنِي مُحَمَّدُ بْنُ عَبْدِ الرَّحْمَنِ الْبَيْلَمَانِيُّ عَنْ أَبِيهِ عَنْ عَبْدِ اللَّهِ بْنِ عُمَرَ قَالَ قَالَ رَسُولُ اللَّهِ صَلَّى اللَّهُ عَلَيْهِ وَسَلَّمَ إِذَا لَقِيتَ الْحَاجَّ فَسَلِّمْ عَلَيْهِ وَصَافِحْهُ وَمُرْهُ أَنْ يَسْتَغْفِرَ لَكَ قَبْلَ أَنْ يَدْخُلَ بَيْتَهُ فَإِنَّهُ مَغْفُورٌ لَهُ (10/269)
6113 -"
"لم يرض أحدهما بقول الآخر وإن كان التنازع فيهما بعد البناء صدق الزوج بيمين.
(قوله أو لا) أي أو لم يشبه واحد منهما (8/394)
فقوله (والرجوع للأشبه) كالبيع (وانفساخ النكاح بتمام التحالف) كالبيع (غيره) أي غير ما ذكر من الرجوع والانفساخ (كالبيع) ","لَمْ يَرْضَ أَحَدُهُمَا بِقَوْلِ الْآخَرِ وَإِنْ كَانَ التَّنَازُعُ فِيهِمَا بَعْدَ الْبِنَاءِ صُدِّقَ الزَّوْجُ بِيَمِينٍ.
(قَوْلُهُ أَوْ لَا) أَيْ أَوْ لَمْ يُشْبِهْ وَاحِدٌ مِنْهُمَا (8/394)
فَقَوْلُهُ (وَالرُّجُوعُ لِلْأَشْبَهِ) كَالْبَيْعِ (وَانْفِسَاخُ النِّكَاحِ بِتَمَامِ التَّحَالُفِ) كَالْبَيْعِ (غَيْرُهُ) أَيْ غَيْرُ مَا ذُكِرَ مِنَ الرُّجُوعِ وَالِانْفِسَاخِ (كَالْبَيْعِ) ","لَمْ يَرْضَ أَحَدُهُمَا بِقَوْلِ الْآخَرِ وَإِنْ كَانَ التَّنَازُعُ فِيهِمَا بَعْدَ الْبِنَاءِ صُدِّقَ الزَّوْجُ بِيَمِينٍ.
(قَوْلُهُ أَوْ لَا) أَيْ أَوْ لَمْ يُشْبِهْ وَاحِدٌ مِنْهُمَا (8/394)
فَقَوْلُهُ (وَالرُّجُوعُ لِلْأَشْبَهِ) كَالْبَيْعِ (وَانْفِسَاخُ النِّكَاحِ بِتَمَامِ التَّحَالُفِ) كَالْبَيْعِ (غَيْرُهُ) أَيْ غَيْرُ مَا ذُكِرَ مِنَ الرُّجُوعِ وَالِانْفِسَاخِ (كَالْبَيْعِ)"
"والوطء فيه (فإن اختلفا بالعكس) فقال طلقتك بعد الوضع فلي الرجعة فقالت بل قبله، وقد انقضت عدتي فلا رجعة لك (فله الرجعة) ؛ لأنه المصدق في بقاء العدة (ولا نفقة لها) لزعمها وفي هذه تفصيل مر في آخر الباب الأول من أبواب العدة.
الشرح
(18/116)
(قوله: من نفقة وكسوة وغيرهما) ","وَالْوَطْءِ فِيهِ (فَإِنِ اخْتَلَفَا بِالْعَكْسِ) فَقَالَ طَلَّقْتُكِ بَعْدَ الْوَضْعِ فَلِي الرَّجْعَةُ فَقَالَتْ بَلْ قَبْلَهُ، وَقَدِ انْقَضَتْ عِدَّتِي فَلَا رَجْعَةَ لَكَ (فَلَهُ الرَّجْعَةُ) ؛ لِأَنَّهُ الْمُصَدَّقُ فِي بَقَاءِ الْعِدَّةِ (وَلَا نَفَقَةَ لَهَا) لِزَعْمِهَا وَفِي هَذِهِ تَفْصِيلٌ مَرَّ فِي آخِرِ الْبَابِ الْأَوَّلِ مِنْ أَبْوَابِ الْعِدَّةِ.
الشَّرْحُ
(18/116)
(قَوْلُهُ: مِنْ نَفَقَةٍ وَكِسْوَةٍ وَغَيْرِهِمَا) ","وَالْوَطْءُ فِيهِ (فَإِنِ اخْتَلَفَا بِالْعَكْسِ) فَقَالَ طَلَّقْتُكِ بَعْدَ الْوَضْعِ فَلِي الرَّجْعَةُ فَقَالَتْ بَلْ قَبْلَهُ، وَقَدِ انْقَضَتْ عِدَّتِي فَلَا رَجْعَةَ لَكَ (فَلَهُ الرَّجْعَةُ) ؛ لِأَنَّهُ الْمُصَدِّقُ فِي بَقَاءِ الْعِدَّةِ (وَلَا نَفَقَةَ لَهَا) لِزَعْمِهَا وَفِي هَذِهِ تَفْصِيلٌ مَرَّ فِي آخِرِ الْبَابِ الْأَوَّلِ مِنْ أَبْوَابِ الْعِدَّةِ.
الشَّرْحُ
(18/116)
(قَوْلُهُ: مِنْ نَفَقَةٍ وَكِسْوَةٍ وَغَيْرِهِمَا)"
"وإن كان في الأرض كراث فبيعت مطلقا فما كان على الأرض لا يدخل في البيع المطلق وما كان مغيبا منه في الأرض فالصحيح أنه يدخل لأنه يبقى سنين فيكون بمنزلة الشجر هكذا في فتاوى قاضي خان وأما القت وفارسيته اسيست والرطبة فما كان على وجه الأرض لا يدخل في البيع من غير ذكر كالزرع والثمر وأما أصول هذه الأشياء وهي ما كان مغيبا في الأرض فمنهم من قال لا يدخل لأن لنهاية الأصول مدة معلومة فيما بين الناس فيكون كالزرع ومنهم من قال يدخل لأن نهاية هذه الأشياء تتفاوت تفاوتا فاحشا بتفاوت الأراضي فيكون كالأشجار وصار الأصل أن ما كان لقطعه مدة معلومة ونهاية معلومة فهو بمنزلة الثمر فلا يدخل في البيع من غير ذكر وما ليس لقطعه مدة معلومة فهو بمنزلة الشجر فيدخل تحت بيع الأرض من غير ذكر والزعفران لا يدخل من غير ذكر وكذلك أصله كذا في المحيط ولا يدخل فيه ما ليس للبقاء وإن كان متصلا به كالقصب والحطب والحشيش كذا في محيط السرخسي (20/45)
","وَإِنْ كَانَ فِي الْأَرْضِ كُرَّاثٌ فَبِيعَتْ مُطْلَقًا فَمَا كَانَ عَلَى الْأَرْضِ لَا يَدْخُلُ فِي الْبَيْعِ الْمُطْلَقِ وَمَا كَانَ مَغِيبًا مِنْهُ فِي الْأَرْضِ فَالصَّحِيحُ أَنَّهُ يَدْخُلُ لِأَنَّهُ يَبْقَى سِنِينَ فَيَكُونُ بِمَنْزِلَةِ الشَّجَرِ هَكَذَا فِي فَتَاوَى قَاضِي خَانْ وَأَمَّا الْقَتُّ وَفَارِسِيَّتُهُ اسيست وَالرَّطْبَةُ فَمَا كَانَ عَلَى وَجْهِ الْأَرْضِ لَا يَدْخُلُ فِي الْبَيْعِ مِنْ غَيْرِ ذِكْرٍ كَالزَّرْعِ وَالثَّمَرِ وَأَمَّا أُصُولُ هَذِهِ الْأَشْيَاءِ وَهِيَ مَا كَانَ مَغِيبًا فِي الْأَرْضِ فَمِنْهُمْ مَنْ قَالَ لَا يَدْخُلُ لِأَنَّ لِنِهَايَةِ الْأُصُولِ مُدَّةً مَعْلُومَةً فِيمَا بَيْنَ النَّاسِ فَيَكُونُ كَالزَّرْعِ وَمِنْهُمْ مَنْ قَالَ يَدْخُلُ لِأَنَّ نِهَايَةَ هَذِهِ الْأَشْيَاءِ تَتَفَاوَتُ تَفَاوُتًا فَاحِشًا بِتَفَاوُتِ الْأَرَاضِي فَيَكُونُ كَالْأَشْجَارِ وَصَارَ الْأَصْلُ أَنَّ مَا كَانَ لِقَطْعِهِ مُدَّةٌ مَعْلُومَةٌ وَنِهَايَةٌ مَعْلُومَةٌ فَهُوَ بِمَنْزِلَةِ الثَّمَرِ فَلَا يَدْخُلُ فِي الْبَيْعِ مِنْ غَيْرِ ذِكْرٍ وَمَا لَيْسَ لِقَطْعِهِ مُدَّةٌ مَعْلُومَةٌ فَهُوَ بِمَنْزِلَةِ الشَّجَرِ فَيَدْخُلُ تَحْتَ بَيْعِ الْأَرْضِ مِنْ غَيْرِ ذِكْرٍ وَالزَّعْفَرَانُ لَا يَدْخُلُ مِنْ غَيْرِ ذِكْرٍ وَكَذَلِكَ أَصْلُهُ كَذَا فِي الْمُحِيطِ وَلَا يَدْخُلُ فِيهِ مَا لَيْسَ لِلْبَقَاءِ وَإِنْ كَانَ مُتَّصِلًا بِهِ كَالْقَصَبِ وَالْحَطَبِ وَالْحَشِيشِ كَذَا فِي مُحِيطِ السَّرَخْسِيِّ (20/45)
",وَإِنْ كَانَ فِي الْأَرْضِ كُرَّاثٌ فَبِيعَتْ مُطْلَقًا فَمَا كَانَ عَلَى الْأَرْضِ لَا يَدْخُلُ فِي الْبَيْعِ الْمُطْلَقِ وَمَا كَانَ مَغِيبًا مِنْهُ فِي الْأَرْضِ فَالصَّحِيحُ أَنَّهُ يَدْخُلُ لِأَنَّهُ يَبْقَى سِنِينَ فَيَكُونُ بِمَنْزِلَةِ الشَّجَرِ هَكَذَا فِي فَتَاوَى قَاضِي خَانْ وَأَمَّا الْقَتُّ وَفَارِسِيَّتُهُ اسِيسَتْ وَالرَّطْبَةُ فَمَا كَانَ عَلَى وَجْهِ الْأَرْضِ لَا يَدْخُلُ فِي الْبَيْعِ مِنْ غَيْرِ ذِكْرٍ كَالزَّرْعِ وَالثَّمَرِ وَأَمَّا أُصُولُ هَذِهِ الْأَشْيَاءِ وَهِيَ مَا كَانَ مَغِيبًا فِي الْأَرْضِ فَمِنْهُمْ مَنْ قَالَ لَا يَدْخُلُ لِأَنَّ لِنِهَايَةِ الْأُصُولِ مُدَّةً مَعْلُومَةً فِيمَا بَيْنَ النَّاسِ فَيَكُونُ كَالزَّرْعِ وَمِنْهُمْ مَنْ قَالَ يَدْخُلُ لِأَنَّ نِهَايَةَ هَذِهِ الْأَشْيَاءِ تَتَفَاوَتُ تَفَاوُتًا فَاحِشًا بِتَفَاوُتِ الْأَرَاضِي فَيَكُونُ كَالْأَشْجَارِ وَصَارَ الْأَصْلُ أَنَّ مَا كَانَ لِقَطْعِهِ مُدَّةً مَعْلُومَةً وَنِهَايَةً مَعْلُومَةً فَهُوَ بِمَنْزِلَةِ الثَّمَرِ فَلَا يَدْخُلُ فِي
"ثم قال: ومن بابه مقابل الأول لا فوقه ولا تحته كمن هو أقرب إلى رأس السكة.
قال: ","ثُمَّ قَالَ: وَمِنْ بَابِهِ مُقَابِلُ الْأَوَّلِ لَا فَوْقَهُ وَلَا تَحْتَهُ كَمَنْ هُوَ أَقْرَبُ إِلَى رَأْسِ السِّكَّةِ.
قَالَ: ","ثُمَّ قَالَ: وَمِنْ بَابِهِ مُقَابِلُ الْأَوَّلِ لَا فَوْقَهُ وَلَا تَحْتَهُ كَمَنْ هُوَ أَقْرَبُ إِلَى رَأْسِ السِّكَّةِ.
قَالَ:"
ولبس ثوب كله من غزلها نحو أن يحلف لا يدخل دارا فيدخل بعض جسده، أو لا يبيع عبده ولا يهبه فيبيع نصفه ويهب نصفه، أو لا يشرب ماء هذا الإناء لا ماء النهر فيشرب بعضه، أو لا يلبس ثوبا من غزله فليس ثوبا فيه منه، فإن لم يقل ثوبا، ,وَلُبْسُ ثَوْبٍ كُلُّهُ مِنْ غَزْلِهَا نَحْوُ أَنْ يَحْلِفَ لَا يَدْخُلُ دَارًا فَيُدْخِلُ بَعْضَ جَسَدِهِ، أَوْ لَا يَبِيعُ عَبْدَهُ وَلَا يَهَبُهُ فَيَبِيعُ نِصْفَهُ وَيَهَبُ نِصْفَهُ، أَوْ لَا يَشْرَبُ مَاءَ هَذَا الْإِنَاءِ لَا مَاءَ النَّهْرِ فَيَشْرَبُ بَعْضَهُ، أَوْ لَا يَلْبَسُ ثَوْبًا مِنْ غَزْلِهِ فَلَيْسَ ثَوْبًا فِيهِ مِنْهُ، فَإِنْ لَمْ يَقُلْ ثَوْبًا، ,وَلُبْسِ ثَوْبٍ كُلِّهِ مِنْ غَزْلِهَا نَحْوُ أَنْ يَحْلِفَ لَا يَدْخُلُ دَارًا فَيَدْخُلُ بَعْضُ جَسَدِهِ، أَوْ لَا يَبِيعُ عَبْدَهُ وَلَا يَهَبُهُ فَيَبِيعُ نِصْفَهُ وَيَهَبُ نِصْفَهُ، أَوْ لَا يَشْرَبُ مَاءَ هَذَا الْإِنَاءِ لَا مَاءَ النَّهْرِ فَيَشْرَبُ بَعْضَهُ، أَوْ لَا يَلْبَسُ ثَوْبًا مِنْ غَزْلِهِ فَلَيْسَ ثَوْبًا فِيهِ مِنْهُ، فَإِنْ لَمْ يَقُلْ ثَوْبًا،
"وشهادة الآخرة بنيل الثواب الموعود للشهيد أفاده في البحر ط والمراد بشهيد الآخرة من قتل مظلوما أو قاتل لإعلاء كلمة الله - تعالى - حتى قتل فلو قاتل لغرض دنيوي فهو شهيد دنيا فقط تجري عليه أحكام الشهيد في الدنيا، وعليه فالشهداء ثلاثة.
(قوله ونحوه) أي كالمجنون والصبي والمقتول ظلما إذا وجب بقتله مال (قوله: ","وَشَهَادَةُ الْآخِرَةِ بِنَيْلِ الثَّوَابِ الْمَوْعُودِ لِلشَّهِيدِ أَفَادَهُ فِي الْبَحْرِ ط وَالْمُرَادُ بِشَهِيدِ الْآخِرَةِ مَنْ قُتِلَ مَظْلُومًا أَوْ قَاتَلَ لِإِعْلَاءِ كَلِمَةِ اللَّهِ - تَعَالَى - حَتَّى قُتِلَ فَلَوْ قَاتَلَ لِغَرَضٍ دُنْيَوِيٍّ فَهُوَ شَهِيدُ دُنْيَا فَقَطْ تَجْرِي عَلَيْهِ أَحْكَامُ الشَّهِيدِ فِي الدُّنْيَا، وَعَلَيْهِ فَالشُّهَدَاءُ ثَلَاثَةٌ.
(قَوْلُهُ وَنَحْوُهُ) أَيْ كَالْمَجْنُونِ وَالصَّبِيِّ وَالْمَقْتُولِ ظُلْمًا إِذَا وَجَبَ بِقَتْلِهِ مَالٌ (قَوْلُهُ: ","وَشَهَادَةُ الْآخِرَةِ بِنَيْلِ الثَّوَابِ الْمَوْعُودِ لِلشَّهِيدِ أَفَادَهُ فِي الْبَحْرِ ط وَالْمُرَادُ بِشَهِيدِ الْآخِرَةِ مَنْ قُتِلَ مَظْلُومًا أَوْ قَاتَلَ لِإِعْلَاءِ كَلِمَةِ اللَّهِ - تَعَالَى - حَتَّى قُتِلَ فَلَوْ قَاتَلَ لِغَرَضٍ دُنْيَوِيٍّ فَهُوَ شَهِيدُ دُنْيَا فَقَطْ تَجْرِي عَلَيْهِ أَحْكَامُ الشَّهِيدِ فِي الدُّنْيَا، وَعَلَيْهِ فَالشُّهَدَاءُ ثَلَاثَةٌ.
(قَوْلُهُ وَنَحْوُهُ) أَيْ كَالْمَجْنُونِ وَالصَّبِيِّ وَالْمَقْتُولِ ظُلْمًا إِذَا وَجَبَ بِقَتْلِهِ مَالٌ (قَوْلُهُ:"
لا يجوز التأجيل قال الشيخ الإمام شمس الأئمة الحلواني رحمه الله تعالى: هذه المسألة لا تعرف إلا من جهة الخصاف - رحمه الله تعالى -؛ ,لَا يَجُوزُ التَّأْجِيلُ قَالَ الشَّيْخُ الْإِمَامُ شَمْسُ الْأَئِمَّةِ الْحَلْوَانِيُّ رَحِمَهُ اللَّهُ تَعَالَى: هَذِهِ الْمَسْأَلَةُ لَا تُعْرَفُ إِلَّا مِنْ جِهَةِ الْخَصَّافِ - رَحِمَهُ اللَّهُ تَعَالَى -؛ ,لَا يَجُوزُ التَّأْجِيلُ قَالَ الشَّيْخُ الْإِمَامُ شَمْسُ الْأَئِمَّةِ الْحَلْوَانِيُّ رَحِمَهُ اللَّهُ تَعَالَى: هَذِهِ الْمَسْأَلَةُ لَا تُعْرَفُ إِلَّا مِنْ جِهَةِ الْخَصَّافِ - رَحِمَهُ اللَّهُ تَعَالَى -؛
"ويحتمل أن لا يكره في حق من عرفت عادته بالأذان في الليل لأن بلالا كان يفعل ذلك وقال النبي صلى الله عليه وسلم {لا يمنعنكم من سحوركم أذان بلال فإنه يؤذن بالليل لينبه نائمكم ويرجع قائمكم} .
قال ابن قدامة: ","وَيُحْتَمَلُ أَنْ لَا يُكْرَهَ فِي حَقِّ مَنْ عُرِفَتْ عَادَتُهُ بِالْأَذَانِ فِي اللَّيْلِ لِأَنَّ بِلَالًا كَانَ يَفْعَلُ ذَلِكَ وَقَالَ النَّبِيُّ صَلَّى اللَّهُ عَلَيْهِ وَسَلَّمَ {لَا يَمْنَعَنَّكُمْ مِنْ سَحُورِكُمْ أَذَانُ بِلَالٍ فَإِنَّهُ يُؤَذِّنُ بِاللَّيْلِ لِيُنَبِّهَ نَائِمَكُمْ وَيُرْجِعَ قَائِمَكُمْ} .
قَالَ ابْنُ قُدَامَةَ: ","وَيُحْتَمَلُ أَنْ لَا يُكْرَهَ فِي حَقِّ مَنْ عُرِفَتْ عَادَتُهُ بِالْأَذَانِ فِي اللَّيْلِ لِأَنَّ بِلَالًا كَانَ يَفْعَلُ ذَلِكَ وَقَالَ النَّبِيُّ صَلَّى اللَّهُ عَلَيْهِ وَسَلَّمَ {لَا يَمْنَعَنَّكُمْ مِنْ سُحُورِكُمْ أَذَانُ بِلَالٍ فَإِنَّهُ يُؤَذِّنُ بِاللَّيْلِ لِيُنَبِّهَ نَائِمَكُمْ وَيُرَجِّعَ قَائِمَكُمْ} .
قَالَ ابْنُ قُدَامَةَ:"
لأن المغلوب كالمعدوم هذا إذا كان غير المطبوخ وأما في المطبوخ فغير محرم بالإجماع، وكذا إن لم يكن غالبا (ويعتبر الغالب لو خلط اللبن بماء أو دواء، أو لبن شاة) ؛ لأن المغلوب لا يظهر حكمه في مقابلة الغالب والحكم فيه الحرمة عند تساويهما احتياطا كما في الغاية وفيه خلاف الشافعي فيما اختلط بالماء (وكذا (3/195) ) ,لِأَنَّ الْمَغْلُوبَ كَالْمَعْدُومِ هَذَا إِذَا كَانَ غَيْرَ الْمَطْبُوخِ وَأَمَّا فِي الْمَطْبُوخِ فَغَيْرُ مُحَرِّمٍ بِالْإِجْمَاعِ، وَكَذَا إِنْ لَمْ يَكُنْ غَالِبًا (وَيُعْتَبَرُ الْغَالِبُ لَوْ خُلِطَ اللَّبَنُ بِمَاءٍ أَوْ دَوَاءٍ، أَوْ لَبَنِ شَاةٍ) ؛ لِأَنَّ الْمَغْلُوبَ لَا يَظْهَرُ حُكْمُهُ فِي مُقَابَلَةِ الْغَالِبِ وَالْحُكْمُ فِيهِ الْحُرْمَةُ عِنْدَ تَسَاوِيهِمَا احْتِيَاطًا كَمَا فِي الْغَايَةِ وَفِيهِ خِلَافُ الشَّافِعِيِّ فِيمَا اخْتَلَطَ بِالْمَاءِ (وَكَذَا (3/195) ) ,لِأَنَّ الْمَغْلُوبَ كَالْمَعْدُومِ هَذَا إِذَا كَانَ غَيْرَ الْمَطْبُوخِ وَأَمَّا فِي الْمَطْبُوخِ فَغَيْرُ مُحَرَّمٍ بِالْإِجْمَاعِ، وَكَذَا إِنْ لَمْ يَكُنْ غَالِبًا (وَيُعْتَبَرُ الْغَالِبُ لَوْ خُلِطَ اللَّبَنُ بِمَاءٍ أَوْ دَوَاءٍ، أَوْ لَبَنِ شَاةٍ) ؛ لِأَنَّ الْمَغْلُوبَ لَا يَظْهَرُ حُكْمُهُ فِي مُقَابَلَةِ الْغَالِبِ وَالْحُكْمُ فِيهِ الْحُرْمَةُ عِنْدَ تَسَاوِيهِمَا احْتِيَاطًا كَمَا فِي الْغَايَةِ وَفِيهِ خِلَافُ الشَّافِعِيِّ فِيمَا اخْتَلَطَ بِالْمَاءِ (وَكَذَا (3/195) )
"فكيف لو أدرك الأوزاعي هذا الزمان؟
وعن أم الدرداء قالت: دخل أبو الدراداء وهو غضبان، فقلت: ما أغضبك؟ فقال: والله ما أعرف فيهم شيئا من أمر محمد إلا أنهم يصلون جميعا.
وعن أنس بن مالك; قال: ما أعرف منكم ما كنت أعهده على عهد رسول الله صلى الله عليه وسلم غير قولكم: ","فَكَيْفَ لَوْ أَدْرَكَ الْأَوْزَاعِيُّ هَذَا الزَّمَانَ؟
وَعَنْ أُمِّ الدَّرْدَاءِ قَالَتْ: دَخَلَ أَبُو الدَّرْادَاءِ وَهُوَ غَضْبَانُ، فَقُلْتُ: مَا أَغْضَبَكَ؟ فَقَالَ: وَاللَّهِ مَا أَعْرِفُ فِيهِمْ شَيْئًا مِنْ أَمْرِ مُحَمَّدٍ إِلَّا أَنَّهُمْ يُصَلُّونَ جَمِيعًا.
وَعَنْ أَنَسِ بْنِ مَالِكٍ; قَالَ: مَا أَعْرِفُ مِنْكُمْ مَا كُنْتُ أَعْهَدُهُ عَلَى عَهْدِ رَسُولِ اللَّهِ صَلَّى اللَّهُ عَلَيْهِ وَسَلَّمَ غَيْرَ قَوْلِكُمْ: ","فَكَيْفَ لَوْ أَدْرَكَ الْأَوْزَاعِيُّ هَذَا الزَّمَانَ؟
وَعَنْ أُمِّ الدَّرْدَاءِ قَالَتْ: دَخَلَ أَبُو الدَّرَادَاءِ وَهُوَ غَضْبَانُ، فَقُلْتُ: مَا أَغْضَبَكَ؟ فَقَالَ: وَاللَّهِ مَا أَعْرِفُ فِيهِمْ شَيْئًا مِنْ أَمْرِ مُحَمَّدٍ إِلَا أَنَّهُمْ يُصَلُّونَ جَمِيعًا.
وَعَنْ أَنَسِ بْنِ مَالِكٍ; قَالَ: مَا أَعْرِفُ مِنْكُمْ مَا كُنْتُ أَعْهَدُهُ عَلَى عَهْدِ رَسُولِ اللَّهِ صَلَّى اللَّهُ عَلَيْهِ وَسَلَّمَ غَيْرَ قَوْلِكُمْ:"
أي ملك المستحق العين المعجلة زكاة إن لم يبق الوجوب ملكه القرض إيعاب فقول الشارح ملك القرض مفعول مطلق مجازي لقوله ملك المعجل قول المتن (اعتبار قيمته يوم القبض) ,أَيْ مِلْكُ الْمُسْتَحِقِّ الْعَيْنَ الْمُعَجَّلَةَ زَكَاةً إِنْ لَمْ يَبْقَ الْوُجُوبُ مَلَكَهُ الْقَرْضَ إِيعَابٌ فَقَوْلُ الشَّارِحِ مِلْكَ الْقَرْضِ مَفْعُولٌ مُطْلَقٌ مَجَازِيٌّ لِقَوْلِهِ مِلْكُ الْمُعَجَّلِ قَوْلُ الْمَتْنِ (اعْتِبَارُ قِيمَتِهِ يَوْمَ الْقَبْضِ) ,أَيْ مَلَكَ الْمُسْتَحِقُّ الْعَيْنَ الْمُعَجَّلَةَ زَكَاةً إِنْ لَمْ يَبْقَ الْوُجُوبُ مَلَكَهُ الْقَرْضَ إِيعَابٌ فَقَوْلُ الشَّارِحِ مَلَكَ الْقَرْضَ مَفْعُولٌ مُطْلَقٌ مَجَازِيٌّ لِقَوْلِهِ مَلَكَ الْمُعَجَّلَ قَوْلُ الْمَتْنِ (اعْتِبَارُ قِيمَتِهِ يَوْمَ الْقَبْضِ)
"لأن يمينه على تطليقات ذلك الملك ولم يبق شيء منها بعد إيقاع الثلاث وكذلك لو طلق هذه التي آلى منها ثلاثا سقط الإيلاء؛ لأن إيلاءه في حكم الطلاق باعتبار التطليقات المملوكة ولم يبق منها شيء بعد إيقاع الثلاث، ولو لم يطلقها، (8/357)
ولكنه جامعها طلقت الأخرى لوجود شرط الوقوع عليها وارتفعت اليمين، ","لِأَنَّ يَمِينَهُ عَلَى تَطْلِيقَاتِ ذَلِكَ الْمِلْكِ وَلَمْ يَبْقَ شَيْءٌ مِنْهَا بَعْدَ إِيقَاعِ الثَّلَاثِ وَكَذَلِكَ لَوْ طَلَّقَ هَذِهِ الَّتِي آلَى مِنْهَا ثَلَاثًا سَقَطَ الْإِيلَاءُ؛ لِأَنَّ إِيلَاءَهُ فِي حُكْمِ الطَّلَاقِ بِاعْتِبَارِ التَّطْلِيقَاتِ الْمَمْلُوكَةِ وَلَمْ يَبْقَ مِنْهَا شَيْءٌ بَعْدَ إِيقَاعِ الثَّلَاثِ، وَلَوْ لَمْ يُطَلِّقْهَا، (8/357)
وَلَكِنَّهُ جَامَعَهَا طَلُقَتِ الْأُخْرَى لِوُجُودِ شَرْطِ الْوُقُوعِ عَلَيْهَا وَارْتَفَعَتِ الْيَمِينُ، ","لِأَنَّ يَمِينَهُ عَلَى تَطْلِيقَاتِ ذَلِكَ الْمِلْكِ وَلَمْ يَبْقَ شَيْءٌ مِنْهَا بَعْدَ إِيقَاعِ الثَّلَاثِ وَكَذَلِكَ لَوْ طَلَّقَ هَذِهِ الَّتِي آلَى مِنْهَا ثَلَاثًا سَقَطَ الْإِيلَاءُ؛ لِأَنَّ إِيلَاءَهُ فِي حُكْمِ الطَّلَاقِ بِاعْتِبَارِ التَّطْلِيقَاتِ الْمَمْلُوكَةِ وَلَمْ يَبْقَ مِنْهَا شَيْءٌ بَعْدَ إِيقَاعِ الثَّلَاثِ، وَلَوْ لَمْ يُطَلِّقْهَا، (8/357)
وَلَكِنَّهُ جَامَعَهَا طَلُقَتِ الْأُخْرَى لِوُجُودِ شَرْطِ الْوُقُوعِ عَلَيْهَا وَارْتَفَعَتِ الْيَمِينُ،"
"وهذا ضعيف والمعتمد قول مالك وابن القاسم رضي الله تعالى عنهما صح ويقضيه وسطه وهو الذي رجحه ابن رشد وابن زرب وابن سهل وعزاه لمالك رضي الله تعالى عنه في المبسوط والعتبية قائلا يكون محل الأجل في وسط الشهر إذا قال في شهر كذا وفي وسط السنة إذا قال في (11/301)
سنة كذا، ","وَهَذَا ضَعِيفٌ وَالْمُعْتَمَدُ قَوْلُ مَالِكٍ وَابْنِ الْقَاسِمِ رَضِيَ اللَّهُ تَعَالَى عَنْهُمَا صَحَّ وَيَقْضِيهِ وَسَطَهُ وَهُوَ الَّذِي رَجَّحَهُ ابْنُ رُشْدٍ وَابْنُ زَرْبٍ وَابْنُ سَهْلٍ وَعَزَاهُ لِمَالِكٍ رَضِيَ اللَّهُ تَعَالَى عَنْهُ فِي الْمَبْسُوطِ وَالْعُتْبِيَّةِ قَائِلًا يَكُونُ مَحَلُّ الْأَجَلِ فِي وَسَطِ الشَّهْرِ إِذَا قَالَ فِي شَهْرِ كَذَا وَفِي وَسَطِ السَّنَةِ إِذَا قَالَ فِي (11/301)
سَنَةِ كَذَا، ","وَهَذَا ضَعِيفٌ وَالْمُعْتَمَدُ قَوْلُ مَالِكٍ وَابْنِ الْقَاسِمِ رَضِيَ اللَّهُ تَعَالَى عَنْهُمَا صَحَّ وَيَقْضِيهِ وَسَطُهُ وَهُوَ الَّذِي رَجَّحَهُ ابْنُ رُشْدٍ وَابْنُ زَرْبٍ وَابْنُ سَهْلٍ وَعَزَاهُ لِمَالِكٍ رَضِيَ اللَّهُ تَعَالَى عَنْهُ فِي الْمَبْسُوطِ وَالْعُتْبِيَّةِ قَائِلًا يَكُونُ مَحَلُّ الْأَجَلِ فِي وَسَطِ الشَّهْرِ إِذَا قَالَ فِي شَهْرِ كَذَا وَفِي وَسَطِ السَّنَةِ إِذَا قَالَ فِي (11/301)
سَنَةِ كَذَا،"
للوفاة (ثم تزوجت، ثم قدم زوجها الأول قبل وطء الثاني ردت إليه أي إلى الأول لأنا تبينا حياته أشبه ما لو شهدت بينة بموته فكان حيا (ولا صداق على الثاني لبطلان نكاحه لأنه صادف امرأة ذات زوج، وتعود إلى الأول بالعقد الأول (وإن كان) عود الأول (بعده) أي بعد دخول الثاني بها خير الأول بين أخذها) ,لِلْوَفَاةِ (ثُمَّ تَزَوَّجَتْ، ثُمَّ قَدِمَ زَوْجُهَا الْأَوَّلُ قَبْلَ وَطْءِ الثَّانِي رُدَّتْ إِلَيْهِ أَيْ إِلَى الْأَوَّلِ لِأَنَّا تَبَيَّنَّا حَيَاتَهُ أَشْبَهَ مَا لَوْ شَهِدَتْ بَيِّنَةً بِمَوْتِهِ فَكَانَ حَيًّا (وَلَا صَدَاقَ عَلَى الثَّانِي لِبُطْلَانِ نِكَاحِهِ لِأَنَّهُ صَادَفَ امْرَأَةً ذَاتَ زَوْجٍ، وَتَعُودُ إِلَى الْأَوَّلِ بِالْعَقْدِ الْأَوَّلِ (وَإِنْ كَانَ) عَوْدُ الْأَوَّلِ (بَعْدَهُ) أَيْ بَعْدَ دُخُولِ الثَّانِي بِهَا خُيِّرَ الْأَوَّلُ بَيْنَ أَخْذِهَا) ,لِلْوَفَاةِ (ثُمَّ تَزَوَّجَتْ، ثُمَّ قَدِمَ زَوْجُهَا الْأَوَّلُ قَبْلَ وَطْءِ الثَّانِي رُدَّتْ إِلَيْهِ أَيْ إِلَى الْأَوَّلِ لِأَنَّا تَبَيَّنَّا حَيَاتَهُ أَشْبَهَ مَا لَوْ شَهِدَتْ بَيِّنَةٌ بِمَوْتِهِ فَكَانَ حَيًّا (وَلَا صَدَاقَ عَلَى الثَّانِي لِبُطْلَانِ نِكَاحِهِ لِأَنَّهُ صَادَفَ امْرَأَةً ذَاتَ زَوْجٍ، وَتَعُودُ إِلَى الْأَوَّلِ بِالْعَقْدِ الْأَوَّلِ (وَإِنْ كَانَ) عَوْدُ الْأَوَّلِ (بَعْدَهُ) أَيْ بَعْدَ دُخُولِ الثَّانِي بِهَا خُيِّرَ الْأَوَّلُ بَيْنَ أَخْذِهَا)
لأن خيار الشرط لا يورث والتعيين ينتقل إلى الوارث ليميز ملكه من ملك غيره على ما ذكرنا؛ ولهذا لا يتوقف في حق الوارث كما ذكره المصنف؛ لأنه صار بمنزلة الشريك المختلط ماله بمال غيره، فما لم يطلب شريكه القسمة لم يتعين عليه ولا يفوت وقته، ,لِأَنَّ خِيَارَ الشَّرْطِ لَا يُورَثُ وَالتَّعْيِينُ يَنْتَقِلُ إِلَى الْوَارِثِ لِيُمَيِّزَ مِلْكَهُ مِنْ مِلْكِ غَيْرِهِ عَلَى مَا ذَكَرْنَا؛ وَلِهَذَا لَا يُتَوَقَّفُ فِي حَقِّ الْوَارِثِ كَمَا ذَكَرَهُ الْمُصَنِّفُ؛ لِأَنَّهُ صَارَ بِمَنْزِلَةِ الشَّرِيكِ الْمُخْتَلِطِ مَالُهُ بِمَالِ غَيْرِهِ، فَمَا لَمْ يَطْلُبْ شَرِيكُهُ الْقِسْمَةَ لَمْ يَتَعَيَّنْ عَلَيْهِ وَلَا يَفُوتُ وَقْتُهُ، ,لِأَنَّ خِيَارَ الشَّرْطِ لَا يُورَثُ وَالتَّعْيِينُ يَنْتَقِلُ إِلَى الْوَارِثِ لِيُمَيِّزَ مِلْكَهُ مِنْ مِلْكِ غَيْرِهِ عَلَى مَا ذَكَرْنَا؛ وَلِهَذَا لَا يَتَوَقَّفُ فِي حَقِّ الْوَارِثِ كَمَا ذَكَرَهُ الْمُصَنِّفُ؛ لِأَنَّهُ صَارَ بِمَنْزِلَةِ الشَّرِيكِ الْمُخْتَلِطِ مَالُهُ بِمَالِ غَيْرِهِ، فَمَا لَمْ يَطْلُبْ شَرِيكُهُ الْقِسْمَةَ لَمْ يَتَعَيَّنْ عَلَيْهِ وَلَا يَفُوتُ وَقْتُهُ،
أي ولو نوى الفرض بحسب زعمه حين صلاها صبيا فإن بلغ في أثنائها بكإنبات كملها نافلة ثم أعاد فرضا إن اتسع الوقت وإلا قطع وابتدأها (قوله: وإغماء وجنون ونوم) أي فإذا أفاق المغمى عليه أو المجنون أو استيقظ النائم في الوقت الضروري وصلوا فيه فلا إثم على واحد منهم (قوله: ,أَيْ وَلَوْ نَوَى الْفَرْضَ بِحَسَبِ زَعْمِهِ حِينَ صَلَّاهَا صَبِيًّا فَإِنْ بَلَغَ فِي أَثْنَائِهَا بِكَإِنْبَاتٍ كَمَّلَهَا نَافِلَةً ثُمَّ أَعَادَ فَرْضًا إِنِ اتَّسَعَ الْوَقْتُ وَإِلَّا قَطَعَ وَابْتَدَأَهَا (قَوْلُهُ: وَإِغْمَاءٌ وَجُنُونٌ وَنَوْمٌ) أَيْ فَإِذَا أَفَاقَ الْمُغْمَى عَلَيْهِ أَوِ الْمَجْنُونُ أَوِ اسْتَيْقَظَ النَّائِمُ فِي الْوَقْتِ الضَّرُورِيِّ وَصَلَّوْا فِيهِ فَلَا إِثْمَ عَلَى وَاحِدٍ مِنْهُمْ (قَوْلُهُ: ,أَيْ وَلَوْ نَوَى الْفَرْضَ بِحَسَبِ زَعْمِهِ حِينَ صَلَّاهَا صَبِيًّا فَإِنْ بَلَغَ فِي أَثْنَائِهَا بِكَإِنْبَاتٍ كَمَّلَهَا نَافِلَةً ثُمَّ أَعَادَ فَرْضًا إِنِ اتَّسَعَ الْوَقْتُ وَإِلَّا قَطَعَ وَابْتَدَأَهَا (قَوْلُهُ: وَإِغْمَاءٍ وَجُنُونٍ وَنَوْمٍ) أَيْ فَإِذَا أَفَاقَ الْمُغْمَى عَلَيْهِ أَوِ الْمَجْنُونُ أَوِ اسْتَيْقَظَ النَّائِمُ فِي الْوَقْتِ الضَّرُورِيِّ وَصَلَّوْا فِيهِ فَلَا إِثْمَ عَلَى وَاحِدٍ مِنْهُمْ (قَوْلُهُ:
وما ذكرنا أن الصفقة واحدة فلا تحتمل التفريق في البعض كما لا تحتمله في القبول فإن غاب أحدهما لم يجبر الآخر على تسليم كل الثمن؛ لأن الواجب على كل واحد منهما نصف الثمن لا كله، فلا يؤاخذ بتسليم كله فإن اختار الحاضر ذلك، ونقد كل الثمن، وقبض المبيع هل يكون متبرعا فيما نقد أم لا؟ ,وَمَا ذَكَرْنَا أَنَّ الصَّفْقَةَ وَاحِدَةٌ فَلَا تَحْتَمِلُ التَّفْرِيقَ فِي الْبَعْضِ كَمَا لَا تَحْتَمِلُهُ فِي الْقَبُولِ فَإِنْ غَابَ أَحَدُهُمَا لَمْ يُجْبَرِ الْآخَرُ عَلَى تَسْلِيمِ كُلِّ الثَّمَنِ؛ لِأَنَّ الْوَاجِبَ عَلَى كُلِّ وَاحِدٍ مِنْهُمَا نِصْفُ الثَّمَنِ لَا كُلُّهُ، فَلَا يُؤَاخَذُ بِتَسْلِيمِ كُلِّهِ فَإِنِ اخْتَارَ الْحَاضِرُ ذَلِكَ، وَنَقَدَ كُلَّ الثَّمَنِ، وَقَبَضَ الْمَبِيعَ هَلْ يَكُونُ مُتَبَرِّعًا فِيمَا نَقَدَ أَمْ لَا؟ ,وَمَا ذَكَرْنَا أَنَّ الصَّفْقَةَ وَاحِدَةٌ فَلَا تَحْتَمِلُ التَّفْرِيقَ فِي الْبَعْضِ كَمَا لَا تَحْتَمِلُهُ فِي الْقَبُولِ فَإِنْ غَابَ أَحَدُهُمَا لَمْ يُجْبَرْ الْآخَرُ عَلَى تَسْلِيمِ كُلِّ الثَّمَنِ؛ لِأَنَّ الْوَاجِبَ عَلَى كُلِّ وَاحِدٍ مِنْهُمَا نِصْفُ الثَّمَنِ لَا كُلُّهُ، فَلَا يُؤَاخَذُ بِتَسْلِيمِ كُلِّهِ فَإِنِ اخْتَارَ الْحَاضِرُ ذَلِكَ، وَنَقَدَ كُلَّ الثَّمَنِ، وَقَبَضَ الْمَبِيعَ هَلْ يَكُونُ مُتَبَرِّعًا فِيمَا نَقَدَ أَمْ لَا؟
"وإنما يتم النظر بإثبات الخيار حتى ينظر لنفسه بعد البلوغ بخلاف الأب فإنه وافر الشفقة تام الولاية فلا حاجة إلى إثبات الخيار في عقده، وكذلك في عقد الجد؛ لأنه بمنزلة الأب حتى تثبت ولايته في المال والنفس.
وأما القاضي إذا كان هو الذي زوج اليتيمة ففي ظاهر الرواية يثبت لها الخيار؛ لأنه قال: ","وَإِنَّمَا يَتِمُّ النَّظَرُ بِإِثْبَاتِ الْخِيَارِ حَتَّى يَنْظُرَ لِنَفْسِهِ بَعْدَ الْبُلُوغِ بِخِلَافِ الْأَبِ فَإِنَّهُ وَافِرُ الشَّفَقَةِ تَامُّ الْوِلَايَةِ فَلَا حَاجَةَ إِلَى إِثْبَاتِ الْخِيَارِ فِي عَقْدِهِ، وَكَذَلِكَ فِي عَقْدِ الْجَدِّ؛ لِأَنَّهُ بِمَنْزِلَةِ الْأَبِ حَتَّى تَثْبُتَ وِلَايَتُهُ فِي الْمَالِ وَالنَّفْسِ.
وَأَمَّا الْقَاضِي إِذَا كَانَ هُوَ الَّذِي زَوَّجَ الْيَتِيمَةَ فَفِي ظَاهِرِ الرِّوَايَةِ يَثْبُتُ لَهَا الْخِيَارُ؛ لِأَنَّهُ قَالَ: ","وَإِنَّمَا يَتِمُّ النَّظَرُ بِإِثْبَاتِ الْخِيَارِ حَتَّى يَنْظُرَ لِنَفْسِهِ بَعْدَ الْبُلُوغِ بِخِلَافِ الْأَبِ فَإِنَّهُ وَافِرُ الشَّفَقَةِ تَامُّ الْوِلَايَةِ فَلَا حَاجَةَ إِلَى إِثْبَاتِ الْخِيَارِ فِي عَقْدِهِ، وَكَذَلِكَ فِي عَقْدِ الْجَدِّ؛ لِأَنَّهُ بِمَنْزِلَةِ الْأَبِ حَتَّى تَثْبُتَ وِلَايَتُهُ فِي الْمَالِ وَالنَّفْسِ.
وَأَمَّا الْقَاضِي إِذَا كَانَ هُوَ الَّذِي زَوَّجَ الْيَتِيمَةَ فَفِي ظَاهِرِ الرِّوَايَةِ يَثْبُتُ لَهَا الْخِيَارُ؛ لِأَنَّهُ قَالَ:"
"أي من ذهب بصر إحدى عينيه بجناية أو غيرها (فله) أي المجني عليه (القود) بفقء نظير عينه من الجاني (أو) أخذ (الدية) حال كونها (كاملة من ماله) أي الجاني لأن عين الأعور بمنزلة عينين.
","أَيْ مَنْ ذَهَبَ بَصَرُ إِحْدَى عَيْنَيْهِ بِجِنَايَةٍ أَوْ غَيْرِهَا (فَلَهُ) أَيِ الْمَجْنِيِّ عَلَيْهِ (الْقَوَدُ) بِفَقْءِ نَظِيرِ عَيْنِهِ مِنَ الْجَانِي (أَوْ) أَخْذُ (الدِّيَةِ) حَالَ كَوْنِهَا (كَامِلَةً مِنْ مَالِهِ) أَيِ الْجَانِي لِأَنَّ عَيْنَ الْأَعْوَرِ بِمَنْزِلَةِ عَيْنَيْنِ.
",أَيْ مَنْ ذَهَبَ بَصَرُ إِحْدَى عَيْنَيْهِ بِجِنَايَةٍ أَوْ غَيْرِهَا (فَلَهُ) أَيِ الْمَجْنِيِّ عَلَيْهِ (الْقَوَدُ) بِفَقْءِ نَظِيرِ عَيْنِهِ مِنَ الْجَانِي (أَوْ) أَخْذُ (الدِّيَةِ) حَالَ كَوْنِهَا (كَامِلَةً مِنْ مَالِهِ) أَيِ الْجَانِي لِأَنَّ عَيْنَ الْأَعْوَرِ بِمَنْزِلَةِ عَيْنَيْنِ.
أي فلو عجز عن القيمة وأشرف على التلف فينبغي أن يرفع الأمر إلى القاضي ليبيعه ويدفع قيمته من ثمنه للمالك، ,أَيْ فَلَوْ عَجَزَ عَنِ الْقِيمَةِ وَأَشْرَفَ عَلَى التَّلَفِ فَيَنْبَغِي أَنْ يُرْفَعَ الْأَمْرُ إِلَى الْقَاضِي لِيَبِيعَهُ وَيَدْفَعَ قِيمَتَهُ مِنْ ثَمَنِهِ لِلْمَالِكِ، ,أَيْ فَلَوْ عَجَزَ عَنِ الْقِيمَةِ وَأَشْرَفَ عَلَى التَّلَفِ فَيَنْبَغِي أَنْ يَرْفَعَ الْأَمْرَ إِلَى الْقَاضِي لِيَبِيعَهُ وَيَدْفَعَ قِيمَتَهُ مِنْ ثَمَنِهِ لِلْمَالِكِ،
"إن أسلمت إلى رجل في ثوب موصوف فزدته بعد الأجل دراهم على أن يعطيك ثوبا أطول منه من صنفه أو من غير صنفه جاز إذا تعجلت ذلك.
ابن يونس: ","إِنْ أَسْلَمْتَ إِلَى رَجُلٍ فِي ثَوْبٍ مَوْصُوفٍ فَزِدْتَهُ بَعْدَ الْأَجَلِ دَرَاهِمَ عَلَى أَنْ يُعْطِيَكَ ثَوْبًا أَطْوَلَ مِنْهُ مِنْ صِنْفِهِ أَوْ مِنْ غَيْرِ صِنْفِهِ جَازَ إِذَا تَعَجَّلْتَ ذَلِكَ.
ابْنُ يُونُسَ: ","إِنْ أَسْلَمْت إِلَى رَجُلٍ فِي ثَوْبٍ مَوْصُوفٍ فَزِدْتَهُ بَعْدَ الْأَجَلِ دَرَاهِمَ عَلَى أَنْ يُعْطِيَكَ ثَوْبًا أَطْوَلَ مِنْهُ مِنْ صِنْفِهِ أَوْ مِنْ غَيْرِ صِنْفِهِ جَازَ إِذَا تَعَجَّلْتَ ذَلِكَ.
ابْنُ يُونُسَ:"
"قوله: إلى وقت الحدث) أي إلى مثل وقت ذلك الحدث من اليوم الثاني.
(قوله:؛ لأن الخف عهد مانعا) أي من سراية الحدث إلى القدم؛ ولأنه شرع تيسيرا لتعذر النزع والحاجة إلى النزع عند الحدث.
ا ه.. (1/221)
قال رحمه الله (على ظاهرهما) ","قَوْلُهُ: إِلَى وَقْتِ الْحَدَثِ) أَيْ إِلَى مِثْلِ وَقْتِ ذَلِكَ الْحَدَثِ مِنَ الْيَوْمِ الثَّانِي.
(قَوْلُهُ:؛ لِأَنَّ الْخُفَّ عُهِدَ مَانِعًا) أَيْ مِنْ سِرَايَةِ الْحَدَثِ إِلَى الْقَدَمِ؛ وَلِأَنَّهُ شُرِعَ تَيْسِيرًا لِتَعَذُّرِ النَّزْعِ وَالْحَاجَةِ إِلَى النَّزْعِ عِنْدَ الْحَدَثِ.
ا ه.. (1/221)
قَالَ رَحِمَهُ اللَّهُ (عَلَى ظَاهِرِهِمَا) ","قَوْلُهُ: إِلَى وَقْتِ الْحَدَثِ) أَيْ إِلَى مِثْلِ وَقْتِ ذَلِكَ الْحَدَثِ مِنَ الْيَوْمِ الثَّانِي.
(قَوْلُهُ:؛ لِأَنَّ الْخُفَّ عُهِدَ مَانِعًا) أَيْ مِنْ سِرَايَةِ الْحَدَثِ إِلَى الْقَدَمِ؛ وَلِأَنَّهُ شُرِعَ تَيْسِيرًا لِتَعَذُّرِ النَّزْعِ وَالْحَاجَةِ إِلَى النَّزْعِ عِنْدَ الْحَدَثِ.
ا ه.. (1/221)
قَالَ رَحِمَهُ اللَّهُ (عَلَى ظَاهِرِهِمَا)"
مدل بأبوين على مدل بأب لم يتميز بما هو أقوى من ذلك في سائر المنازل وحينئذ يقدم (أخ لأبوين على أخ لأب في الأظهر) الجديد كالإرث ولأنه أقرب وأشفق، ,مُدْلٍ بِأَبَوَيْنِ عَلَى مُدْلٍ بِأَبٍ لَمْ يَتَمَيَّزْ بِمَا هُوَ أَقْوَى مِنْ ذَلِكَ فِي سَائِرِ الْمَنَازِلِ وَحِينَئِذٍ يُقَدَّمُ (أَخٌ لِأَبَوَيْنِ عَلَى أَخٍ لِأَبٍ فِي الْأَظْهَرِ) الْجَدِيدُ كَالْإِرْثِ وَلِأَنَّهُ أَقْرَبُ وَأَشْفَقُ، ,مُدْلٍ بِأَبَوَيْنِ عَلَى مُدْلٍ بِأَبٍ لَمْ يَتَمَيَّزْ بِمَا هُوَ أَقْوَى مِنْ ذَلِكَ فِي سَائِرِ الْمَنَازِلِ وَحِينَئِذٍ يُقَدَّمُ (أَخٌ لِأَبَوَيْنِ عَلَى أَخٍ لِأَبٍ فِي الْأَظْهَرِ) الْجَدِيدِ كَالْإِرْثِ وَلِأَنَّهُ أَقْرَبُ وَأَشْفَقُ،
"لأن وصف الثمن يبقى مجهولا فالبائع يطلب الأرفع والمشتري يعرض الأدون فيقع النزاع بين المتبايعين وبما أن الجهالة الباعثة على النزاع مفسدة للبيع فالبيع في هذه الصورة فاسد.
وها هنا أربع صور في واحدة منه يفسد البيع وفي الباقي يصح فالمسألة التي نصت عليه المجلة مطلقة هي في الحقيقة مقيدة وهذه الصور الأربع: (1) ","لِأَنَّ وَصْفَ الثَّمَنِ يَبْقَى مَجْهُولًا فَالْبَائِعُ يَطْلُبُ الْأَرْفَعَ وَالْمُشْتَرِي يَعْرِضُ الْأَدْوَنَ فَيَقَعُ النِّزَاعُ بَيْنَ الْمُتَبَايِعَيْنِ وَبِمَا أَنَّ الْجَهَالَةَ الْبَاعِثَةَ عَلَى النِّزَاعِ مُفْسِدَةٌ لِلْبَيْعِ فَالْبَيْعُ فِي هَذِهِ الصُّورَةِ فَاسِدٌ.
وَهَا هُنَا أَرْبَعُ صُوَرٍ فِي وَاحِدَةٍ مِنْهُ يَفْسُدُ الْبَيْعُ وَفِي الْبَاقِي يَصِحُّ فَالْمَسْأَلَةُ الَّتِي نَصَّتْ عَلَيْهِ الْمَجَلَّةُ مُطْلَقَةٌ هِيَ فِي الْحَقِيقَةِ مُقَيَّدَةٌ وَهَذِهِ الصُّوَرُ الْأَرْبَعُ: (1) ","لِأَنَّ وَصْفَ الثَّمَنِ يَبْقَى مَجْهُولًا فَالْبَائِعُ يَطْلُبُ الْأَرْفَعَ وَالْمُشْتَرِي يَعْرِضُ الْأَدْوَنَ فَيَقَعُ النِّزَاعُ بَيْنَ الْمُتَبَايِعَيْنِ وَبِمَا أَنَّ الْجَهَالَةَ الْبَاعِثَةَ عَلَى النِّزَاعِ مُفْسِدَةٌ لِلْبَيْعِ فَالْبَيْعُ فِي هَذِهِ الصُّورَةِ فَاسِدٌ.
وَهَا هُنَا أَرْبَعُ صُوَرٍ فِي وَاحِدَةٍ مِنْهُ يَفْسُدُ الْبَيْعُ وَفِي الْبَاقِي يَصِحُّ فَالْمَسْأَلَةُ الَّتِي نَصَّتْ عَلَيْهِ الْمَجَلَّةُ مُطْلَقَةٌ هِيَ فِي الْحَقِيقَةِ مُقَيَّدَةٌ وَهَذِهِ الصُّوَرُ الْأَرْبَعُ: (1)"
"يمكن أن أولاد غير المؤمنين ليسوا مساوين لأولاد المؤمنين فلعلهم متفاوتون.
[قوله: أبينا إبراهيم] قال الأستاذ أبو القاسم السهيلي: معنى إبراهيم بالفارسية أب رحيم وذلك لرحمته بالأطفال، ","يُمْكِنُ أَنَّ أَوْلَادَ غَيْرِ الْمُؤْمِنِينَ لَيْسُوا مُسَاوِينَ لِأَوْلَادِ الْمُؤْمِنِينَ فَلَعَلَّهُمْ مُتَفَاوِتُونَ.
[قَوْلُهُ: أَبِينَا إِبْرَاهِيمَ] قَالَ الْأُسْتَاذُ أَبُو الْقَاسِمِ السُّهَيْلِيُّ: مَعْنَى إِبْرَاهِيمَ بِالْفَارِسِيَّةِ أَبٌ رَحِيمٌ وَذَلِكَ لِرَحْمَتِهِ بِالْأَطْفَالِ، ","يُمْكِنُ أَنَّ أَوْلَادَ غَيْرِ الْمُؤْمِنِينَ لَيْسُوا مُسَاوِينَ لِأَوْلَادِ الْمُؤْمِنِينَ فَلَعَلَّهُمْ مُتَفَاوِتُونَ.
[قَوْلُهُ: أَبِينَا إِبْرَاهِيمَ] قَالَ الْأُسْتَاذُ أَبُو الْقَاسِمِ السُّهَيْلِيُّ: مَعْنَى إِبْرَاهِيمَ بِالْفَارِسِيَّةِ أَبٌ رَحِيمٌ وَذَلِكَ لِرَحْمَتِهِ بِالْأَطْفَالِ،"
"بخلاف قرآن (بأن يقول) بلسانه (كمقالته) إن سمع المسنون منه، وهو ما كان عربيا لا لحن فيه، ولو تكرر أجاب الأول (إلا في الحيعلتين) فيحوقل (وفي الصلاة خير من النوم) فيقول: صدقت وبررت.
ويندب القيام عند سماع الأذان بزازية، ولم يذكر هل يستمر إلى فراغه أو يجلس، ولو لم يجبه حتى فرغ لم أره.
","بِخِلَافِ قُرْآنٍ (بِأَنْ يَقُولَ) بِلِسَانِهِ (كَمَقَالَتِهِ) إِنْ سَمِعَ الْمَسْنُونَ مِنْهُ، وَهُوَ مَا كَانَ عَرَبِيًّا لَا لَحْنَ فِيهِ، وَلَوْ تَكَرَّرَ أَجَابَ الْأَوَّلَ (إِلَّا فِي الْحَيْعَلَتَيْنِ) فَيُحَوْقِلُ (وَفِي الصَّلَاةِ خَيْرٌ مِنَ النَّوْمِ) فَيَقُولُ: صَدَقْتَ وَبَرِرْتَ.
وَيُنْدَبُ الْقِيَامُ عِنْدَ سَمَاعِ الْأَذَانِ بَزَّازِيَّةٌ، وَلَمْ يَذْكُرْ هَلْ يَسْتَمِرُّ إِلَى فَرَاغِهِ أَوْ يَجْلِسُ، وَلَوْ لَمْ يُجِبْهُ حَتَّى فَرَغَ لَمْ أَرَهُ.
","بِخِلَافِ قُرْآنٍ (بِأَنْ يَقُولَ) بِلِسَانِهِ (كَمَقَالَتِهِ) إِنْ سَمِعَ الْمَسْنُونَ مِنْهُ، وَهُوَ مَا كَانَ عَرَبِيًّا لَا لَحْنَ فِيهِ، وَلَوْ تَكَرَّرَ أَجَابَ الْأَوَّلَ (إِلَّا فِي الْحَيْعَلَتَيْنِ) فَيَحُوقِلُ (وَفِي الصَّلَاةِ خَيْرٌ مِنَ النَّوْمِ) فَيَقُولُ: صَدَقْتَ وَبَرَرْتَ.
وَيُنْدَبُ الْقِيَامُ عِنْدَ سَمَاعِ الْأَذَانِ بَزَّازِيَّةٌ، وَلَمْ يَذْكُرْ هَلْ يَسْتَمِرُّ إِلَى فَرَاغِهِ أَوْ يَجْلِسُ، وَلَوْ لَمْ يُجِبْهُ حَتَّى فَرَغَ لَمْ أَرَهُ."
"وبه أفتي به وأفتى به خلائق من المتأخرين، وإذا قلنا لا أجرة له على الأصح فمحله كما قال الأذرعي: إذا كان حرا مطلق التصرف.
أما لو كان عبدا أو محجورا عليه بسفه ونحوه فلا، إذ ليسوا من أهل التبرع بمنافعهم المقابلة بالأعواض، واحترز بقوله: ولم يذكر أجرة عما إذا قال: ","وَبِهِ أُفْتِي بِهِ وَأَفْتَى بِهِ خَلَائِقُ مِنَ الْمُتَأَخِّرِينَ، وَإِذَا قُلْنَا لَا أُجْرَةَ لَهُ عَلَى الْأَصَحِّ فَمَحَلُّهُ كَمَا قَالَ الْأَذْرَعِيُّ: إِذَا كَانَ حُرًّا مُطْلَقَ التَّصَرُّفِ.
أَمَّا لَوْ كَانَ عَبْدًا أَوْ مَحْجُورًا عَلَيْهِ بِسَفَهٍ وَنَحْوِهِ فَلَا، إِذْ لَيْسُوا مِنْ أَهْلِ التَّبَرُّعِ بِمَنَافِعِهِمُ الْمُقَابَلَةِ بِالْأَعْوَاضِ، وَاحْتُرِزَ بِقَوْلِهِ: وَلَمْ يَذْكُرْ أُجْرَةً عَمَّا إِذَا قَالَ: ","وَبِهِ أَفْتِي بِهِ وَأَفْتَى بِهِ خَلَائِقُ مِنَ الْمُتَأَخِّرِينَ، وَإِذَا قُلْنَا لَا أُجْرَةَ لَهُ عَلَى الْأَصَحِّ فَمَحَلُّهُ كَمَا قَالَ الْأَذْرَعِيُّ: إِذَا كَانَ حُرًّا مُطْلَقَ التَّصَرُّفِ.
أَمَّا لَوْ كَانَ عَبْدًا أَوْ مَحْجُورًا عَلَيْهِ بِسَفَهٍ وَنَحْوِهِ فَلَا، إِذْ لَيْسُوا مِنْ أَهْلِ التَّبَرُّعِ بِمَنَافِعِهِمُ الْمُقَابَلَةِ بِالْأَعْوَاضِ، وَاحْتَرَزَ بِقَوْلِهِ: وَلَمْ يَذْكُرْ أُجْرَةً عَمَّا إِذَا قَالَ:"
البيع على البيع ما نص عليه الشافعي من نهي الرجل أن يبيع المشتري في مجلس العقد سلعة مثل التي اشتراها خشية أن يرد الأولى وظاهر أن خيار الشرط فيما قاله كخيار المجلس وألحق الماوردي بالشراء على الشراء طلب السلعة من المشتري بزيادة ربح والبائع حاضر لأدائه إلى الفسخ أو الندم (إلا أن أذن له) ,الْبَيْعِ عَلَى الْبَيْعِ مَا نَصَّ عَلَيْهِ الشَّافِعِيُّ مِنْ نَهْيِ الرَّجُلِ أَنْ يَبِيعَ الْمُشْتَرِي فِي مَجْلِسِ الْعَقْدِ سِلْعَةً مِثْلَ الَّتِي اشْتَرَاهَا خَشْيَةَ أَنْ يَرُدَّ الْأُولَى وَظَاهِرٌ أَنَّ خِيَارَ الشَّرْطِ فِيمَا قَالَهُ كَخِيَارِ الْمَجْلِسِ وَأَلْحَقَ الْمَاوَرْدِيُّ بِالشِّرَاءِ عَلَى الشِّرَاءِ طَلَبَ السِّلْعَةِ مِنَ الْمُشْتَرِي بِزِيَادَةِ رِبْحٍ وَالْبَائِعِ حَاضِرٌ لِأَدَائِهِ إِلَى الْفَسْخِ أَوِ النَّدَمِ (إِلَّا أَنْ أَذِنَ لَهُ) ,الْبَيْعُ عَلَى الْبَيْعِ مَا نَصَّ عَلَيْهِ الشَّافِعِيُّ مِنْ نَهْيِ الرَّجُلِ أَنْ يَبِيعَ الْمُشْتَرِيَ فِي مَجْلِسِ الْعَقْدِ سِلْعَةً مِثْلَ الَّتِي اشْتَرَاهَا خَشْيَةَ أَنْ يَرُدَّ الْأُولَى وَظَاهِرٌ أَنَّ خِيَارَ الشَّرْطِ فِيمَا قَالَهُ كَخِيَارِ الْمَجْلِسِ وَأَلْحَقَ الْمَاوَرْدِيُّ بِالشِّرَاءِ عَلَى الشِّرَاءِ طَلَبَ السِّلْعَةِ مِنَ الْمُشْتَرِي بِزِيَادَةِ رِبْحٍ وَالْبَائِعُ حَاضِرٌ لِأَدَائِهِ إِلَى الْفَسْخِ أَوِ النَّدَمِ (إِلَّا أَنْ أَذِنَ لَهُ)
"لأن يده نائبة في ذلك المال كيده، ولا فائدة في الرد عليه ثم الاستيفاء منه.
فإن قيل أليس أنكم قلتم في الزكاة إذا عجلها ولم تجب عليه الزكاة في ذلك الحول فإن المعجل لا يجزئ عما يلزمه في حول آخر.
قلنا ذلك فيما إذا دفعها إلى الفقير فتتم تطوعا عند مضي الحول وهنا لا يتم المؤدى خراجا في الحول الأول، ","لِأَنَّ يَدَهُ نَائِبَةٌ فِي ذَلِكَ الْمَالِ كَيَدِهِ، وَلَا فَائِدَةَ فِي الرَّدِّ عَلَيْهِ ثُمَّ الِاسْتِيفَاءِ مِنْهُ.
فَإِنْ قِيلَ أَلَيْسَ أَنَّكُمْ قُلْتُمْ فِي الزَّكَاةِ إِذَا عَجَّلَهَا وَلَمْ تَجِبْ عَلَيْهِ الزَّكَاةُ فِي ذَلِكَ الْحَوْلِ فَإِنَّ الْمُعَجَّلَ لَا يُجْزِئُ عَمَّا يَلْزَمُهُ فِي حَوْلٍ آخَرَ.
قُلْنَا ذَلِكَ فِيمَا إِذَا دَفَعَهَا إِلَى الْفَقِيرِ فَتَتِمُّ تَطَوُّعًا عِنْدَ مُضِيِّ الْحَوْلِ وَهُنَا لَا يَتِمُّ الْمُؤَدَّى خَرَاجًا فِي الْحَوْلِ الْأَوَّلِ، ","لِأَنَّ يَدَهُ نَائِبَةٌ فِي ذَلِكَ الْمَالِ كَيَدِهِ، وَلَا فَائِدَةَ فِي الرَّدِّ عَلَيْهِ ثُمَّ الِاسْتِيفَاءِ مِنْهُ.
فَإِنْ قِيلَ أَلَيْسَ أَنَّكُمْ قُلْتُمْ فِي الزَّكَاةِ إِذَا عَجَّلَهَا وَلَمْ تَجِبْ عَلَيْهِ الزَّكَاةُ فِي ذَلِكَ الْحَوْلِ فَإِنَّ الْمُعَجَّلَ لَا يُجْزِئُ عَمَّا يَلْزَمُهُ فِي حَوْلٍ آخَرَ.
قُلْنَا ذَلِكَ فِيمَا إِذَا دَفَعَهَا إِلَى الْفَقِيرِ فَتَتِمُّ تَطَوُّعًا عِنْدَ مُضِيِّ الْحَوْلِ وَهُنَا لَا يَتِمُّ الْمُؤَدَّى خَرَاجًا فِي الْحَوْلِ الْأَوَّلِ،"
"وجه لصيامها مع قضاء الأربعة
الشرح
(9/467)
(قوله: وبفصل القضاء إلخ) حاصله أنه إذا أكل ناسيا أو أفطر لمرض أو حيض أو أكره على الفطر أو ظن غروب الشمس فالواجب عليه قضاء ما أفطر فيه ووصل القضاء بصيامه فإن ترك وصل القضاء بصيامه عامدا أو جاهلا انقطع التتابع، واستأنف الصوم من أوله اتفاقا، ","وَجْهَ لِصِيَامِهَا مَعَ قَضَاءِ الْأَرْبَعَةِ
الشَّرْحُ
(9/467)
(قَوْلُهُ: وَبِفَصْلِ الْقَضَاءِ إِلَخْ) حَاصِلُهُ أَنَّهُ إِذَا أَكَلَ نَاسِيًا أَوْ أَفْطَرَ لِمَرَضٍ أَوْ حَيْضٍ أَوْ أُكْرِهَ عَلَى الْفِطْرِ أَوْ ظَنَّ غُرُوبَ الشَّمْسِ فَالْوَاجِبُ عَلَيْهِ قَضَاءُ مَا أَفْطَرَ فِيهِ وَوَصَلَ الْقَضَاءَ بِصِيَامِهِ فَإِنْ تَرَكَ وَصْلَ الْقَضَاءِ بِصِيَامِهِ عَامِدًا أَوْ جَاهِلًا انْقَطَعَ التَّتَابُعُ، وَاسْتَأْنَفَ الصَّوْمَ مِنْ أَوَّلِهِ اتِّفَاقًا، ","وَجْهٌ لِصِيَامِهَا مَعَ قَضَاءِ الْأَرْبَعَةِ
الشَّرْحُ
(9/467)
(قَوْلُهُ: وَبِفَصْلِ الْقَضَاءِ إِلَخْ) حَاصِلُهُ أَنَّهُ إِذَا أَكَلَ نَاسِيًا أَوْ أَفْطَرَ لِمَرَضٍ أَوْ حَيْضٍ أَوْ أُكْرِهَ عَلَى الْفِطْرِ أَوْ ظَنَّ غُرُوبَ الشَّمْسِ فَالْوَاجِبُ عَلَيْهِ قَضَاءُ مَا أَفْطَرَ فِيهِ وَوَصَلَ الْقَضَاءَ بِصِيَامِهِ فَإِنْ تَرَكَ وَصْلَ الْقَضَاءِ بِصِيَامِهِ عَامِدًا أَوْ جَاهِلًا انْقَطَعَ التَّتَابُعُ، وَاسْتَأْنَفَ الصَّوْمَ مِنْ أَوَّلِهِ اتِّفَاقًا،"
بفرضه أنثى؛ لأن ذلك هو المتيقن إذ يحتمل ظهوره ذكرا فيقتص في الذكر، والأنثيين فلا يستحق إلا حكومة الشفرين ويحتمل ظهوره أنثى فيستحق دية الشفرين وحكومة الذكر، والأنثيين فالمتيقن هو الأقل من واجبي الاحتمالين ولا يبعد أن تزيد حكومة الشفرين على ديتهما مع حكومة الذكر، ,بِفَرْضِهِ أُنْثَى؛ لِأَنَّ ذَلِكَ هُوَ الْمُتَيَقَّنُ إِذْ يُحْتَمَلُ ظُهُورُهُ ذَكَرًا فَيُقْتَصُّ فِي الذَّكَرِ، وَالْأُنْثَيَيْنِ فَلَا يَسْتَحِقُّ إِلَّا حُكُومَةَ الشُّفْرَيْنِ وَيُحْتَمَلُ ظُهُورُهُ أُنْثَى فَيَسْتَحِقُّ دِيَةَ الشُّفْرَيْنِ وَحُكُومَةَ الذَّكَرِ، وَالْأُنْثَيَيْنِ فَالْمُتَيَقَّنُ هُوَ الْأَقَلُّ مِنْ وَاجِبَيِ الِاحْتِمَالَيْنِ وَلَا يَبْعُدُ أَنْ تَزِيدَ حُكُومَةُ الشُّفْرَيْنِ عَلَى دِيَتِهِمَا مَعَ حُكُومَةِ الذَّكَرِ، ,بِفَرْضِهِ أُنْثَى؛ لِأَنَّ ذَلِكَ هُوَ الْمُتَيَقَّنُ إِذْ يُحْتَمَلُ ظُهُورُهُ ذَكَرًا فَيُقْتَصُّ فِي الذَّكَرِ، وَالْأُنْثَيَيْنِ فَلَا يَسْتَحِقُّ إِلَّا حُكُومَةَ الشَّفْرَيْنِ وَيُحْتَمَلُ ظُهُورُهُ أُنْثَى فَيَسْتَحِقُّ دِيَةَ الشَّفْرَيْنِ وَحُكُومَةَ الذَّكَرِ، وَالْأُنْثَيَيْنِ فَالْمُتَيَقَّنُ هُوَ الْأَقَلُّ مِنْ وَاجِبَيِ الِاحْتِمَالَيْنِ وَلَا يَبْعُدُ أَنْ تَزِيدَ حُكُومَةُ الشَّفْرَيْنِ عَلَى دِيَتِهِمَا مَعَ حُكُومَةِ الذَّكَرِ،
"أي لو اختلف رب المال والمضارب في الإطلاق والتقييد فالقول للمضارب لأن الأصل في المضاربة العموم ألا ترى أنه يملك التصرف بذكر لفظة المضاربة فقامت دلالة الإطلاق بخلاف ما إذا ادعى رب المال المضاربة في نوع والآخر في نوع آخر حيث يكون القول لرب المال لأنه سقط الإطلاق بتصادقهما فنزل إلى الوكالة المحضة ثم مطلق الأمر بالبيع ينتظمه نقد أو نسيئة إلى أي أجل كان عنده وعندهما يتقيد بأجل متعارف كما قدمناه وفي مضاربة البزازية نوع في الاختلاف مقتضى المضاربة العموم فالقول لمن يدعيها والتخصيص عارض لا يثبت إلا ببينة وإذا اتفقا أن العقد وقع خاصا واختلفا فيما خص العقد فيه فالقول لرب المال لاتفاقهما على العدول عن الظاهر والإذن يستفاد من قبله فيعتبر قوله أمرتك بالاتجار في البر وادعى الإطلاق فالقول للمضارب لادعائه عمومه وعن الحسن عن الإمام أنه لرب المال لأن الإذن يستفاد منه وإن برهنا فإن نص شهود العامل أنه أعطاه مضاربة في كل تجارة فهي أولى لإثباته الزيادة لفظا ومعنى وإن لم ينصوا على هذا الحرف فلرب المال وكذا إذا اختلفا في المنع من السفر لاقتضاء المضاربة إطلاقها على الروايات المشهورة قال المضارب هو في الطعام ورب المال قال في الكرباس فالقول له وإن برهنا وللجمال لأن رب المال لا يحتاج إلى الإثبات والمضارب محتاج إلى إثباته لدفع الضمان عن نفسه وإن وقتا فالوقت الأخير أولى ا ه. (19/139)
","أَيْ لَوِ اخْتَلَفَ رَبُّ الْمَالِ وَالْمُضَارِبُ فِي الْإِطْلَاقِ وَالتَّقْيِيدِ فَالْقَوْلُ لِلْمُضَارِبِ لِأَنَّ الْأَصْلَ فِي الْمُضَارَبَةِ الْعُمُومُ أَلَا تَرَى أَنَّهُ يَمْلِكُ التَّصَرُّفَ بِذِكْرِ لَفْظَةِ الْمُضَارَبَةِ فَقَامَتْ دَلَالَةُ الْإِطْلَاقِ بِخِلَافِ مَا إِذَا ادَّعَى رَبُّ الْمَالِ الْمُضَارَبَةَ فِي نَوْعٍ وَالْآخَرُ فِي نَوْعٍ آخَرَ حَيْثُ يَكُونُ الْقَوْلُ لِرَبِّ الْمَالِ لِأَنَّهُ سَقَطَ الْإِطْلَاقُ بِتَصَادُقِهِمَا فَنَزَلَ إِلَى الْوَكَالَةِ الْمَحْضَةِ ثُمَّ مُطْلَقُ الْأَمْرِ بِالْبَيْعِ يَنْتَظِمُهُ نَقْدٌ أَوْ نَسِيئَةٌ إِلَى أَيْ أَجَلٍ كَانَ عِنْدَهُ وَعِنْدَهُمَا يَتَقَيَّدُ بِأَجَلٍ مُتَعَارَفٍ كَمَا قَدَّمْنَاهُ وَفِي مُضَارَبَةِ الْبَزَّازِيَّةِ نَوْعٌ فِي الِاخْتِلَافِ مُقْتَضَى الْمُضَارَبَةِ الْعُمُومُ فَالْقَوْلُ لِمَنْ يَدَّعِيهَا وَالتَّخْصِيصُ عَارِضٌ لَا يَثْبُتُ إِلَّا بِبَيِّنَةٍ وَإِذَا اتَّفَقَا أَنَّ الْعَقْدَ وَقَعَ خَاصًّا وَاخْتَلَفَا فِيمَا خُصَّ الْعَقْدُ فِيهِ فَالْقَوْلُ لِرَبِّ الْمَالِ لِاتِّفَاقِهِمَا عَلَى الْعُدُولِ عَنِ الظَّاهِرِ وَالْإِذْنُ يُسْتَفَادُ مِنْ قِبَلِهِ فَيُعْتَبَرُ قَوْلُهُ أَمَرْتُكَ بِالِاتِّجَارِ فِي الْبُرِّ وَادَّعَى الْإِطْلَاقَ فَالْقَوْلُ لِلْمُضَارِبِ لِادِّعَائِهِ عُمُومَهُ وَعَنِ الْحَسَنِ عَنِ الْإِمَامِ أَنَّهُ لِرَبِّ الْمَالِ لِأَنَّ الْإِذْنَ يُسْتَفَادُ مِنْهُ وَإِنْ بَرْهَنَا فَإِنَّ نَصَّ شُهُودُ الْعَامِلِ أَنَّهُ أَعْطَاهُ مُضَارَبَةً فِي كُلِّ تِجَارَةٍ فَهِيَ أَوْلَى لِإِثْبَاتِهِ الزِّيَادَةَ لَفْظًا وَمَعْنًى وَإِنْ لَمْ يَنُصُّوا عَلَى هَذَا الْحَرْفِ فَلِرَبِّ الْمَالِ وَكَذَا إِذَا اخْتَلَفَا فِي الْمَنْعِ مِنَ السَّفَرِ لِاقْتِضَاءِ الْمُضَارَبَةِ إِطْلَاقَهَا عَلَى الرِّوَايَاتِ الْمَشْهُورَةِ قَالَ الْمُضَارِبُ هُوَ فِي الطَّعَامِ وَرَبُّ الْمَالِ قَالَ فِي الْكِرْبَاسِ فَالْقَوْلُ لَهُ وَإِنْ بَرْهَنَا وَلِلْجِمَالِ لِأَنَّ رَبَّ الْمَالِ لَا يَحْتَاجُ إِلَى الْإِثْبَاتِ وَالْمُضَارِبُ مُحْتَاجٌ إِلَى إِثْبَاتِهِ لِدَفْعِ الضَّمَانِ عَنْ نَفْسِهِ وَإِنْ وَقَّتَا فَالْوَقْتُ الْأَخِيرُ أَوْلَى ا ه. (19/139)
",أَيْ لَوِ اخْتَلَفَ رَبُّ الْمَالِ وَالْمُضَارِبُ فِي الْإِطْلَاقِ وَالتَّقْيِيدِ فَالْقَوْلُ لِلْمُضَارِبِ لِأَنَّ الْأَصْلَ فِي الْمُضَارَبَةِ الْعُمُومُ أَلَا تَرَى أَنَّهُ يَمْلِكُ التَّصَرُّفَ بِذِكْرِ لَفْظَةِ الْمُضَارَبَةِ فَقَامَتْ دَلَالَةُ الْإِطْلَاقِ بِخِلَافِ مَا إِذَا ادَّعَى رَبُّ الْمَالِ الْمُضَارَبَةَ فِي نَوْعٍ وَالْآخَرُ فِي نَوْعٍ آخَرَ حَيْثُ يَكُونُ الْقَوْلُ لِرَبِّ الْمَالِ لِأَنَّهُ سَقَطَ الْإِطْلَاقُ بِتَصَادُقِهِمَا فَنَزَلَ إِلَى الْوَكَالَةِ الْمَحْضَةِ ثُمَّ مُطْلَقُ الْأَمْرِ بِالْبَيْعِ يَنْتَظِمُهُ نَقْدٌ أَوْ نَسِيئَةٌ إِلَى أَيِّ أَجَلٍ كَانَ عِنْدَهُ وَعِنْدَهُمَا يَتَقَيَّدُ بِأَجَلٍ مُتَعَارَفٍ كَمَا قَدَّمْنَاهُ وَفِي مُضَارَبَةِ الْبَزَّازِيَّةِ نَوْعٌ فِي الِاخْتِلَافِ مُقْتَضَى الْمُضَارَبَةِ الْعُمُومُ فَالْقَوْلُ لِمَنْ يَدَّعِيهَا وَالتَّخْصِيصُ عَارِضٌ لَا يَثْبُتُ إِلَّا بِبَيِّنَةٍ وَإِذَا اتَّفَقَا أَنَّ الْعَقْدَ وَقَعَ خَاصًّا وَاخْتَلَفَا فِيمَا خَصَّ الْعَقْدَ فِيهِ فَالْقَوْل
ولو قصيرا تيمم لفقد الماء فيه وصلى ثم وجده ولو في الوقت لعموم فقده في السفر ولما رواه أبو داود والحاكم وصححه على شرط الشيخين {,وَلَوْ قَصِيرًا تَيَمَّمَ لِفَقْدِ الْمَاءِ فِيهِ وَصَلَّى ثُمَّ وَجَدَهُ وَلَوْ فِي الْوَقْتِ لِعُمُومِ فَقْدِهِ فِي السَّفَرِ وَلِمَا رَوَاهُ أَبُو دَاوُدَ وَالْحَاكِمُ وَصَحَّحَهُ عَلَى شَرْطِ الشَّيْخَيْنِ {,وَلَوْ قَصِيرًا تَيَمَّمَ لِفَقْدِ الْمَاءِ فِيهِ وَصَلَّى ثُمَّ وَجَدَهُ وَلَوْ فِي الْوَقْتِ لِعُمُومِ فَقْدِهِ فِي السَّفَرِ وَلِمَا رَوَاهُ أَبُو دَاوُدَ وَالْحَاكِمُ وَصَحَّحَهُ عَلَى شَرْطِ الشَّيْخَيْنِ {
"وما لم يكن كذلك فإن كان الاستعمال متعلقا بالبدن حرم وإلا فلا، وحينئذ فالأوجه الحل ا ه رحمه الله.
وعبارة شيخنا الزيادي: وخرج بالخاتم الختم وهو قطعة فضة ينقش عليها اسم صاحبها، ويختم بها فلا تجوز، وبحث بعضهم الجواز (قوله: ولا كراهة فيه) ","وَمَا لَمْ يَكُنْ كَذَلِكَ فَإِنْ كَانَ الِاسْتِعْمَالُ مُتَعَلِّقًا بِالْبَدَنِ حَرُمَ وَإِلَّا فَلَا، وَحِينَئِذٍ فَالْأَوْجَهُ الْحِلُّ ا ه رَحِمَهُ اللَّهُ.
وَعِبَارَةُ شَيْخِنَا الزِّيَادِيِّ: وَخَرَجَ بِالْخَاتَمِ الْخَتْمُ وَهُوَ قِطْعَةُ فِضَّةٍ يُنْقَشُ عَلَيْهَا اسْمُ صَاحِبِهَا، وَيُخْتَمُ بِهَا فَلَا تَجُوزُ، وَبَحَثَ بَعْضُهُمُ الْجَوَازَ (قَوْلُهُ: وَلَا كَرَاهَةَ فِيهِ) ","وَمَا لَمْ يَكُنْ كَذَلِكَ فَإِنْ كَانَ الِاسْتِعْمَالُ مُتَعَلِّقًا بِالْبَدَنِ حَرُمَ وَإِلَّا فَلَا، وَحِينَئِذٍ فَالْأَوْجَهُ الْحِلُّ ا ه رَحِمَهُ اللَّهُ.
وَعِبَارَةُ شَيْخِنَا الزِّيَادِيِّ: وَخَرَجَ بِالْخَاتَمِ الْخَتْمُ وَهُوَ قِطْعَةُ فِضَّةٍ يُنْقَشُ عَلَيْهَا اسْمُ صَاحِبِهَا، وَيُخْتَمُ بِهَا فَلَا تَجُوزُ، وَبَحَثَ بَعْضُهُمُ الْجَوَازَ (قَوْلُهُ: وَلَا كَرَاهَةَ فِيهِ)"
"عن نافع, ووافقهما ابن جريج، عن نافع: أن ابن عمر كان لا يقصر في أقل من ستة وتسعين ميلا.
وروى معمر، عن أيوب، عن نافع: أن ابن عمر كان يقصر في أربعة برد, ولم يذكر أنه منع من القصر في أقل.
وروى هشام بن الغاز، عن نافع: أن ابن عمر قال: ","عَنْ نَافِعٍ, وَوَافَقَهُمَا ابْنُ جُرَيْجٍ، عَنْ نَافِعٍ: أَنَّ ابْنَ عُمَرَ كَانَ لَا يَقْصُرُ فِي أَقَلَّ مِنْ سِتَّةٍ وَتِسْعِينَ مِيلًا.
وَرَوَى مَعْمَرٌ، عَنْ أَيُّوبَ، عَنْ نَافِعٍ: أَنَّ ابْنَ عُمَرَ كَانَ يَقْصُرُ فِي أَرْبَعَةِ بُرُدٍ, وَلَمْ يَذْكُرْ أَنَّهُ مَنَعَ مِنَ الْقَصْرِ فِي أَقَلَّ.
وَرَوَى هِشَامُ بْنُ الْغَازِ، عَنْ نَافِعٍ: أَنَّ ابْنَ عُمَرَ قَالَ: ","عَنْ نَافِعٍ, وَوَافَقَهُمَا ابْنُ جُرَيْجٍ، عَنْ نَافِعٍ: أَنَّ ابْنَ عُمَرَ كَانَ لَا يَقْصُرُ فِي أَقَلَّ مِنْ سِتَّةٍ وَتِسْعِينَ مِيلًا.
وَرَوَى مَعْمَرٌ، عَنْ أَيُّوبَ، عَنْ نَافِعٍ: أَنَّ ابْنَ عُمَرَ كَانَ يَقْصُرُ فِي أَرْبَعَةِ بُرُدٍ, وَلَمْ يَذْكُرْ أَنَّهُ مُنِعَ مِنَ الْقَصْرِ فِي أَقَلَّ.
وَرَوَى هِشَامُ بْنُ الْغَازِ، عَنْ نَافِعٍ: أَنَّ ابْنَ عُمَرَ قَالَ:"
"لأنه أتلف آدميا، ويسقط ضمان نصيبه لنفسه، لأن الإنسان لا يضمن ماله لنفسه. (17/386)
تتمة: وإن أعتقها الضارب بعد ضربها وكان معسرا ثم أسقطت، عتق نصيبه منها ومن ولدها بمجرد العتق، وعليه لشريكه نصف عشر قيمة الأم؛ لأن له نصف جنينها، ولا يجب عليه ضمان ما أعتقه للورثة؛ لأنه لم يوجد منه بعد العتق جناية، ","لِأَنَّهُ أَتْلَفَ آدَمِيًّا، وَيَسْقُطُ ضَمَانُ نَصِيبِهِ لِنَفْسِهِ، لِأَنَّ الْإِنْسَانَ لَا يَضْمَنُ مَالَهُ لِنَفْسِهِ. (17/386)
تَتِمَّةٌ: وَإِنْ أَعْتَقَهَا الضَّارِبُ بَعْدَ ضَرْبِهَا وَكَانَ مُعْسِرًا ثُمَّ أَسْقَطَتْ، عَتَقَ نَصِيبُهُ مِنْهَا وَمِنْ وَلَدِهَا بِمُجَرَّدِ الْعِتْقِ، وَعَلَيْهِ لِشَرِيكِهِ نِصْفُ عُشْرِ قِيمَةِ الْأُمِّ؛ لِأَنَّ لَهُ نِصْفَ جَنِينِهَا، وَلَا يَجِبُ عَلَيْهِ ضَمَانُ مَا أَعْتَقَهُ لِلْوَرَثَةِ؛ لِأَنَّهُ لَمْ يُوجَدْ مِنْهُ بَعْدَ الْعِتْقِ جِنَايَةٌ، ","لِأَنَّهُ أَتْلَفَ آدَمِيًّا، وَيَسْقُطُ ضَمَانُ نَصِيبِهِ لِنَفْسِهِ، لِأَنَّ الْإِنْسَانَ لَا يَضْمَنُ مَالَهُ لِنَفْسِهِ. (17/386)
تَتِمَّةٌ: وَإِنْ أَعْتَقَهَا الضَّارِبُ بَعْدَ ضَرْبِهَا وَكَانَ مُعْسِرًا ثُمَّ أُسْقِطَتْ، عَتَقَ نَصِيبُهُ مِنْهَا وَمِنْ وَلَدِهَا بِمُجَرَّدِ الْعِتْقِ، وَعَلَيْهِ لِشَرِيكِهِ نِصْفُ عُشْرِ قِيمَةِ الْأُمِّ؛ لِأَنَّ لَهُ نِصْفَ جَنِينِهَا، وَلَا يَجِبُ عَلَيْهِ ضَمَانُ مَا أَعْتَقَهُ لِلْوَرَثَةِ؛ لِأَنَّهُ لَمْ يُوجَدْ مِنْهُ بَعْدَ الْعِتْقِ جِنَايَةٌ،"
قوله فصومه خلاف الأولى إلخ) ,قَوْلُهُ فَصَوْمُهُ خِلَافُ الْأَوْلَى إِلَخْ) ,قَوْلُهُ فَصَوْمُهُ خِلَافُ الْأَوْلَى إِلَخْ)
"مقابل لثلث المثمن فيقابل ثلث المدين ثلث مد وثلث درهم ويقابل ثلثا المدين بثلثي مد وثلثي درهم فلا ينفك مقابلة كل جزء من المدين بجزء من المد والدرهم.
ولهذا لو باع شقصا وسيفا بمائة درهم وعشرة دنانير لأخذ الشفيع الشقص بحصته من الدراهم والدنانير، ","مُقَابِلٌ لِثُلُثِ الْمُثَمَّنِ فَيُقَابِلُ ثُلُثُ الْمُدَّيْنِ ثُلُثَ مُدٍّ وَثُلُثَ دِرْهَمٍ وَيُقَابِلُ ثُلُثَا الْمُدَّيْنِ بِثُلُثَيْ مُدٍّ وَثُلُثَيْ دِرْهَمٍ فَلَا يَنْفَكُّ مُقَابَلَةُ كُلِّ جُزْءٍ مِنَ الْمُدَّيْنِ بِجُزْءٍ مِنَ الْمُدِّ وَالدِّرْهَمِ.
وَلِهَذَا لَوْ بَاعَ شِقْصًا وَسَيْفًا بِمِائَةِ دِرْهَمٍ وَعَشَرَةِ دَنَانِيرَ لَأَخَذَ الشَّفِيعُ الشِّقْصَ بِحِصَّتِهِ مِنَ الدَّرَاهِمِ وَالدَّنَانِيرِ، ","مُقَابِلٌ لِثُلُثِ الْمُثَمَّنِ فَيُقَابِلُ ثُلُثَ الْمَدِينِ ثُلُثَ مُدٍّ وَثُلُثَ دِرْهَمٍ وَيُقَابِلُ ثُلُثَا الْمَدِينِ بِثُلُثَيْ مُدٍّ وَثُلُثَيْ دِرْهَمٍ فَلَا يَنْفَكُّ مُقَابَلَةُ كُلِّ جُزْءٍ مِنَ الْمَدِينِ بِجُزْءٍ مِنَ الْمَدِّ وَالدِّرْهَمِ.
وَلِهَذَا لَوْ بَاعَ شِقْصًا وَسَيْفًا بِمِائَةِ دِرْهَمٍ وَعَشَرَةِ دَنَانِيرَ لَأَخَذَ الشَّفِيعُ الشِّقْصَ بِحِصَّتِهِ مِنَ الدَّرَاهِمِ وَالدَّنَانِيرِ،"
"أي المفسد بجماع أو إنزال - سواء ظن إباحة قطعه لفساده أم لا - (فهو باق على إحرامه) أبدا ما عاش.
الشرح
قوله: [بلا خلاف بين الأئمة الأربعة] : أي خلافا لداود الظاهري.
قوله: [إما لوقوع الفساد] : بكسر الهمزة تنويع في عدم فوات الوقوف. (3/494)
(فإن أحرم) : أي جدد إحراما بعد حصول الفساد لظنه بطلان ما كان فيه واستأنف غيره (فلغو) : ","أَيِ الْمُفْسَدَ بِجِمَاعٍ أَوْ إِنْزَالٍ - سَوَاءٌ ظَنَّ إِبَاحَةَ قَطْعِهِ لِفَسَادِهِ أَمْ لَا - (فَهُوَ بَاقٍ عَلَى إِحْرَامِهِ) أَبَدًا مَا عَاشَ.
الشَّرْحُ
قَوْلُهُ: [بِلَا خِلَافٍ بَيْنَ الْأَئِمَّةِ الْأَرْبَعَةِ] : أَيْ خِلَافًا لِدَاوُدَ الظَّاهِرِيِّ.
قَوْلُهُ: [إِمَّا لِوُقُوعِ الْفَسَادِ] : بِكَسْرِ الْهَمْزَةِ تَنْوِيعٌ فِي عَدَمِ فَوَاتِ الْوُقُوفِ. (3/494)
(فَإِنْ أَحْرَمَ) : أَيْ جَدَّدَ إِحْرَامًا بَعْدَ حُصُولِ الْفَسَادِ لِظَنِّهِ بُطْلَانَ مَا كَانَ فِيهِ وَاسْتَأْنَفَ غَيْرَهُ (فَلَغْوٌ) : ","أَيِ الْمُفْسِدِ بِجِمَاعٍ أَوْ إِنْزَالٍ - سَوَاءٌ ظَنَّ إِبَاحَةَ قَطْعِهِ لِفَسَادِهِ أَمْ لَا - (فَهُوَ بَاقٍ عَلَى إِحْرَامِهِ) أَبَدًا مَا عَاشَ.
الشَّرْحُ
قَوْلُهُ: [بِلَا خِلَافٍ بَيْنَ الْأَئِمَّةِ الْأَرْبَعَةِ] : أَيْ خِلَافًا لِدَاوُد الظَّاهِرِيِّ.
قَوْلُهُ: [إِمَّا لِوُقُوعِ الْفَسَادِ] : بِكَسْرِ الْهَمْزَةِ تَنْوِيعٌ فِي عَدَمِ فَوَاتِ الْوُقُوفِ. (3/494)
(فَإِنْ أَحْرَمَ) : أَيْ جَدَّدَ إِحْرَامًا بَعْدَ حُصُولِ الْفَسَادِ لِظَنِّهِ بُطْلَانَ مَا كَانَ فِيهِ وَاسْتَأْنَفَ غَيْرَهُ (فَلَغْوٌ) :"
وفي الاكتفاء بنساء أو رجال أو بالمجموع تردد، وحكم الخنثى المشكل حكم المرأة، وإذا امتنع المحرم أو الزوج من الخروج معها إلا بأجرة لزمها، ,وَفِي الِاكْتِفَاءِ بِنِسَاءٍ أَوْ رِجَالٍ أَوْ بِالْمَجْمُوعِ تَرَدُّدٌ، وَحُكْمُ الْخُنْثَى الْمُشْكِلِ حُكْمُ الْمَرْأَةِ، وَإِذَا امْتَنَعَ الْمَحْرَمُ أَوِ الزَّوْجُ مِنَ الْخُرُوجِ مَعَهَا إِلَّا بِأُجْرَةٍ لَزِمَهَا، ,وَفِي الِاكْتِفَاءِ بِنِسَاءٍ أَوْ رِجَالٍ أَوْ بِالْمَجْمُوعِ تَرَدُّدٌ، وَحُكْمُ الْخُنْثَى الْمُشْكِلِ حُكْمُ الْمَرْأَةِ، وَإِذَا امْتَنَعَ الْمَحْرَمُ أَوِ الزَّوْجُ مِنَ الْخُرُوجِ مَعَهَا إِلَّا بِأُجْرَةٍ لَزِمَهَا،
أي إن شاء يفسخ لعدم انعقاد البيع حقيقة إذ لم يوجد المبيع المعين فيكون أخذه بكل الثمن على وجه التعاطي (والزائد له) أي للمشتري بالثمن بلا زيادة قضاء وليس له ديانة كما في القهستاني (بلا خيار للبائع) ,أَيْ إِنْ شَاءَ يَفْسَخُ لِعَدَمِ انْعِقَادِ الْبَيْعِ حَقِيقَةً إِذْ لَمْ يُوجَدِ الْمَبِيعُ الْمُعَيَّنُ فَيَكُونُ أَخَذَهُ بِكُلِّ الثَّمَنِ عَلَى وَجْهِ التَّعَاطِي (وَالزَّائِدُ لَهُ) أَيْ لِلْمُشْتَرِي بِالثَّمَنِ بِلَا زِيَادَةٍ قَضَاءً وَلَيْسَ لَهُ دِيَانَةٌ كَمَا فِي الْقُهُسْتَانِيِّ (بِلَا خِيَارٍ لِلْبَائِعِ) ,أَيْ إِنْ شَاءَ يَفْسَخُ لِعَدَمِ انْعِقَادِ الْبَيْعِ حَقِيقَةً إِذْ لَمْ يُوجَدِ الْمَبِيعُ الْمُعَيَّنُ فَيَكُونُ أَخْذُهُ بِكُلِّ الثَّمَنِ عَلَى وَجْهِ التَّعَاطِي (وَالزَّائِدُ لَهُ) أَيْ لِلْمُشْتَرِي بِالثَّمَنِ بِلَا زِيَادَةِ قَضَاءٍ وَلَيْسَ لَهُ دِيَانَةٌ كَمَا فِي الْقُهُسْتَانِيِّ (بِلَا خِيَارٍ لِلْبَائِعِ)
"فإن قيل: وهي المسألة الخامسة فقد قال تعالى: {والأنثى بالأنثى} [فلم يقتل الذكر بالأنثى] .
قلنا: ذلك ثابت بالإجماع، وهو دليل آخر، ولو تركنا هذا التقسيم لقلنا: لا يقتل الذكر بالأنثى.
فإن قيل: إذا قتل الرجل زوجه لم لم تقولوا: ينتصب النكاح شبهة في درء القصاص عن الزوج كما انتصب النسب الذي هو فرعه شبهة في درء القصاص عن النسب؛ ","فَإِنْ قِيلَ: وَهِيَ الْمَسْأَلَةُ الْخَامِسَةُ فَقَدْ قَالَ تَعَالَى: {وَالْأُنْثَى بِالْأُنْثَى} [فَلَمْ يُقْتَلُ الذَّكَرُ بِالْأُنْثَى] .
قُلْنَا: ذَلِكَ ثَابِتٌ بِالْإِجْمَاعِ، وَهُوَ دَلِيلٌ آخَرُ، وَلَوْ تَرَكْنَا هَذَا التَّقْسِيمَ لَقُلْنَا: لَا يُقْتَلُ الذَّكَرُ بِالْأُنْثَى.
فَإِنْ قِيلَ: إِذَا قَتَلَ الرَّجُلُ زَوْجَهُ لِمَ لَمْ تَقُولُوا: يَنْتَصِبُ النِّكَاحُ شُبْهَةً فِي دَرْءِ الْقِصَاصِ عَنِ الزَّوْجِ كَمَا انْتَصَبَ النَّسَبُ الَّذِي هُوَ فَرْعُهُ شُبْهَةً فِي دَرْءِ الْقِصَاصِ عَنِ النَّسَبِ؛ ","فَإِنْ قِيلَ: وَهِيَ الْمَسْأَلَةُ الْخَامِسَةُ فَقَدْ قَالَ تَعَالَى: {وَالْأُنْثَى بِالْأُنْثَى} [فَلَمْ يُقْتَلِ الذَّكَرُ بِالْأُنْثَى] .
قُلْنَا: ذَلِكَ ثَابِتٌ بِالْإِجْمَاعِ، وَهُوَ دَلِيلٌ آخَرُ، وَلَوْ تَرَكْنَا هَذَا التَّقْسِيمَ لَقُلْنَا: لَا يُقْتَلُ الذَّكَرُ بِالْأُنْثَى.
فَإِنْ قِيلَ: إِذَا قَتَلَ الرَّجُلُ زَوْجَهُ لِمَ لَمْ تَقُولُوا: يَنْتَصِبُ النِّكَاحُ شُبْهَةً فِي دَرْءِ الْقِصَاصِ عَنِ الزَّوْجِ كَمَا انْتَصَبَ النَّسَبُ الَّذِي هُوَ فَرْعُهُ شُبْهَةً فِي دَرْءِ الْقِصَاصِ عَنِ النَّسَبِ؛"
"وكذلك لو منع المالك عن المواشي حتى ضاعت المواشي لا يضمن، ولو نقلها عن موضعها يصير غاصبا انتهى. (2/394)
وحكم الغصب الإثم، ويجب على الغاصب رد المغصوب لو كان قائما في مكان غصبه لتفاوت القيم باختلاف الأمكنة، وأجرة الرد على الغاصب هذه في عارية الهداية، وإن كان هالكا ولو بآفة سماوية أو عجز عن رده بأن كان عبدا فأبق، ","وَكَذَلِكَ لَوْ مُنِعَ الْمَالِكُ عَنِ الْمَوَاشِي حَتَّى ضَاعَتِ الْمَوَاشِي لَا يَضْمَنُ، وَلَوْ نَقَلَهَا عَنْ مَوْضِعِهَا يَصِيرُ غَاصِبًا انْتَهَى. (2/394)
وَحُكْمُ الْغَصْبِ الْإِثْمُ، وَيَجِبُ عَلَى الْغَاصِبِ رَدُّ الْمَغْصُوبِ لَوْ كَانَ قَائِمًا فِي مَكَانِ غَصْبِهِ لِتَفَاوُتِ الْقِيَمِ بِاخْتِلَافِ الْأَمْكِنَةِ، وَأُجْرَةُ الرَّدِّ عَلَى الْغَاصِبِ هَذِهِ فِي عَارِيَّةِ الْهِدَايَةِ، وَإِنْ كَانَ هَالِكًا وَلَوْ بِآفَةٍ سَمَاوِيَّةٍ أَوْ عَجَزَ عَنْ رَدِّهِ بِأَنْ كَانَ عَبْدًا فَأَبَقَ، ","وَكَذَلِكَ لَوْ مَنَعَ الْمَالِكَ عَنِ الْمَوَاشِي حَتَّى ضَاعَتِ الْمَوَاشِي لَا يَضْمَنُ، وَلَوْ نَقَلَهَا عَنْ مَوْضِعِهَا يَصِيرُ غَاصِبًا انْتَهَى. (2/394)
وَحُكْمُ الْغَصْبِ الْإِثْمُ، وَيَجِبُ عَلَى الْغَاصِبِ رَدُّ الْمَغْصُوبِ لَوْ كَانَ قَائِمًا فِي مَكَانِ غَصْبِهِ لِتَفَاوُتِ الْقِيَمِ بِاخْتِلَافِ الْأَمْكِنَةِ، وَأُجْرَةُ الرَّدِّ عَلَى الْغَاصِبِ هَذِهِ فِي عَارِيَّةِ الْهِدَايَةِ، وَإِنْ كَانَ هَالِكًا وَلَوْ بِآفَةٍ سَمَاوِيَّةٍ أَوْ عَجَزَ عَنْ رَدِّهِ بِأَنْ كَانَ عَبْدًا فَأَبَقَ،"
"إذا باشر امرأته مباشرة فاحشة بتجرد وانتشار وملاقاة الفرج بالفرج ففيه الوضوء في قول أبي حنيفة وأبي يوسف - رحمهما الله تعالى - استحسانا وقال محمد رحمه الله تعالى: لا وضوء عليه وهو القياس.
كذا في المحيط وفي النصاب هو الصحيح وفي الينابيع وعليه الفتوى.
","إِذَا بَاشَرَ امْرَأَتَهُ مُبَاشَرَةً فَاحِشَةً بِتَجَرُّدٍ وَانْتِشَارٍ وَمُلَاقَاةِ الْفَرْجِ بِالْفَرْجِ فَفِيهِ الْوُضُوءُ فِي قَوْلِ أَبِي حَنِيفَةَ وَأَبِي يُوسُفَ - رَحِمَهُمَا اللَّهُ تَعَالَى - اسْتِحْسَانًا وَقَالَ مُحَمَّدٌ رَحِمَهُ اللَّهُ تَعَالَى: لَا وُضُوءَ عَلَيْهِ وَهُوَ الْقِيَاسُ.
كَذَا فِي الْمُحِيطِ وَفِي النِّصَابِ هُوَ الصَّحِيحُ وَفِي الْيَنَابِيعِ وَعَلَيْهِ الْفَتْوَى.
","إِذَا بَاشَرَ امْرَأَتَهُ مُبَاشَرَةً فَاحِشَةً بِتَجَرُّدٍ وَانْتِشَارٍ وَمُلَاقَاةِ الْفَرْجِ بِالْفَرْجِ فَفِيهِ الْوُضُوءُ فِي قَوْلِ أَبِي حَنِيفَةَ وَأَبِي يُوسُفَ - رَحِمَهُمَا اللَّهُ تَعَالَى - اسْتِحْسَانًا وَقَالَ مُحَمَّدٌ رَحِمَهُ اللَّهُ تَعَالَى: لَا وُضُوءَ عَلَيْهِ وَهُوَ الْقِيَاسُ.
كَذَا فِي الْمُحِيطِ وَفِي النِّصَابِ هُوَ الصَّحِيحُ وَفِي الْيَنَابِيعِ وَعَلَيْهِ الْفَتْوَى."
"ثم قرأ قوله تعالى: {فإنما عليه ما حمل وعليكم ما حملتم} .
الآية.
وعن جماعة من الصحابة رضوان الله عليهم قالوا: إذا عدل السلطان فعلى الرعية الشكر، وللسلطان الأجر.
وإذا جار فعلى الرعية الصبر، وعلى السلطان الوزر.
فهذا كله لبيان أنه لا ينبغي أن يترك الجهاد بما يصنعه الأمراء من الجور والغلول.
قال: ","ثُمَّ قَرَأَ قَوْله تَعَالَى: {فَإِنَّمَا عَلَيْهِ مَا حُمِّلَ وَعَلَيْكُمْ مَا حُمِّلْتُمْ} .
الْآيَةَ.
وَعَنْ جَمَاعَةٍ مِنَ الصَّحَابَةِ رِضْوَانُ اللَّهِ عَلَيْهِمْ قَالُوا: إِذَا عَدَلَ السُّلْطَانُ فَعَلَى الرَّعِيَّةِ الشُّكْرُ، وَلِلسُّلْطَانِ الْأَجْرُ.
وَإِذَا جَارَ فَعَلَى الرَّعِيَّةِ الصَّبْرُ، وَعَلَى السُّلْطَانِ الْوِزْرُ.
فَهَذَا كُلُّهُ لِبَيَانِ أَنَّهُ لَا يَنْبَغِي أَنْ يَتْرُكَ الْجِهَادَ بِمَا يَصْنَعُهُ الْأُمَرَاءُ مِنَ الْجَوْرِ وَالْغُلُولِ.
قَالَ: ","ثُمَّ قَرَأَ قَوْله تَعَالَى: {فَإِنَّمَا عَلَيْهِ مَا حَمَلَ وَعَلَيْكُمْ مَا حَمَلْتُمْ} .
الْآيَةَ.
وَعَنْ جَمَاعَةٍ مِنَ الصَّحَابَةِ رِضْوَانُ اللَّهِ عَلَيْهِمْ قَالُوا: إِذَا عَدَلَ السُّلْطَانُ فَعَلَى الرَّعِيَّةِ الشُّكْرُ، وَلِلسُّلْطَانِ الْأَجْرُ.
وَإِذَا جَارَ فَعَلَى الرَّعِيَّةِ الصَّبْرُ، وَعَلَى السُّلْطَانِ الْوِزْرُ.
فَهَذَا كُلُّهُ لِبَيَانِ أَنَّهُ لَا يَنْبَغِي أَنْ يُتْرَكَ الْجِهَادُ بِمَا يَصْنَعُهُ الْأُمَرَاءُ مِنَ الْجَوْرِ وَالْغُلُولِ.
قَالَ:"
"بخلاف الاختلاف في وصف الثمن أو جنسه فإنه بمنزلة الاختلاف في القول في جريان التحالف لأن ذلك يرجع إلى نفس الثمن فإن الثمن دين وهو يعرف بالوصف ولا كذلك الأجل ألا ترى أن الثمن موجود بعد مضيه بحر. (23/12)
(ولا) تحالف إذا اختلفا (بعد هلاك المبيع) أو خروجه عن ملكه أو تعيبه بما لا يرد به (وحلف المشتري) ","بِخِلَافِ الِاخْتِلَافِ فِي وَصْفِ الثَّمَنِ أَوْ جِنْسِهِ فَإِنَّهُ بِمَنْزِلَةِ الِاخْتِلَافِ فِي الْقَوْلِ فِي جَرَيَانِ التَّحَالُفِ لِأَنَّ ذَلِكَ يَرْجِعُ إِلَى نَفْسِ الثَّمَنِ فَإِنَّ الثَّمَنَ دَيْنٌ وَهُوَ يُعْرَفُ بِالْوَصْفِ وَلَا كَذَلِكَ الْأَجَلُ أَلَا تَرَى أَنَّ الثَّمَنَ مَوْجُودٌ بَعْدَ مُضِيِّهِ بَحْرٌ. (23/12)
(وَلَا) تَحَالُفَ إِذَا اخْتَلَفَا (بَعْدَ هَلَاكِ الْمَبِيعِ) أَوْ خُرُوجِهِ عَنْ مِلْكِهِ أَوْ تَعَيُّبِهِ بِمَا لَا يُرَدُّ بِهِ (وَحَلَفَ الْمُشْتَرِي) ","بِخِلَافِ الِاخْتِلَافِ فِي وَصْفِ الثَّمَنِ أَوْ جِنْسِهِ فَإِنَّهُ بِمَنْزِلَةِ الِاخْتِلَافِ فِي الْقَوْلِ فِي جَرَيَانِ التَّحَالُفِ لِأَنَّ ذَلِكَ يَرْجِعُ إِلَى نَفْسِ الثَّمَنِ فَإِنَّ الثَّمَنَ دَيْنٌ وَهُوَ يُعْرَفُ بِالْوَصْفِ وَلَا كَذَلِكَ الْأَجَلُ أَلَا تَرَى أَنَّ الثَّمَنَ مَوْجُودٌ بَعْدَ مُضِيِّهِ بَحْرٌ. (23/12)
(وَلَا) تَحَالُفَ إِذَا اخْتَلَفَا (بَعْدَ هَلَاكِ الْمَبِيعِ) أَوْ خُرُوجِهِ عَنْ مِلْكِهِ أَوْ تَعَيُّبِهِ بِمَا لَا يُرَدُّ بِهِ (وَحَلَفَ الْمُشْتَرِي)"
"عن محمد بن قيس، قوله: أشده خمس عشرة سنة.
قوله تعالى: وأوفوا الكيل والميزان بالقسط
حدثنا أبو زرعة، ثنا منجاب بن الحارث، أنبأنا بشر بن عمارة، عن أبي روق، عن الضحاك، عن ابن عباس، في قول الله: بالقسط ، قال: يعني: بالعدل.
قوله تعالى: لا نكلف نفسا إلا وسعها
حدثنا أبي، ","عَنْ مُحَمَّدِ بْنِ قَيْسٍ، قَوْلُهُ: أَشَدَّهُ خَمْسَ عَشْرَةَ سَنَةً.
قَوْلُهُ تَعَالَى: وَأَوْفُوا الْكَيْلَ وَالْمِيزَانَ بِالْقِسْطِ
حَدَّثَنَا أَبُو زُرْعَةَ، ثنَا مِنْجَابُ بْنُ الْحَارِثِ، أَنْبَأَنَا بِشْرُ بْنُ عُمَارَةَ، عَنْ أَبِي رَوْقٍ، عَنِ الضَّحَاكِ، عَنِ ابْنِ عَبَّاسٍ، فِي قَوْلِ اللَّهِ: بِالْقِسْطِ ، قَالَ: يَعْنِي: بِالْعَدْلِ.
قَوْلُهُ تَعَالَى: لَا نُكَلِّفُ نَفْسًا إِلَا وُسْعَهَا
حَدَّثَنَا أَبِي، ","عَنْ مُحَمَّدِ بْنِ قَيْسٍ، قَوْلُهُ: أَشَدُّهُ خَمْسَ عَشْرَةَ سَنَةً.
قَوْلُهُ تَعَالَى: وَأَوْفُوا الْكَيْلَ وَالْمِيزَانَ بِالْقِسْطِ
حَدَّثَنَا أَبُو زُرْعَةَ، ثنَا مِنْجَابُ بْنُ الْحَارِثِ، أَنْبَأَنَا بِشْرُ بْنُ عُمَارَةَ، عَنْ أَبِي رَوْقٍ، عَنِ الضَّحَّاكِ، عَنِ ابْنِ عَبَّاسٍ، فِي قَوْلِ اللَّهِ: بِالْقِسْطِ ، قَالَ: يَعْنِي: بِالْعَدْلِ.
قَوْلُهُ تَعَالَى: لَا نُكَلِّفُ نَفْسًا إِلَا وُسْعَهَا
حَدَّثَنَا أَبِي،"
"لأن البراءة منهم جميعا لم تثبت إلا اقتضاء في ضمن العتق وإذا لم يثبت المقتضي لا يثبت المقتضى وهو إبراء البعض، كما في البرهان. (5/141)
(تحته) أي المكاتب (أمة طلقها ثنتين) فحصلت حرمة غليظة (فملكها لا تحل له) أي لا يجوز له أن ينكحها (حتى تنكح) تلك المرأة زوجا (غيره) أي المكاتب لقوله تعالى {","لِأَنَّ الْبَرَاءَةَ مِنْهُمْ جَمِيعًا لَمْ تَثْبُتْ إِلَّا اقْتِضَاءً فِي ضِمْنِ الْعِتْقِ وَإِذَا لَمْ يَثْبُتِ الْمُقْتَضِي لَا يَثْبُتِ الْمُقْتَضَى وَهُوَ إِبْرَاءُ الْبَعْضِ، كَمَا فِي الْبُرْهَانِ. (5/141)
(تَحْتَهُ) أَيِ الْمُكَاتَبِ (أَمَةٌ طَلَّقَهَا ثِنْتَيْنِ) فَحَصَلَتْ حُرْمَةٌ غَلِيظَةٌ (فَمَلَكَهَا لَا تَحِلُّ لَهُ) أَيْ لَا يَجُوزُ لَهُ أَنْ يَنْكِحَهَا (حَتَّى تَنْكِحَ) تِلْكَ الْمَرْأَةُ زَوْجًا (غَيْرَهُ) أَيِ الْمُكَاتَبِ لِقَوْلِهِ تَعَالَى {","لِأَنَّ الْبَرَاءَةَ مِنْهُمْ جَمِيعًا لَمْ تَثْبُتْ إِلَّا اقْتِضَاءً فِي ضِمْنِ الْعِتْقِ وَإِذَا لَمْ يَثْبُتِ الْمُقْتَضِي لَا يَثْبُتُ الْمُقْتَضَى وَهُوَ إِبْرَاءُ الْبَعْضِ، كَمَا فِي الْبُرْهَانِ. (5/141)
(تَحْتَهُ) أَيِ الْمُكَاتَبِ (أَمَةٌ طَلَّقَهَا ثِنْتَيْنِ) فَحَصَلَتْ حُرْمَةٌ غَلِيظَةٌ (فَمَلَكَهَا لَا تَحِلُّ لَهُ) أَيْ لَا يَجُوزُ لَهُ أَنْ يَنْكِحَهَا (حَتَّى تَنْكِحَ) تِلْكَ الْمَرْأَةُ زَوْجًا (غَيْرَهُ) أَيِ الْمُكَاتَبِ لِقَوْلِهِ تَعَالَى {"
"لأن من في دار الحرب من أهل الحرب في حق من هو من أهل دار الإسلام كالميت، قال الله تعالى: {أومن كان ميتا فأحييناه} 3640 - واختلفت الرواية في رد رسول الله صلى الله عليه وآله وسلم، ابنته زينب رضي الله تعالى عنها، على أبي العاص، فروى عمرو بن شعيب عن (5/91)
","لِأَنَّ مَنْ فِي دَارِ الْحَرْبِ مِنْ أَهْلِ الْحَرْبِ فِي حَقِّ مَنْ هُوَ مِنْ أَهْلِ دَارِ الْإِسْلَامِ كَالْمَيِّتِ، قَالَ اللَّهُ تَعَالَى: {أَوَمَنْ كَانَ مَيْتًا فَأَحْيَيْنَاهُ} 3640 - وَاخْتَلَفَتِ الرِّوَايَةُ فِي رَدِّ رَسُولِ اللَّهِ صَلَّى اللَّهُ عَلَيْهِ وَآلِهِ وَسَلَّمَ، ابْنَتَهُ زَيْنَبَ رَضِيَ اللَّهُ تَعَالَى عَنْهَا، عَلَى أَبِي الْعَاصِ، فَرَوَى عَمْرُو بْنُ شُعَيْبٍ عَنْ (5/91)
",لِأَنَّ مَنْ فِي دَارِ الْحَرْبِ مِنْ أَهْلِ الْحَرْبِ فِي حَقِّ مَنْ هُوَ مِنْ أَهْلِ دَارِ الْإِسْلَامِ كَالْمَيِّتِ، قَالَ اللَّهُ تَعَالَى: {أَوَمَنْ كَانَ مَيِّتًا فَأَحْيَيْنَاهُ} 3640 - وَاخْتَلَفَتِ الرِّوَايَةُ فِي رَدِّ رَسُولِ اللَّهِ صَلَّى اللَّهُ عَلَيْهِ وَآلِهِ وَسَلَّمَ، ابْنَتَهُ زَيْنَبَ رَضِيَ اللَّهُ تَعَالَى عَنْهَا، عَلَى أَبِي الْعَاصِ، فَرَوَى عَمْرُو بْنُ شُعَيْبٍ عَنْ (5/91)
أي المأمور (أمين فيه) أي في الخصوص المزبور (وقد ادعى الخروج عن عهدة الأمانة والآمر يدعي عليه ضمان خمسمائة وهو) أي المأمور (ينكر) والقول قول المنكر (فإن كانت) أي الجارية (تساوي خمسمائة فالقول قول الآمر؛ لأنه) أي الوكيل (خالف) أي خالف الآمر إلى شر (حيث اشترى جارية تساوي خمسمائة والأمر يتناول ما يساوي ألفا) ,أَيِ الْمَأْمُورَ (أَمِينٌ فِيهِ) أَيْ فِي الْخُصُوصِ الْمَزْبُورِ (وَقَدِ ادَّعَى الْخُرُوجَ عَنْ عُهْدَةِ الْأَمَانَةِ وَالْآمِرُ يَدَّعِي عَلَيْهِ ضَمَانَ خَمْسِمِائَةٍ وَهُوَ) أَيِ الْمَأْمُورُ (يُنْكِرُ) وَالْقَوْلُ قَوْلُ الْمُنْكِرِ (فَإِنْ كَانَتْ) أَيِ الْجَارِيَةُ (تُسَاوِي خَمْسَمِائَةٍ فَالْقَوْلُ قَوْلُ الْآمِرِ؛ لِأَنَّهُ) أَيِ الْوَكِيلُ (خَالَفَ) أَيْ خَالَفَ الْآمِرَ إِلَى شَرٍّ (حَيْثُ اشْتَرَى جَارِيَةً تُسَاوِي خَمْسَمِائَةٍ وَالْأَمْرُ يَتَنَاوَلُ مَا يُسَاوِي أَلْفًا) ,أَيِ الْمَأْمُورُ (أَمِينٌ فِيهِ) أَيْ فِي الْخُصُوصِ الْمَزْبُورِ (وَقَدِ ادَّعَى الْخُرُوجَ عَنْ عُهْدَةِ الْأَمَانَةِ وَالْآمِرُ يَدَّعِي عَلَيْهِ ضَمَانَ خَمْسِمِائَةٍ وَهُوَ) أَيِ الْمَأْمُورُ (يُنْكِرُ) وَالْقَوْلُ قَوْلُ الْمُنْكِرِ (فَإِنْ كَانَتْ) أَيِ الْجَارِيَةُ (تُسَاوِي خَمْسَمِائَةٍ فَالْقَوْلُ قَوْلُ الْآمِرِ؛ لِأَنَّهُ) أَيِ الْوَكِيلَ (خَالَفَ) أَيْ خَالَفَ الْآمِرَ إِلَى شَرٍّ (حَيْثُ اشْتَرَى جَارِيَةً تُسَاوِي خَمْسَمِائَةٍ وَالْأَمْرُ يَتَنَاوَلُ مَا يُسَاوِي أَلْفًا)
"غير أن الحجة قاصرة وهي الإقرار، فمن حيث الفسخ كان له أن يخاصمه، ومن حيث القصور لا يلزم الموكل إلا (11/176)
بحجة، ولو كان العيب لا يحدث مثله والرد بغير قضاء بإقراره يلزم الموكل من غير خصومة في رواية؛ ","غَيْرَ أَنَّ الْحُجَّةَ قَاصِرَةٌ وَهِيَ الْإِقْرَارُ، فَمِنْ حَيْثُ الْفَسْخُ كَانَ لَهُ أَنْ يُخَاصِمَهُ، وَمِنْ حَيْثُ الْقُصُورُ لَا يَلْزَمُ الْمُوَكِّلَ إِلَّا (11/176)
بِحُجَّةٍ، وَلَوْ كَانَ الْعَيْبُ لَا يَحْدُثُ مِثْلُهُ وَالرَّدُّ بِغَيْرِ قَضَاءٍ بِإِقْرَارِهِ يَلْزَمُ الْمُوَكِّلَ مِنْ غَيْرِ خُصُومَةٍ فِي رِوَايَةٍ؛ ","غَيْرَ أَنَّ الْحُجَّةَ قَاصِرَةٌ وَهِيَ الْإِقْرَارُ، فَمِنْ حَيْثُ الْفَسْخُ كَانَ لَهُ أَنْ يُخَاصِمَهُ، وَمِنْ حَيْثُ الْقُصُورُ لَا يَلْزَمُ الْمُوَكِّلَ إِلَّا (11/176)
بِحُجَّةٍ، وَلَوْ كَانَ الْعَيْبُ لَا يَحْدُثُ مِثْلُهُ وَالرَّدُّ بِغَيْرِ قَضَاءٍ بِإِقْرَارِهِ يَلْزَمُ الْمُوَكِّلَ مِنْ غَيْرِ خُصُومَةٍ فِي رِوَايَةٍ؛"
"وإن كان صلى أربعا كانتا ترغيما للشيطان} رواه أحمد ومسلم.
وحديث ابن مسعود مرفوعا {إذا شك أحدكم في صلاته، فليتحر الصواب ليتم عليه، ثم ليسلم، ثم ليسجد سجدتين} رواه الجماعة إلا الترمذي فتحري الصواب فيه: هو استعمال اليقين لأنه أحوط، وجمعا بين الأخبار (ولا يرجع) مأموم (واحد) ليس معه مأموم غيره (إلى فعل إمامه) ","وَإِنْ كَانَ صَلَّى أَرْبَعًا كَانَتَا تَرْغِيمًا لِلشَّيْطَانِ} رَوَاهُ أَحْمَدُ وَمُسْلِمٌ.
وَحَدِيثِ ابْنِ مَسْعُودٍ مَرْفُوعًا {إِذَا شَكَّ أَحَدُكُمْ فِي صَلَاتِهِ، فَلْيَتَحَرَّ الصَّوَابَ لِيُتِمَّ عَلَيْهِ، ثُمَّ لِيُسَلِّمْ، ثُمَّ لِيَسْجُدْ سَجْدَتَيْنِ} رَوَاهُ الْجَمَاعَةُ إِلَّا التِّرْمِذِيَّ فَتَحَرِّي الصَّوَابِ فِيهِ: هُوَ اسْتِعْمَالُ الْيَقِينِ لِأَنَّهُ أَحْوَطُ، وَجَمْعًا بَيْنَ الْأَخْبَارِ (وَلَا يَرْجِعُ) مَأْمُومٌ (وَاحِدٌ) لَيْسَ مَعَهُ مَأْمُومٌ غَيْرُهُ (إِلَى فِعْلِ إِمَامِهِ) ","وَإِنْ كَانَ صَلَّى أَرْبَعًا كَانَتَا تَرْغِيمًا لِلشَّيْطَانِ} رَوَاهُ أَحْمَدُ وَمُسْلِمٌ.
وَحَدِيثُ ابْنِ مَسْعُودٍ مَرْفُوعًا {إِذَا شَكَّ أَحَدُكُمْ فِي صَلَاتِهِ، فَلْيَتَحَرَّ الصَّوَابَ لِيُتِمَّ عَلَيْهِ، ثُمَّ لِيُسَلِّمْ، ثُمَّ لِيَسْجُدْ سَجْدَتَيْنِ} رَوَاهُ الْجَمَاعَةُ إِلَّا التِّرْمِذِيَّ فَتَحَرِّي الصَّوَابِ فِيهِ: هُوَ اسْتِعْمَالُ الْيَقِينِ لِأَنَّهُ أَحْوَطُ، وَجَمْعًا بَيْنَ الْأَخْبَارِ (وَلَا يَرْجِعُ) مَأْمُومٌ (وَاحِدٌ) لَيْسَ مَعَهُ مَأْمُومٌ غَيْرُهُ (إِلَى فِعْلِ إِمَامِهِ)"
"وقد ذكر ابن فتحون في ذيله على (7/25)
الاستيعاب يعقوب هذا في الصحابة رضي الله عنهم وذكر أنه سماه في الحديث البخاري ومسلم وذكره البخاري وهم وقوله {فاشتراه ابن النحام} كذا وقع في مسند أحمد وفي الصحيحين وغيرهما {فاشتراه نعيم بن النحام} قال النووي في شرح مسلم: ","وَقَدْ ذَكَرَ ابْنُ فَتْحُونٍ فِي ذَيْلِهِ عَلَى (7/25)
الِاسْتِيعَابِ يَعْقُوبُ هَذَا فِي الصَّحَابَةِ رَضِيَ اللَّهُ عَنْهُمْ وَذَكَرَ أَنَّهُ سَمَّاهُ فِي الْحَدِيثِ الْبُخَارِيُّ وَمُسْلِمٌ وَذَكَرَهُ الْبُخَارِيُّ وَهْمٌ وَقَوْلُهُ {فَاشْتَرَاهُ ابْنُ النَّحَّامِ} كَذَا وَقَعَ فِي مُسْنَدِ أَحْمَدَ وَفِي الصَّحِيحَيْنِ وَغَيْرِهِمَا {فَاشْتَرَاهُ نُعَيْمُ بْنُ النَّحَّامِ} قَالَ النَّوَوِيُّ فِي شَرْحِ مُسْلِمٍ: ","وَقَدْ ذَكَرَ ابْنُ فَتْحُونٍ فِي ذَيْلِهِ عَلَى (7/25)
الِاسْتِيعَابِ يَعْقُوبَ هَذَا فِي الصَّحَابَةِ رَضِيَ اللَّهُ عَنْهُمْ وَذَكَرَ أَنَّهُ سَمَّاهُ فِي الْحَدِيثِ الْبُخَارِيِّ وَمُسْلِمٍ وَذَكَرَهُ الْبُخَارِيُّ وَهُمْ وَقَوْلُهُ {فَاشْتَرَاهُ ابْنُ النَّحَّامِ} كَذَا وَقَعَ فِي مُسْنَدِ أَحْمَدَ وَفِي الصَّحِيحَيْنِ وَغَيْرِهِمَا {فَاشْتَرَاهُ نُعَيْمُ بْنُ النَّحَّامِ} قَالَ النَّوَوِيُّ فِي شَرْحِ مُسْلِمٍ:"
"إن بنت أو انفسخ نكاحك فأنت طالق قبله ثلاثا.
ثم بانت منه بخلع أو غيره أو انفسخ نكاحها لمقتض فلا تطلق؛ لأنه بالإبانة لم يبق للطلاق محل يقع فيه. (9/394)
(و) إن قال لإحدى امرأتيه (كلما طلقت ضرتك فأنت طالق.
ثم قال مثله للضرة ثم طلق الأولى) فقال لها أنت طالق (طلقت الضرة طلقة) ","إِنْ بِنْتِ أَوِ انْفَسَخَ نِكَاحُكِ فَأَنْتِ طَالِقٌ قَبْلَهُ ثَلَاثًا.
ثُمَّ بَانَتْ مِنْهُ بِخُلْعٍ أَوْ غَيْرِهِ أَوِ انْفَسَخَ نِكَاحُهَا لِمُقْتَضٍ فَلَا تَطْلُقُ؛ لِأَنَّهُ بِالْإِبَانَةِ لَمْ يَبْقَ لِلطَّلَاقِ مَحَلٌّ يَقَعُ فِيهِ. (9/394)
(وَ) إِنْ قَالَ لِإِحْدَى امْرَأَتَيْهِ (كُلَّمَا طَلَّقْتُ ضَرَّتَكِ فَأَنْتِ طَالِقٌ.
ثُمَّ قَالَ مِثْلَهُ لِلضَّرَّةِ ثُمَّ طَلَّقَ الْأُولَى) فَقَالَ لَهَا أَنْتِ طَالِقٌ (طَلُقَتِ الضَّرَّةُ طَلْقَةً) ","إِنْ بَنَتْ أَوِ انْفَسَخَ نِكَاحُكِ فَأَنْتِ طَالِقٌ قَبْلَهُ ثَلَاثًا.
ثُمَّ بَانَتْ مِنْهُ بِخُلْعٍ أَوْ غَيْرِهِ أَوِ انْفَسَخَ نِكَاحُهَا لِمُقْتَضٍ فَلَا تَطْلُقُ؛ لِأَنَّهُ بِالْإِبَانَةِ لَمْ يَبْقَ لِلطَّلَاقِ مَحَلٌّ يَقَعُ فِيهِ. (9/394)
(وَ) إِنْ قَالَ لِإِحْدَى امْرَأَتَيْهِ (كُلَّمَا طَلَّقْتُ ضَرَّتَكِ فَأَنْتِ طَالِقٌ.
ثُمَّ قَالَ مِثْلَهُ لِلضَّرَّةِ ثُمَّ طَلَّقَ الْأُولَى) فَقَالَ لَهَا أَنْتِ طَالِقٌ (طَلُقَتِ الضَّرَّةُ طَلْقَةً)"
المرهون إذا استحق وضمن المرتهن قيمته فرجع به على الراهن لم يصح الرهن حتى يرجع عليه بالدين أيضا وهنا إذا رجع الثاني على الأول صحت المضاربة بين الأول والثاني؛ لأن استرداد القيمة كاسترداد العين؛ فينتقض قبض المرتهن باسترداد المستحق القيمة منه، ,الْمَرْهُونَ إِذَا اسْتَحَقَّ وَضَمِنَ الْمُرْتَهِنُ قِيمَتَهُ فَرَجَعَ بِهِ عَلَى الرَّاهِنِ لَمْ يَصِحَّ الرَّهْنُ حَتَّى يَرْجِعَ عَلَيْهِ بِالدَّيْنِ أَيْضًا وَهُنَا إِذَا رَجَعَ الثَّانِي عَلَى الْأَوَّلِ صَحَّتِ الْمُضَارَبَةُ بَيْنَ الْأَوَّلِ وَالثَّانِي؛ لِأَنَّ اسْتِرْدَادَ الْقِيمَةِ كَاسْتِرْدَادِ الْعَيْنِ؛ فَيُنْتَقَضُ قَبْضُ الْمُرْتَهِنِ بِاسْتِرْدَادِ الْمُسْتَحِقِّ الْقِيمَةَ مِنْهُ، ,الْمَرْهُونُ إِذَا اسْتُحِقَّ وَضَمِنَ الْمُرْتَهِنُ قِيمَتَهُ فَرَجَعَ بِهِ عَلَى الرَّاهِنِ لَمْ يَصِحَّ الرَّهْنُ حَتَّى يَرْجِعَ عَلَيْهِ بِالدَّيْنِ أَيْضًا وَهُنَا إِذَا رَجَعَ الثَّانِي عَلَى الْأَوَّلِ صَحَّتِ الْمُضَارَبَةُ بَيْنَ الْأَوَّلِ وَالثَّانِي؛ لِأَنَّ اسْتِرْدَادَ الْقِيمَةِ كَاسْتِرْدَادِ الْعَيْنِ؛ فَيُنْتَقَضُ قَبْضُ الْمُرْتَهِنِ بِاسْتِرْدَادِ الْمُسْتَحِقِّ الْقِيمَةَ مِنْهُ،
وهو مقتضى قول سحنون من المالكية وذهب بعض أصحاب الشافعي إلى أنه واجب في حق الرجال سنة في حق النساء واحتج من قال إنه سنة بحديث أبي المليح بن أسامة عن أبيه أن النبي صلى الله عليه وسلم قال {: الختان سنة للرجال مكرمة للنساء} رواه أحمد في مسنده، ,وَهُوَ مُقْتَضَى قَوْلِ سَحْنُونٍ مِنَ الْمَالِكِيَّةِ وَذَهَبَ بَعْضُ أَصْحَابِ الشَّافِعِيِّ إِلَى أَنَّهُ وَاجِبٌ فِي حَقِّ الرِّجَالِ سُنَّةٌ فِي حَقِّ النِّسَاءِ وَاحْتَجَّ مَنْ قَالَ إِنَّهُ سُنَّةٌ بِحَدِيثِ أَبِي الْمَلِيحِ بْنِ أُسَامَةَ عَنْ أَبِيهِ أَنَّ النَّبِيَّ صَلَّى اللَّهُ عَلَيْهِ وَسَلَّمَ قَالَ {: الْخِتَانُ سُنَّةٌ لِلرِّجَالِ مَكْرُمَةٌ لِلنِّسَاءِ} رَوَاهُ أَحْمَدُ فِي مُسْنَدِهِ، ,وَهُوَ مُقْتَضَى قَوْلِ سَحْنُونٍ مِنَ الْمَالِكِيَّةِ وَذَهَبَ بَعْضُ أَصْحَابِ الشَّافِعِيِّ إِلَى أَنَّهُ وَاجِبٌ فِي حَقِّ الرِّجَالِ سُنَّةٌ فِي حَقِّ النِّسَاءِ وَاحْتَجَّ مَنْ قَالَ إِنَّهُ سُنَّةٌ بِحَدِيثِ أَبِي الْمَلِيحِ بْنِ أُسَامَةَ عَنْ أَبِيهِ أَنَّ النَّبِيَّ صَلَّى اللَّهُ عَلَيْهِ وَسَلَّمَ قَالَ {: الْخِتَانُ سُنَّةٌ لِلرِّجَالِ مَكْرُمَةٌ لِلنِّسَاءِ} رَوَاهُ أَحْمَدُ فِي مُسْنَدِهِ،
أي ومنع بيع تراب صائغ فهو معطوف على عبدي وهو يحتمل أن يكون مثالا لما جهل تفصيلا، وأن يكون مثالا لما جهل جملة؛ لأنه إن رئي فيه شيء كان مثالا لما جهل تفصيلا، ,أَيْ وَمُنِعَ بَيْعُ تُرَابِ صَائِغٍ فَهُوَ مَعْطُوفٌ عَلَى عَبْدَيْ وَهُوَ يَحْتَمِلُ أَنْ يَكُونَ مِثَالًا لِمَا جُهِلَ تَفْصِيلًا، وَأَنْ يَكُونَ مِثَالًا لِمَا جُهِلَ جُمْلَةً؛ لِأَنَّهُ إِنْ رُئِيَ فِيهِ شَيْءٌ كَانَ مِثَالًا لِمَا جُهِلَ تَفْصِيلًا، ,أَيْ وَمَنْعُ بَيْعِ تُرَابِ صَائِغٍ فَهُوَ مَعْطُوفٌ عَلَى عَبْدِي وَهُوَ يَحْتَمِلُ أَنْ يَكُونَ مِثَالًا لِمَا جُهِلَ تَفْصِيلًا، وَأَنْ يَكُونَ مِثَالًا لِمَا جُهِلَ جُمْلَةً؛ لِأَنَّهُ إِنْ رُئِيَ فِيهِ شَيْءٌ كَانَ مِثَالًا لِمَا جُهِلَ تَفْصِيلًا،
"لأن السيد لا يملك منه إلا المال ولقوله صلى الله عليه وسلم {الطلاق لمن أخذ بالساق} ومن ملك إنشاء شيء ملك الإقرار به والخصومة فيه. (23/193)
(وإن كان) المدعي على العبد (مما لا يقبل قول العبد فيه كإتلاف مال أو جناية توجبه فالخصم) فيه (سيده) لأنه المطالب به (واليمين عليه) أي السيد إذا أنكر (ولا يحلف العبد فيها بحال) ","لِأَنَّ السَّيِّدَ لَا يَمْلِكُ مِنْهُ إِلَّا الْمَالَ وَلِقَوْلِهِ صَلَّى اللَّهُ عَلَيْهِ وَسَلَّمَ {الطَّلَاقُ لِمَنْ أَخَذَ بِالسَّاقِ} وَمَنْ مَلَكَ إِنْشَاءَ شَيْءٍ مَلَكَ الْإِقْرَارَ بِهِ وَالْخُصُومَةَ فِيهِ. (23/193)
(وَإِنْ كَانَ) الْمُدَّعِي عَلَى الْعَبْدِ (مِمَّا لَا يُقْبَلُ قَوْلُ الْعَبْدِ فِيهِ كَإِتْلَافِ مَالٍ أَوْ جِنَايَةٍ تُوجِبُهُ فَالْخَصْمُ) فِيهِ (سَيِّدُهُ) لِأَنَّهُ الْمُطَالَبُ بِهِ (وَالْيَمِينُ عَلَيْهِ) أَيِ السَّيِّدِ إِذَا أَنْكَرَ (وَلَا يَحْلِفُ الْعَبْدُ فِيهَا بِحَالٍ) ","لِأَنَّ السَّيِّدَ لَا يَمْلِكُ مِنْهُ إِلَّا الْمَالَ وَلِقَوْلِهِ صَلَّى اللَّهُ عَلَيْهِ وَسَلَّمَ {الطَّلَاقُ لِمَنْ أَخَذَ بِالسَّاقِ} وَمَنْ مَلَكَ إِنْشَاءَ شَيْءٍ مَلَكَ الْإِقْرَارَ بِهِ وَالْخُصُومَةَ فِيهِ. (23/193)
(وَإِنْ كَانَ) الْمُدَّعِي عَلَى الْعَبْدِ (مِمَّا لَا يُقْبَلُ قَوْلُ الْعَبْدِ فِيهِ كَإِتْلَافِ مَالٍ أَوْ جِنَايَةٍ تُوجِبُهُ فَالْخَصْمُ) فِيهِ (سَيِّدُهُ) لِأَنَّهُ الْمُطَالَبُ بِهِ (وَالْيَمِينُ عَلَيْهِ) أَيِ السَّيِّدِ إِذَا أَنْكَرَ (وَلَا يَحْلِفُ الْعَبْدُ فِيهَا بِحَالٍ)"
"ألا ترى أن المأسور منه كان يرده عليه إن علم بذلك العيب، فكيف يرجع هو على المأسور منه باعتباره والعيب الأول كان في ملك المأسور منه.
ألا ترى أنه لا يكون للمأسور منه أن يرده عليه بسبب ذلك العيب، فلهذا كان للمشتري من العدو أن يبيعه بما لحقه من الغرم بسبب ذلك العيب، ","أَلَا تَرَى أَنَّ الْمَأْسُورَ مِنْهُ كَانَ يَرُدُّهُ عَلَيْهِ إِنْ عَلِمَ بِذَلِكَ الْعَيْبِ، فَكَيْفَ يَرْجِعُ هُوَ عَلَى الْمَأْسُورِ مِنْهُ بِاعْتِبَارِهِ وَالْعَيْبُ الْأَوَّلُ كَانَ فِي مِلْكِ الْمَأْسُورِ مِنْهُ.
أَلَا تَرَى أَنَّهُ لَا يَكُونُ لِلْمَأْسُورِ مِنْهُ أَنْ يَرُدَّهُ عَلَيْهِ بِسَبَبِ ذَلِكَ الْعَيْبِ، فَلِهَذَا كَانَ لِلْمُشْتَرِي مِنَ الْعَدُوِّ أَنْ يَبِيعَهُ بِمَا لَحِقَهُ مِنَ الْغُرْمِ بِسَبَبِ ذَلِكَ الْعَيْبِ، ","أَلَا تَرَى أَنَّ الْمَأْسُورَ مِنْهُ كَانَ يَرُدُّهُ عَلَيْهِ إِنْ عَلِمَ بِذَلِكَ الْعَيْبِ، فَكَيْفَ يَرْجِعُ هُوَ عَلَى الْمَأْسُورِ مِنْهُ بِاعْتِبَارِهِ وَالْعَيْبُ الْأَوَّلُ كَانَ فِي مِلْكِ الْمَأْسُورِ مِنْهُ.
أَلَا تَرَى أَنَّهُ لَا يَكُونُ لِلْمَأْسُورِ مِنْهُ أَنْ يَرُدَّهُ عَلَيْهِ بِسَبَبِ ذَلِكَ الْعَيْبِ، فَلِهَذَا كَانَ لِلْمُشْتَرِي مِنَ الْعَدُوِّ أَنْ يَبِيعَهُ بِمَا لَحِقَهُ مِنَ الْغُرْمِ بِسَبَبِ ذَلِكَ الْعَيْبِ،"
"قوله إلا إن تبين بعد الاستيفاء) أي أو قبله فلو حذف قوله بعد الاستيفاء كان أحسن (قوله لأن الشهادة) أي التي يصير بها المشهود عليه غير عفيف لم تتم وحينئذ فعفته باقية فلذا حد الراجعان والعبد (قوله ولا غرم) أي إذا مات بالرجم.
(قوله لأنه قد شهد معهم اثنان إلخ) ","قَوْلُهُ إِلَّا إِنْ تَبَيَّنَ بَعْدَ الِاسْتِيفَاءِ) أَيْ أَوْ قَبْلَهُ فَلَوْ حَذَفَ قَوْلَهُ بَعْدَ الِاسْتِيفَاءِ كَانَ أَحْسَنَ (قَوْلُهُ لِأَنَّ الشَّهَادَةَ) أَيِ الَّتِي يَصِيرُ بِهَا الْمَشْهُودُ عَلَيْهِ غَيْرَ عَفِيفٍ لَمْ تَتِمَّ وَحِينَئِذٍ فَعِفَّتُهُ بَاقِيَةٌ فَلِذَا حُدَّ الرَّاجِعَانِ وَالْعَبْدُ (قَوْلُهُ وَلَا غُرْمَ) أَيْ إِذَا مَاتَ بِالرَّجْمِ.
(قَوْلُهُ لِأَنَّهُ قَدْ شَهِدَ مَعَهُمُ اثْنَانِ إِلَخْ) ","قَوْلُهُ إِلَّا إِنْ تَبَيَّنَ بَعْدَ الِاسْتِيفَاءِ) أَيْ أَوْ قَبْلَهُ فَلَوْ حَذَفَ قَوْلَهُ بَعْدَ الِاسْتِيفَاءِ كَانَ أَحْسَنَ (قَوْلُهُ لِأَنَّ الشَّهَادَةَ) أَيِ الَّتِي يَصِيرُ بِهَا الْمَشْهُودُ عَلَيْهِ غَيْرَ عَفِيفٍ لَمْ تَتِمَّ وَحِينَئِذٍ فَعِفَّتُهُ بَاقِيَةٌ فَلِذَا حُدَّ الرَّاجِعَانِ وَالْعَبْدُ (قَوْلُهُ وَلَا غُرْمَ) أَيْ إِذَا مَاتَ بِالرَّجْمِ.
(قَوْلُهُ لِأَنَّهُ قَدْ شَهِدَ مَعَهُمُ اثْنَانِ إِلَخْ)"
"بيانه في الحديث الذي روي عن النبي صلى الله عليه وسلم أنه حين بعث أبا قتادة بن ربعي في أربعة عشر رجلا إلى غطفان فقال: {شنوا الغارة عليهم ولا تقتلوا النسوان والصبيان} ثم ذكر الراوي حسن تدبير أبي (1/91)
قتادة قال: لما هجمنا على حاضر منهم عظيم ليلا - معنى (31 آ) قوله: ","بَيَانُهُ فِي الْحَدِيثِ الَّذِي رُوِيَ عَنِ النَّبِيِّ صَلَّى اللَّهُ عَلَيْهِ وَسَلَّمَ أَنَّهُ حِينَ بَعَثَ أَبَا قَتَادَةَ بْنَ رِبْعِيٍّ فِي أَرْبَعَةَ عَشَرَ رَجُلًا إِلَى غَطَفَانَ فَقَالَ: {شُنُّوا الْغَارَةَ عَلَيْهِمْ وَلَا تَقْتُلُوا النِّسْوَانَ وَالصِّبْيَانَ} ثُمَّ ذَكَرَ الرَّاوِي حُسْنَ تَدْبِيرِ أَبِي (1/91)
قَتَادَةَ قَالَ: لَمَّا هَجَمْنَا عَلَى حَاضِرٍ مِنْهُمْ عَظِيمٍ لَيْلًا - مَعْنَى (31 آ) قَوْلُهُ: ","بَيَانُهُ فِي الْحَدِيثِ الَّذِي رُوِيَ عَنِ النَّبِيِّ صَلَّى اللَّهُ عَلَيْهِ وَسَلَّمَ أَنَّهُ حِينَ بَعَثَ أَبَا قَتَادَةَ بْنَ رِبْعِيٍّ فِي أَرْبَعَةَ عَشَرَ رَجُلًا إِلَى غَطَفَانَ فَقَالَ: {شَنُّوا الْغَارَةَ عَلَيْهِمْ وَلَا تَقْتُلُوا النِّسْوَانَ وَالصِّبْيَانَ} ثُمَّ ذَكَرَ الرَّاوِي حَسَنٌ تَدْبِيرَ أَبِي (1/91)
قَتَادَةَ قَالَ: لَمَّا هَجَمْنَا عَلَى حَاضِرٍ مِنْهُمْ عَظِيمٍ لَيْلًا - مَعْنَى (31 آ) قَوْلُهُ:"
"وشر ما يدب عليك، وأعوذ بالله من شر أسد وأسود ومن الحية والعقرب ومن ساكن البلد ووالد وما ولد} .
ومن حديث أبي هريرة رضي الله عنه {كان عليه الصلاة والسلام إذا كان في سفر وأسحر يقول سمع سامع بحمد الله، وحسن بلائه علينا، ربنا صاحبنا، ","وَشَرِّ مَا يَدِبُّ عَلَيْكِ، وَأَعُوذُ بِاللَّهِ مِنْ شَرِّ أَسَدٍ وَأَسْوَدَ وَمِنَ الْحَيَّةِ وَالْعَقْرَبِ وَمِنْ سَاكِنِ الْبَلَدِ وَوَالِدٍ وَمَا وَلَدَ} .
وَمِنْ حَدِيثِ أَبِي هُرَيْرَةَ رَضِيَ اللَّهُ عَنْهُ {كَانَ عَلَيْهِ الصَّلَاةُ وَالسَّلَامُ إِذَا كَانَ فِي سَفَرٍ وَأَسْحَرَ يَقُولُ سَمِعَ سَامِعٌ بِحَمْدِ اللَّهِ، وَحُسْنِ بَلَائِهِ عَلَيْنَا، رَبَّنَا صَاحِبْنَا، ","وَشَرِّ مَا يَدِبُّ عَلَيْكَ، وَأَعُوذُ بِاللَّهِ مِنْ شَرِّ أَسَدٍ وَأَسْوَدَ وَمِنَ الْحَيَّةِ وَالْعَقْرَبِ وَمِنْ سَاكِنِ الْبَلَدِ وَوَالِدٍ وَمَا وَلَدَ} .
وَمِنْ حَدِيثِ أَبِي هُرَيْرَةَ رَضِيَ اللَّهُ عَنْهُ {كَانَ عَلَيْهِ الصَّلَاةُ وَالسَّلَامُ إِذَا كَانَ فِي سَفَرٍ وَأَسْحَرَ يَقُولُ سَمِعَ سَامِعٌ بِحَمْدِ اللَّهِ، وَحُسْنِ بَلَائِهِ عَلَيْنَا، رَبَّنَا صَاحِبْنَا،"
"نفع الله تبارك وتعالى بعلومه بقوله الذي رجحه في أصل الروضة الأول وكذا رجحه في المجموع قال وصورة المسألة أن يبيع صاعا من الحنطة بصاع منها أو بشعير في الذمة وتكون الحنطة والشعير الموجودان في البلد صنفا معروفا أو غالبا في البلد لا يختلف ثم يحضره بعد العقد ويسلمه في المجلس ا ه وبتأمله يعرف أنه لا فرق بين أن لا يكون في البلد غير النوع الموصوف أو تتعدد الأنواع ويغلب أحدها وهو ظاهر وبه صرح الغزالي وغيره وإن وقع نزاع في أن عبارة المتولى التي نقل الرافعي المسألة عنها هل تفهم ذلك أو تقتضي التخصيص ولكن الحق الأول وقياسه ما صرحوا به أيضا من أنه لو وقع التعامل في بلد بنوع واحد من الفلوس العددية أو بأنواع وأحدها غالب انصرف الإطلاق إليه وكذا في الثياب ومن ثم قال ابن الصباغ لو قال بعتك هذا بعشرة أثواب وأطلق وكان لهما عرف انصرف إليه كالنقدين. (4/347)
(","نَفَعَ اللَّهُ تَبَارَكَ وَتَعَالَى بِعُلُومِهِ بِقَوْلِهِ الَّذِي رَجَّحَهُ فِي أَصْلِ الرَّوْضَةِ الْأَوَّلُ وَكَذَا رَجَّحَهُ فِي الْمَجْمُوعِ قَالَ وَصُورَةُ الْمَسْأَلَةِ أَنْ يَبِيعَ صَاعًا مِنَ الْحِنْطَةِ بِصَاعٍ مِنْهَا أَوْ بِشَعِيرٍ فِي الذِّمَّةِ وَتَكُونَ الْحِنْطَةُ وَالشَّعِيرُ الْمَوْجُودَانِ فِي الْبَلَدِ صِنْفًا مَعْرُوفًا أَوْ غَالِبًا فِي الْبَلَدِ لَا يَخْتَلِفُ ثُمَّ يُحْضِرَهُ بَعْدَ الْعَقْدِ وَيُسَلِّمَهُ فِي الْمَجْلِسِ ا ه وَبِتَأَمُّلِهِ يُعْرَفُ أَنَّهُ لَا فَرْقَ بَيْنَ أَنْ لَا يَكُونَ فِي الْبَلَدِ غَيْرُ النَّوْعِ الْمَوْصُوفِ أَوْ تَتَعَدَّدَ الْأَنْوَاعُ وَيَغْلِبَ أَحَدُهَا وَهُوَ ظَاهِرٌ وَبِهِ صَرَّحَ الْغَزَالِيُّ وَغَيْرُهُ وَإِنْ وَقَعَ نِزَاعٌ فِي أَنَّ عِبَارَةَ الْمُتَوَلَّى الَّتِي نَقَلَ الرَّافِعِيُّ الْمَسْأَلَةَ عَنْهَا هَلْ تُفْهِمُ ذَلِكَ أَوْ تَقْتَضِي التَّخْصِيصَ وَلَكِنَّ الْحَقَّ الْأَوَّلُ وَقِيَاسُهُ مَا صَرَّحُوا بِهِ أَيْضًا مِنْ أَنَّهُ لَوْ وَقَعَ التَّعَامُلُ فِي بَلَدٍ بِنَوْعٍ وَاحِدٍ مِنَ الْفُلُوسِ الْعَدَدِيَّةِ أَوْ بِأَنْوَاعٍ وَأَحَدُهَا غَالِبٌ انْصَرَفَ الْإِطْلَاقُ إِلَيْهِ وَكَذَا فِي الثِّيَابِ وَمِنْ ثَمَّ قَالَ ابْنُ الصَّبَّاغِ لَوْ قَالَ بِعْتُكَ هَذَا بِعَشَرَةِ أَثْوَابٍ وَأَطْلَقَ وَكَانَ لَهُمَا عُرْفٌ انْصَرَفَ إِلَيْهِ كَالنَّقْدَيْنِ. (4/347)
(",نَفَعَ اللَّهُ تَبَارَكَ وَتَعَالَى بِعُلُومِهِ بِقَوْلِهِ الَّذِي رَجَّحَهُ فِي أَصْلِ الرَّوْضَةِ الْأَوَّلِ وَكَذَا رَجَّحَهُ فِي الْمَجْمُوعِ قَالَ وَصُورَةُ الْمَسْأَلَةِ أَنْ يَبِيعَ صَاعًا مِنَ الْحِنْطَةِ بِصَاعٍ مِنْهَا أَوْ بِشَعِيرٍ فِي الذِّمَّةِ وَتَكُونُ الْحِنْطَةُ وَالشَّعِيرُ الْمَوْجُودَانِ فِي الْبَلَدِ صِنْفًا مَعْرُوفًا أَوْ غَالِبًا فِي الْبَلَدِ لَا يَخْتَلِفُ ثُمَّ يُحْضِرُهُ بَعْدَ الْعَقْدِ وَيُسَلِّمُهُ فِي الْمَجْلِسِ ا ه وَبِتَأَمُّلِهِ يُعْرَفُ أَنَّهُ لَا فَرْقَ بَيْنَ أَنْ لَا يَكُونَ فِي الْبَلَدِ غَيْرُ النَّوْعِ الْمَوْصُوفِ أَوْ تَتَعَدَّدَ الْأَنْوَاعُ وَيَغْلِبُ أَحَدُهَا وَهُوَ ظَاهِرٌ وَبِهِ صَرَّحَ الْغَزَالِيُّ وَغَيْرُهُ وَإِنْ وَقَعَ نِزَاعٌ فِي أَنَّ عِبَارَةَ الْمُتَوَلَّى الَّتِي نَقَلَ الرَّافِعِيُّ الْمَسْأَلَةَ عَنْهَا هَلْ تُفْهِمُ ذَلِكَ أَوْ تَقْتَضِي التَّخْصِيصَ وَلَكِنَّ الْحَقَّ الْأَوَّلُ وَقِيَاسُهُ مَا صَرَّحُوا بِهِ أَيْضًا مِنْ أَنَّهُ لَوْ وَقَعَ التَّعَامُلُ فِي بَلَدٍ بِنَوْعٍ وَاحِدٍ مِنَ الْفُلُوسِ الْع
"قلت: أرأيت لو أن عبدي شهد لي شهادة وهو عبدي، ثم أعتقته فشهد لي بها أتجوز؟ قال: قال مالك: شهادة المولى لمولاه جائزة، إذا كان عدلا.
فأرى شهادة هذا جائزة للذي قال مالك من شهادة المولى لمولاه. (12/9)
قلت: أرأيت شهادة رجل وامرأتين، أتجوز على شهادة رجل في القصاص؟ قال: لا تجوز؛ لأن مالكا قال: ","قُلْتُ: أَرَأَيْتَ لَوْ أَنَّ عَبْدِي شَهِدَ لِي شَهَادَةً وَهُوَ عَبْدِي، ثُمَّ أَعْتَقْته فَشَهِدَ لِي بِهَا أَتَجُوزُ؟ قَالَ: قَالَ مَالِكٌ: شَهَادَةُ الْمَوْلَى لِمَوْلَاهُ جَائِزَةٌ، إِذَا كَانَ عَدْلًا.
فَأَرَى شَهَادَةَ هَذَا جَائِزَةً لِلَّذِي قَالَ مَالِكٌ مِنْ شَهَادَةِ الْمَوْلَى لِمَوْلَاهُ. (12/9)
قُلْتُ: أَرَأَيْتَ شَهَادَةَ رَجُلٍ وَامْرَأَتَيْنِ، أَتَجُوزُ عَلَى شَهَادَةِ رَجُلٍ فِي الْقِصَاصِ؟ قَالَ: لَا تَجُوزُ؛ لِأَنَّ مَالِكًا قَالَ: ","قُلْتُ: أَرَأَيْتَ لَوْ أَنَّ عَبْدِي شَهِدَ لِي شَهَادَةً وَهُوَ عَبْدِي، ثُمَّ أَعْتَقْتُهُ فَشَهِدَ لِي بِهَا أَتَجُوزُ؟ قَالَ: قَالَ مَالِكٌ: شَهَادَةُ الْمَوْلَى لِمَوْلَاهُ جَائِزَةٌ، إِذَا كَانَ عَدْلًا.
فَأَرَى شَهَادَةَ هَذَا جَائِزَةً لِلَّذِي قَالَ مَالِكٌ مِنْ شَهَادَةِ الْمَوْلَى لِمَوْلَاهُ. (12/9)
قُلْتُ: أَرَأَيْتَ شَهَادَةَ رَجُلٍ وَامْرَأَتَيْنِ، أَتَجُوزُ عَلَى شَهَادَةِ رَجُلٍ فِي الْقِصَاصِ؟ قَالَ: لَا تَجُوزُ؛ لِأَنَّ مَالِكًا قَالَ:"
"إن أفراد الجمع العام آحاد ويصرح بمنزلة قول الشارح الآتي نظرا في الجمع إلى أن أفراده آحاد وكأن وجهه المحافظة على معنى الجمعية المعتبرة في الجمع.
(قوله: مطلقا) أي سواء كان العام جمعا أو لا.
(قوله: نظرا في الجمع إلخ) تقدم أن هذا هو المصحح فكان على المصنف أن يجعل هذا هو الصحيح رعاية للبناء المذكور.
(","إِنَّ أَفْرَادَ الْجَمْعِ الْعَامِّ آحَادٌ وَيُصَرَّحُ بِمَنْزِلَةِ قَوْلِ الشَّارِحِ الْآتِي نَظَرًا فِي الْجَمْعِ إِلَى أَنَّ أَفْرَادَهُ آحَادٌ وَكَأَنَّ وَجْهَهُ الْمُحَافَظَةُ عَلَى مَعْنَى الْجَمْعِيَّةِ الْمُعْتَبَرَةِ فِي الْجَمْعِ.
(قَوْلُهُ: مُطْلَقًا) أَيْ سَوَاءٌ كَانَ الْعَامُّ جَمْعًا أَوْ لَا.
(قَوْلُهُ: نَظَرًا فِي الْجَمْعِ إِلَخْ) تَقَدَّمَ أَنَّ هَذَا هُوَ الْمُصَحَّحُ فَكَانَ عَلَى الْمُصَنِّفِ أَنْ يَجْعَلَ هَذَا هُوَ الصَّحِيحُ رِعَايَةً لِلْبِنَاءِ الْمَذْكُورِ.
(","إِنَّ أَفْرَادَ الْجَمْعِ الْعَامِّ آحَادٌ وَيُصَرِّحُ بِمَنْزِلَةِ قَوْلِ الشَّارِحِ الْآتِي نَظَرًا فِي الْجَمْعِ إِلَى أَنَّ أَفْرَادَهُ آحَادٌ وَكَأَنَّ وَجْهَهُ الْمُحَافَظَةُ عَلَى مَعْنَى الْجَمْعِيَّةِ الْمُعْتَبَرَةِ فِي الْجَمْعِ.
(قَوْلُهُ: مُطْلَقًا) أَيْ سَوَاءٌ كَانَ الْعَامُّ جَمْعًا أَوْ لَا.
(قَوْلُهُ: نَظَرًا فِي الْجَمْعِ إِلَخْ) تَقَدَّمَ أَنَّ هَذَا هُوَ الْمُصَحَّحُ فَكَانَ عَلَى الْمُصَنِّفِ أَنْ يَجْعَلَ هَذَا هُوَ الصَّحِيحَ رِعَايَةً لِلْبِنَاءِ الْمَذْكُورِ.
("
ومحل الامتناع بالعرض في غير ما يقصد للتجارة وإلا جاز به كالقراض كما بحثه الزركشي وغيره، وبما تقرر في معنى مطلقا اندفع ما قيل كان ينبغي أن يقول بمطلق البيع فإن صورته أن يقول: بع كذا ولا يتعرض لبلد ولا أجل ولا نقد، بخلاف البيع المطلق لتقييد البيع بقيد الإطلاق، ,وَمَحِلُّ الِامْتِنَاعِ بِالْعَرَضِ فِي غَيْرِ مَا يُقْصَدُ لِلتِّجَارَةِ وَإِلَّا جَازَ بِهِ كَالْقِرَاضِ كَمَا بَحَثَهُ الزَّرْكَشِيُّ وَغَيْرُهُ، وَبِمَا تَقَرَّرَ فِي مَعْنَى مُطْلَقًا انْدَفَعَ مَا قِيلَ كَانَ يَنْبَغِي أَنْ يَقُولَ بِمُطْلَقِ الْبَيْعِ فَإِنَّ صُورَتَهُ أَنْ يَقُولَ: بِعْ كَذَا وَلَا يَتَعَرَّضُ لِبَلَدٍ وَلَا أَجَلٍ وَلَا نَقْدٍ، بِخِلَافِ الْبَيْعِ الْمُطْلَقِ لِتَقْيِيدِ الْبَيْعِ بِقَيْدِ الْإِطْلَاقِ، ,وَمَحَلُّ الِامْتِنَاعِ بِالْعَرْضِ فِي غَيْرِ مَا يُقْصَدُ لِلتِّجَارَةِ وَإِلَّا جَازَ بِهِ كَالْقِرَاضِ كَمَا بَحَثَهُ الزَّرْكَشِيُّ وَغَيْرُهُ، وَبِمَا تَقَرَّرَ فِي مَعْنًى مُطْلَقًا انْدَفَعَ مَا قِيلَ كَانَ يَنْبَغِي أَنْ يَقُولَ بِمُطْلَقِ الْبَيْعِ فَإِنَّ صُورَتَهُ أَنْ يَقُولَ: بِعْ كَذَا وَلَا يَتَعَرَّضُ لِبَلَدٍ وَلَا أَجَلٍ وَلَا نَقْدٍ، بِخِلَافِ الْبَيْعِ الْمُطْلَقِ لِتَقْيِيدِ الْبَيْعِ بِقَيْدِ الْإِطْلَاقِ،
"وفي الخانية: رجل دعاه الأمير فسأله عن أشياء إن تكلم بما يوافق الحق لا يرضيه فإنه لا ينبغي له أن يتكلم بما يخالف الحق وهذا إذا كان لا يخاف القتل على نفسه ولا إتلاف عضوه ولا يخاف على ماله، وإذا خاف منه فإنه لا بأس به ا ه.
والله أعلم. (22/119)
(","وَفِي الْخَانِيَّةِ: رَجُلٌ دَعَاهُ الْأَمِيرُ فَسَأَلَهُ عَنْ أَشْيَاءَ إِنْ تَكَلَّمَ بِمَا يُوَافِقُ الْحَقَّ لَا يُرْضِيهِ فَإِنَّهُ لَا يَنْبَغِي لَهُ أَنْ يَتَكَلَّمَ بِمَا يُخَالِفُ الْحَقَّ وَهَذَا إِذَا كَانَ لَا يَخَافُ الْقَتْلَ عَلَى نَفْسِهِ وَلَا إِتْلَافَ عُضْوِهِ وَلَا يَخَافُ عَلَى مَالِهِ، وَإِذَا خَافَ مِنْهُ فَإِنَّهُ لَا بَأْسَ بِهِ ا ه.
وَاللَّهُ أَعْلَمُ. (22/119)
(","وَفِي الْخَانِيَّةِ: رَجُلٌ دَعَاهُ الْأَمِيرُ فَسَأَلَهُ عَنْ أَشْيَاءَ إِنْ تَكَلَّمَ بِمَا يُوَافِقُ الْحَقَّ لَا يُرْضِيهِ فَإِنَّهُ لَا يَنْبَغِي لَهُ أَنْ يَتَكَلَّمَ بِمَا يُخَالِفُ الْحَقَّ وَهَذَا إِذَا كَانَ لَا يَخَافُ الْقَتْلَ عَلَى نَفْسِهِ وَلَا إِتْلَافَ عُضْوِهِ وَلَا يَخَافُ عَلَى مَالِهِ، وَإِذَا خَافَ مِنْهُ فَإِنَّهُ لَا بَأْسَ بِهِ ا ه.
وَاللَّهُ أَعْلَمُ. (22/119)
("
فدعا بها، فقرأها. فإذا فيها شيئان من الفرائض، ومن أسنان الإبل، وإذا فيها من والى قوما بغير إذن مواليه، فعليه لعنة الله والملائكة والناس أجمعين لا يقبل الله منه صرفا، ولا عدلا، وذمة المسلمين واحدة، فمن أخفر مسلما فعليه لعنة الله والملائكة والناس أجمعين، لا يقبل الله منه صرفا ولا عدلا، ,فَدَعَا بِهَا، فَقَرَأَهَا. فَإِذَا فِيهَا شَيْئَانِ مِنَ الْفَرَائِضِ، وَمِنْ أَسْنَانِ الْإِبِلِ، وَإِذَا فِيهَا مَنْ وَالَى قَوْمًا بِغَيْرِ إِذْنِ مَوَالِيهِ، فَعَلَيْهِ لَعْنَةُ اللَّهِ وَالْمَلَائِكَةِ وَالنَّاسِ أَجْمَعِينَ لَا يَقْبَلُ اللَّهُ مِنْهُ صَرْفًا، وَلَا عَدْلَا، وَذِمَّةُ الْمُسْلِمِينَ وَاحِدَةٌ، فَمَنْ أَخْفَرَ مُسْلِمًا فَعَلَيْهِ لَعْنَةُ اللَّهِ وَالْمَلَائِكَةِ وَالنَّاسِ أَجْمَعِينَ، لَا يَقْبَلُ اللَّهُ مِنْهُ صَرْفًا وَلَا عَدْلَا، ,فَدَعَا بِهَا، فَقَرَأَهَا. فَإِذَا فِيهَا شَيْئَانِ مِنَ الْفَرَائِضِ، وَمِنْ أَسْنَانِ الْإِبِلِ، وَإِذَا فِيهَا مَنْ وَالَى قَوْمًا بِغَيْرِ إِذْنِ مَوَالِيهِ، فَعَلَيْهِ لَعْنَةُ اللَّهِ وَالْمَلَائِكَةِ وَالنَّاسِ أَجْمَعِينَ لَا يَقْبَلُ اللَّهُ مِنْهُ صَرْفًا، وَلَا عَدْلًا، وَذِمَّةُ الْمُسْلِمِينَ وَاحِدَةٌ، فَمَنْ أَخْفَرَ مُسْلِمًا فَعَلَيْهِ لَعْنَةُ اللَّهِ وَالْمَلَائِكَةِ وَالنَّاسِ أَجْمَعِينَ، لَا يَقْبَلُ اللَّهُ مِنْهُ صَرْفًا وَلَا عَدْلًا،
عما عمت به البلوى من عمل الجبن بإنفحة الحيوان المتغذي بغير اللبن هل يعفي عن ذلك لعموم البلوى به ومشقة الاحتراز عنه أو لا؟ (فأجاب) بأنه يعفى عن ذلك لما ذكر في السؤال؛ إذ من القواعد أن المشقة تجلب التيسير وأن الأمر إذا ضاق اتسع وقد قال تعالى {وما جعل عليكم في الدين من حرج} ,عَمَّا عَمَّتْ بِهِ الْبَلْوَى مِنْ عَمَلِ الْجُبْنِ بِإِنْفَحَةِ الْحَيَوَانِ الْمُتَغَذِّي بِغَيْرِ اللَّبَنِ هَلْ يُعْفِي عَنْ ذَلِكَ لِعُمُومِ الْبَلْوَى بِهِ وَمَشَقَّةِ الِاحْتِرَازِ عَنْهُ أَوْ لَا؟ (فَأَجَابَ) بِأَنَّهُ يُعْفَى عَنْ ذَلِكَ لِمَا ذُكِرَ فِي السُّؤَالِ؛ إِذْ مِنَ الْقَوَاعِدِ أَنَّ الْمَشَقَّةَ تَجْلِبُ التَّيْسِيرَ وَأَنَّ الْأَمْرَ إِذَا ضَاقَ اتَّسَعَ وَقَدْ قَالَ تَعَالَى {وَمَا جَعَلَ عَلَيْكُمْ فِي الدِّينِ مِنْ حَرَجٍ} ,عَمَّا عَمَّتْ بِهِ الْبَلْوَى مِنْ عَمَلِ الْجُبْنِ بِإِنْفَحَةِ الْحَيَوَانِ الْمُتَغَذِّي بِغَيْرِ اللَّبَنِ هَلْ يُعْفِي عَنْ ذَلِكَ لِعُمُومِ الْبَلْوَى بِهِ وَمَشَقَّةِ الِاحْتِرَازِ عَنْهُ أَوْ لَا؟ (فَأَجَابَ) بِأَنَّهُ يُعْفَى عَنْ ذَلِكَ لِمَا ذُكِرَ فِي السُّؤَالِ؛ إِذْ مِنَ الْقَوَاعِدِ أَنَّ الْمَشَقَّةَ تَجْلِبُ التَّيْسِيرَ وَأَنَّ الْأَمْرَ إِذَا ضَاقَ اتَّسَعَ وَقَدْ قَالَ تَعَالَى {وَمَا جَعَلَ عَلَيْكُمْ فِي الدِّينِ مِنْ حَرَجٍ}
الثالث) من شروط المسروق (عدم شبهة فيه) لحديث {ادرءوا الحدود عن المسلمين ما استطعتم} صحح الحاكم إسناده، سواء في ذلك شبهة الملك كمن سرق مشتركا بينه وبين غيره كما مر، أو شبهة الفاعل كمنس أخذ مالا على صورة السرقة يظن أنه ملكه أو ملك أصله أو فرعه أو شبهة المحل كسرقة الابن مال أصوله، ,الثَّالِثُ) مِنْ شُرُوطِ الْمَسْرُوقِ (عَدَمُ شُبْهَةٍ فِيهِ) لِحَدِيثِ {ادْرَءُوا الْحُدُودَ عَنِ الْمُسْلِمِينَ مَا اسْتَطَعْتُمْ} صَحَّحَ الْحَاكِمُ إِسْنَادَهُ، سَوَاءٌ فِي ذَلِكَ شُبْهَةُ الْمِلْكِ كَمَنْ سَرَقَ مُشْتَرَكًا بَيْنَهُ وَبَيْنَ غَيْرِهِ كَمَا مَرَّ، أَوْ شُبْهَةُ الْفَاعِلِ كَمَنْس أَخَذَ مَالًا عَلَى صُورَةِ السَّرِقَةِ يَظُنُّ أَنَّهُ مِلْكُهُ أَوْ مِلْكُ أَصْلَهُ أَوْ فَرْعِهِ أَوْ شُبْهَةُ الْمَحَلِّ كَسَرِقَةِ الِابْنِ مَالَ أُصُولِهِ، ,الثَّالِثُ) مِنْ شُرُوطِ الْمَسْرُوقِ (عَدَمُ شُبْهَةٍ فِيهِ) لِحَدِيثِ {ادْرَءُوا الْحُدُودَ عَنِ الْمُسْلِمِينَ مَا اسْتَطَعْتُمْ} صَحَّحَ الْحَاكِمُ إِسْنَادَهُ، سَوَاءٌ فِي ذَلِكَ شُبْهَةُ الْمِلْكِ كَمَنْ سَرَقَ مُشْتَرَكًا بَيْنَهُ وَبَيْنَ غَيْرِهِ كَمَا مَرَّ، أَوْ شُبْهَةُ الْفَاعِلِ كَمَنْسٍ أَخَذَ مَالًا عَلَى صُورَةِ السَّرِقَةِ يُظَنُّ أَنَّهُ مِلْكُهُ أَوْ مِلْكُ أَصْلِهِ أَوْ فَرْعِهِ أَوْ شُبْهَةُ الْمَحَلِّ كَسَرِقَةِ الِابْنِ مَالَ أُصُولِهِ،
لأنه لا يسمى غرابا عرفا ولا يبتدئ بالأذى، وعن أبي حنيفة أن الكلب العقور وغير العقور والمستأنس منه والمتوحش سواء، والفارة الأهلية والبرية سواء وعن أبي حنيفة أنه لا يجب الجزاء بقتل السنور ولو كان بريا وبالضب واليربوع والأرنب يجب الجزاء؛ لأنها ليست من المستثناة، ولا تبتدئ بالأذى، وأما البعوض والنمل والبرغوث والقراد والسلحفاة فلأنها ليست بصيود، ,لِأَنَّهُ لَا يُسَمَّى غُرَابًا عُرْفًا وَلَا يَبْتَدِئُ بِالْأَذَى، وَعَنْ أَبِي حَنِيفَةَ أَنَّ الْكَلْبَ الْعَقُورَ وَغَيْرَ الْعَقُورِ وَالْمُسْتَأْنِسَ مِنْهُ وَالْمُتَوَحِّشَ سَوَاءٌ، وَالْفَارَةُ الْأَهْلِيَّةُ وَالْبَرِّيَّةُ سَوَاءٌ وَعَنْ أَبِي حَنِيفَةَ أَنَّهُ لَا يَجِبُ الْجَزَاءُ بِقَتْلِ السِّنَّوْرِ وَلَوْ كَانَ بَرِّيًّا وَبِالضَّبِّ وَالْيَرْبُوعِ وَالْأَرْنَبِ يَجِبُ الْجَزَاءُ؛ لِأَنَّهَا لَيْسَتْ مِنَ الْمُسْتَثْنَاةِ، وَلَا تَبْتَدِئُ بِالْأَذَى، وَأَمَّا الْبَعُوضُ وَالنَّمْلُ وَالْبُرْغُوثُ وَالْقُرَادُ وَالسُّلَحْفَاةُ فَلِأَنَّهَا لَيْسَتْ بِصُيُودٍ، ,لِأَنَّهُ لَا يُسَمَّى غُرَابًا عُرْفًا وَلَا يَبْتَدِئُ بِالْأَذَى، وَعَنْ أَبِي حَنِيفَةَ أَنَّ الْكَلْبَ الْعَقُورَ وَغَيْرَ الْعَقُورِ وَالْمُسْتَأْنِسَ مِنْهُ وَالْمُتَوَحِّشَ سَوَاءٌ، وَالْفَارَةُ الْأَهْلِيَّةُ وَالْبَرِّيَّةُ سَوَاءٌ وَعَنْ أَبِي حَنِيفَةَ أَنَّهُ لَا يَجِبُ الْجَزَاءُ بِقَتْلِ السِّنَّوْرِ وَلَوْ كَانَ بَرِّيًّا وَبِالضَّبِّ وَالْيَرْبُوعِ وَالْأَرْنَبِ يَجِبُ الْجَزَاءُ؛ لِأَنَّهَا لَيْسَتْ مِنَ الْمُسْتَثْنَاةِ، وَلَا تَبْتَدِئُ بِالْأَذَى، وَأَمَّا الْبَعُوضُ وَالنَّمْلُ وَالْبُرْغُوثُ وَالْقُرَادُ وَالسُّلَحْفَاةُ فَلِأَنَّهَا لَيْسَتْ بِصَيُودٍ،
لأنه ما لم يؤاجره من غيره لا تحصل الغلة له وذلك لا يتم به وحده وبعد ما أجره لا تجب الغلة إلا بسلامة العبد في الشهر ولعله يمرض أو يموت فلهذا بطل الصلح، وكذلك الصلح على غلة الدار وثمرة النخل فاسد؛ ,لِأَنَّهُ مَا لَمْ يُؤَاجِرْهُ مِنْ غَيْرِهِ لَا تَحْصُلُ الْغَلَّةُ لَهُ وَذَلِكَ لَا يَتِمُّ بِهِ وَحْدَهُ وَبَعْدَ مَا أَجَّرَهُ لَا تَجِبُ الْغَلَّةُ إِلَّا بِسَلَامَةِ الْعَبْدِ فِي الشَّهْرِ وَلَعَلَّهُ يَمْرَضُ أَوْ يَمُوتُ فَلِهَذَا بَطَلَ الصُّلْحُ، وَكَذَلِكَ الصُّلْحُ عَلَى غَلَّةِ الدَّارِ وَثَمَرَةِ النَّخْلِ فَاسِدٌ؛ ,لِأَنَّهُ مَا لَمْ يُؤَاجِرْهُ مِنْ غَيْرِهِ لَا تَحْصُلُ الْغَلَّةُ لَهُ وَذَلِكَ لَا يَتِمُّ بِهِ وَحْدَهُ وَبَعْدَ مَا أَجَّرَهُ لَا تَجِبُ الْغَلَّةُ إِلَّا بِسَلَامَةِ الْعَبْدِ فِي الشَّهْرِ وَلَعَلَّهُ يَمْرَضُ أَوْ يَمُوتُ فَلِهَذَا بَطَلَ الصُّلْحُ، وَكَذَلِكَ الصُّلْحُ عَلَى غَلَّةِ الدَّارِ وَثَمَرَةِ النَّخْلِ فَاسِدٌ؛
"فقد مضى الأمر، وإن كان قد عجل وأقام البينة على ذلك أو لم يقم له بينة واستحلفها فنكلت فهو بالخيار إن شاء أخذ من المرأة وإن شاء أخذ من الكفيل ولو أقرت المرأة أنها كانت قد تعجلت النفقة من الزوج فإن الزوج يأخذ منها ولا يأخذ من الكفيل؛ لأن الإقرار حجة قاصرة فيظهر في حقها لا في حق (8/185)
","فَقَدْ مَضَى الْأَمْرُ، وَإِنْ كَانَ قَدْ عَجَّلَ وَأَقَامَ الْبَيِّنَةَ عَلَى ذَلِكَ أَوْ لَمْ يُقِمْ لَهُ بَيِّنَةً وَاسْتَحْلَفَهَا فَنَكَلَتْ فَهُوَ بِالْخِيَارِ إِنْ شَاءَ أَخَذَ مِنَ الْمَرْأَةِ وَإِنْ شَاءَ أَخَذَ مِنَ الْكَفِيلِ وَلَوْ أَقَرَّتِ الْمَرْأَةُ أَنَّهَا كَانَتْ قَدْ تَعَجَّلَتِ النَّفَقَةَ مِنَ الزَّوْجِ فَإِنَّ الزَّوْجَ يَأْخُذُ مِنْهَا وَلَا يَأْخُذُ مِنَ الْكَفِيلِ؛ لِأَنَّ الْإِقْرَارَ حُجَّةٌ قَاصِرَةٌ فَيَظْهَرُ فِي حَقِّهَا لَا فِي حَقِّ (8/185)
",فَقَدْ مَضَى الْأَمْرُ، وَإِنْ كَانَ قَدْ عَجَّلَ وَأَقَامَ الْبَيِّنَةَ عَلَى ذَلِكَ أَوْ لَمْ يُقِمْ لَهُ بَيِّنَةً وَاسْتَحْلَفَهَا فَنَكَلَتْ فَهُوَ بِالْخِيَارِ إِنْ شَاءَ أَخَذَ مِنَ الْمَرْأَةِ وَإِنْ شَاءَ أَخَذَ مِنَ الْكَفِيلِ وَلَوْ أَقَرَّتِ الْمَرْأَةُ أَنَّهَا كَانَتْ قَدْ تَعَجَّلَتِ النَّفَقَةَ مِنَ الزَّوْجِ فَإِنَّ الزَّوْجَ يَأْخُذُ مِنْهَا وَلَا يَأْخُذُ مِنَ الْكَفِيلِ؛ لِأَنَّ الْإِقْرَارَ حُجَّةٌ قَاصِرَةٌ فَيَظْهَرُ فِي حَقِّهَا لَا فِي حَقِّ (8/185)
"حدثنا محمد بن جعفر قال حدثنا شعبة عن أبي بشر عن شهر بن حوشب عن أبي هريرة عن النبي صلى الله عليه وسلم أنه قال الكمأة من المن وماؤها شفاء للعين والعجوة من الجنة وهي شفاء من السم (16/223)
وبإسناده قال إذا كبر الإمام فكبروا وإذا ركع فاركعوا وإذا سجد فاسجدوا وإن صلى جالسا فصلوا جلوسا (16/)
10346 - ","حَدَّثَنَا مُحَمَّدُ بْنُ جَعْفَرٍ قَالَ حَدَّثَنَا شُعْبَةُ عَنْ أَبِي بِشْرٍ عَنْ شَهْرِ بْنِ حَوْشَبٍ عَنْ أَبِي هُرَيْرَةَ عَنِ النَّبِيِّ صَلَّى اللَّهُ عَلَيْهِ وَسَلَّمَ أَنَّهُ قَالَ الْكَمْأَةُ مِنَ الْمَنِّ وَمَاؤُهَا شِفَاءٌ لِلْعَيْنِ وَالْعَجْوَةُ مِنَ الْجَنَّةِ وَهِيَ شِفَاءٌ مِنَ السُّمِّ (16/223)
وَبِإِسْنَادِهِ قَالَ إِذَا كَبَّرَ الْإِمَامُ فَكَبِّرُوا وَإِذَا رَكَعَ فَارْكَعُوا وَإِذَا سَجَدَ فَاسْجُدُوا وَإِنْ صَلَّى جَالِسًا فَصَلُّوا جُلُوسًا (16/)
10346 - ","حَدَّثَنَا مُحَمَّدُ بْنُ جَعْفَرٍ قَالَ حَدَّثَنَا شُعْبَةُ عَنْ أَبِي بِشْرٍ عَنْ شَهْرِ بْنِ حَوْشَبٍ عَنْ أَبِي هُرَيْرَةَ عَنِ النَّبِيِّ صَلَّى اللَّهُ عَلَيْهِ وَسَلَّمَ أَنَّهُ قَالَ الْكَمْأَةُ مِنَ الْمَنِّ وَمَاؤُهَا شِفَاءٌ لِلْعَيْنِ وَالْعَجْوَةُ مِنَ الْجَنَّةِ وَهِيَ شِفَاءٌ مِنَ السُّمِّ (16/223)
وَبِإِسْنَادِهِ قَالَ إِذَا كَبَّرَ الْإِمَامُ فَكَبِّرُوا وَإِذَا رَكَعَ فَارْكَعُوا وَإِذَا سَجَدَ فَاسْجُدُوا وَإِنْ صَلَّى جَالِسًا فَصَلُّوا جُلُوسًا (16/)
10346 -"
سفينة والبلد أقرب البلاد إليه فإن موضع تفريق المالين واحد قاله في المجموع ا ه وظاهر قوله أو كان غير مستقر إلى وأخرج الزكاة عنه الإجزاء وإن لم يكن بلده أقرب البلاد إليه بل لا يتصور معرفة أنه أقرب البلاد إليه أو لا مع فرض أنه لا يعرف مكانه ولعله اغتفر ذلك للعذر وعدم تيسر معرفة الأقرب إليه وخطر التأخير وعليه فلو تبين أن بلده ليس أقرب البلاد إليه فهل يستمر الإجزاء أو يتبين خلافه فيه نظر وقضية الإطلاق الأول فليراجع (قوله إن علم القابض الحال) ,سَفِينَةٍ وَالْبَلَدُ أَقْرَبُ الْبِلَادِ إِلَيْهِ فَإِنَّ مَوْضِعَ تَفْرِيقِ الْمَالَيْنِ وَاحِدٌ قَالَهُ فِي الْمَجْمُوعِ ا ه وَظَاهِرُ قَوْلِهِ أَوْ كَانَ غَيْرَ مُسْتَقِرٍّ إِلَى وَأَخْرَجَ الزَّكَاةَ عَنْهُ الْإِجْزَاءُ وَإِنْ لَمْ يَكُنْ بَلَدُهُ أَقْرَبَ الْبِلَادِ إِلَيْهِ بَلْ لَا يُتَصَوَّرُ مَعْرِفَةُ أَنَّهُ أَقْرَبُ الْبِلَادِ إِلَيْهِ أَوْ لَا مَعَ فَرْضِ أَنَّهُ لَا يُعْرَفُ مَكَانُهُ وَلَعَلَّهُ اغْتُفِرَ ذَلِكَ لِلْعُذْرِ وَعَدَمِ تَيَسُّرِ مَعْرِفَةِ الْأَقْرَبِ إِلَيْهِ وَخَطَرِ التَّأْخِيرِ وَعَلَيْهِ فَلَوْ تَبَيَّنَ أَنَّ بَلَدَهُ لَيْسَ أَقْرَبَ الْبِلَادِ إِلَيْهِ فَهَلْ يَسْتَمِرُّ الْإِجْزَاءُ أَوْ يَتَبَيَّنُ خِلَافُهُ فِيهِ نَظَرٌ وَقَضِيَّةُ الْإِطْلَاقِ الْأَوَّلِ فَلْيُرَاجَعْ (قَوْلُهُ إِنْ عَلِمَ الْقَابِضُ الْحَالَ) ,سَفِينَةٍ وَالْبَلَدُ أَقْرَبُ الْبِلَادِ إِلَيْهِ فَإِنَّ مَوْضِعَ تَفْرِيقِ الْمَالَيْنِ وَاحِدٌ قَالَهُ فِي الْمَجْمُوعِ ا ه وَظَاهِرُ قَوْلِهِ أَوْ كَانَ غَيْرَ مُسْتَقِرٍّ إِلَى وَأَخْرَجَ الزَّكَاةَ عَنْهُ الْإِجْزَاءُ وَإِنْ لَمْ يَكُنْ بَلَدُهُ أَقْرَبَ الْبِلَادِ إِلَيْهِ بَلْ لَا يُتَصَوَّرُ مَعْرِفَةُ أَنَّهُ أَقْرَبُ الْبِلَادِ إِلَيْهِ أَوْ لَا مَعَ فَرْضِ أَنَّهُ لَا يَعْرِفُ مَكَانَهُ وَلَعَلَّهُ اغْتُفِرَ ذَلِكَ لِلْعُذْرِ وَعَدَمِ تَيَسُّرِ مَعْرِفَةِ الْأَقْرَبِ إِلَيْهِ وَخَطَرِ التَّأْخِيرِ وَعَلَيْهِ فَلَوْ تَبَيَّنَ أَنَّ بَلَدَهُ لَيْسَ أَقْرَبَ الْبِلَادِ إِلَيْهِ فَهَلْ يَسْتَمِرُّ الْإِجْزَاءُ أَوْ يَتَبَيَّنُ خِلَافُهُ فِيهِ نَظَرٌ وَقَضِيَّةُ الْإِطْلَاقِ الْأَوَّلِ فَلْيُرَاجَعْ (قَوْلُهُ إِنْ عَلِمَ الْقَابِضُ الْحَالَ)
"ولذلك جعل الثلث من جنس عدد الدنانير فعلى قول سحنون يحمل قوله على أنه تجمع له الوصيتان على أن الوصية عين وعرض ولا يحمل قوله أنه يجمع له الوصيتان على أن الوصية عين وعرض ويحمل قوله يقضى له بأكثرهما على أنه عين كله.
(مسألة) ","وَلِذَلِكَ جَعَلَ الثُّلُثَ مِنْ جِنْسِ عَدَدِ الدَّنَانِيرِ فَعَلَى قَوْلِ سَحْنُونٍ يُحْمَلُ قَوْلُهُ عَلَى أَنَّهُ تُجْمَعُ لَهُ الْوَصِيَّتَانِ عَلَى أَنَّ الْوَصِيَّةَ عَيْنٌ وَعَرَضٌ وَلَا يُحْمَلُ قَوْلُهُ أَنَّهُ يَجْمَعُ لَهُ الْوَصِيَّتَانِ عَلَى أَنَّ الْوَصِيَّةَ عَيْنٌ وَعَرَضٌ وَيُحْمَلُ قَوْلُهُ يُقْضَى لَهُ بِأَكْثَرِهِمَا عَلَى أَنَّهُ عَيْنٌ كُلُّهُ.
(مَسْأَلَةٌ) ","وَلِذَلِكَ جَعَلَ الثُّلُثَ مِنْ جِنْسِ عَدَدِ الدَّنَانِيرِ فَعَلَى قَوْلِ سَحْنُونٍ يُحْمَلُ قَوْلُهُ عَلَى أَنَّهُ تُجْمَعُ لَهُ الْوَصِيَّتَانِ عَلَى أَنَّ الْوَصِيَّةَ عَيْنٌ وَعَرْضٌ وَلَا يُحْمَلُ قَوْلُهُ أَنَّهُ يُجْمَعُ لَهُ الْوَصِيَّتَانِ عَلَى أَنَّ الْوَصِيَّةَ عَيْنٌ وَعَرْضٌ وَيُحْمَلُ قَوْلُهُ يُقْضَى لَهُ بِأَكْثَرِهِمَا عَلَى أَنَّهُ عَيْنٌ كُلُّهُ.
(مَسْأَلَةٌ)"
"أي وضمير منها ليس راجعا للسباع بل راجع للطير بناء على ما قال ابن الأنباري من أن الطير جماعة وتأنيثها أكثر من التذكير، ولا يقال للواحد طير بل طائر ا ه.
[قوله: منها] أي الطير بناء على ما تقدم، وترجيح الضمير للسباع كما هو المتبادر فاسد فتدبر.
تنبيه.: يستثنى من الطير الوطواط فيكره أكله ورجيعه نجس، ","أَيْ وَضَمِيرُ مِنْهَا لَيْسَ رَاجِعًا لِلسِّبَاعِ بَلْ رَاجِعٌ لِلطَّيْرِ بِنَاءً عَلَى مَا قَالَ ابْنُ الْأَنْبَارِيِّ مِنْ أَنَّ الطَّيْرَ جَمَاعَةٌ وَتَأْنِيثُهَا أَكْثَرُ مِنَ التَّذْكِيرِ، وَلَا يُقَالُ لِلْوَاحِدِ طَيْرٌ بَلْ طَائِرٌ ا ه.
[قَوْلُهُ: مِنْهَا] أَيِ الطَّيْرِ بِنَاءً عَلَى مَا تَقَدَّمَ، وَتَرْجِيحُ الضَّمِيرِ لِلسِّبَاعِ كَمَا هُوَ الْمُتَبَادَرُ فَاسِدٌ فَتَدَبَّرْ.
تَنْبِيهٌ.: يُسْتَثْنَى مِنَ الطَّيْرِ الْوَطْوَاطُ فَيُكْرَهُ أَكْلُهُ وَرَجِيعُهُ نَجِسٌ، ","أَيْ وَضَمِيرُ مِنْهَا لَيْسَ رَاجِعًا لِلسِّبَاعِ بَلْ رَاجِعٌ لِلطَّيْرِ بِنَاءً عَلَى مَا قَالَ ابْنُ الْأَنْبَارِيِّ مِنْ أَنَّ الطَّيْرَ جَمَاعَةٌ وَتَأْنِيثُهَا أَكْثَرُ مِنَ التَّذْكِيرِ، وَلَا يُقَالُ لِلْوَاحِدِ طَيْرٌ بَلْ طَائِرٌ ا ه.
[قَوْلُهُ: مِنْهَا] أَيِ الطَّيْرِ بِنَاءً عَلَى مَا تَقَدَّمَ، وَتَرْجِيحُ الضَّمِيرِ لِلسِّبَاعِ كَمَا هُوَ الْمُتَبَادَرُ فَاسِدٌ فَتَدَبَّرْ.
تَنْبِيهٌ.: يُسْتَثْنَى مِنَ الطَّيْرِ الْوَطْوَاطُ فَيُكْرَهُ أَكْلُهُ وَرَجِيعُهُ نَجِسٌ،"
ولو له جد لأب وإخوة فللجد على قول من يجعله بمنزلة الأب وعلى القول الآخر للإخوة لأن من ارتكض معه في رحم أو خرج معه من صلب أقرب إليه ممن بينه وبينه حائل ولو له أب وابن ابن فللأب لأنه أقرب من النافلة، ولو له بنت بنت وابن ابن ابن فلبنت البنت لأن الوقف ليس من قبيل الإرث، ولو قال: ,وَلَوْ لَهُ جَدٌّ لِأَبٍ وَإِخْوَةٌ فَلِلْجَدِّ عَلَى قَوْلِ مَنْ يَجْعَلُهُ بِمَنْزِلَةِ الْأَبِ وَعَلَى الْقَوْلِ الْآخَرِ لِلْإِخْوَةِ لِأَنَّ مَنِ ارْتَكَضَ مَعَهُ فِي رَحِمٍ أَوْ خَرَجَ مَعَهُ مِنْ صُلْبٍ أَقْرَبُ إِلَيْهِ مِمَّنْ بَيْنَهُ وَبَيْنَهُ حَائِلٌ وَلَوْ لَهُ أَبٌ وَابْنُ ابْنٍ فَلِلْأَبِ لِأَنَّهُ أَقْرَبُ مِنَ النَّافِلَةِ، وَلَوْ لَهُ بِنْتُ بِنْتٍ وَابْنُ ابْنِ ابْنٍ فَلِبِنْتِ الْبِنْتِ لِأَنَّ الْوَقْفَ لَيْسَ مِنْ قَبِيلِ الْإِرْثِ، وَلَوْ قَالَ: ,وَلَوْ لَهُ جَدٌّ لِأَبٍ وَإِخْوَةٌ فَلِلْجَدِّ عَلَى قَوْلِ مَنْ يَجْعَلُهُ بِمَنْزِلَةِ الْأَبِ وَعَلَى الْقَوْلِ الْآخَرِ لِلْإِخْوَةِ لِأَنَّ مَنِ ارْتَكَضَ مَعَهُ فِي رَحِمٍ أَوْ خَرَجَ مَعَهُ مِنْ صُلْبٍ أَقْرَبُ إِلَيْهِ مِمَّنْ بَيْنَهُ وَبَيْنَهُ حَائِلٌ وَلَوْ لَهُ أَبٌ وَابْنُ ابْنٍ فَلِلْأَبِ لِأَنَّهُ أَقْرَبُ مِنَ النَّافِلَةِ، وَلَوْ لَهُ بِنْتُ بِنْتٍ وَابْنُ ابْنِ ابْنٍ فَلِبِنْتِ الْبِنْتِ لِأَنَّ الْوَقْفَ لَيْسَ مِنْ قَبِيلِ الْإِرْثِ، وَلَوْ قَالَ:
وأكره له أن يؤخر الحلق حتى تذهب أيام النحر والحاصل أن عند أبي حنيفة رحمه الله تعالى الحلق للتحلل في الحج مؤقت بالزمان، وهو أيام النحر، وبالمكان، وهو الحرم، وعلى قول أبي يوسف رحمه الله تعالى لا يتوقت بالزمان، ,وَأَكْرَهُ لَهُ أَنْ يُؤَخِّرَ الْحَلْقَ حَتَّى تَذْهَبَ أَيَّامُ النَّحْرِ وَالْحَاصِلُ أَنَّ عِنْدَ أَبِي حَنِيفَةَ رَحِمَهُ اللَّهُ تَعَالَى الْحَلْقُ لِلتَّحَلُّلِ فِي الْحَجِّ مُؤَقَّتٌ بِالزَّمَانِ، وَهُوَ أَيَّامُ النَّحْرِ، وَبِالْمَكَانِ، وَهُوَ الْحَرَمُ، وَعَلَى قَوْلِ أَبِي يُوسُفَ رَحِمَهُ اللَّهُ تَعَالَى لَا يَتَوَقَّتُ بِالزَّمَانِ، ,وَأَكْرَهُ لَهُ أَنْ يُؤَخِّرَ الْحَلْقَ حَتَّى تَذْهَبَ أَيَّامُ النَّحْرِ وَالْحَاصِلُ أَنَّ عِنْدَ أَبِي حَنِيفَةَ رَحِمَهُ اللَّهُ تَعَالَى الْحَلْقَ لِلتَّحَلُّلِ فِي الْحَجِّ مُؤَقَّتٌ بِالزَّمَانِ، وَهُوَ أَيَّامُ النَّحْرِ، وَبِالْمَكَانِ، وَهُوَ الْحَرَمُ، وَعَلَى قَوْلِ أَبِي يُوسُفَ رَحِمَهُ اللَّهُ تَعَالَى لَا يَتَوَقَّتُ بِالزَّمَانِ،
"حدثنا يعقوب حدثنا أبي عن محمد بن إسحاق حدثني سعيد بن عبيد بن السباق عن محمد بن أسامة بن زيد عن أبيه أسامة بن زيد قال لما ثقل رسول الله صلى الله عليه وسلم هبطت وهبط الناس معي إلى المدينة فدخلت على رسول الله صلى الله عليه وسلم وقد أصمت فلا يتكلم فجعل يرفع يديه إلى السماء ثم يصبها علي أعرف أنه يدعو لي (36/89)
21756 - ","حَدَّثَنَا يَعْقُوبُ حَدَّثَنَا أَبِي عَنْ مُحَمَّدِ بْنِ إِسْحَاقَ حَدَّثَنِي سَعِيدُ بْنُ عُبَيْدِ بْنِ السَّبَّاقِ عَنْ مُحَمَّدِ بْنِ أُسَامَةَ بْنِ زَيْدٍ عَنْ أَبِيهِ أُسَامَةَ بْنِ زَيْدٍ قَالَ لَمَّا ثَقُلَ رَسُولُ اللَّهِ صَلَّى اللَّهُ عَلَيْهِ وَسَلَّمَ هَبَطْتُ وَهَبَطَ النَّاسُ مَعِي إِلَى الْمَدِينَةِ فَدَخَلْتُ عَلَى رَسُولِ اللَّهِ صَلَّى اللَّهُ عَلَيْهِ وَسَلَّمَ وَقَدْ أَصْمَتَ فَلَا يَتَكَلَّمُ فَجَعَلَ يَرْفَعُ يَدَيْهِ إِلَى السَّمَاءِ ثُمَّ يَصُبُّهَا عَلَيَّ أَعْرِفُ أَنَّهُ يَدْعُو لِي (36/89)
21756 - ","حَدَّثَنَا يَعْقُوبُ حَدَّثَنَا أَبِي عَنْ مُحَمَّدِ بْنِ إِسْحَاقَ حَدَّثَنِي سَعِيدُ بْنُ عُبَيْدِ بْنِ السَّبَّاقِ عَنْ مُحَمَّدِ بْنِ أُسَامَةَ بْنِ زَيْدٍ عَنْ أَبِيهِ أُسَامَةَ بْنِ زَيْدٍ قَالَ لَمَّا ثَقُلَ رَسُولُ اللَّهِ صَلَّى اللَّهُ عَلَيْهِ وَسَلَّمَ هَبَطْتُ وَهَبَطَ النَّاسُ مَعِي إِلَى الْمَدِينَةِ فَدَخَلْتُ عَلَى رَسُولِ اللَّهِ صَلَّى اللَّهُ عَلَيْهِ وَسَلَّمَ وَقَدْ أَصَمَّتُ فَلَا يَتَكَلَّمُ فَجَعَلَ يَرْفَعُ يَدَيْهِ إِلَى السَّمَاءِ ثُمَّ يَصُبُّهَا عَلَيَّ أَعْرِفُ أَنَّهُ يَدْعُو لِي (36/89)
21756 -"
"إذ غاية الأمر أن النية تبدلت مع بقاء اليد وقال ابن عرفة بالضمان نظرا إلى أن نية الاغتيال قد صاحبها فعل وهو الكف عن التعريف وارتضاه ح وحمل المصنف (16/432)
على هذه الصورة وشارحنا تبعا لغيره حمله على الصورة الثانية.
(قوله: وكما يضمن في ردها لموضعها، أو غيره) أي بعد بعد من أخذها والحال أنها ضاعت بعد الرد، ","إِذْ غَايَةُ الْأَمْرِ أَنَّ النِّيَّةَ تَبَدَّلَتْ مَعَ بَقَاءِ الْيَدِ وَقَالَ ابْنُ عَرَفَةَ بِالضَّمَانِ نَظَرًا إِلَى أَنَّ نِيَّةَ الِاغْتِيَالِ قَدْ صَاحَبَهَا فِعْلٌ وَهُوَ الْكَفُّ عَنِ التَّعْرِيفِ وَارْتَضَاهُ ح وَحُمِلَ الْمُصَنِّفُ (16/432)
عَلَى هَذِهِ الصُّورَةِ وَشَارِحُنَا تَبَعًا لِغَيْرِهِ حَمَلَهُ عَلَى الصُّورَةِ الثَّانِيَةِ.
(قَوْلُهُ: وَكَمَا يَضْمَنُ فِي رَدِّهَا لِمَوْضِعِهَا، أَوْ غَيْرِهِ) أَيْ بَعْدَ بُعْدٍ مِنْ أَخْذِهَا وَالْحَالُ أَنَّهَا ضَاعَتْ بَعْدَ الرَّدِّ، ","إِذْ غَايَةُ الْأَمْرِ أَنَّ النِّيَّةَ تَبَدَّلَتْ مَعَ بَقَاءِ الْيَدِ وَقَالَ ابْنُ عَرَفَةَ بِالضَّمَانِ نَظَرًا إِلَى أَنَّ نِيَّةَ الِاغْتِيَالِ قَدْ صَاحَبَهَا فِعْلٌ وَهُوَ الْكَفُّ عَنِ التَّعْرِيفِ وَارْتَضَاهُ ح وَحَمَلَ الْمُصَنِّفُ (16/432)
عَلَى هَذِهِ الصُّورَةِ وَشَارِحُنَا تَبَعًا لِغَيْرِهِ حَمَلَهُ عَلَى الصُّورَةِ الثَّانِيَةِ.
(قَوْلُهُ: وَكَمَا يَضْمَنُ فِي رَدِّهَا لِمَوْضِعِهَا، أَوْ غَيْرِهِ) أَيْ بَعْدَ بُعْدٍ مِنْ أَخْذِهَا وَالْحَالُ أَنَّهَا ضَاعَتْ بَعْدَ الرَّدِّ،"
أحمد بن محمد بن عبدوس حدثنا عثمان بن سعيد الدارمي حدثنا موسى بن إسماعيل حدثنا حماد بن سلمة ح قال وأخبرنا أبو بكر بن عبد الله واللفظ له حدثنا الحسن بن سفيان حدثنا أبو بكر بن أبى شيبة حدثنا عفان حدثنا حماد بن سلمة عن ثابت عن أنس: أن رجلا قال: ,أَحْمَدُ بْنُ مُحَمَّدِ بْنِ عُبْدُوسٍ حَدَّثَنَا عُثْمَانُ بْنُ سَعِيدٍ الدَّارِمِيُّ حَدَّثَنَا مُوسَى بْنُ إِسْمَاعِيلَ حَدَّثَنَا حَمَّادُ بْنُ سَلَمَةَ ح قَالَ وَأَخْبَرَنَا أَبُو بَكْرِ بْنُ عَبْدِ اللَّهِ وَاللَّفْظُ لَهُ حَدَّثَنَا الْحَسَنُ بْنُ سُفْيَانَ حَدَّثَنَا أَبُو بَكْرِ بْنُ أَبِى شَيْبَةَ حَدَّثَنَا عَفَّانُ حَدَّثَنَا حَمَّادُ بْنُ سَلَمَةَ عَنْ ثَابِتٍ عَنْ أَنَسٍ: أَنَّ رَجُلًا قَالَ: ,أَحْمَدُ بْنُ مُحَمَّدِ بْنِ عُبْدُوسٍ حَدَّثَنَا عُثْمَانُ بْنُ سَعِيدٍ الدَّارِمِيُّ حَدَّثَنَا مُوسَى بْنُ إِسْمَاعِيلَ حَدَّثَنَا حَمَّادُ بْنُ سَلَمَةَ ح قَالَ وَأَخْبَرَنَا أَبُو بَكْرِ بْنُ عَبْدِ اللَّهِ وَاللَّفْظُ لَهُ حَدَّثَنَا الْحَسَنُ بْنُ سُفْيَانَ حَدَّثَنَا أَبُو بَكْرِ بْنُ أَبِى شَيْبَةَ حَدَّثَنَا عَفَّانُ حَدَّثَنَا حَمَّادُ بْنُ سَلَمَةَ عَنْ ثَابِتٍ عَنْ أَنَسٍ: أَنَّ رَجُلًا قَالَ:
"عن مجاهد، عن ابن عباس، في قوله: وإن تبدوا ما في أنفسكم أو تخفوه , قال: في الشهادة. وروي عن الشعبي، وعكرمة، ومقسم، مثل ذلك والوجه الثاني:
3104- حدثنا أبي، ثنا أبو صالح، حدثني معاوية بن صالح، عن علي بن أبي طلحة، عن ابن عباس، قوله: ","عَنْ مُجَاهِدٍ، عَنِ ابْنِ عَبَّاسٍ، فِي قَوْلِهِ: وَإِنْ تُبْدُوا مَا فِي أَنْفُسِكُمْ أَوْ تُخْفُوهُ , قَالَ: فِي الشَّهَادَةِ. وَرُوِيَ عَنِ الشَّعْبِيِّ، وَعِكْرِمَةَ، وَمِقْسَمٍ، مِثْلُ ذَلِكَ وَالْوَجْهُ الثَّانِي:
3104- حَدَّثَنَا أَبِي، ثنَا أَبُو صَالِحٍ، حَدَّثَنِي مُعَاوِيَةُ بْنُ صَالِحٍ، عَنْ عَلِيِّ بْنِ أَبِي طَلْحَةَ، عَنِ ابْنِ عَبَّاسٍ، قَوْلُهُ: ","عَنْ مُجَاهِدٍ، عَنِ ابْنِ عَبَّاسٍ، فِي قَوْلِهِ: وَإِنْ تُبْدُوا مَا فِي أَنْفُسِكُمْ أَوْ تُخْفُوهُ , قَالَ: فِي الشَّهَادَةِ. وَرُوِيَ عَنِ الشَّعْبِيِّ، وَعِكْرِمَةَ، وَمِقْسَمٍ، مِثْلُ ذَلِكَ وَالْوَجْهُ الثَّانِي:
3104- حَدَّثَنَا أَبِي، ثنَا أَبُو صَالِحٍ، حَدَّثَنِي مُعَاوِيَةُ بْنُ صَالِحٍ، عَنْ عَلِيِّ بْنِ أَبِي طَلْحَةَ، عَنِ ابْنِ عَبَّاسٍ، قَوْلَهُ:"
أفي كل عام يا رسول الله؟ قال: {أما إني لو قلت نعم لوجبت، ثم لو تركتم لضللتم؟ اسكتوا عني ما سكت عنكم، إنما هلك من كان قبلكم بكثرة سؤالهم واختلافهم على أنبيائهم} فأنزل الله تعالى: {يأيها الذين آمنوا لا تسألوا عن أشياء إن تبد لكم تسؤكم} المسألة الخامسة: ,أَفِي كُلِّ عَامٍ يَا رَسُولَ اللَّهِ؟ قَالَ: {أَمَا إِنِّي لَوْ قُلْتُ نَعَمْ لَوَجَبَتْ، ثُمَّ لَوْ تُرِكْتُمْ لَضَلَلْتُمْ؟ اسْكُتُوا عَنِّي مَا سَكَتُّ عَنْكُمْ، إِنَّمَا هَلَكَ مَنْ كَانَ قَبْلَكُمْ بِكَثْرَةِ سُؤَالِهِمْ وَاخْتِلَافِهِمْ عَلَى أَنْبِيَائِهِمْ} فَأَنْزَلَ اللَّهُ تَعَالَى: {يَأَيُّهَا الَّذِينَ آمَنُوا لَا تَسْأَلُوا عَنْ أَشْيَاءَ إِنْ تُبْدَ لَكُمْ تَسُؤْكُمْ} الْمَسْأَلَةُ الْخَامِسَةُ: ,أَفِي كُلِّ عَامٍ يَا رَسُولَ اللَّهِ؟ قَالَ: {أَمَا إِنِّي لَوْ قُلْتُ نَعَمْ لَوَجَبَتْ، ثُمَّ لَوْ تَرَكْتُمْ لَضَلَلْتُمْ؟ اسْكُتُوا عَنِّي مَا سَكَتَ عَنْكُمْ، إِنَّمَا هَلَكَ مَنْ كَانَ قَبْلَكُمْ بِكَثْرَةِ سُؤَالِهِمْ وَاخْتِلَافِهِمْ عَلَى أَنْبِيَائِهِمْ} فَأَنْزَلَ اللَّهُ تَعَالَى: {يَأَيُّهَا الَّذِينَ آمَنُوا لَا تَسْأَلُوا عَنْ أَشْيَاءَ إِنْ تُبْدَ لَكُمْ تَسُؤْكُمْ} الْمَسْأَلَةُ الْخَامِسَةُ:
"وقال الزيلعي هذا إذا كانت أمه أتانا لأن الأم هي المعتبرة في الحكم وإن كانت فرسا ففيه إشكال لما ذكر أن العبرة للأم ألا يرى أن الذئب لو نزا على شاة فولدت ذئبا حل أكله ويجزئ في الأضحية فكان ينبغي أن يكون مأكولا عندهما وطاهرا عند أبي حنيفة اعتبارا للأم،.
","وَقَالَ الزَّيْلَعِيُّ هَذَا إِذَا كَانَتْ أُمُّهُ أَتَانًا لِأَنَّ الْأُمَّ هِيَ الْمُعْتَبَرَةُ فِي الْحُكْمِ وَإِنْ كَانَتْ فَرَسًا فَفِيهِ إِشْكَالٌ لَمَّا ذُكِرَ أَنَّ الْعِبْرَةَ لِلْأُمِّ أَلَا يَرَى أَنَّ الذِّئْبَ لَوْ نَزَا عَلَى شَاةٍ فَوَلَدَتْ ذِئْبًا حَلَّ أَكْلُهُ وَيُجْزِئُ فِي الْأُضْحِيَّةِ فَكَانَ يَنْبَغِي أَنْ يَكُونَ مَأْكُولًا عِنْدَهُمَا وَطَاهِرًا عِنْدَ أَبِي حَنِيفَةَ اعْتِبَارًا لِلْأُمِّ،.
",وَقَالَ الزَّيْلَعِيُّ هَذَا إِذَا كَانَتْ أُمُّهُ أَتَانًا لِأَنَّ الْأُمَّ هِيَ الْمُعْتَبَرَةُ فِي الْحُكْمِ وَإِنْ كَانَتْ فَرَسًا فَفِيهِ إِشْكَالٌ لِمَا ذُكِرَ أَنَّ الْعِبْرَةَ لِلْأُمِّ أَلَا يُرَى أَنَّ الذِّئْبَ لَوْ نَزَا عَلَى شَاةٍ فَوَلَدَتْ ذِئْبًا حَلَّ أَكْلُهُ وَيُجْزِئُ فِي الْأُضْحِيَّةِ فَكَانَ يَنْبَغِي أَنْ يَكُونَ مَأْكُولًا عِنْدَهُمَا وَطَاهِرًا عِنْدَ أَبِي حَنِيفَةَ اعْتِبَارًا لِلْأُمِّ،.
"حدثنا غسان بن الربيع حدثنا أبو إسرائيل عن السدي عن عبد خير قال خرج علينا علي بن أبي طالب رضي الله عنه ونحن في المسجد فقال أين السائل عن الوتر فمن كان منا في ركعة شفع إليها أخرى حتى اجتمعنا إليه فقال إن رسول الله صلى الله عليه وسلم كان يوتر في أول الليل ثم أوتر في وسطه ثم أثبت الوتر في هذه الساعة قال وذلك عند طلوع الفجر (2/276)
975 - ","حَدَّثَنَا غَسَّانُ بْنُ الرَّبِيعِ حَدَّثَنَا أَبُو إِسْرَائِيلَ عَنِ السُّدِّيِّ عَنْ عَبْدِ خَيْرٍ قَالَ خَرَجَ عَلَيْنَا عَلِيُّ بْنُ أَبِي طَالِبٍ رَضِيَ اللَّهُ عَنْهُ وَنَحْنُ فِي الْمَسْجِدِ فَقَالَ أَيْنَ السَّائِلُ عَنِ الْوَتْرِ فَمَنْ كَانَ مِنَّا فِي رَكْعَةٍ شَفَعَ إِلَيْهَا أُخْرَى حَتَّى اجْتَمَعْنَا إِلَيْهِ فَقَالَ إِنَّ رَسُولَ اللَّهِ صَلَّى اللَّهُ عَلَيْهِ وَسَلَّمَ كَانَ يُوتِرُ فِي أَوَّلِ اللَّيْلِ ثُمَّ أَوْتَرَ فِي وَسَطِهِ ثُمَّ أَثْبَتَ الْوَتْرَ فِي هَذِهِ السَّاعَةِ قَالَ وَذَلِكَ عِنْدَ طُلُوعِ الْفَجْرِ (2/276)
975 - ","حَدَّثَنَا غَسَّانُ بْنُ الرَّبِيعِ حَدَّثَنَا أَبُو إِسْرَائِيلَ عَنِ السُّدِّيِّ عَنْ عَبْدِ خَيْرٍ قَالَ خَرَجَ عَلَيْنَا عَلِيُّ بْنُ أَبِي طَالِبٍ رَضِيَ اللَّهُ عَنْهُ وَنَحْنُ فِي الْمَسْجِدِ فَقَالَ أَيْنَ السَّائِلُ عَنِ الْوِتْرِ فَمَنْ كَانَ مِنَّا فِي رَكْعَةٍ شَفَعَ إِلَيْهَا أُخْرَى حَتَّى اجْتَمَعْنَا إِلَيْهِ فَقَالَ إِنَّ رَسُولَ اللَّهِ صَلَّى اللَّهُ عَلَيْهِ وَسَلَّمَ كَانَ يُوتِرُ فِي أَوَّلِ اللَّيْلِ ثُمَّ أَوْتَرَ فِي وَسَطِهِ ثُمَّ أَثْبَتَ الْوِتْرَ فِي هَذِهِ السَّاعَةِ قَالَ وَذَلِكَ عِنْدَ طُلُوعِ الْفَجْرِ (2/276)
975 -"
"ليتبين له الحق فلا بد من المهلة، وإذا استمهل كان على الإمام أن يمهله، ومدة النظر جعلت في الشرع ثلاثة أيام كما في الخيار، ثم قال في حديث عمر المذكور الدال على الوجوب: تأويله أنه لعله طلب التأجيل (وعن أبي حنيفة وأبي يوسف أنه يستحب أن يؤجله ثلاثة أيام طلب ذلك أو لم يطلب.
","لِيَتَبَيَّنَ لَهُ الْحَقُّ فَلَا بُدَّ مِنَ الْمُهْلَةِ، وَإِذَا اسْتَمْهَلَ كَانَ عَلَى الْإِمَامِ أَنْ يُمْهِلَهُ، وَمُدَّةُ النَّظَرِ جُعِلَتْ فِي الشَّرْعِ ثَلَاثَةَ أَيَّامٍ كَمَا فِي الْخِيَارِ، ثُمَّ قَالَ فِي حَدِيثِ عُمَرَ الْمَذْكُورِ الدَّالِّ عَلَى الْوُجُوبِ: تَأْوِيلُهُ أَنَّهُ لَعَلَّهُ طَلَبَ التَّأْجِيلَ (وَعَنْ أَبِي حَنِيفَةَ وَأَبِي يُوسُفَ أَنَّهُ يُسْتَحَبُّ أَنْ يُؤَجِّلَهُ ثَلَاثَةَ أَيَّامٍ طَلَبَ ذَلِكَ أَوْ لَمْ يَطْلُبْ.
",لِيَتَبَيَّنَ لَهُ الْحَقُّ فَلَا بُدَّ مِنَ الْمُهْلَةِ، وَإِذَا اسْتَمْهَلَ كَانَ عَلَى الْإِمَامِ أَنْ يُمْهِلَهُ، وَمُدَّةُ النَّظَرِ جُعِلَتْ فِي الشَّرْعِ ثَلَاثَةَ أَيَّامٍ كَمَا فِي الْخِيَارِ، ثُمَّ قَالَ فِي حَدِيثِ عُمَرَ الْمَذْكُورِ الدَّالِّ عَلَى الْوُجُوبِ: تَأْوِيلُهُ أَنَّهُ لَعَلَّهُ طَلَبَ التَّأْجِيلَ (وَعَنْ أَبِي حَنِيفَةَ وَأَبِي يُوسُفَ أَنَّهُ يُسْتَحَبُّ أَنْ يُؤَجِّلَهُ ثَلَاثَةَ أَيَّامٍ طَلَبَ ذَلِكَ أَوْ لَمْ يَطْلُبْ.
"فكيف يسوغ للمؤلف أن يقول ولا اعتبار بها مع صريح النقل عن الأئمة الثلاثة فافهم.
وعن هذا والله أعلم قال العلامة قاسم في شرح النقاية أن ما نقله في الخانية ثانيا وجه. (15/434)
(قوله والسعال القديم) ","فَكَيْفَ يُسَوَّغُ لِلْمُؤَلِّفِ أَنْ يَقُولَ وَلَا اعْتِبَارَ بِهَا مَعَ صَرِيحِ النَّقْلِ عَنِ الْأَئِمَّةِ الثَّلَاثَةِ فَافْهَمْ.
وَعَنْ هَذَا وَاللَّهُ أَعْلَمُ قَالَ الْعَلَّامَةُ قَاسِمٌ فِي شَرْحِ النُّقَايَةِ أَنَّ مَا نَقَلَهُ فِي الْخَانِيَّةِ ثَانِيًا وَجْهٌ. (15/434)
(قَوْلُهُ وَالسُّعَالُ الْقَدِيمُ) ","فَكَيْفَ يَسُوغُ لِلْمُؤَلِّفِ أَنْ يَقُولَ وَلَا اعْتِبَارَ بِهَا مَعَ صَرِيحِ النَّقْلِ عَنِ الْأَئِمَّةِ الثَّلَاثَةِ فَافْهَمْ.
وَعَنْ هَذَا وَاللَّهُ أَعْلَمُ قَالَ الْعَلَّامَةُ قَاسِمٌ فِي شَرْحِ النُّقَايَةِ أَنَّ مَا نَقَلَهُ فِي الْخَانِيَّةِ ثَانِيًا وَجْهٌ. (15/434)
(قَوْلُهُ وَالسُّعَالُ الْقَدِيمُ)"
"ولكن يأخذ هذا حصته فيصرف بابه حيث شاء إذا كان له موضع يصرف بابه إليه وكذلك صاحبه.
قلت: تحفظه عن مالك؟ قال: نعم. (14/7)
أرأيت إن قسما البنيان ثم قسما الساحة بينهما ولم يذكرا الطريق أنهما يرتفقان به بينهما ولا يرتفقان الطريق بينهما، ثم قسما الدار على هذا فصار باب الدار في حصة أحدهما، ","وَلَكِنْ يَأْخُذُ هَذَا حِصَّتَهُ فَيَصْرِفُ بَابَهُ حَيْثُ شَاءَ إِذَا كَانَ لَهُ مَوْضِعٌ يَصْرِفُ بَابَهُ إِلَيْهِ وَكَذَلِكَ صَاحِبُهُ.
قُلْتُ: تَحْفَظُهُ عَنْ مَالِكٍ؟ قَالَ: نَعَمْ. (14/7)
أَرَأَيْتَ إِنْ قَسَمَا الْبُنْيَانَ ثُمَّ قَسَمَا السَّاحَةَ بَيْنَهُمَا وَلَمْ يَذْكُرَا الطَّرِيقَ أَنَّهُمَا يَرْتَفِقَانِ بِهِ بَيْنَهُمَا وَلَا يَرْتَفِقَانِ الطَّرِيقَ بَيْنَهُمَا، ثُمَّ قَسَمَا الدَّارَ عَلَى هَذَا فَصَارَ بَابُ الدَّارِ فِي حِصَّةِ أَحَدِهِمَا، ","وَلَكِنْ يَأْخُذُ هَذَا حِصَّتَهُ فَيَصْرِفُ بَابَهُ حَيْثُ شَاءَ إِذَا كَانَ لَهُ مَوْضِعٌ يَصْرِفُ بَابَهُ إِلَيْهِ وَكَذَلِكَ صَاحِبُهُ.
قُلْتُ: تَحْفَظُهُ عَنْ مَالِكٍ؟ قَالَ: نَعَمْ. (14/7)
أَرَأَيْتَ إِنْ قَسَمَا الْبُنْيَانَ ثُمَّ قَسَمَا السَّاحَةَ بَيْنَهُمَا وَلَمْ يَذْكُرَا الطَّرِيقَ أَنَّهُمَا يَرْتَفِقَانِ بِهِ بَيْنَهُمَا وَلَا يَرْتَفِقَانِ الطَّرِيقَ بَيْنَهُمَا، ثُمَّ قَسَمَا الدَّارَ عَلَى هَذَا فَصَارَ بَابُ الدَّارِ فِي حِصَّةِ أَحَدِهِمَا،"
"ووجه المشهور أن الحمل لما كان لا يظهر في أقل من ثلاثة قلنا باشتراك الحرة والأمة في السنة وعدم اختلافهما فيها كالأقراء ا ه توضيح (10/65)
(ولغا) بفتحتين أي بطل فلم يحسب (يوم الطلاق) المسبوق بالفجر فلو طلقها في اليوم الأول بعد الفجر أخذت من الرابع يومين إن كان الأول ناقصا، ","وَوَجْهُ الْمَشْهُورِ أَنَّ الْحَمْلَ لَمَّا كَانَ لَا يَظْهَرُ فِي أَقَلَّ مِنْ ثَلَاثَةٍ قُلْنَا بِاشْتِرَاكِ الْحُرَّةِ وَالْأَمَةِ فِي السَّنَةِ وَعَدَمِ اخْتِلَافِهِمَا فِيهَا كَالْأَقْرَاءِ ا ه تَوْضِيحٌ (10/65)
(وَلَغَا) بِفَتْحَتَيْنِ أَيْ بَطَلَ فَلَمْ يُحْسَبْ (يَوْمُ الطَّلَاقِ) الْمَسْبُوقُ بِالْفَجْرِ فَلَوْ طَلَّقَهَا فِي الْيَوْمِ الْأَوَّلِ بَعْدَ الْفَجْرِ أَخَذَتْ مِنَ الرَّابِعِ يَوْمَيْنِ إِنْ كَانَ الْأَوَّلُ نَاقِصًا، ","وَوَجْهُ الْمَشْهُورِ أَنَّ الْحَمْلَ لَمَّا كَانَ لَا يَظْهَرُ فِي أَقَلَّ مِنْ ثَلَاثَةٍ قُلْنَا بِاشْتِرَاكِ الْحُرَّةِ وَالْأَمَةِ فِي السَّنَةِ وَعَدَمِ اخْتِلَافِهِمَا فِيهَا كَالْأَقْرَاءِ ا ه تَوْضِيحٌ (10/65)
(وَلَغَا) بِفَتْحَتَيْنِ أَيْ بَطَلَ فَلَمْ يُحْسَبْ (يَوْمُ الطَّلَاقِ) الْمَسْبُوقِ بِالْفَجْرِ فَلَوْ طَلَّقَهَا فِي الْيَوْمِ الْأَوَّلِ بَعْدَ الْفَجْرِ أَخَذَتْ مِنَ الرَّابِعِ يَوْمَيْنِ إِنْ كَانَ الْأَوَّلُ نَاقِصًا،"
وإما فداؤه بأرش الجناية فإن اختار الفداء وجب الأرش حالا وكذا إذا اختار دفع العبد دفعه حالا أيضا ولو أنه لما قتل رجلا عمدا ووجب عليه القصاص أعتقه مولاه فإن المولى لا يلزمه شيء؛ ,وَإِمَّا فِدَاؤُهُ بِأَرْشِ الْجِنَايَةِ فَإِنِ اخْتَارَ الْفِدَاءَ وَجَبَ الْأَرْشُ حَالًّا وَكَذَا إِذَا اخْتَارَ دَفْعَ الْعَبْدِ دَفَعَهُ حَالًّا أَيْضًا وَلَوْ أَنَّهُ لَمَّا قَتَلَ رَجُلًا عَمْدًا وَوَجَبَ عَلَيْهِ الْقِصَاصُ أَعْتَقَهُ مَوْلَاهُ فَإِنَّ الْمَوْلَى لَا يَلْزَمُهُ شَيْءٌ؛ ,وَإِمَّا فِدَاؤُهُ بِأَرْشِ الْجِنَايَةِ فَإِنِ اخْتَارَ الْفِدَاءَ وَجَبَ الْأَرْشُ حَالًّا وَكَذَا إِذَا اخْتَارَ دَفْعَ الْعَبْدِ دَفَعَهُ حَالًّا أَيْضًا وَلَوْ أَنَّهُ لَمَّا قَتَلَ رَجُلًا عَمْدًا وَوَجَبَ عَلَيْهِ الْقِصَاصُ أَعْتَقَهُ مَوْلَاهُ فَإِنَّ الْمَوْلَى لَا يَلْزَمُهُ شَيْءٌ؛
"ملء أو بملء ذا الكوز من هذه الحنطة إلخ) قد يشعر أنه لو كان الكوز أو البيت أو البر غائبا عنهما لم يصح وليس مرادا؛ لأن المدار على التعيين حاضرا كان أو غائبا عن البلد حتى لو قال بعتك ملء الكوز الفلاني (16/382)
","مِلْءَ أَوْ بِمِلْءِ ذَا الْكُوزِ مِنْ هَذِهِ الْحِنْطَةِ إِلَخْ) قَدْ يُشْعِرُ أَنَّهُ لَوْ كَانَ الْكُوزُ أَوِ الْبَيْتُ أَوِ الْبُرُّ غَائِبًا عَنْهُمَا لَمْ يَصِحَّ وَلَيْسَ مُرَادًا؛ لِأَنَّ الْمَدَارَ عَلَى التَّعْيِينِ حَاضِرًا كَانَ أَوْ غَائِبًا عَنِ الْبَلَدِ حَتَّى لَوْ قَالَ بِعْتُك مِلْءَ الْكُوزِ الْفُلَانِيِّ (16/382)
",مِلْءَ أَوْ بِمِلْءِ ذَا الْكُوزِ مِنْ هَذِهِ الْحِنْطَةِ إِلَخْ) قَدْ يُشْعِرُ أَنَّهُ لَوْ كَانَ الْكُوزُ أَوِ الْبَيْتُ أَوِ الْبُرُّ غَائِبًا عَنْهُمَا لَمْ يَصِحَّ وَلَيْسَ مُرَادًا؛ لِأَنَّ الْمَدَارَ عَلَى التَّعْيِينِ حَاضِرًا كَانَ أَوْ غَائِبًا عَنِ الْبَلَدِ حَتَّى لَوْ قَالَ بِعْتُك مِلْءَ الْكُوزِ الْفُلَانِيِّ (16/382)
ومن ثم لو أطاق صغير الكسب، أو تعلمه، ولاق به جاز للولي أن يحمله عليه وينفق عليه منه فإن امتنع، أو هرب لزم الولي إنفاقه (وإلا) يكن غير المكتسب كذلك (فأقوال: أحسنها: تجب) للأصل والفرع ولا يكلفان الكسب لحرمتهما، وثانيها: لا تجب؛ لأنه غني (والثالث) تجب (لأصل) فلا يكلف كسبا (لا فرع) ,وَمِنْ ثَمَّ لَوْ أَطَاقَ صَغِيرٌ الْكَسْبَ، أَوْ تَعَلَّمَهُ، وَلَاقَ بِهِ جَازَ لِلْوَلِيِّ أَنْ يَحْمِلَهُ عَلَيْهِ وَيُنْفِقَ عَلَيْهِ مِنْهُ فَإِنِ امْتَنَعَ، أَوْ هَرَبَ لَزِمَ الْوَلِيَّ إِنْفَاقُهُ (وَإِلَّا) يَكُنْ غَيْرُ الْمُكْتَسِبِ كَذَلِكَ (فَأَقْوَالٌ: أَحْسَنُهَا: تَجِبُ) لِلْأَصْلِ وَالْفَرْعِ وَلَا يُكَلَّفَانِ الْكَسْبَ لِحُرْمَتِهِمَا، وَثَانِيهَا: لَا تَجِبُ؛ لِأَنَّهُ غَنِيٌّ (وَالثَّالِثُ) تَجِبُ (لِأَصْلٍ) فَلَا يُكَلَّفُ كَسْبًا (لَا فَرْعٌ) ,وَمِنْ ثَمَّ لَوْ أَطَاقَ صَغِيرٌ الْكَسْبَ، أَوْ تَعَلَّمَهُ، وَلَاقَ بِهِ جَازَ لِلْوَلِيِّ أَنْ يَحْمِلَهُ عَلَيْهِ وَيُنْفِقَ عَلَيْهِ مِنْهُ فَإِنِ امْتَنَعَ، أَوْ هَرَبَ لَزِمَ الْوَلِيَّ إِنْفَاقُهُ (وَإِلَّا) يَكُنْ غَيْرُ الْمُكْتَسِبِ كَذَلِكَ (فَأَقْوَالٌ: أَحْسَنُهَا: تَجِبُ) لِلْأَصْلِ وَالْفَرْعِ وَلَا يُكَلَّفَانِ الْكَسْبَ لِحُرْمَتِهِمَا، وَثَانِيهَا: لَا تَجِبُ؛ لِأَنَّهُ غَنِيٌّ (وَالثَّالِثُ) تَجِبُ (لِأَصْلٍ) فَلَا يُكَلَّفُ كَسْبًا (لَا فَرْعٍ)
فظن لفساد صومه ووجوب قضائه إباحة الفطر بعد تذكره وتعاطاه فلا كفارة عليه (أو) أصابته جنابة أو حيض أو نفاس ليلا ورأت علامة الطهر ليلا (ولم يغتسل إلا بعد الفجر) فظن فساد صومه ووجوب قضائه وأنه لا يجب عليه الإمساك وتباح له المفطرات فأفطر فلا كفارة عليه (أو تسحر) آخر الليل (قربه) ,فَظَنَّ لِفَسَادِ صَوْمِهِ وَوُجُوبِ قَضَائِهِ إِبَاحَةَ الْفِطْرِ بَعْدَ تَذَكُّرِهِ وَتَعَاطَاهُ فَلَا كَفَّارَةَ عَلَيْهِ (أَوْ) أَصَابَتْهُ جَنَابَةٌ أَوْ حَيْضٌ أَوْ نِفَاسٌ لَيْلًا وَرَأَتْ عَلَامَةَ الطُّهْرَ لَيْلًا (وَلَمْ يَغْتَسِلْ إِلَّا بَعْدَ الْفَجْرِ) فَظَنَّ فَسَادَ صَوْمِهِ وَوُجُوبَ قَضَائِهِ وَأَنَّهُ لَا يَجِبُ عَلَيْهِ الْإِمْسَاكُ وَتُبَاحُ لَهُ الْمُفْطِرَاتُ فَأَفْطَرَ فَلَا كَفَّارَةَ عَلَيْهِ (أَوْ تَسَحَّرَ) آخِرَ اللَّيْلِ (قُرْبَهُ) ,فَظَنَّ لِفَسَادِ صَوْمِهِ وَوُجُوبِ قَضَائِهِ إِبَاحَةَ الْفِطْرِ بَعْدَ تَذَكُّرِهِ وَتَعَاطَاهُ فَلَا كَفَّارَةَ عَلَيْهِ (أَوْ) أَصَابَتْهُ جَنَابَةٌ أَوْ حَيْضٌ أَوْ نِفَاسٌ لَيْلًا وَرَأَتْ عَلَامَةَ الطُّهْرِ لَيْلًا (وَلَمْ يَغْتَسِلْ إِلَّا بَعْدَ الْفَجْرِ) فَظَنَّ فَسَادَ صَوْمِهِ وَوُجُوبَ قَضَائِهِ وَأَنَّهُ لَا يَجِبُ عَلَيْهِ الْإِمْسَاكُ وَتُبَاحُ لَهُ الْمُفْطِرَاتُ فَأَفْطَرَ فَلَا كَفَّارَةَ عَلَيْهِ (أَوْ تَسَحَّرَ) آخِرَ اللَّيْلِ (قُرْبَهُ)
"وهو مأثور عن ابن عباس وابن عمر رضي الله عنهم، والأثر في مثله كالخبر، والتقييد بالبلدة والقرية يشير إلى أنه لا تصح نية الإقامة في المفازة وهو الظاهر
الشرح
(3/159) .
(قوله: وإذا فارق) بيان لمبدإ القصر، ويدخل في بيوت المصر ربضه، وقد صح عنه عليه الصلاة والسلام {أنه قصر العصر بذي الحليفة} .
","وَهُوَ مَأْثُورٌ عَنِ ابْنِ عَبَّاسٍ وَابْنِ عُمَرَ رَضِيَ اللَّهُ عَنْهُمْ، وَالْأَثَرُ فِي مِثْلِهِ كَالْخَبَرِ، وَالتَّقْيِيدُ بِالْبَلْدَةِ وَالْقَرْيَةِ يُشِيرُ إِلَى أَنَّهُ لَا تَصِحُّ نِيَّةُ الْإِقَامَةِ فِي الْمَفَازَةِ وَهُوَ الظَّاهِرُ
الشَّرْحُ
(3/159) .
(قَوْلُهُ: وَإِذَا فَارَقَ) بَيَانٌ لِمَبْدَإِ الْقَصْرِ، وَيَدْخُلُ فِي بُيُوتِ الْمِصْرِ رَبَضُهُ، وَقَدْ صَحَّ عَنْهُ عَلَيْهِ الصَّلَاةُ وَالسَّلَامُ {أَنَّهُ قَصَرَ الْعَصْرَ بِذِي الْحُلَيْفَةِ} .
","وَهُوَ مَأْثُورٌ عَنِ ابْنِ عَبَّاسٍ وَابْنِ عُمَرَ رَضِيَ اللَّهُ عَنْهُمْ، وَالْأَثَرُ فِي مِثْلِهِ كَالْخَبَرِ، وَالتَّقْيِيدُ بِالْبَلْدَةِ وَالْقَرْيَةِ يُشِيرُ إِلَى أَنَّهُ لَا تَصِحُّ نِيَّةُ الْإِقَامَةِ فِي الْمَفَازَةِ وَهُوَ الظَّاهِرُ
الشَّرْحُ
(3/159) .
(قَوْلُهُ: وَإِذَا فَارَقَ) بَيَانٌ لِمَبْدَإِ الْقَصْرِ، وَيَدْخُلُ فِي بُيُوتِ الْمِصْرِ رَبَضُهُ، وَقَدْ صَحَّ عَنْهُ عَلَيْهِ الصَّلَاةُ وَالسَّلَامُ {أَنَّهُ قَصَرَ الْعَصْرَ بِذِي الْحُلَيْفَةِ} ."
"حدثنا يحيى وعبد الرحمن عن سفيان عن الأعمش ومنصور عن إبراهيم عن عبد الرحمن بن يزيد عن أبي مسعود عن النبي صلى الله عليه وسلم ووكيع قال حدثنا سفيان عن منصور عن إبراهيم عن عبد الرحمن بن يزيد عن عقبة بن عمرو عن النبي صلى الله عليه وسلم قال من قرأ الآيتين من آخر سورة البقرة في ليلة كفتاه (28/326)
17101 - ","حَدَّثَنَا يَحْيَى وَعَبْدُ الرَّحْمَنِ عَنْ سُفْيَانَ عَنِ الْأَعْمَشِ وَمَنْصُورٍ عَنْ إِبْرَاهِيمَ عَنْ عَبْدِ الرَّحْمَنِ بْنِ يَزِيدَ عَنْ أَبِي مَسْعُودٍ عَنِ النَّبِيِّ صَلَّى اللَّهُ عَلَيْهِ وَسَلَّمَ وَوَكِيعٌ قَالَ حَدَّثَنَا سُفْيَانُ عَنْ مَنْصُورٍ عَنْ إِبْرَاهِيمَ عَنْ عَبْدِ الرَّحْمَنِ بْنِ يَزِيدَ عَنْ عُقْبَةَ بْنِ عَمْرٍو عَنِ النَّبِيِّ صَلَّى اللَّهُ عَلَيْهِ وَسَلَّمَ قَالَ مَنْ قَرَأَ الْآيَتَيْنِ مِنْ آخِرِ سُورَةِ الْبَقَرَةِ فِي لَيْلَةٍ كَفَتَاهُ (28/326)
17101 - ","حَدَّثَنَا يَحْيَى وَعَبْدُ الرَّحْمَنِ عَنْ سُفْيَانَ عَنِ الْأَعْمَشِ وَمَنْصُورٌ عَنْ إِبْرَاهِيمَ عَنْ عَبْدِ الرَّحْمَنِ بْنِ يَزِيدَ عَنْ أَبِي مَسْعُودٍ عَنِ النَّبِيِّ صَلَّى اللَّهُ عَلَيْهِ وَسَلَّمَ وَوَكِيعٌ قَالَ حَدَّثَنَا سُفْيَانُ عَنْ مَنْصُورٍ عَنْ إِبْرَاهِيمَ عَنْ عَبْدِ الرَّحْمَنِ بْنِ يَزِيدَ عَنْ عُقْبَةَ بْنِ عَمْرٍو عَنِ النَّبِيِّ صَلَّى اللَّهُ عَلَيْهِ وَسَلَّمَ قَالَ مَنْ قَرَأَ الْآيَتَيْنِ مِنْ آخِرِ سُورَةِ الْبَقَرَةِ فِي لَيْلَةٍ كَفَتَاهُ (28/326)
17101 -"
"نعم يستثنى من ذلك الصوم فالظاهر أنهم (1/112)
يعلمونه ولا يقصد تحصيله لما تقدم، وعبارة تحقيق المباني ويدل على أن الأمر في الحديث عنده للندب عطفه عليه قوله: فكذلك إلخ، ثم أنت خبير بأن هذا مكرر مع قوله أولا وأولى ما عني به الناصحون إلخ بل هو أبلغ من هذا.
[قوله: ","نَعَمْ يُسْتَثْنَى مِنْ ذَلِكَ الصَّوْمُ فَالظَّاهِرُ أَنَّهُمْ (1/112)
يُعَلَّمُونَهُ وَلَا يُقْصَدُ تَحْصِيلُهُ لِمَا تَقَدَّمَ، وَعِبَارَةُ تَحْقِيقِ الْمَبَانِي وَيَدُلُّ عَلَى أَنَّ الْأَمْرَ فِي الْحَدِيثِ عِنْدَهُ لِلنَّدْبِ عَطْفُهُ عَلَيْهِ قَوْلُهُ: فَكَذَلِكَ إِلَخْ، ثُمَّ أَنْتَ خَبِيرٌ بِأَنَّ هَذَا مُكَرَّرٌ مَعَ قَوْلِهِ أَوَّلًا وَأَوْلَى مَا عُنِيَ بِهِ النَّاصِحُونَ إِلَخْ بَلْ هُوَ أَبْلَغُ مِنْ هَذَا.
[قَوْلُهُ: ","نَعَمْ يُسْتَثْنَى مِنْ ذَلِكَ الصَّوْمُ فَالظَّاهِرُ أَنَّهُمْ (1/112)
يَعْلَمُونَهُ وَلَا يَقْصِدُ تَحْصِيلَهُ لِمَا تَقَدَّمَ، وَعِبَارَةُ تَحْقِيقِ الْمَبَانِي وَيَدُلُّ عَلَى أَنَّ الْأَمْرَ فِي الْحَدِيثِ عِنْدَهُ لِلنَّدْبِ عَطْفُهُ عَلَيْهِ قَوْلُهُ: فَكَذَلِكَ إِلَخْ، ثُمَّ أَنْتَ خَبِيرٌ بِأَنَّ هَذَا مُكَرَّرٌ مَعَ قَوْلِهِ أَوَّلًا وَأَوْلَى مَا عَنِيَ بِهِ النَّاصِحُونَ إِلَخْ بَلْ هُوَ أَبْلَغُ مِنْ هَذَا.
[قَوْلُهُ:"
لو عادت إلى دار الإسلام فلها النفقة والسكنى، ووفق بحمل المذكور في الجامع على ما إذا حكم بلحاقها، وما في الذخيرة على ما قبل الحكم به، بخلاف ما إذا وقعت الفرقة بالردة؛ فإنها لو أسلمت وعادت إلى منزله لا تجب لها نفقة لأنها المفوتة لملك النكاح وهو لا يعود بعودها إلى المنزل مسلمة، ,لَوْ عَادَتْ إِلَى دَارِ الْإِسْلَامِ فَلَهَا النَّفَقَةُ وَالسُّكْنَى، وَوَفَّقَ بِحَمْلِ الْمَذْكُورِ فِي الْجَامِعِ عَلَى مَا إِذَا حَكَمَ بِلَحَاقِهَا، وَمَا فِي الذَّخِيرَةِ عَلَى مَا قَبْلَ الْحُكْمِ بِهِ، بِخِلَافِ مَا إِذَا وَقَعَتِ الْفُرْقَةُ بِالرِّدَّةِ؛ فَإِنَّهَا لَوْ أَسْلَمَتْ وَعَادَتْ إِلَى مَنْزِلِهِ لَا تَجِبُ لَهَا نَفَقَةٌ لِأَنَّهَا الْمُفَوِّتَةُ لِمِلْكِ النِّكَاحِ وَهُوَ لَا يَعُودُ بِعَوْدِهَا إِلَى الْمَنْزِلِ مُسْلِمَةً، ,لَوْ عَادَتْ إِلَى دَارِ الْإِسْلَامِ فَلَهَا النَّفَقَةُ وَالسُّكْنَى، وَوَفَّقَ بِحَمْلِ الْمَذْكُورِ فِي الْجَامِعِ عَلَى مَا إِذَا حُكِمَ بِلِحَاقِهَا، وَمَا فِي الذَّخِيرَةِ عَلَى مَا قَبْلَ الْحُكْمِ بِهِ، بِخِلَافِ مَا إِذَا وَقَعَتِ الْفُرْقَةُ بِالرِّدَّةِ؛ فَإِنَّهَا لَوْ أَسْلَمَتْ وَعَادَتْ إِلَى مَنْزِلِهِ لَا تَجِبُ لَهَا نَفَقَةٌ لِأَنَّهَا الْمُفَوِّتَةُ لِمِلْكِ النِّكَاحِ وَهُوَ لَا يَعُودُ بِعَوْدِهَا إِلَى الْمَنْزِلِ مُسْلِمَةً،
ومن قيده بالوقت فقد خالف النص ولأنه بدل الوضوء فجاز قبل الوقت كالوضوء وقوله مستغنى عنه ممنوع فإن الحاجة ماسة إلى تقديمه على الوقت ليشغل أول الوقت بأداء الفريضة أو السنن بخلاف التيمم مع وجود الماء فإن النصوص تنفيه ولا نص فيما نحن فيه ولا نسلم أن المستحاضة لا يجوز وضوءها قبل الوقت بل يجوز عندنا ولئن سلم على قول البعض فالفرق أن طهارة المستحاضة قد وجد ما ينافيها وهو سيلان الدم بخلاف التيمم فإنه لم يوجد له رافع بعده، ,وَمَنْ قَيَّدَهُ بِالْوَقْتِ فَقَدْ خَالَفَ النَّصَّ وَلِأَنَّهُ بَدَلُ الْوُضُوءِ فَجَازَ قَبْلَ الْوَقْتِ كَالْوُضُوءِ وَقَوْلُهُ مُسْتَغْنًى عَنْهُ مَمْنُوعٌ فَإِنَّ الْحَاجَةَ مَاسَّةٌ إِلَى تَقْدِيمِهِ عَلَى الْوَقْتِ لِيَشْغَلَ أَوَّلَ الْوَقْتِ بِأَدَاءِ الْفَرِيضَةِ أَوِ السُّنَنِ بِخِلَافِ التَّيَمُّمِ مَعَ وُجُودِ الْمَاءِ فَإِنَّ النُّصُوصَ تَنْفِيهِ وَلَا نَصَّ فِيمَا نَحْنُ فِيهِ وَلَا نُسَلِّمُ أَنَّ الْمُسْتَحَاضَةَ لَا يَجُوزُ وُضُوءُهَا قَبْلَ الْوَقْتِ بَلْ يَجُوزُ عِنْدَنَا وَلَئِنْ سُلِّمَ عَلَى قَوْلِ الْبَعْضِ فَالْفَرْقُ أَنَّ طَهَارَةَ الْمُسْتَحَاضَةِ قَدْ وُجِدَ مَا يُنَافِيهَا وَهُوَ سَيَلَانُ الدَّمِ بِخِلَافِ التَّيَمُّمِ فَإِنَّهُ لَمْ يُوجَدْ لَهُ رَافِعٌ بَعْدَهُ، ,وَمَنْ قَيَّدَهُ بِالْوَقْتِ فَقَدْ خَالَفَ النَّصَّ وَلِأَنَّهُ بَدَلُ الْوُضُوءِ فَجَازَ قَبْلَ الْوَقْتِ كَالْوُضُوءِ وَقَوْلُهُ مُسْتَغْنًى عَنْهُ مَمْنُوعٌ فَإِنَّ الْحَاجَةَ مَاسَّةٌ إِلَى تَقْدِيمِهِ عَلَى الْوَقْتِ لِيَشْغَلَ أَوَّلَ الْوَقْتِ بِأَدَاءِ الْفَرِيضَةِ أَوِ السُّنَنِ بِخِلَافِ التَّيَمُّمِ مَعَ وُجُودِ الْمَاءِ فَإِنَّ النُّصُوصَ تَنْفِيهِ وَلَا نَصَّ فِيمَا نَحْنُ فِيهِ وَلَا نُسَلِّمُ أَنَّ الْمُسْتَحَاضَةَ لَا يَجُوزُ وُضُوءُهَا قَبْلَ الْوَقْتِ بَلْ يَجُوزُ عِنْدَنَا وَلَئِنْ سُلِّمَ عَلَى قَوْلِ الْبَعْضِ فَالْفَرْقُ أَنَّ طَهَارَةَ الْمُسْتَحَاضَةِ قَدْ وُجِدَ مَا يُنَافِيهَا وَهُوَ سَيَلَانُ الدَّمِ بِخِلَافِ التَّيَمُّمِ فَإِنَّهُ لَمْ يُوجَدْ لَهُ رَافِعٌ بَعْدَهُ،
ولم أسمع من مالك في الصبي شيئا وأرى إن كان له غذاء رأيت أن يحرم وإلا فلا يحرم إلا أن يكون غذاء في اللبن ابن وهب عن مسلمة بن علي عن رجال من أهل العلم عن عبد الرحمن بن الحارث بن نوفل عن أم الفضل بنت الحارث قالت: {,وَلَمْ أَسْمَعْ مِنْ مَالِكٍ فِي الصَّبِيِّ شَيْئًا وَأَرَى إِنْ كَانَ لَهُ غِذَاءً رَأَيْتُ أَنْ يُحَرِّمَ وَإِلَّا فَلَا يُحَرِّمُ إِلَّا أَنْ يَكُونَ غِذَاءٌ فِي اللَّبَن ابْنُ وَهْبٍ عَنْ مَسْلَمَةَ بْنِ عَلِيٍّ عَنْ رِجَالٍ مِنْ أَهْلِ الْعِلْمِ عَنْ عَبْدِ الرَّحْمَنِ بْنِ الْحَارِثِ بْنِ نَوْفَلٍ عَنْ أُمِّ الْفَضْلِ بِنْتِ الْحَارِثِ قَالَتْ: {,وَلَمْ أَسْمَعْ مِنْ مَالِكٍ فِي الصَّبِيِّ شَيْئًا وَأَرَى إِنْ كَانَ لَهُ غِذَاءٌ رَأَيْتُ أَنْ يُحْرِمَ وَإِلَّا فَلَا يُحْرِمُ إِلَّا أَنْ يَكُونَ غِذَاءٌ فِي اللَّبَنِ ابْنُ وَهْبٍ عَنْ مَسْلَمَةَ بْنِ عَلِيٍّ عَنْ رِجَالٍ مِنْ أَهْلِ الْعِلْمِ عَنْ عَبْدِ الرَّحْمَنِ بْنِ الْحَارِثِ بْنِ نَوْفَلٍ عَنْ أُمِّ الْفَضْلِ بِنْتِ الْحَارِثِ قَالَتْ: {
وهل الحكمة في السحور التقوي على الصوم أو مخالفة أهل الكتاب؟ وجهان: وقد يقال إنها لهما، ولو صرح المصنف بسنه كما قدرته وصرح به في المحرر لكان أولى فإن استحبابه مجمع عليه، وذكر في المجموع أنه يحصل بكثير المأكول وقليله وبالماء، ففي صحيح ابن حبان {,وَهَلِ الْحِكْمَةُ فِي السُّحُورِ التَّقَوِّي عَلَى الصَّوْمِ أَوْ مُخَالَفَةُ أَهْلِ الْكِتَابِ؟ وَجْهَانِ: وَقَدْ يُقَالُ إِنَّهَا لَهُمَا، وَلَوْ صَرَّحَ الْمُصَنِّفُ بِسَنِّهِ كَمَا قَدَّرْتُهُ وَصَرَّحَ بِهِ فِي الْمُحَرَّرِ لَكَانَ أَوْلَى فَإِنَّ اسْتِحْبَابَهُ مُجْمَعٌ عَلَيْهِ، وَذَكَرَ فِي الْمَجْمُوعِ أَنَّهُ يَحْصُلُ بِكَثِيرِ الْمَأْكُولِ وَقَلِيلِهِ وَبِالْمَاءِ، فَفِي صَحِيحِ ابْنِ حِبَّانَ {,وَهَلِ الْحِكْمَةُ فِي السُّحُورِ التَّقَوِّي عَلَى الصَّوْمِ أَوْ مُخَالَفَةُ أَهْلِ الْكِتَابِ؟ وَجْهَانِ: وَقَدْ يُقَالُ إِنَّهَا لَهُمَا، وَلَوْ صَرَّحَ الْمُصَنِّفُ بِسِنِّهِ كَمَا قَدَّرْتُهُ وَصَرَّحَ بِهِ فِي الْمُحَرَّرِ لَكَانَ أَوْلَى فَإِنَّ اسْتِحْبَابَهُ مُجْمَعٌ عَلَيْهِ، وَذَكَرَ فِي الْمَجْمُوعِ أَنَّهُ يَحْصُلُ بِكَثِيرِ الْمَأْكُولِ وَقَلِيلِهِ وَبِالْمَاءِ، فَفِي صَحِيحِ ابْنِ حِبَّانَ {
"ثم مثل للاسترداد) أي: بغير رضى العامل.
(قوله: يصيب من عملا) من ذاك درهم وثلثاه زاد الرافعي مما في يده.
","ثُمَّ مَثَّلَ لِلِاسْتِرْدَادِ) أَيْ: بِغَيْرِ رِضَى الْعَامِلِ.
(قَوْلُهُ: يُصِيبُ مَنْ عَمِلَا) مِنْ ذَاكَ دِرْهَمٌ وَثُلُثَاهُ زَادَ الرَّافِعِيُّ مِمَّا فِي يَدِهِ.
","ثُمَّ مَثَّلَ لِلِاسْتِرْدَادِ) أَيْ: بِغَيْرِ رِضَى الْعَامِلِ.
(قَوْلُهُ: يُصِيبُ مِنْ عَمَلًا) مِنْ ذَاكَ دِرْهَمٌ وَثُلُثَاهُ زَادَ الرَّافِعِيُّ مِمَّا فِي يَدِهِ."
و) أما الضفيرة ف (هي مجتمع الماء) ثم يفرغ كالصهريج، وأما بناؤها من أصلها فلا يجوز أن يشترط ذلك على العامل وإليه أشار بقوله: (من غير أن ينشئ بناءها) لأن ذلك مما يبقى بعد الثمرة (والتذكير) أي التلقيح (على العامل) ظاهره أن عليه شراء ما يلقح به وتعليقه وهو كذلك في قول: (,وَ) أَمَّا الضَّفِيرَةُ فَ (هِيَ مُجْتَمَعُ الْمَاءِ) ثُمَّ يُفَرَّغُ كَالصِّهْرِيجِ، وَأَمَّا بِنَاؤُهَا مِنْ أَصْلِهَا فَلَا يَجُوزُ أَنْ يَشْتَرِطَ ذَلِكَ عَلَى الْعَامِلِ وَإِلَيْهِ أَشَارَ بِقَوْلِهِ: (مِنْ غَيْرِ أَنْ يُنْشِئَ بِنَاءَهَا) لِأَنَّ ذَلِكَ مِمَّا يَبْقَى بَعْدَ الثَّمَرَةِ (وَالتَّذْكِيرُ) أَيِ التَّلْقِيحُ (عَلَى الْعَامِلِ) ظَاهِرُهُ أَنَّ عَلَيْهِ شِرَاءَ مَا يُلَقِّحُ بِهِ وَتَعْلِيقَهُ وَهُوَ كَذَلِكَ فِي قَوْلِ: (,وَ) أَمَّا الضَّفِيرَةُ فَ (هِيَ مُجْتَمَعُ الْمَاءِ) ثُمَّ يَفْرُغُ كَالصِّهْرِيجِ، وَأَمَّا بِنَاؤُهَا مِنْ أَصْلِهَا فَلَا يَجُوزُ أَنْ يَشْتَرِطَ ذَلِكَ عَلَى الْعَامِلِ وَإِلَيْهِ أَشَارَ بِقَوْلِهِ: (مِنْ غَيْرِ أَنْ يُنْشِئَ بِنَاءَهَا) لِأَنَّ ذَلِكَ مِمَّا يَبْقَى بَعْدَ الثَّمَرَةِ (وَالتَّذْكِيرُ) أَيِ التَّلْقِيحُ (عَلَى الْعَامِلِ) ظَاهِرُهُ أَنَّ عَلَيْهِ شِرَاءَ مَا يُلَقِّحُ بِهِ وَتَعْلِيقَهُ وَهُوَ كَذَلِكَ فِي قَوْلِ: (
"وإلا فلا مناكرة له، وأشار إلى مفهوم الشرط الأول بقوله: (وليس لها) أي المخيرة المدخول بها (في التخيير) المطلق العاري عن التقييد بعدد.
(أن تقضي إلا بالثلاث) قال خليل: وبطل في المطلق إن قضت بدون الثلاث، والمعنى: أنه يبطل ما بيدها وتبقى في عصمة زوجها بعد، ولها عما جعله الشارع لها من إيقاع الثلاث، ","وَإِلَّا فَلَا مُنَاكَرَةَ لَهُ، وَأَشَارَ إِلَى مَفْهُومِ الشَّرْطِ الْأَوَّلِ بِقَوْلِهِ: (وَلَيْسَ لَهَا) أَيِ الْمُخَيَّرَةِ الْمَدْخُولِ بِهَا (فِي التَّخْيِيرِ) الْمُطْلَقِ الْعَارِي عَنِ التَّقْيِيدِ بِعَدَدٍ.
(أَنْ تَقْضِيَ إِلَّا بِالثَّلَاثِ) قَالَ خَلِيلٌ: وَبَطَلَ فِي الْمُطْلَقِ إِنْ قَضَتْ بِدُونِ الثَّلَاثِ، وَالْمَعْنَى: أَنَّهُ يَبْطُلُ مَا بِيَدِهَا وَتَبْقَى فِي عِصْمَةِ زَوْجِهَا بَعْدُ، وَلَهَا عَمَّا جَعَلَهُ الشَّارِعُ لَهَا مِنْ إِيقَاعِ الثَّلَاثِ، ","وَإِلَّا فَلَا مُنَاكَرَةَ لَهُ، وَأَشَارَ إِلَى مَفْهُومِ الشَّرْطِ الْأَوَّلِ بِقَوْلِهِ: (وَلَيْسَ لَهَا) أَيِ الْمُخَيَّرَةِ الْمَدْخُولِ بِهَا (فِي التَّخْيِيرِ) الْمُطْلَقِ الْعَارِي عَنِ التَّقْيِيدِ بِعَدَدٍ.
(أَنْ تَقْضِيَ إِلَّا بِالثَّلَاثِ) قَالَ خَلِيلٌ: وَبَطَلَ فِي الْمُطْلَقِ إِنْ قَضَتْ بِدُونِ الثَّلَاثِ، وَالْمَعْنَى: أَنَّهُ يَبْطُلُ مَا بِيَدِهَا وَتَبْقَى فِي عِصْمَةِ زَوْجِهَا بَعْدُ، وَلَهَا عَمَّا جَعَلَهُ الشَّارِعُ لَهَا مِنْ إِيقَاعِ الثَّلَاثِ،"
"والآية ليست في معناه) أي في معنى ما دون الآية مستغنى عنه، إلا أنه ذكره لدفع من عسى أن يتوهم أن ما دون الآية إذا لم يدخل تحت الإطلاق فتلحق الآية به في ذلك فقال الآية ليست في معناه حتى تلحق به. (2/42)
(وفي السفر يقرأ بفاتحة الكتاب) وأي سورة شاء لما روي {","وَالْآيَةُ لَيْسَتْ فِي مَعْنَاهُ) أَيْ فِي مَعْنَى مَا دُونَ الْآيَةِ مُسْتَغْنًى عَنْهُ، إِلَّا أَنَّهُ ذَكَرَهُ لِدَفْعِ مَنْ عَسَى أَنْ يَتَوَهَّمَ أَنَّ مَا دُونَ الْآيَةِ إِذَا لَمْ يَدْخُلْ تَحْتَ الْإِطْلَاقِ فَتَلْحَقُ الْآيَةُ بِهِ فِي ذَلِكَ فَقَالَ الْآيَةُ لَيْسَتْ فِي مَعْنَاهُ حَتَّى تَلْحَقَ بِهِ. (2/42)
(وَفِي السَّفَرِ يَقْرَأُ بِفَاتِحَةِ الْكِتَابِ) وَأَيِّ سُورَةٍ شَاءَ لِمَا رُوِيَ {","وَالْآيَةُ لَيْسَتْ فِي مَعْنَاهُ) أَيْ فِي مَعْنَى مَا دُونَ الْآيَةِ مُسْتَغْنًى عَنْهُ، إِلَّا أَنَّهُ ذَكَرَهُ لِدَفْعِ مَنْ عَسَى أَنْ يَتَوَهَّمَ أَنَّ مَا دُونَ الْآيَةِ إِذَا لَمْ يَدْخُلْ تَحْتَ الْإِطْلَاقِ فَتَلْحَقُ الْآيَةُ بِهِ فِي ذَلِكَ فَقَالَ الْآيَةُ لَيْسَتْ فِي مَعْنَاهُ حَتَّى تَلْحَقَ بِهِ. (2/42)
(وَفِي السَّفَرِ يَقْرَأُ بِفَاتِحَةِ الْكِتَابِ) وَأَيِّ سُورَةٍ شَاءَ لِمَا رُوِيَ {"
"إن فلانا لا يعظ ويقول أخاف أن أقول ما لا (1/331)
أفعل.
فقال الحسن: وأينا يفعل ما يقول؟ ود الشيطان أنه قد ظفر بهذا فلم يأمر أحد بمعروف ولم ينه عن منكر.
","إِنَّ فُلَانًا لَا يَعِظُ وَيَقُولُ أَخَافُ أَنْ أَقُولَ مَا لَا (1/331)
أَفْعَلُ.
فَقَالَ الْحَسَنُ: وَأَيُّنَا يَفْعَلُ مَا يَقُولُ؟ وَدَّ الشَّيْطَانُ أَنَّهُ قَدْ ظَفِرَ بِهَذَا فَلَمْ يَأْمُرْ أَحَدٌ بِمَعْرُوفٍ وَلَمْ يَنْهَ عَنْ مُنْكَرٍ.
","إِنَّ فُلَانًا لَا يَعِظُ وَيَقُولُ أَخَافُ أَنْ أَقُولَ مَا لَا (1/331)
أَفْعَلُ.
فَقَالَ الْحَسَنُ: وَأَيُّنَا يَفْعَلُ مَا يَقُولُ؟ وَدَّ الشَّيْطَانُ أَنَّهُ قَدْ ظَفِرَ بِهَذَا فَلَمْ يَأْمُرْ أَحَدٌ بِمَعْرُوفٍ وَلَمْ يَنْهَ عَنْ مُنْكَرٍ."
"نعم لقاذف أريد حده الدعوى على المقذوف وطلب حلفه على أنه لم يزن كما مر في كتاب اللعان يسقط عنها الحد إن نكل.
الشرح
(قوله: لكن لا تسمع الدعوى فيها إلخ) فالطريق في إثباتها شهادة الحسبة (28/437)
","نَعَمْ لِقَاذِفٍ أُرِيدَ حَدُّهُ الدَّعْوَى عَلَى الْمَقْذُوفِ وَطَلَبُ حَلِفِهِ عَلَى أَنَّهُ لَمْ يَزْنِ كَمَا مَرَّ فِي كِتَابِ اللِّعَانِ يَسْقُطُ عَنْهَا الْحَدُّ إِنْ نَكَلَ.
الشَّرْحُ
(قَوْلُهُ: لَكِنْ لَا تُسْمَعُ الدَّعْوَى فِيهَا إِلَخْ) فَالطَّرِيقُ فِي إِثْبَاتِهَا شَهَادَةُ الْحِسْبَةِ (28/437)
","نَعَمْ لِقَاذِفٍ أُرِيدَ حَدُّهُ الدَّعْوَى عَلَى الْمَقْذُوفِ وَطَلَبَ حَلِفَهُ عَلَى أَنَّهُ لَمْ يَزْنِ كَمَا مَرَّ فِي كِتَابِ اللِّعَانِ يَسْقُطُ عَنْهَا الْحَدُّ إِنْ نَكَلَ.
الشَّرْحُ
(قَوْلُهُ: لَكِنْ لَا تُسْمَعُ الدَّعْوَى فِيهَا إِلَخْ) فَالطَّرِيقُ فِي إِثْبَاتِهَا شَهَادَةُ الْحِسْبَةِ (28/437)"
لأنه في الذهاب عامل له كما أمر به فتقرر حقه في الأجر بقدره كما لو ترك الكتاب هناك عند أهل من أرسل إليه وهذا بخلاف ما إذا استأجره ليحمل طعاما إلى بغداد فحمله، ثم عاد به؛ ,لِأَنَّهُ فِي الذَّهَابِ عَامِلٌ لَهُ كَمَا أَمَرَ بِهِ فَتَقَرَّرَ حَقُّهُ فِي الْأَجْرِ بِقَدْرِهِ كَمَا لَوْ تَرَكَ الْكِتَابَ هُنَاكَ عِنْدَ أَهْلِ مَنْ أُرْسِلَ إِلَيْهِ وَهَذَا بِخِلَافِ مَا إِذَا اسْتَأْجَرَهُ لِيَحْمِلَ طَعَامًا إِلَى بَغْدَادَ فَحَمَلَهُ، ثُمَّ عَادَ بِهِ؛ ,لِأَنَّهُ فِي الذَّهَابِ عَامِلٌ لَهُ كَمَا أَمَرَ بِهِ فَتَقَرَّرَ حَقُّهُ فِي الْأَجْرِ بِقَدْرِهِ كَمَا لَوْ تَرَكَ الْكِتَابَ هُنَاكَ عِنْدَ أَهْلِ مَنْ أَرْسَلَ إِلَيْهِ وَهَذَا بِخِلَافِ مَا إِذَا اسْتَأْجَرَهُ لِيَحْمِلَ طَعَامًا إِلَى بَغْدَادَ فَحَمَلَهُ، ثُمَّ عَادَ بِهِ؛
"له (فيسقط قولهم) كالبينتين إذا تعارضتا (ولا يلزمه) أي الإمام (الرجوع إلى فعلهم) أي المأمومين، كقيام أو قعود (من غير تنبيه في ظاهر كلامهم) وقطع به في المنتهى لأمر الشارع بالتنبيه. (3/158)
(ولا) يرجع (إلى تنبيه فاسقين) لعدم قبول خبرهما (ولا إذا نبهه واحد) ","لَهُ (فَيَسْقُطُ قَوْلُهُمْ) كَالْبَيِّنَتَيْنِ إِذَا تَعَارَضَتَا (وَلَا يَلْزَمُهُ) أَيِ الْإِمَامُ (الرُّجُوعُ إِلَى فِعْلِهِمْ) أَيِ الْمَأْمُومِينَ، كَقِيَامٍ أَوْ قُعُودٍ (مِنْ غَيْرِ تَنْبِيهٍ فِي ظَاهِرِ كَلَامِهِمْ) وَقَطَعَ بِهِ فِي الْمُنْتَهَى لِأَمْرِ الشَّارِعِ بِالتَّنْبِيهِ. (3/158)
(وَلَا) يَرْجِعُ (إِلَى تَنْبِيهِ فَاسِقَيْنِ) لِعَدَمِ قَبُولِ خَبَرِهِمَا (وَلَا إِذَا نَبَّهَهُ وَاحِدٌ) ","لَهُ (فَيَسْقُطُ قَوْلُهُمْ) كَالْبَيِّنَتَيْنِ إِذَا تَعَارَضَتَا (وَلَا يَلْزَمُهُ) أَيِ الْإِمَامَ (الرُّجُوعُ إِلَى فِعْلِهِمْ) أَيِ الْمَأْمُومِينَ، كَقِيَامٍ أَوْ قُعُودٍ (مِنْ غَيْرِ تَنْبِيهٍ فِي ظَاهِرِ كَلَامِهِمْ) وَقَطَعَ بِهِ فِي الْمُنْتَهَى لِأَمْرِ الشَّارِعِ بِالتَّنْبِيهِ. (3/158)
(وَلَا) يَرْجِعُ (إِلَى تَنْبِيهِ فَاسِقَيْنِ) لِعَدَمِ قَبُولِ خَبَرِهِمَا (وَلَا إِذَا نَبَّهَهُ وَاحِدٌ)"
أي من الأراضي التي فيها أصناف غير ما وصف فيه عمر رضي الله عنه (كالزعفران) والنخيل الملتفة (والبستان) وهو أرض يحوطها حوائط وفيها نخيل متفرقة، وأشجار، وكذا غير ذلك كالنخيل الملتفة (يوضع على ذلك بحسب الطاقة) فيوضع على النخيل الملتفة بحسب ما تطيق، ولا يزاد على الكرم، ,أَيْ مِنَ الْأَرَاضِي الَّتِي فِيهَا أَصْنَافٌ غَيْرُ مَا وَصَفَ فِيهِ عُمَرُ رَضِيَ اللَّهُ عَنْهُ (كَالزَّعْفَرَانِ) وَالنَّخِيلِ الْمُلْتَفَّةِ (وَالْبُسْتَانِ) وَهُوَ أَرْضٌ يَحُوطُهَا حَوَائِطُ وَفِيهَا نَخِيلٌ مُتَفَرِّقَةٌ، وَأَشْجَارٌ، وَكَذَا غَيْرُ ذَلِكَ كَالنَّخِيلِ الْمُلْتَفَّةِ (يُوضَعُ عَلَى ذَلِكَ بِحَسَبِ الطَّاقَةِ) فَيُوضَعُ عَلَى النَّخِيلِ الْمُلْتَفَّةِ بِحَسَبِ مَا تُطِيقُ، وَلَا يُزَادُ عَلَى الْكَرْمِ، ,أَيْ مِنَ الْأَرَاضِي الَّتِي فِيهَا أَصْنَافٌ غَيْرُ مَا وَصَفَ فِيهِ عُمَرُ رَضِيَ اللَّهُ عَنْهُ (كَالزَّعْفَرَانِ) وَالنَّخِيلِ الْمُلْتَفَّةِ (وَالْبُسْتَانِ) وَهُوَ أَرْضٌ يَحُوطُهَا حَوَائِطُ وَفِيهَا نَخِيلٌ مُتَفَرِّقَةٌ، وَأَشْجَارٌ، وَكَذَا غَيْرُ ذَلِكَ كَالنَّخِيلِ الْمُلْتَفَّةِ (يُوضَعُ عَلَى ذَلِكَ بِحَسَبِ الطَّاقَةِ) فَيُوضَعُ عَلَى النَّخِيلِ الْمُلْتَفَّةِ بِحَسَبِ مَا تُطِيقُ، وَلَا يُزَادُ عَلَى الْكَرْمِ،
"قلت: أرأيت لو أن رجلا ادعى على أنه خلع امرأته على ألف درهم والمرأة تنكر الخلع، فأقام الرجل شاهدا واحدا أنه خلعها على ألف درهم، أيحلف مع شاهده ويستحق هذه الألف؟ ههنا قول مالك: إن ذلك له (6/210)
خلع الأب عن ابنه وابنته قلت: أرأيت ما حجة مالك حين قال: يجوز خلع الأب والوصي على الصبي ويكون ذلك تطليقه؟ ","قُلْتُ: أَرَأَيْتَ لَوْ أَنَّ رَجُلًا ادَّعَى عَلَى أَنَّهُ خَلَعَ امْرَأَتَهُ عَلَى أَلْفِ دِرْهَمٍ وَالْمَرْأَةُ تُنْكِرُ الْخُلْعَ، فَأَقَامَ الرَّجُلُ شَاهِدًا وَاحِدًا أَنَّهُ خَلَعَهَا عَلَى أَلْفِ دِرْهَمٍ، أَيَحْلِفُ مَعَ شَاهِدِهِ وَيَسْتَحِقُّ هَذِهِ الْأَلْفَ؟ هَهُنَا قَوْلُ مَالِكٍ: إِنَّ ذَلِكَ لَهُ (6/210)
خُلْعُ الْأَبِ عَنِ ابْنِهِ وَابْنَتِهِ قُلْتُ: أَرَأَيْتَ مَا حُجَّةُ مَالِكٍ حِينَ قَالَ: يَجُوزُ خُلْعُ الْأَبِ وَالْوَصِيِّ عَلَى الصَّبِيِّ وَيَكُونُ ذَلِكَ تَطْلِيقَهُ؟ ","قُلْتُ: أَرَأَيْتَ لَوْ أَنَّ رَجُلًا ادَّعَى عَلَى أَنَّهُ خَلَعَ امْرَأَتَهُ عَلَى أَلْفِ دِرْهَمٍ وَالْمَرْأَةُ تُنْكِرُ الْخُلْعَ، فَأَقَامَ الرَّجُلُ شَاهِدًا وَاحِدًا أَنَّهُ خَلَعَهَا عَلَى أَلْفِ دِرْهَمٍ، أَيَحْلِفُ مَعَ شَاهِدِهِ وَيَسْتَحِقُّ هَذِهِ الْأَلْفَ؟ هَهُنَا قَوْلُ مَالِكٍ: إِنَّ ذَلِكَ لَهُ (6/210)
خُلْعُ الْأَبِ عَنِ ابْنِهِ وَابْنَتِهِ قُلْتُ: أَرَأَيْتَ مَا حُجَّةُ مَالِكٍ حِينَ قَالَ: يَجُوزُ خُلْعُ الْأَبِ وَالْوَصِيِّ عَلَى الصَّبِيِّ وَيَكُونُ ذَلِكَ تَطْلِيقَهُ؟"
"رأس العقل بعد الإيمان بالله التودد إلى الناس وما يستغنى رجل عن مشورة وإن أهل المعروف فى الدنيا هم أهل المعروف فى الآخرة وإن أهل المنكر فى الدنيا هم أهل المنكر فى الآخرة» . (10/109)
20803- ","رَأْسُ الْعَقْلِ بَعْدَ الْإِيمَانِ بِاللَّهِ التَّوَدُّدُ إِلَى النَّاسِ وَمَا يَسْتَغْنِى رَجُلٌ عَنْ مَشُورَةٍ وَإِنَّ أَهْلَ الْمَعْرُوفِ فِى الدُّنْيَا هُمْ أَهْلُ الْمَعْرُوفِ فِى الْآخِرَةِ وَإِنَّ أَهْلَ الْمُنْكَرِ فِى الدُّنْيَا هُمْ أَهْلُ الْمُنْكَرِ فِى الْآخِرَةِ» . (10/109)
20803- ","رَأْسُ الْعَقْلِ بَعْدَ الْإِيمَانِ بِاللَّهِ التَّوَدُّدُ إِلَى النَّاسِ وَمَا يَسْتَغْنِى رَجُلٌ عَنْ مَشُورَةٍ وَإِنَّ أَهْلَ الْمَعْرُوفِ فِى الدُّنْيَا هُمْ أَهْلُ الْمَعْرُوفِ فِى الْآخِرَةِ وَإِنَّ أَهْلَ الْمُنْكَرِ فِى الدُّنْيَا هُمْ أَهْلُ الْمُنْكَرِ فِى الْآخِرَةِ» . (10/109)
20803-"
"وعلم آدم الأسماء كلها ثم عرضهم على الملائكة} الآية.
فإن العرض في هذا إنما يكون لما له وجود في نفس الأمر، وقد تقرر أن مسميات الأسماء التي وضعها (1/215)
الله تعالى لها، وعلمها آدم هي المعروضات، وما الظاهر أن الله تعالى وضعه لمعنى مدرك في الذهن غير موجود في الخارج فهو موضوع لذلك في الذهن، ","وَعَلَّمَ آدَمَ الْأَسْمَاءَ كُلَّهَا ثُمَّ عَرَضَهُمْ عَلَى الْمَلَائِكَةِ} الْآيَةَ.
فَإِنَّ الْعَرْضَ فِي هَذَا إِنَّمَا يَكُونُ لِمَا لَهُ وُجُودٌ فِي نَفْسِ الْأَمْرِ، وَقَدْ تَقَرَّرَ أَنَّ مُسَمَّيَاتِ الْأَسْمَاءِ الَّتِي وَضَعَهَا (1/215)
اللَّهُ تَعَالَى لَهَا، وَعَلَّمَهَا آدَمَ هِيَ الْمَعْرُوضَاتِ، وَمَا الظَّاهِرُ أَنَّ اللَّهَ تَعَالَى وَضَعَهُ لِمَعْنًى مُدْرَكٍ فِي الذِّهْنِ غَيْرِ مَوْجُودٍ فِي الْخَارِجِ فَهُوَ مَوْضُوعٌ لِذَلِكَ فِي الذِّهْنِ، ","وَعَلَّمَ آدَمَ الْأَسْمَاءَ كُلَّهَا ثُمَّ عَرَضَهُمْ عَلَى الْمَلَائِكَةِ} الْآيَةَ.
فَإِنَّ الْعَرْضَ فِي هَذَا إِنَّمَا يَكُونُ لِمَا لَهُ وُجُودٌ فِي نَفْسِ الْأَمْرِ، وَقَدْ تَقَرَّرَ أَنَّ مُسَمَّيَاتِ الْأَسْمَاءِ الَّتِي وَضَعَهَا (1/215)
اللَّهُ تَعَالَى لَهَا، وَعَلَّمَهَا آدَمَ هِيَ الْمَعْرُوضَاتُ، وَمَا الظَّاهِرُ أَنَّ اللَّهَ تَعَالَى وَضَعَهُ لِمَعْنًى مُدْرَكٍ فِي الذِّهْنِ غَيْرِ مَوْجُودٍ فِي الْخَارِجِ فَهُوَ مَوْضُوعٌ لِذَلِكَ فِي الذِّهْنِ،"
"ثم انتقل يتكلم على ما تبرع به في الباب فقال: (ومن استهلك عرضا فعليه قيمته) على المشهور في الموضع الذي استهلكه فيه سواء كان عمدا أو خطأ، إذ العمد والخطأ في أموال الناس سواء.
وظاهره طائعا كان أو مكرها، عبدا كان أو حرا وهو كذلك إلا أن ما استهلكه الحر يكون في ذمته سواء اؤتمن عليه أم لا، ","ثُمَّ انْتَقَلَ يَتَكَلَّمُ عَلَى مَا تَبَرَّعَ بِهِ فِي الْبَابِ فَقَالَ: (وَمَنِ اسْتَهْلَكَ عَرْضًا فَعَلَيْهِ قِيمَتُهُ) عَلَى الْمَشْهُورِ فِي الْمَوْضِعِ الَّذِي اسْتَهْلَكَهُ فِيهِ سَوَاءٌ كَانَ عَمْدًا أَوْ خَطَأً، إِذِ الْعَمْدُ وَالْخَطَأُ فِي أَمْوَالِ النَّاسِ سَوَاءٌ.
وَظَاهِرُهُ طَائِعًا كَانَ أَوْ مُكْرَهًا، عَبْدًا كَانَ أَوْ حُرًّا وَهُوَ كَذَلِكَ إِلَّا أَنَّ مَا اسْتَهْلَكَهُ الْحُرُّ يَكُونُ فِي ذِمَّتِهِ سَوَاءٌ اؤْتُمِنَ عَلَيْهِ أَمْ لَا، ","ثُمَّ انْتَقَلَ يَتَكَلَّمُ عَلَى مَا تَبَرَّعَ بِهِ فِي الْبَابِ فَقَالَ: (وَمَنِ اسْتَهْلَكَ عَرْضًا فَعَلَيْهِ قِيمَتُهُ) عَلَى الْمَشْهُورِ فِي الْمَوْضِعِ الَّذِي اسْتَهْلَكَهُ فِيهِ سَوَاءٌ كَانَ عَمْدًا أَوْ خَطَأً، إِذِ الْعَمْدُ وَالْخَطَأُ فِي أَمْوَالِ النَّاسِ سَوَاءٌ.
وَظَاهِرُهُ طَائِعًا كَانَ أَوْ مُكْرَهًا، عَبْدًا كَانَ أَوْ حُرًّا وَهُوَ كَذَلِكَ إِلَّا أَنَّ مَا اسْتَهْلَكَهُ الْحُرُّ يَكُونُ فِي ذِمَّتِهِ سَوَاءٌ اؤْتُمِنَ عَلَيْهِ أَمْ لَا،"
وتسن للسامع) وهو من لم يقصد السماع (والله أعلم) لكنها للمستمع آكد منه للسامع، ولو قرأ آية سجدة في غير محل القراءة كأن قرأها في حال ركوعه أو في سجوده أو في صلاة جنازة لم يسجد بخلاف قراءته قبل الفاتحة؛ ,وَتُسَنُّ لِلسَّامِعِ) وَهُوَ مَنْ لَمْ يَقْصِدِ السَّمَاعَ (وَاللَّهُ أَعْلَمُ) لَكِنَّهَا لِلْمُسْتَمِعِ آكَدُ مِنْهُ لِلسَّامِعِ، وَلَوْ قَرَأَ آيَةَ سَجْدَةٍ فِي غَيْرِ مَحَلِّ الْقِرَاءَةِ كَأَنْ قَرَأَهَا فِي حَالِ رُكُوعِهِ أَوْ فِي سُجُودِهِ أَوْ فِي صَلَاةِ جِنَازَةٍ لَمْ يَسْجُدْ بِخِلَافِ قِرَاءَتِهِ قَبْلَ الْفَاتِحَةِ؛ ,وَتُسَنُّ لِلسَّامِعِ) وَهُوَ مَنْ لَمْ يَقْصِدِ السَّمَاعَ (وَاللَّهُ أَعْلَمُ) لَكِنَّهَا لِلْمُسْتَمِعِ آكَدُ مِنْهُ لِلسَّامِعِ، وَلَوْ قَرَأَ آيَةَ سَجْدَةٍ فِي غَيْرِ مَحَلِّ الْقِرَاءَةِ كَأَنْ قَرَأَهَا فِي حَالِ رُكُوعِهِ أَوْ فِي سُجُودِهِ أَوْ فِي صَلَاةِ جِنَازَةٍ لَمْ يَسْجُدْ بِخِلَافِ قِرَاءَتِهِ قَبْلَ الْفَاتِحَةِ؛
المطاع من الإجابة ألزمه الحاكم بها على ما في المجموع هنا فإن أصر لم ينب عنه الحاكم فيها؛ لأن مبنى النسك على التراخي وإذا أجاب فلا رجوع له قاله الماوردي ولو مات المطيع قبل الإجابة فإن مضى وقت إمكان النسك استقر وجوبه وإلا فلا، أو بعدها وقبل أداء النسك قال الدارمي: ,الْمُطَاعُ مِنَ الْإِجَابَةِ أَلْزَمهُ الْحَاكِمُ بِهَا عَلَى مَا فِي الْمَجْمُوعِ هُنَا فَإِنْ أَصَرَّ لَمْ يُنِبْ عَنْهُ الْحَاكِمُ فِيهَا؛ لِأَنَّ مَبْنَى النُّسُكِ عَلَى التَّرَاخِي وَإِذَا أَجَابَ فَلَا رُجُوعَ لَهُ قَالَهُ الْمَاوَرْدِيُّ وَلَوْ مَاتَ الْمُطِيعُ قَبْلَ الْإِجَابَةِ فَإِنْ مَضَى وَقْتُ إِمْكَانِ النُّسُكِ اسْتَقَرَّ وُجُوبُهُ وَإِلَّا فَلَا، أَوْ بَعْدَهَا وَقَبْلَ أَدَاءِ النُّسُكِ قَالَ الدَّارِمِيُّ: ,الْمُطَاعُ مِنَ الْإِجَابَةِ أَلْزَمَهُ الْحَاكِمُ بِهَا عَلَى مَا فِي الْمَجْمُوعِ هُنَا فَإِنْ أَصَرَّ لَمْ يَنُبْ عَنْهُ الْحَاكِمُ فِيهَا؛ لِأَنَّ مَبْنَى النُّسُكِ عَلَى التَّرَاخِي وَإِذَا أَجَابَ فَلَا رُجُوعَ لَهُ قَالَهُ الْمَاوَرْدِيُّ وَلَوْ مَاتَ الْمُطِيعُ قَبْلَ الْإِجَابَةِ فَإِنْ مَضَى وَقْتُ إِمْكَانِ النُّسُكِ اسْتَقَرَّ وُجُوبُهُ وَإِلَّا فَلَا، أَوْ بَعْدَهَا وَقَبْلَ أَدَاءِ النُّسُكِ قَالَ الدَّارِمِيُّ:
"أي لأن المرأة لا تملك الطلاق بل هو ملكه وقد علقه بالشرط والطلاق يحتمله ولا يحتمل الرجوع ولا شرط الخيار بل يبطل الشرط دونه ولا يتقيد بالمجلس.
وأما في جانبها فإنه معاوضة المال لأنه تمليك المال بعوض فيراعى فيه أحكام معاوضة المال كالبيع ونحوه كما في البدائع (قوله: فصح رجوعها) ","أَيْ لِأَنَّ الْمَرْأَةَ لَا تَمْلِكُ الطَّلَاقَ بَلْ هُوَ مِلْكُهُ وَقَدْ عَلَّقَهُ بِالشَّرْطِ وَالطَّلَاقُ يَحْتَمِلُهُ وَلَا يَحْتَمِلُ الرُّجُوعَ وَلَا شَرْطَ الْخِيَارِ بَلْ يَبْطُلُ الشَّرْطُ دُونَهُ وَلَا يَتَقَيَّدُ بِالْمَجْلِسِ.
وَأَمَّا فِي جَانِبِهَا فَإِنَّهُ مُعَاوَضَةُ الْمَالِ لِأَنَّهُ تَمْلِيكُ الْمَالِ بِعِوَضٍ فَيُرَاعَى فِيهِ أَحْكَامُ مُعَاوَضَةِ الْمَالِ كَالْبَيْعِ وَنَحْوِهِ كَمَا فِي الْبَدَائِعِ (قَوْلُهُ: فَصَحَّ رُجُوعُهَا) ","أَيْ لِأَنَّ الْمَرْأَةَ لَا تَمْلِكُ الطَّلَاقَ بَلْ هُوَ مِلْكُهُ وَقَدْ عَلَّقَهُ بِالشَّرْطِ وَالطَّلَاقُ يَحْتَمِلُهُ وَلَا يَحْتَمِلُ الرُّجُوعَ وَلَا شَرْطَ الْخِيَارِ بَلْ يَبْطُلُ الشَّرْطُ دُونَهُ وَلَا يَتَقَيَّدُ بِالْمَجْلِسِ.
وَأَمَّا فِي جَانِبِهَا فَإِنَّهُ مُعَاوَضَةُ الْمَالِ لِأَنَّهُ تَمْلِيكُ الْمَالِ بِعِوَضٍ فَيُرَاعَى فِيهِ أَحْكَامُ مُعَاوَضَةِ الْمَالِ كَالْبَيْعِ وَنَحْوِهِ كَمَا فِي الْبَدَائِعِ (قَوْلُهُ: فَصَحَّ رُجُوعُهَا)"
"حدثنا عبد الرزاق أنبأنا ابن جريج قال سمعت محمد بن علي يزعم عن حسين وابن عباس أو عن أحدهما أنه قال إنما قام رسول الله صلى الله عليه وسلم من أجل جنازة يهودي مر بها عليه فقال آذاني ريحها (3/256)
1734 - ","حَدَّثَنَا عَبْدُ الرَّزَّاقِ أَنْبَأَنَا ابْنُ جُرَيْجٍ قَالَ سَمِعْتُ مُحَمَّدَ بْنَ عَلِيٍّ يَزْعُمُ عَنْ حُسَيْنٍ وَابْنِ عَبَّاسٍ أَوْ عَنْ أَحَدِهِمَا أَنَّهُ قَالَ إِنَّمَا قَامَ رَسُولُ اللَّهِ صَلَّى اللَّهُ عَلَيْهِ وَسَلَّمَ مِنْ أَجْلِ جَنَازَةِ يَهُودِيٍّ مُرَّ بِهَا عَلَيْهِ فَقَالَ آذَانِي رِيحُهَا (3/256)
1734 - ","حَدَّثَنَا عَبْدُ الرَّزَّاقِ أَنْبَأَنَا ابْنُ جُرَيْجٍ قَالَ سَمِعْتُ مُحَمَّدَ بْنَ عَلِيٍّ يَزْعُمُ عَنْ حُسَيْنٍ وَابْنِ عَبَّاسٍ أَوْ عَنْ أَحَدِهِمَا أَنَّهُ قَالَ إِنَّمَا قَامَ رَسُولُ اللَّهِ صَلَّى اللَّهُ عَلَيْهِ وَسَلَّمَ مِنْ أَجْلِ جِنَازَةِ يَهُودِيٍّ مَرَّ بِهَا عَلَيْهِ فَقَالَ آذَانِي رِيحُهَا (3/256)
1734 -"
"والإبل لا مشقة في نقلها، وسائر المواشي تختلف قيمتها، ويشق نقلها، وإنما ألزم أهل كل بلد أفضل أموالهم.
(ش) : قوله أنه سمع أن الدية تقطع يقتضي أمرين أحدهما التأجيل، والثاني التنجيم على آجال بعضها بعد بعض فأخبر أنه سمع أن ذلك في ثلاث سنين أو أربع سنين، ويحتمل ذلك معاني أحدها التخيير، ","وَالْإِبِلُ لَا مَشَقَّةَ فِي نَقْلِهَا، وَسَائِرُ الْمَوَاشِي تَخْتَلِفُ قِيمَتُهَا، وَيُشَقُّ نَقْلُهَا، وَإِنَّمَا أُلْزِمَ أَهْلُ كُلِّ بَلَدٍ أَفْضَلَ أَمْوَالِهِمْ.
(ش) : قَوْلُهُ أَنَّهُ سَمِعَ أَنَّ الدِّيَةَ تُقْطَعُ يَقْتَضِي أَمْرَيْنِ أَحَدُهُمَا التَّأْجِيلُ، وَالثَّانِي التَّنْجِيمُ عَلَى آجَالِ بَعْضِهَا بَعْدَ بَعْضٍ فَأَخْبَرَ أَنَّهُ سَمِعَ أَنَّ ذَلِكَ فِي ثَلَاثِ سِنِينَ أَوْ أَرْبَعِ سِنِينَ، وَيَحْتَمِلُ ذَلِكَ مَعَانِيَ أَحَدُهَا التَّخْيِيرُ، ","وَالْإِبِلُ لَا مَشَقَّةَ فِي نَقْلِهَا، وَسَائِرُ الْمَوَاشِي تَخْتَلِفُ قِيمَتُهَا، وَيَشُقُّ نَقْلُهَا، وَإِنَّمَا أَلْزَمَ أَهْلَ كُلِّ بَلَدٍ أَفْضَلَ أَمْوَالِهِمْ.
(ش) : قَوْلُهُ أَنَّهُ سَمِعَ أَنَّ الدِّيَةَ تُقْطَعُ يَقْتَضِي أَمْرَيْنِ أَحَدُهُمَا التَّأْجِيلُ، وَالثَّانِي التَّنْجِيمُ عَلَى آجَالٍ بَعْضُهَا بَعْدَ بَعْضٍ فَأَخْبَرَ أَنَّهُ سَمِعَ أَنَّ ذَلِكَ فِي ثَلَاثِ سِنِينَ أَوْ أَرْبَعِ سِنِينَ، وَيَحْتَمِلُ ذَلِكَ مَعَانِيَ أَحَدُهَا التَّخْيِيرُ،"
"بأن لا يكمل الركعة في الفرض المذكور وإنما ابتدأ القراءة فاعلا لجميع الركعة فصحت صلاته صلاة منفرد.
(قوله: ولم يبن إلخ) لازم للذي قبله.
(قوله: بالركعة الأولى) قال الشيخ أحمد الباء في قوله بالأولى إلخ ظرفية والجار والمجرور حال أي: بنى حال كونه مستخلفا في الأولى أو الثانية.
(قوله: وابتدأ قراءة الفاتحة) ","بِأَنْ لَا يُكْمِلَ الرَّكْعَةَ فِي الْفَرْضِ الْمَذْكُورِ وَإِنَّمَا ابْتَدَأَ الْقِرَاءَةَ فَاعِلًا لِجَمِيعِ الرَّكْعَةِ فَصَحَّتْ صَلَاتُهُ صَلَاةَ مُنْفَرِدٍ.
(قَوْلُهُ: وَلَمْ يَبْنِ إِلَخْ) لَازِمٌ لِلَّذِي قَبْلَهُ.
(قَوْلُهُ: بِالرَّكْعَةِ الْأُولَى) قَالَ الشَّيْخُ أَحْمَدُ الْبَاءُ فِي قَوْلِهِ بِالْأُولَى إِلَخْ ظَرْفِيَّةٌ وَالْجَارُّ وَالْمَجْرُورُ حَالٌ أَيْ: بَنَى حَالَ كَوْنِهِ مُسْتَخْلَفًا فِي الْأُولَى أَوِ الثَّانِيَةِ.
(قَوْلُهُ: وَابْتَدَأَ قِرَاءَةَ الْفَاتِحَةِ) ","بِأَنْ لَا يُكْمِلَ الرَّكْعَةَ فِي الْفَرْضِ الْمَذْكُورِ وَإِنَّمَا ابْتَدَأَ الْقِرَاءَةَ فَاعِلًا لِجَمِيعِ الرَّكْعَةِ فَصَحَّتْ صَلَاتُهُ صَلَاةَ مُنْفَرِدٍ.
(قَوْلُهُ: وَلَمْ يَبْنِ إِلَخْ) لَازِمٌ لِلَّذِي قَبْلَهُ.
(قَوْلُهُ: بِالرَّكْعَةِ الْأُولَى) قَالَ الشَّيْخُ أَحْمَدُ الْبَاءُ فِي قَوْلِهِ بِالْأُولَى إِلَخْ ظَرْفِيَّةٌ وَالْجَارُّ وَالْمَجْرُورُ حَالٌ أَيْ: بَنَى حَالَ كَوْنِهِ مُسْتَخْلَفًا فِي الْأُولَى أَوِ الثَّانِيَةِ.
(قَوْلُهُ: وَابْتَدَأَ قِرَاءَةَ الْفَاتِحَةِ)"
"فلو لم يتابعه جازت صلاته لأن ترك المتابعة في السجود الواجب لا يفسد، ويسجد للسهو بعد الفراغ من قضائه (قوله وعدم إعادته الجلوس) يرجع إلى ترك الركن وعدم إعادة ركن أداه نائما يرجع إلى ترك الشرط وهو الاختيار.
ط (قوله وقهقهة إمام المسبوق) ","فَلَوْ لَمْ يُتَابِعْهُ جَازَتْ صَلَاتُهُ لِأَنَّ تَرْكَ الْمُتَابَعَةِ فِي السُّجُودِ الْوَاجِبِ لَا يُفْسِدُ، وَيَسْجُدُ لِلسَّهْوِ بَعْدَ الْفَرَاغِ مِنْ قَضَائِهِ (قَوْلُهُ وَعَدَمُ إِعَادَتِهِ الْجُلُوسَ) يَرْجِعُ إِلَى تَرْكِ الرُّكْنِ وَعَدَمُ إِعَادَةِ رُكْنٍ أَدَّاهُ نَائِمًا يَرْجِعُ إِلَى تَرْكِ الشَّرْطِ وَهُوَ الِاخْتِيَارُ.
ط (قَوْلُهُ وَقَهْقَهَةُ إِمَامِ الْمَسْبُوقِ) ","فَلَوْ لَمْ يُتَابِعْهُ جَازَتْ صَلَاتُهُ لِأَنَّ تَرْكَ الْمُتَابَعَةِ فِي السُّجُودِ الْوَاجِبِ لَا يُفْسِدُ، وَيَسْجُدُ لِلسَّهْوِ بَعْدَ الْفَرَاغِ مِنْ قَضَائِهِ (قَوْلُهُ وَعَدَمُ إِعَادَتِهِ الْجُلُوسَ) يَرْجِعُ إِلَى تَرْكِ الرُّكْنِ وَعَدَمُ إِعَادَةِ رُكْنٍ أَدَّاهُ نَائِمًا يَرْجِعُ إِلَى تَرْكِ الشَّرْطِ وَهُوَ الِاخْتِيَارُ.
ط (قَوْلُهُ وَقَهْقَهَةُ إِمَامِ الْمَسْبُوقِ)"
وقدمنا أن التدبير حيثما وقع يكون وصية معتبرا من الثلث ولو في حال الصحة، وسواء كانت شهادتهما بهذه الوصية في مرض موته أو بعد وفاته تقبل استحسانا؛ لأن عدم القبول فيما تقدم عنده لعدم خصم معلوم فلا يتصور الدعوى، ,وَقَدَّمْنَا أَنَّ التَّدْبِيرَ حَيْثُمَا وَقَعَ يَكُونُ وَصِيَّةً مُعْتَبَرًا مِنَ الثُّلُثِ وَلَوْ فِي حَالِ الصِّحَّةِ، وَسَوَاءٌ كَانَتْ شَهَادَتُهُمَا بِهَذِهِ الْوَصِيَّةِ فِي مَرَضِ مَوْتِهِ أَوْ بَعْدَ وَفَاتِهِ تُقْبَلُ اسْتِحْسَانًا؛ لِأَنَّ عَدَمَ الْقَبُولِ فِيمَا تَقَدَّمَ عِنْدَهُ لِعَدَمِ خَصْمٍ مَعْلُومٍ فَلَا يُتَصَوَّرُ الدَّعْوَى، ,وَقَدَّمْنَا أَنَّ التَّدْبِيرَ حَيْثُمَا وَقَعَ يَكُونُ وَصِيَّةً مُعْتَبَرًا مِنَ الثُّلُثِ وَلَوْ فِي حَالِ الصِّحَّةِ، وَسَوَاءٌ كَانَتْ شَهَادَتُهُمَا بِهَذِهِ الْوَصِيَّةِ فِي مَرَضِ مَوْتِهِ أَوْ بَعْدَ وَفَاتِهِ تُقْبَلُ اسْتِحْسَانًا؛ لِأَنَّ عَدَمَ الْقَبُولِ فِيمَا تَقَدَّمَ عِنْدَهُ لِعَدَمِ خَصْمٍ مَعْلُومٍ فَلَا يُتَصَوَّرُ الدَّعْوَى،
ومن لم يغمض عينه عن صديقه وعن بعض ما فيه يمت وهو عاتب ومن يتتبع جاهدا كل عثرة يجدها ولا يسلم له الدهر صاحب وقال أبو فراس: لم أؤاخذك بالجفاء لأني واثق منك بالإخاء الصحيح وجميل العدو غير جميل وقبيح الصديق غير قبيح وقد قيل: ,وَمَنْ لَمْ يُغْمِضْ عَيْنَهُ عَنْ صَدِيقِهِ وَعَنْ بَعْضِ مَا فِيهِ يَمُتْ وَهْوَ عَاتِبُ وَمَنْ يَتَتَبَّعْ جَاهِدًا كُلَّ عَثْرَةٍ يَجِدْهَا وَلَا يَسْلَمْ لَهُ الدَّهْرَ صَاحِبُ وَقَالَ أَبُو فِرَاسٍ: لَمْ أُؤَاخِذْكَ بِالْجَفَاءِ لِأَنِّي وَاثِقٌ مِنْك بِالْإِخَاءِ الصَّحِيحِ وَجَمِيلُ الْعَدُوِّ غَيْرُ جَمِيلٍ وَقَبِيحُ الصَّدِيقِ غَيْرُ قَبِيحِ وَقَدْ قِيلَ: ,وَمَنْ لَمْ يَغْمِضْ عَيْنَهُ عَنْ صَدِيقِهِ وَعَنْ بَعْضِ مَا فِيهِ يَمُتْ وَهُوَ عَاتِبٌ وَمَنْ يَتَتَبَّعْ جَاهِدًا كُلَّ عَثْرَةٍ يَجِدُهَا وَلَا يَسْلَمُ لَهُ الدَّهْرُ صَاحِبٌ وَقَالَ أَبُو فِرَاسٍ: لَمْ أُؤَاخِذْكَ بِالْجَفَاءِ لِأَنِّي وَاثِقٌ مِنْكَ بِالْإِخَاءِ الصَّحِيحِ وَجَمِيلُ الْعَدُوِّ غَيْرُ جَمِيلٍ وَقَبِيحُ الصَّدِيقِ غَيْرُ قَبِيحٍ وَقَدْ قِيلَ:
إذا تنازع شخصان في عقار وادعى كل منهما كونه ذا اليد في ذلك العقار تطلب البينة أولا من كل واحد منهما على كونه ذا اليد أي قبل استماع الشهود على الملكية وبهذه البينة يميز بين المدعي والمدعى عليه وينكشف على من تتوجه البينة منهما فإذا أقام كل منهما البينة على ذلك تثبت يدهما معا على العقار ويكون كل منهما مدعى عليه في القسم الواضع اليد عليه ومدعيا في القسم الذي يكون فيه خارجا؛ ,إِذَا تَنَازَعَ شَخْصَانِ فِي عَقَارٍ وَادَّعَى كُلٌّ مِنْهُمَا كَوْنَهُ ذَا الْيَدِ فِي ذَلِكَ الْعَقَارِ تُطْلَبُ الْبَيِّنَةُ أَوَّلًا مِنْ كُلِّ وَاحِدٍ مِنْهُمَا عَلَى كَوْنِهِ ذَا الْيَدِ أَيْ قَبْلَ اسْتِمَاعِ الشُّهُودِ عَلَى الْمِلْكِيَّةِ وَبِهَذِهِ الْبَيِّنَةِ يُمَيَّزُ بَيْنَ الْمُدَّعِي وَالْمُدَّعَى عَلَيْهِ وَيَنْكَشِفُ عَلَى مَنْ تَتَوَجَّهُ الْبَيِّنَةُ مِنْهُمَا فَإِذَا أَقَامَ كُلٌّ مِنْهُمَا الْبَيِّنَةَ عَلَى ذَلِكَ تَثْبُتُ يَدُهُمَا مَعًا عَلَى الْعَقَارِ وَيَكُونُ كُلٌّ مِنْهُمَا مُدَّعًى عَلَيْهِ فِي الْقِسْمِ الْوَاضِعِ الْيَدِ عَلَيْهِ وَمُدَّعِيًا فِي الْقِسْمِ الَّذِي يَكُون فِيهِ خَارِجًا؛ ,إِذَا تَنَازَعَ شَخْصَانِ فِي عَقَارٍ وَادَّعَى كُلٌّ مِنْهُمَا كَوْنَهُ ذَا الْيَدِ فِي ذَلِكَ الْعَقَارِ تُطْلَبُ الْبَيِّنَةُ أَوَّلًا مِنْ كُلِّ وَاحِدٍ مِنْهُمَا عَلَى كَوْنِهِ ذَا الْيَدِ أَيْ قَبْلَ اسْتِمَاعِ الشُّهُودِ عَلَى الْمِلْكِيَّةِ وَبِهَذِهِ الْبَيِّنَةِ يُمَيَّزُ بَيْنَ الْمُدَّعِي وَالْمُدَّعَى عَلَيْهِ وَيَنْكَشِفُ عَلَى مَنْ تَتَوَجَّهُ الْبَيِّنَةُ مِنْهُمَا فَإِذَا أَقَامَ كُلٌّ مِنْهُمَا الْبَيِّنَةَ عَلَى ذَلِكَ تَثْبُتُ يَدُهُمَا مَعًا عَلَى الْعَقَارِ وَيَكُونُ كُلٌّ مِنْهُمَا مُدَّعًى عَلَيْهِ فِي الْقِسْمِ الْوَاضِعِ الْيَدِ عَلَيْهِ وَمُدَّعِيًا فِي الْقِسْمِ الَّذِي يَكُونُ فِيهِ خَارِجًا؛
ولا تلحقه الإجازة من صاحبه بعد ذلك، وإنما اختلف حكم الفسخ والإجازة؛ لأن الفسخ تصرف في العقد بالإبطال، والعقد بعد ما بطل لا يحتمل الإجازة؛ لأن الباطل متلاش (وأما) الإجازة، فهي تصرف في العقد بالتغيير، وهو الإلزام لا بالإعدام، فلا يخرجه عن احتمال الفسخ، والإجازة، ولو أجاز أحدهما، وفسخ الآخر انفسخ العقد سواء كان على التعاقب أو على القران؛ ,وَلَا تَلْحَقُهُ الْإِجَازَةُ مِنْ صَاحِبِهِ بَعْدَ ذَلِكَ، وَإِنَّمَا اخْتَلَفَ حُكْمُ الْفَسْخِ وَالْإِجَازَةِ؛ لِأَنَّ الْفَسْخَ تَصَرُّفٌ فِي الْعَقْدِ بِالْإِبْطَالِ، وَالْعَقْدُ بَعْدَ مَا بَطَلَ لَا يَحْتَمِلُ الْإِجَازَةَ؛ لِأَنَّ الْبَاطِلَ مُتَلَاشٍ (وَأَمَّا) الْإِجَازَةُ، فَهِيَ تَصَرُّفٌ فِي الْعَقْدِ بِالتَّغْيِيرِ، وَهُوَ الْإِلْزَامُ لَا بِالْإِعْدَامِ، فَلَا يُخْرِجُهُ عَنِ احْتِمَالِ الْفَسْخِ، وَالْإِجَازَةِ، وَلَوْ أَجَازَ أَحَدُهُمَا، وَفَسَخَ الْآخَرُ انْفَسَخَ الْعَقْدُ سَوَاءٌ كَانَ عَلَى التَّعَاقُبِ أَوْ عَلَى الْقِرَانِ؛ ,وَلَا تَلْحَقُهُ الْإِجَازَةُ مِنْ صَاحِبِهِ بَعْدَ ذَلِكَ، وَإِنَّمَا اخْتَلَفَ حُكْمُ الْفَسْخِ وَالْإِجَازَةِ؛ لِأَنَّ الْفَسْخَ تَصَرُّفٌ فِي الْعَقْدِ بِالْإِبْطَالِ، وَالْعَقْدُ بَعْدَ مَا بَطَلَ لَا يَحْتَمِلُ الْإِجَازَةَ؛ لِأَنَّ الْبَاطِلَ مُتَلَاشٍ (وَأَمَّا) الْإِجَازَةُ، فَهِيَ تَصَرُّفٌ فِي الْعَقْدِ بِالتَّغْيِيرِ، وَهُوَ الْإِلْزَامُ لَا بِالْإِعْدَامِ، فَلَا يُخْرِجُهُ عَنِ احْتِمَالِ الْفَسْخِ، وَالْإِجَازَةِ، وَلَوْ أَجَازَ أَحَدُهُمَا، وَفَسَخَ الْآخَرُ انْفَسَخَ الْعَقْدُ سَوَاءٌ كَانَ عَلَى التَّعَاقُبِ أَوْ عَلَى الْقِرَانِ؛
"والمجني عليه معصوما (ولو وضعوا سيفا على يده وتحاملوا عليه دفعة فأبانوها قطعوا) بشرطه (وشجاج الرأس والوجه) بكسر الشين جمع شجة بفتحها (عشر حارصة) بمهملات (وهي ما شق الجلد قليلا) نحو الخدش (ودامية) بتخفيف الياء (تدميه) بضم أوله أي تدمي الشق من غير سيلان الدم، وقيل معه (وباضعة) بموحدة ومعجمة ثم مهملة.
(","وَالْمَجْنِيُّ عَلَيْهِ مَعْصُومًا (وَلَوْ وَضَعُوا سَيْفًا عَلَى يَدِهِ وَتَحَامَلُوا عَلَيْهِ دَفْعَةً فَأَبَانُوهَا قُطِعُوا) بِشَرْطِهِ (وَشِجَاجُ الرَّأْسِ وَالْوَجْهِ) بِكَسْرِ الشِّينِ جَمْعُ شَجَّةٍ بِفَتْحِهَا (عَشْرٌ حَارِصَةٌ) بِمُهْمَلَاتٍ (وَهِيَ مَا شَقَّ الْجِلْدَ قَلِيلًا) نَحْوُ الْخَدْشِ (وَدَامِيَةٌ) بِتَخْفِيفِ الْيَاءِ (تُدْمِيهِ) بِضَمِّ أَوَّلِهِ أَيْ تُدْمِي الشَّقَّ مِنْ غَيْرِ سَيَلَانِ الدَّمِ، وَقِيلَ مَعَهُ (وَبَاضِعَةٌ) بِمُوَحَّدَةٍ وَمُعْجَمَةٍ ثُمَّ مُهْمَلَةٍ.
(","وَالْمَجْنِيُّ عَلَيْهِ مَعْصُومًا (وَلَوْ وَضَعُوا سَيْفًا عَلَى يَدِهِ وَتَحَامَلُوا عَلَيْهِ دَفْعَةً فَأَبَانُوهَا قُطِعُوا) بِشَرْطِهِ (وَشِجَاجُ الرَّأْسِ وَالْوَجْهِ) بِكَسْرِ الشِّينِ جَمْعُ شَجَّةٍ بِفَتْحِهَا (عَشْرُ حَارِصَةٍ) بِمُهْمَلَاتٍ (وَهِيَ مَا شَقَّ الْجِلْدَ قَلِيلًا) نَحْوُ الْخَدْشِ (وَدَامِيَةٍ) بِتَخْفِيفِ الْيَاءِ (تُدْمِيهِ) بِضَمِّ أَوَّلِهِ أَيْ تُدْمِي الشَّقَّ مِنْ غَيْرِ سَيَلَانِ الدَّمِ، وَقِيلَ مَعَهُ (وَبَاضِعَةٍ) بِمُوَحَّدَةٍ وَمُعْجَمَةٍ ثُمَّ مُهْمَلَةٍ.
("
أو هلك ما فيها من غرس، ,أَوْ هَلَكَ مَا فِيهَا مِنْ غَرْسٍ، ,أَوْ هَلَكَ مَا فِيهَا مِنْ غَرْسٍ،
دراهم كثيرة وبين قوله: مال عظيم أن قوله: دراهم كثيرة يفيد العدد لأن الكثرة تكون بزيادة العدد، فاعتبر الكثرة التي ترجع إلى العدد وقوله: مال عظيم لا يتضمن عددا فوجب أن يحمل على المستعظم لا من حيث العدد، والعظيم في الشرع ما يصير به غنيا فيجب الزكاة فيه فاعتبر ذلك (ولو قال: ,دَرَاهِمُ كَثِيرَةٌ وَبَيْنَ قَوْلِهِ: مَالٌ عَظِيمٌ أَنَّ قَوْلَهُ: دَرَاهِمُ كَثِيرَةٌ يُفِيدُ الْعَدَدَ لِأَنَّ الْكَثْرَةَ تَكُونُ بِزِيَادَةِ الْعَدَدِ، فَاعْتَبَرَ الْكَثْرَةَ الَّتِي تَرْجِعُ إِلَى الْعَدَدِ وَقَوْلَهُ: مَالٌ عَظِيمٌ لَا يَتَضَمَّنُ عَدَدًا فَوَجَبَ أَنْ يُحْمَلَ عَلَى الْمُسْتَعْظَمِ لَا مِنْ حَيْثُ الْعَدَدُ، وَالْعَظِيمُ فِي الشَّرْعِ مَا يَصِيرُ بِهِ غَنِيًّا فَيَجِبُ الزَّكَاةُ فِيهِ فَاعْتَبِرْ ذَلِكَ (وَلَوْ قَالَ: ,دَرَاهِمَ كَثِيرَةً وَبَيْنَ قَوْلِهِ: مَالٌ عَظِيمٌ أَنَّ قَوْلَهُ: دَرَاهِمَ كَثِيرَةً يُفِيدُ الْعَدَدَ لِأَنَّ الْكَثْرَةَ تَكُونُ بِزِيَادَةِ الْعَدَدِ، فَاعْتُبِرَ الْكَثْرَةُ الَّتِي تَرْجِعُ إِلَى الْعَدَدِ وَقَوْلُهُ: مَالٌ عَظِيمٌ لَا يَتَضَمَّنُ عَدَدًا فَوَجَبَ أَنْ يُحْمَلَ عَلَى الْمُسْتَعْظَمِ لَا مِنْ حَيْثُ الْعَدَدُ، وَالْعَظِيمُ فِي الشَّرْعِ مَا يَصِيرُ بِهِ غَنِيًّا فَيَجِبُ الزَّكَاةُ فِيهِ فَاعْتُبِرَ ذَلِكَ (وَلَوْ قَالَ:
مزيد على المحرر، فلا يكفي تغييب ما دونها به ولا تغييبها بدبر؛ لأن ذلك مع حرمة الثاني لا يحصل الغرض، نعم إن لم يصرح في إيلائه بالقبل ولا نواه بل أطلق انحل بالوطء في الدبر، لا بد في البكر من زوال بكارتها كما نص عليه الشافعي رضي الله عنه وبعض الأصحاب أي وإن كانت، غوراء فرع: ,مَزِيدٌ عَلَى الْمُحَرَّرِ، فَلَا يَكْفِي تَغْيِيبُ مَا دُونَهَا بِهِ وَلَا تَغْيِيبُهَا بِدُبُرٍ؛ لِأَنَّ ذَلِكَ مَعَ حُرْمَةِ الثَّانِي لَا يَحْصُلُ الْغَرَضُ، نَعَمْ إِنْ لَمْ يُصَرِّحْ فِي إِيلَائِهِ بِالْقُبُلِ وَلَا نَوَاهُ بَلْ أَطْلَقَ انْحَلَّ بِالْوَطْءِ فِي الدُّبُرِ، لَا بُدَّ فِي الْبِكْرِ مِنْ زَوَالِ بَكَارَتِهَا كَمَا نَصَّ عَلَيْهِ الشَّافِعِيُّ رَضِيَ اللَّهُ عَنْهُ وَبَعْضُ الْأَصْحَابِ أَيْ وَإِنْ كَانَتْ، غَوْرَاءَ فَرْعٌ: ,مَزِيدٌ عَلَى الْمُحَرَّرِ، فَلَا يَكْفِي تَغْيِيبُ مَا دُونَهَا بِهِ وَلَا تَغْيِيبُهَا بِدُبُرٍ؛ لِأَنَّ ذَلِكَ مَعَ حُرْمَةِ الثَّانِي لَا يَحْصُلُ الْغَرَضُ، نَعَمْ إِنْ لَمْ يُصَرِّحْ فِي إِيلَائِهِ بِالْقُبُلِ وَلَا نَوَاهُ بَلْ أَطْلَقَ انْحَلَّ بِالْوَطْءِ فِي الدُّبُرِ، لَا بُدَّ فِي الْبِكْرِ مِنْ زَوَالِ بَكَارَتِهَا كَمَا نَصَّ عَلَيْهِ الشَّافِعِيُّ رَضِيَ اللَّهُ عَنْهُ وَبَعْضُ الْأَصْحَابِ أَيْ وَإِنْ كَانَتْ، غَوْرَاءَ فَرْعٌ:
قوله وحاص مرتهنه إلخ) يعني أن من رهن ثمرا أو زرعا لم يبد صلاحه، ثم مات أو فلس قبل بدو الصلاح وخلف مالا من نقد أو عرض أو حيوان غير ذلك الرهن الذي لم يبد صلاحه فإن المرتهن يحاصص الغرماء بجميع دينه في المال الذي تركه غير الرهن (قوله فإن وفى ثمنها بالدين) ,قَوْلُهُ وَحَاصَّ مُرْتَهِنَهُ إِلَخْ) يَعْنِي أَنَّ مَنْ رَهَنَ ثَمَرًا أَوْ زَرْعًا لَمْ يَبْدُ صَلَاحُهُ، ثُمَّ مَاتَ أَوْ فَلِسَ قَبْلَ بُدُوِّ الصَّلَاحِ وَخَلَّفَ مَالًا مِنْ نَقْدٍ أَوْ عَرْضٍ أَوْ حَيَوَانٍ غَيْرِ ذَلِكَ الرَّهْنِ الَّذِي لَمْ يَبْدُ صَلَاحُهُ فَإِنَّ الْمُرْتَهِنَ يُحَاصِصُ الْغُرَمَاءَ بِجَمِيعِ دَيْنِهِ فِي الْمَالِ الَّذِي تَرَكَهُ غَيْرَ الرَّهْنِ (قَوْلُهُ فَإِنْ وَفَّى ثَمَنَهَا بِالدَّيْنِ) ,قَوْلُهُ وَحَاصَّ مُرْتَهِنَهُ إِلَخْ) يَعْنِي أَنَّ مَنْ رَهَنَ ثَمَرًا أَوْ زَرْعًا لَمْ يَبْدُ صَلَاحُهُ، ثُمَّ مَاتَ أَوْ فَلِسَ قَبْلَ بُدُوِّ الصَّلَاحِ وَخَلَّفَ مَالًا مِنْ نَقْدٍ أَوْ عَرْضٍ أَوْ حَيَوَانٍ غَيْرِ ذَلِكَ الرَّهْنِ الَّذِي لَمْ يَبْدُ صَلَاحُهُ فَإِنَّ الْمُرْتَهِنَ يُحَاصِصُ الْغُرَمَاءَ بِجَمِيعِ دَيْنِهِ فِي الْمَالِ الَّذِي تَرَكَهُ غَيْرَ الرَّهْنِ (قَوْلُهُ فَإِنْ وَفَّى ثَمَنَهَا بِالدَّيْنِ)
"فإنه يستلزم تسميته قرآنا أيضا لو كان أعجميا.
والحق أن قرآنا المنكر لم يعهد فيه نقل عن المفهوم اللغوي فيتناول كل مقروء.
أما القرآن باللام فالمفهوم منه العربي في عرف الشرع وإن أطلق المعنى المجرد القائم بالذات أيضا المنافي للسكوت والآفة، والمطلوب بقوله {فاقرءوا ما تيسر من القرآن} الثاني.
","فَإِنَّهُ يَسْتَلْزِمُ تَسْمِيَتُهُ قُرْآنًا أَيْضًا لَوْ كَانَ أَعْجَمِيًّا.
وَالْحَقُّ أَنَّ قُرْآنًا الْمُنَكَّرَ لَمْ يُعْهَدْ فِيهِ نَقْلٌ عَنِ الْمَفْهُومِ اللُّغَوِيِّ فَيَتَنَاوَلُ كُلَّ مَقْرُوءٍ.
أَمَّا الْقُرْآنُ بِاللَّامِ فَالْمَفْهُومُ مِنْهُ الْعَرَبِيُّ فِي عُرْفِ الشَّرْعِ وَإِنْ أُطْلِقَ الْمَعْنَى الْمُجَرَّدُ الْقَائِمُ بِالذَّاتِ أَيْضًا الْمُنَافِي لِلسُّكُوتِ وَالْآفَةِ، وَالْمَطْلُوبُ بِقَوْلِهِ {فَاقْرَءُوا مَا تَيَسَّرَ مِنَ الْقُرْآنِ} الثَّانِي.
","فَإِنَّهُ يَسْتَلْزِمُ تَسْمِيَتَهُ قُرْآنًا أَيْضًا لَوْ كَانَ أَعْجَمِيًّا.
وَالْحَقُّ أَنَّ قُرْآنًا الْمُنَكَّرَ لَمْ يُعْهَدْ فِيهِ نَقْلٌ عَنِ الْمَفْهُومِ اللُّغَوِيِّ فَيَتَنَاوَلُ كُلَّ مَقْرُوءٍ.
أَمَّا الْقُرْآنُ بِاللَّامِ فَالْمَفْهُومُ مِنْهُ الْعَرَبِيُّ فِي عُرْفِ الشَّرْعِ وَإِنْ أَطْلَقَ الْمَعْنَى الْمُجَرَّدَ الْقَائِمَ بِالذَّاتِ أَيْضًا الْمُنَافِيَ لِلسُّكُوتِ وَالْآفَةِ، وَالْمَطْلُوبُ بِقَوْلِهِ {فَاقْرَءُوا مَا تَيَسَّرَ مِنَ الْقُرْآنِ} الثَّانِي."
"أما من لا يحل له نكاحها في تلك العدة كأن طلقها زوجها رجعيا فوطئت بشبهة في العدة وحملت منه فإن عدة الحمل تقدم فلا يحل لصاحب عدة الشبهة أن يخطبها؛ لأنه لا يجوز له العقد عليها حينئذ كما سيأتي.
ا ه.
خطيب على المنهاج وأما مطلقها فليست العدة له (قوله: ","أَمَّا مَنْ لَا يَحِلُّ لَهُ نِكَاحُهَا فِي تِلْكَ الْعِدَّةِ كَأَنْ طَلَّقَهَا زَوْجُهَا رَجْعِيًّا فَوُطِئَتْ بِشُبْهَةٍ فِي الْعِدَّةِ وَحَمَلَتْ مِنْهُ فَإِنَّ عِدَّةَ الْحَمْلِ تُقَدَّمُ فَلَا يَحِلُّ لِصَاحِبِ عِدَّةِ الشُّبْهَةِ أَنْ يَخْطُبَهَا؛ لِأَنَّهُ لَا يَجُوزُ لَهُ الْعَقْدُ عَلَيْهَا حِينَئِذٍ كَمَا سَيَأْتِي.
ا ه.
خَطِيبٌ عَلَى الْمِنْهَاجِ وَأَمَّا مُطَلِّقُهَا فَلَيْسَتِ الْعِدَّةُ لَهُ (قَوْلُهُ: ","أَمَّا مَنْ لَا يَحِلُّ لَهُ نِكَاحُهَا فِي تِلْكَ الْعِدَّةِ كَأَنْ طَلَّقَهَا زَوْجُهَا رَجْعِيًّا فَوُطِئَتْ بِشُبْهَةٍ فِي الْعِدَّةِ وَحَمَلَتْ مِنْهُ فَإِنَّ عِدَّةَ الْحَمْلِ تَقَدَّمَ فَلَا يَحِلُّ لِصَاحِبِ عِدَّةِ الشُّبْهَةِ أَنْ يَخْطُبَهَا؛ لِأَنَّهُ لَا يَجُوزُ لَهُ الْعَقْدُ عَلَيْهَا حِينَئِذٍ كَمَا سَيَأْتِي.
ا ه.
خَطِيبٌ عَلَى الْمِنْهَاجِ وَأَمَّا مُطَلِّقُهَا فَلَيْسَتِ الْعِدَّةُ لَهُ (قَوْلُهُ:"
قال له علي ألف (من ثمن خمر أو) قال له علي ألف (من ثمن مبيع لم أقبضه أو) قال من ثمن مبيع بنحو وكيل (تلف قبل قبضه أو) قال له علي ألف من (مضاربة تلفت وشرط على ضمانها أو) قال له علي ألف (بكفالة) تكفلت بها (على أني بالخيار) فيها (لزمه) ,قَالَ لَهُ عَلَيَّ أَلْفٌ (مِنْ ثَمَنِ خَمْرٍ أَوْ) قَالَ لَهُ عَلَيَّ أَلْفٌ (مِنْ ثَمَنِ مَبِيعٍ لَمْ أَقْبِضْهُ أَوْ) قَالَ مِنْ ثَمَنِ مَبِيعٍ بِنَحْوِ وَكِيلٍ (تَلِفَ قَبْلَ قَبْضِهِ أَوْ) قَالَ لَهُ عَلَيَّ أَلْفٌ مِنْ (مُضَارَبَةٍ تَلِفَتْ وَشَرَطَ عَلَى ضَمَانِهَا أَوْ) قَالَ لَهُ عَلَيَّ أَلْفٌ (بِكَفَالَةٍ) تَكَفَّلْتُ بِهَا (عَلَى أَنِّي بِالْخِيَارِ) فِيهَا (لَزِمَهُ) ,قَالَ لَهُ عَلَيَّ أَلْفٌ (مِنْ ثَمَنِ خَمْرٍ أَوْ) قَالَ لَهُ عَلَيَّ أَلْفٌ (مِنْ ثَمَنِ مَبِيعٍ لَمْ أَقْبِضْهُ أَوْ) قَالَ مِنْ ثَمَنِ مَبِيعٍ بِنَحْوِ وَكِيلٍ (تَلِفَ قَبْلَ قَبْضِهِ أَوْ) قَالَ لَهُ عَلَيَّ أَلْفٌ مِنْ (مُضَارَبَةٍ تَلِفَتْ وَشُرِطَ عَلَى ضَمَانِهَا أَوْ) قَالَ لَهُ عَلَيَّ أَلْفٌ (بِكَفَالَةٍ) تَكَفَّلْتُ بِهَا (عَلَى أَنِّي بِالْخِيَارِ) فِيهَا (لَزِمَهُ)
"وهل يفسخ البيع بتمام التحالف أو يفتقر إلى الحكم قولان.
الأول: قول سحنون.
الثاني: لابن القاسم وابن عبد الحكم وثمرة الخلاف أن يرضى أحدهما بقول الآخر فعلى (2/498)
قول ابن القاسم له ذلك، وعلى قول سحنون ليس له ذلك.
وقال بعض القرويين إن تحالفا بأمر القاضي فلا بد من الحكم وإلا انفسخ بتمام التحالف. (2/499)
","وَهَلْ يُفْسَخُ الْبَيْعُ بِتَمَامِ التَّحَالُفِ أَوْ يُفْتَقَرُ إِلَى الْحُكْمِ قَوْلَانِ.
الْأَوَّلُ: قَوْلُ سَحْنُونٍ.
الثَّانِي: لِابْنِ الْقَاسِمِ وَابْنِ عَبْدِ الْحَكَمِ وَثَمَرَةُ الْخِلَافِ أَنْ يَرْضَى أَحَدُهُمَا بِقَوْلِ الْآخَرِ فَعَلَى (2/498)
قَوْلِ ابْنِ الْقَاسِمِ لَهُ ذَلِكَ، وَعَلَى قَوْلِ سَحْنُونٍ لَيْسَ لَهُ ذَلِكَ.
وَقَالَ بَعْضُ الْقَرَوِيِّينَ إِنْ تَحَالَفَا بِأَمْرِ الْقَاضِي فَلَا بُدَّ مِنَ الْحُكْمِ وَإِلَّا انْفَسَخَ بِتَمَامِ التَّحَالُفِ. (2/499)
","وَهَلْ يُفْسَخُ الْبَيْعُ بِتَمَامِ التَّحَالُفِ أَوْ يَفْتَقِرُ إِلَى الْحُكْمِ قَوْلَانِ.
الْأَوَّلُ: قَوْلُ سَحْنُونٍ.
الثَّانِي: لِابْنِ الْقَاسِمِ وَابْنِ عَبْدِ الْحَكَمِ وَثَمَرَةُ الْخِلَافِ أَنْ يَرْضَى أَحَدُهُمَا بِقَوْلِ الْآخَرِ فَعَلَى (2/498)
قَوْلِ ابْنِ الْقَاسِمِ لَهُ ذَلِكَ، وَعَلَى قَوْلِ سَحْنُونٍ لَيْسَ لَهُ ذَلِكَ.
وَقَالَ بَعْضُ الْقَرَوِيِّينَ إِنْ تَحَالَفَا بِأَمْرِ الْقَاضِي فَلَا بُدَّ مِنَ الْحُكْمِ وَإِلَّا انْفَسَخَ بِتَمَامِ التَّحَالُفِ. (2/499)"
"فجاز أن يثبت مع الشبهة كسائر المعاوضات التي هي حق العبد.
أما الحدود الخالصة لله تعالى شرعت زاجرة وليس فيها معنى العوضية، فلا تثبت مع الشبهة لعدم الحاجة هداية، وقد اعترض العلامة الطوري كلامهم هنا بأنهم سووا بين الحدود والقصاص في أن كلا منهما يدرأ بالشبهة كما صرحوا به في مواضع كثيرة منها الكفالة فلا تجوز بالنفس فيهما، ","فَجَازَ أَنْ يَثْبُتَ مَعَ الشُّبْهَةِ كَسَائِرِ الْمُعَاوَضَاتِ الَّتِي هِيَ حَقُّ الْعَبْدِ.
أَمَّا الْحُدُودُ الْخَالِصَةُ لِلَّهِ تَعَالَى شُرِعَتْ زَاجِرَةً وَلَيْسَ فِيهَا مَعْنَى الْعِوَضِيَّةِ، فَلَا تَثْبُتُ مَعَ الشُّبْهَةِ لِعَدَمِ الْحَاجَةِ هِدَايَةٌ، وَقَدِ اعْتَرَضَ الْعَلَّامَةُ الطُّورِيُّ كَلَامَهُمْ هُنَا بِأَنَّهُمْ سَوَّوْا بَيْنَ الْحُدُودِ وَالْقِصَاصِ فِي أَنَّ كُلًّا مِنْهُمَا يُدْرَأُ بِالشُّبْهَةِ كَمَا صَرَّحُوا بِهِ فِي مَوَاضِعَ كَثِيرَةٍ مِنْهَا الْكَفَالَةُ فَلَا تَجُوزُ بِالنَّفْسِ فِيهِمَا، ","فَجَازَ أَنْ يَثْبُتَ مَعَ الشُّبْهَةِ كَسَائِرِ الْمُعَاوَضَاتِ الَّتِي هِيَ حَقُّ الْعَبْدِ.
أَمَّا الْحُدُودُ الْخَالِصَةُ لِلَّهِ تَعَالَى شُرِعَتْ زَاجِرَةً وَلَيْسَ فِيهَا مَعْنَى الْعِوَضِيَّةِ، فَلَا تَثْبُتُ مَعَ الشُّبْهَةِ لِعَدَمِ الْحَاجَةِ هِدَايَةٌ، وَقَدِ اعْتَرَضَ الْعَلَّامَةُ الطُّورِيُّ كَلَامَهُمْ هُنَا بِأَنَّهُمْ سَوَّوْا بَيْنَ الْحُدُودِ وَالْقِصَاصِ فِي أَنَّ كُلًّا مِنْهُمَا يُدْرَأُ بِالشُّبْهَةِ كَمَا صَرَّحُوا بِهِ فِي مَوَاضِعَ كَثِيرَةٍ مِنْهَا الْكَفَالَةُ فَلَا تَجُوزُ بِالنَّفْسِ فِيهِمَا،"
"إنما ابتاع لنفسي ثم صح بعد البيع أنه إنما ابتاع لفلان، لزم الحالف البيع ولم ينفعه ذلك وحنث إن كان المشتري من ناحية فلان.
قال ابن المواز عن مالك: إذا كان المشتري من ناحية المحلوف عليه أو رسوله وقد عرف ذلك البائع حنث، وإن لم يعلم أنه من سببه لم يحنث في ذلك كله.
وقاله أشهب.
ابن يونس: ","إِنَّمَا ابْتَاعَ لِنَفْسِي ثُمَّ صَحَّ بَعْدَ الْبَيْعِ أَنَّهُ إِنَّمَا ابْتَاعَ لِفُلَانٍ، لَزِمَ الْحَالِفُ الْبَيْعَ وَلَمْ يَنْفَعْهُ ذَلِكَ وَحَنِثَ إِنْ كَانَ الْمُشْتَرِي مِنْ نَاحِيَةِ فُلَانٍ.
قَالَ ابْنُ الْمَوَّازِ عَنْ مَالِكٍ: إِذَا كَانَ الْمُشْتَرِي مِنْ نَاحِيَةِ الْمَحْلُوفِ عَلَيْهِ أَوْ رَسُولُهُ وَقَدْ عَرَفَ ذَلِكَ الْبَائِعُ حَنِثَ، وَإِنْ لَمْ يَعْلَمْ أَنَّهُ مِنْ سَبَبِهِ لَمْ يَحْنَثْ فِي ذَلِكَ كُلِّهِ.
وَقَالَهُ أَشْهَبُ.
ابْنُ يُونُسَ: ","إِنَّمَا ابْتَاعَ لِنَفْسِي ثُمَّ صَحَّ بَعْدَ الْبَيْعِ أَنَّهُ إِنَّمَا ابْتَاعَ لِفُلَانٍ، لَزِمَ الْحَالِفَ الْبَيْعُ وَلَمْ يَنْفَعْهُ ذَلِكَ وَحَنِثَ إِنْ كَانَ الْمُشْتَرِي مِنْ نَاحِيَةِ فُلَانٍ.
قَالَ ابْنُ الْمَوَّازِ عَنْ مَالِكٍ: إِذَا كَانَ الْمُشْتَرِي مِنْ نَاحِيَةِ الْمَحْلُوفِ عَلَيْهِ أَوْ رَسُولِهِ وَقَدْ عَرَفَ ذَلِكَ الْبَائِعُ حَنِثَ، وَإِنْ لَمْ يَعْلَمْ أَنَّهُ مِنْ سَبَبِهِ لَمْ يَحْنَثْ فِي ذَلِكَ كُلِّهِ.
وَقَالَهُ أَشْهَبُ.
ابْنُ يُونُسَ:"
"حدثنا وكيع حدثنا إسرائيل عن جابر عن عكرمة عن ابن عباس أن النبي صلى الله عليه وسلم أتي بجبنة قال فجعل أصحابه يضربونها بالعصي فقال رسول الله صلى الله عليه وسلم ضعوا السكين واذكروا اسم الله وكلوا (3/503)
-2081 حدثنا وكيع حدثنا إسرائيل عن جابر عن أبي جعفر وعطاء قالا الأضحية سنة وقال عكرمة (3/503)
","حَدَّثَنَا وَكِيعٌ حَدَّثَنَا إِسْرَائِيلُ عَنْ جَابِرٍ عَنْ عِكْرِمَةَ عَنِ ابْنِ عَبَّاسٍ أَنَّ النَّبِيَّ صَلَّى اللَّهُ عَلَيْهِ وَسَلَّمَ أُتِيَ بِجُبْنَةٍ قَالَ فَجَعَلَ أَصْحَابُهُ يَضْرِبُونَهَا بِالْعِصِيِّ فَقَالَ رَسُولُ اللَّهِ صَلَّى اللَّهُ عَلَيْهِ وَسَلَّمَ ضَعُوا السِّكِّينَ وَاذْكُرُوا اسْمَ اللَّهِ وَكُلُوا (3/503)
-2081 حَدَّثَنَا وَكِيعٌ حَدَّثَنَا إِسْرَائِيلُ عَنْ جَابِرٍ عَنْ أَبِي جَعْفَرٍ وَعَطَاءٍ قَالَا الْأُضْحِيَّةُ سُنَّةٌ وَقَالَ عِكْرِمَةُ (3/503)
","حَدَّثَنَا وَكِيعٌ حَدَّثَنَا إِسْرَائِيلُ عَنْ جَابِرٍ عَنْ عِكْرِمَةَ عَنِ ابْنِ عَبَّاسٍ أَنَّ النَّبِيَّ صَلَّى اللَّهُ عَلَيْهِ وَسَلَّمَ أُتِيَ بِجُبْنَةٍ قَالَ فَجَعَلَ أَصْحَابُهُ يَضْرِبُونَهَا بِالْعِصِيِّ فَقَالَ رَسُولُ اللَّهِ صَلَّى اللَّهُ عَلَيْهِ وَسَلَّمَ ضَعُوا السِّكِّينَ وَاذْكُرُوا اسْمَ اللَّهِ وَكُلُوا (3/503)
-2081 حَدَّثَنَا وَكِيعٌ حَدَّثَنَا إِسْرَائِيلُ عَنْ جَابِرٍ عَنْ أَبِي جَعْفَرٍ وَعَطَاءٍ قَالَا الْأُضْحِيَّةُ سُنَّةٌ وَقَالَ عِكْرِمَةُ (3/503)"
فإن الإمام لما كان الواجب عليه النفر بعد الغروب كان النفر معه نفرا بعد الغروب، وإلا فلو غربت فنفروا ولم ينفر الإمام لا شيء عليهم، ولو نفر الإمام قبل الغروب فتابعوه كان عليه وعليهم الدم، ,فَإِنَّ الْإِمَامَ لَمَّا كَانَ الْوَاجِبُ عَلَيْهِ النَّفْرَ بَعْدَ الْغُرُوبِ كَانَ النَّفْرُ مَعَهُ نَفْرًا بَعْدَ الْغُرُوبِ، وَإِلَّا فَلَوْ غَرَبَتْ فَنَفَرُوا وَلَمْ يَنْفِرِ الْإِمَامُ لَا شَيْءَ عَلَيْهِمْ، وَلَوْ نَفَرَ الْإِمَامُ قَبْلَ الْغُرُوبِ فَتَابَعُوهُ كَانَ عَلَيْهِ وَعَلَيْهِمِ الدَّمُ، ,فَإِنَّ الْإِمَامَ لَمَّا كَانَ الْوَاجِبُ عَلَيْهِ النَّفْرَ بَعْدَ الْغُرُوبِ كَانَ النَّفْرُ مَعَهُ نَفْرًا بَعْدَ الْغُرُوبِ، وَإِلَّا فَلَوْ غَرَبَتْ فَنَفَرُوا وَلَمْ يَنْفِرِ الْإِمَامُ لَا شَيْءَ عَلَيْهِمْ، وَلَوْ نَفَرَ الْإِمَامُ قَبْلَ الْغُرُوبِ فَتَابَعُوهُ كَانَ عَلَيْهِ وَعَلَيْهِمِ الدَّمُ،
"كما في الفصول المتقدمة.
وفي الاستحسان كل من نزل عن برذون أو فرس عربي فقاتل راجلا فله نفله.
لأن مقصود الأمير هنا التحريض على مباشرة القتال راجلا.
ألا ترى أن من نزل عن فرس عربي ولم يقاتل (ص 256) لا يستحق النفل؟ وفيما هو المقصود لا فرق بين أن ينزل عن برذون أو عن فرس عربي.
","كَمَا فِي الْفُصُولِ الْمُتَقَدِّمَةِ.
وَفِي الِاسْتِحْسَانِ كُلُّ مَنْ نَزَلَ عَنْ بِرْذَوْنٍ أَوْ فَرَسٍ عَرَبِيٍّ فَقَاتَلَ رَاجِلًا فَلَهُ نَفْلُهُ.
لِأَنَّ مَقْصُودَ الْأَمِيرِ هُنَا التَّحْرِيضُ عَلَى مُبَاشَرَةِ الْقِتَالِ رَاجِلًا.
أَلَا تَرَى أَنَّ مَنْ نَزَلَ عَنْ فَرَسٍ عَرَبِيٍّ وَلَمْ يُقَاتِلْ (ص 256) لَا يَسْتَحِقُّ النَّفَلَ؟ وَفِيمَا هُوَ الْمَقْصُودُ لَا فَرْقَ بَيْنَ أَنْ يَنْزِلَ عَنْ بِرْذَوْنٍ أَوْ عَنْ فَرَسٍ عَرَبِيٍّ.
","كَمَا فِي الْفُصُولِ الْمُتَقَدِّمَةِ.
وَفِي الِاسْتِحْسَانِ كُلُّ مَنْ نَزَلَ عَنْ بِرْذَوْنٍ أَوْ فَرَسٍ عَرَبِيٍّ فَقَاتَلَ رَاجِلًا فَلَهُ نَفْلُهُ.
لِأَنَّ مَقْصُودَ الْأَمِيرِ هُنَا التَّحْرِيضُ عَلَى مُبَاشَرَةِ الْقِتَالِ رَاجِلًا.
أَلَا تَرَى أَنَّ مَنْ نَزَلَ عَنْ فَرَسٍ عَرَبِيٍّ وَلَمْ يُقَاتِلْ (ص 256) لَا يَسْتَحِقُّ النَّفَلَ؟ وَفِيمَا هُوَ الْمَقْصُودُ لَا فَرْقَ بَيْنَ أَنْ يَنْزِلَ عَنْ بِرْذَوْنٍ أَوْ عَنْ فَرَسٍ عَرَبِيٍّ."
"امرأتي طالق: صدق ولا كذب، إلا أن يريد الإخبار عن طلاقها.
الرابع: أن الإنشاء يقع منقولا غالبا عن أصل الصيغ في صيغ العقود، والطلاق، والعتاق، ونحوها، ولهذا لو قال لامرأتيه: إحداكما طالق مرتين يجعل الثاني خبرا لعدم الحاجة إلى النقل، ","امْرَأَتِي طَالِقٌ: صِدْقٌ وَلَا كَذِبٌ، إِلَّا أَنْ يُرِيدَ الْإِخْبَارَ عَنْ طَلَاقِهَا.
الرَّابِعُ: أَنَّ الْإِنْشَاءَ يَقَعُ مَنْقُولًا غَالِبًا عَنْ أَصْلِ الصِّيَغِ فِي صِيَغِ الْعُقُودِ، وَالطَّلَاقِ، وَالْعَتَاقِ، وَنَحْوِهَا، وَلِهَذَا لَوْ قَالَ لِامْرَأَتَيْهِ: إِحْدَاكُمَا طَالِقٌ مَرَّتَيْنِ يَجْعَلُ الثَّانِي خَبَرًا لِعَدَمِ الْحَاجَةِ إِلَى النَّقْلِ، ","امْرَأَتِي طَالِقٌ: صُدِّقَ وَلَا كُذِّبَ، إِلَّا أَنْ يُرِيدَ الْإِخْبَارَ عَنْ طَلَاقِهَا.
الرَّابِعُ: أَنَّ الْإِنْشَاءَ يَقَعُ مَنْقُولًا غَالِبًا عَنْ أَصْلِ الصِّيَغِ فِي صِيَغِ الْعُقُودِ، وَالطَّلَاقِ، وَالْعَتَاقِ، وَنَحْوِهَا، وَلِهَذَا لَوْ قَالَ لِامْرَأَتَيْهِ: إِحْدَاكُمَا طَالِقٌ مَرَّتَيْنِ يُجْعَلُ الثَّانِي خَبَرًا لِعَدَمِ الْحَاجَةِ إِلَى النَّقْلِ،"
كفر ولم يقولا: بالله لم تقبل هذه الشهادة قطعا (فعلى الأول) وهو قبولها مطلقا (لو شهدوا) المراد اثنان فأكثر على شخص (بردة) ولم يفصلوا (فأنكر) المشهود عليه (حكم) عليه (بالشهادة) ولا ينفعه إنكاره: بل يلزمه أن يأتي بما يصير به الكافر مسلما؛ ,كَفَرَ وَلَمْ يَقُولَا: بِاللَّهِ لَمْ تُقْبَلْ هَذِهِ الشَّهَادَةُ قَطْعًا (فَعَلَى الْأَوَّلِ) وَهُوَ قَبُولُهَا مُطْلَقًا (لَوْ شَهِدُوا) الْمُرَادُ اثْنَانِ فَأَكْثَرُ عَلَى شَخْصٍ (بِرِدَّةٍ) وَلَمْ يَفْصِلُوا (فَأَنْكَرَ) الْمَشْهُودُ عَلَيْهِ (حُكِمَ) عَلَيْهِ (بِالشَّهَادَةِ) وَلَا يَنْفَعُهُ إِنْكَارُهُ: بَلْ يَلْزَمُهُ أَنْ يَأْتِيَ بِمَا يَصِيرُ بِهِ الْكَافِرُ مُسْلِمًا؛ ,كَفَرَ وَلَمْ يَقُولَا: بِاللَّهِ لَمْ تُقْبَلْ هَذِهِ الشَّهَادَةُ قَطْعًا (فَعَلَى الْأَوَّلِ) وَهُوَ قَبُولُهَا مُطْلَقًا (لَوْ شَهِدُوا) الْمُرَادُ اثْنَانِ فَأَكْثَرُ عَلَى شَخْصٍ (بِرِدَّةٍ) وَلَمْ يَفْصِلُوا (فَأَنْكَرَ) الْمَشْهُودُ عَلَيْهِ (حُكِمَ) عَلَيْهِ (بِالشَّهَادَةِ) وَلَا يَنْفَعُهُ إِنْكَارُهُ: بَلْ يَلْزَمُهُ أَنْ يَأْتِيَ بِمَا يَصِيرُ بِهِ الْكَافِرُ مُسْلِمًا؛
"ابن عرفة: نقله عند الشيخ بشرط كونها من بيض (ونتن الفم) اللخمي: يختلف في أربع: السواد والقرع والبخر والخشم وهو نتن الأنف والظاهر من قول مالك أنها لا ترد في شيء من هذا.
وفي الجلاب: ترد من نتن الفرج.
فعلى هذا ترد بالبخر والخشم لأن نتن الأعلى أولى بالرد (والثيوبة) ","ابْنُ عَرَفَةَ: نَقَلَهُ عِنْدَ الشَّيْخِ بِشَرْطِ كَوْنِهَا مِنْ بِيضٍ (وَنَتِنِ الْفَمِ) اللَّخْمِيِّ: يُخْتَلَفُ فِي أَرْبَعٍ: السَّوَادُ وَالْقَرَعُ وَالْبَخَرُ وَالْخَشَمُ وَهُوَ نَتْنُ الْأَنْفِ وَالظَّاهِرُ مِنْ قَوْلِ مَالِكٍ أَنَّهَا لَا تُرَدُّ فِي شَيْءٍ مِنْ هَذَا.
وَفِي الْجَلَّابِ: تُرَدُّ مِنْ نَتَنِ الْفَرْجِ.
فَعَلَى هَذَا تُرَدُّ بِالْبَخَرِ وَالْخَشَمِ لِأَنَّ نَتَنَ الْأَعْلَى أَوْلَى بِالرَّدِّ (وَالثُّيُوبَةُ) ","ابْنُ عَرَفَةَ: نَقَلَهُ عِنْدَ الشَّيْخِ بِشَرْطِ كَوْنِهَا مِنْ بَيْضٍ (وَنَتْنُ الْفَمِ) اللَّخْمِيِّ: يُخْتَلَفُ فِي أَرْبَعٍ: السَّوَادُ وَالْقَرْعُ وَالْبَخَرُ وَالْخَشْمُ وَهُوَ نَتْنُ الْأَنْفِ وَالظَّاهِرُ مِنْ قَوْلِ مَالِكٍ أَنَّهَا لَا تُرَدُّ فِي شَيْءٍ مِنْ هَذَا.
وَفِي الْجَلَّابِ: تُرَدُّ مِنْ نَتْنِ الْفَرْجِ.
فَعَلَى هَذَا تُرَدُّ بِالْبَخَرِ وَالْخَشْمِ لِأَنَّ نَتْنَ الْأَعْلَى أَوْلَى بِالرَّدِّ (وَالثُّيُوبَةُ)"
"لأن القبض قد علم الساعة، والميراث قد تقدم القبض بحر (قوله كفارة) سقوطها إذا لم يوص بها وكذا الخراج (قوله ديه) بسكون الهاء وخراج بإسكان الجيم، ولو قال هكذا لكان موزونا.
خراج ديات ثم كفارة كذا.
(قوله ضمان) أي إذا أعتق نصيبه موسرا فضمنه شريكه (قوله: نفقات) أي غير المستدانة بأمر القاضي (قوله: ","لِأَنَّ الْقَبْضَ قَدْ عُلِمَ السَّاعَةَ، وَالْمِيرَاثُ قَدْ تَقَدَّمَ الْقَبْضَ بَحْرٌ (قَوْلُهُ كَفَّارَةٌ) سُقُوطُهَا إِذَا لَمْ يُوصِ بِهَا وَكَذَا الْخَرَاجُ (قَوْلُهُ دِيَهْ) بِسُكُونِ الْهَاءِ وَخَرَاجٌ بِإِسْكَانِ الْجِيمِ، وَلَوْ قَالَ هَكَذَا لَكَانَ مَوْزُونًا.
خَرَاجٌ دِيَاتٌ ثُمَّ كَفَّارَةٌ كَذَا.
(قَوْلُهُ ضَمَانٌ) أَيْ إِذَا أَعْتَقَ نَصِيبَهُ مُوسِرًا فَضَمِنَهُ شَرِيكُهُ (قَوْلُهُ: نَفَقَاتٌ) أَيْ غَيْرُ الْمُسْتَدَانَةِ بِأَمْرِ الْقَاضِي (قَوْلُهُ: ","لِأَنَّ الْقَبْضَ قَدْ عُلِمَ السَّاعَةُ، وَالْمِيرَاثُ قَدْ تَقَدَّمَ الْقَبْضُ بَحْرٌ (قَوْلُهُ كَفَّارَةٌ) سُقُوطُهَا إِذَا لَمْ يُوصِ بِهَا وَكَذَا الْخَرَاجُ (قَوْلُهُ دِيَهٌ) بِسُكُونِ الْهَاءِ وَخَرَاجٌ بِإِسْكَانِ الْجِيمِ، وَلَوْ قَالَ هَكَذَا لَكَانَ مَوْزُونًا.
خَرَاجُ دِيَاتٍ ثُمَّ كَفَّارَةٌ كَذَا.
(قَوْلُهُ ضَمَانٌ) أَيْ إِذَا أَعْتَقَ نَصِيبَهُ مُوسِرًا فَضَمِنَهُ شَرِيكُهُ (قَوْلُهُ: نَفَقَاتٌ) أَيْ غَيْرُ الْمُسْتَدَانَةِ بِأَمْرِ الْقَاضِي (قَوْلُهُ:"
لكن الصحيح الذي عليه المحققون أنه لا نقصان في ذلك الجزء نفسه بل في الأداء فيه لما فيه من التشبه بعبدة الشمس، ولما كان الأداء واجبا فيه تحمل ذلك النقصان، أما إذا لم يؤد فيه والحال أنه لا نقص في الوقت أصلا وجب الكامل، ,لَكِنَّ الصَّحِيحَ الَّذِي عَلَيْهِ الْمُحَقِّقُونَ أَنَّهُ لَا نُقْصَانَ فِي ذَلِكَ الْجُزْءِ نَفْسِهِ بَلْ فِي الْأَدَاءِ فِيهِ لِمَا فِيهِ مِنَ التَّشَبُّهِ بِعَبَدَةِ الشَّمْسِ، وَلَمَّا كَانَ الْأَدَاءُ وَاجِبًا فِيهِ تَحَمَّلَ ذَلِكَ النُّقْصَانَ، أَمَّا إِذَا لَمْ يُؤَدِّ فِيهِ وَالْحَالُ أَنَّهُ لَا نَقْصَ فِي الْوَقْتِ أَصْلًا وَجَبَ الْكَامِلُ، ,لَكِنَّ الصَّحِيحَ الَّذِي عَلَيْهِ الْمُحَقِّقُونَ أَنَّهُ لَا نُقْصَانَ فِي ذَلِكَ الْجُزْءِ نَفْسِهِ بَلْ فِي الْأَدَاءِ فِيهِ لِمَا فِيهِ مِنَ التَّشَبُّهِ بِعَبَدَةِ الشَّمْسِ، وَلَمَّا كَانَ الْأَدَاءُ وَاجِبًا فِيهِ تَحَمَّلَ ذَلِكَ النُّقْصَانَ، أَمَّا إِذَا لَمْ يُؤَدِّ فِيهِ وَالْحَالُ أَنَّهُ لَا نَقْصَ فِي الْوَقْتِ أَصْلًا وَجَبَ الْكَامِلُ،
"الروايات فيه عن عمر بن الخطاب رضي الله عنه (8/32)
16348- أخبرنا أبو سعيد بن أبى عمرو حدثنا أبو العباس: محمد بن يعقوب حدثنا بحر بن نصر حدثنا عبد الله بن وهب أخبرنى جرير بن حازم أن قيس بن سعد حدثه عن مكحول: ","الرِّوَايَاتُ فِيهِ عَنْ عُمَرَ بْنِ الْخَطَّابِ رَضِيَ اللَّهُ عَنْهُ (8/32)
16348- أَخْبَرَنَا أَبُو سَعِيدِ بْنُ أَبِى عَمْرٍو حَدَّثَنَا أَبُو الْعَبَّاسِ: مُحَمَّدُ بْنُ يَعْقُوبَ حَدَّثَنَا بَحْرُ بْنُ نَصْرٍ حَدَّثَنَا عَبْدُ اللَّهِ بْنُ وَهْبٍ أَخْبَرَنِى جَرِيرُ بْنُ حَازِمٍ أَنَّ قَيْسَ بْنَ سَعْدٍ حَدَّثَهُ عَنْ مَكْحُولٍ: ","الرِّوَايَاتِ فِيهِ عَنْ عُمَرَ بْنِ الْخَطَّابِ رَضِيَ اللَّهُ عَنْهُ (8/32)
16348- أَخْبَرَنَا أَبُو سَعِيدِ بْنُ أَبِى عَمْرٍو حَدَّثَنَا أَبُو الْعَبَّاسِ: مُحَمَّدُ بْنُ يَعْقُوبَ حَدَّثَنَا بَحْرُ بْنُ نَصْرٍ حَدَّثَنَا عَبْدُ اللَّهِ بْنُ وَهْبٍ أَخْبَرَنِى جَرِيرُ بْنُ حَازِمٍ أَنَّ قَيْسَ بْنَ سَعْدٍ حَدَّثَهُ عَنْ مَكْحُولٍ:"
"وأخرج الترمذي وحسنه وابن أبي الدنيا في كتاب الصمت عن ابن عمر رضي الله عنهما عن النبي صلى الله عليه وسلم قال {إذا كذب العبد تباعد الملك ميلا من نتن ما جاء به} .
وأخرج الإمام أحمد وابن حبان في صحيحه والحاكم وقال صحيح الإسناد واللفظ للإمام أحمد عن عائشة رضي الله عنها قالت {","وَأَخْرَجَ التِّرْمِذِيُّ وَحَسَّنَهُ وَابْنُ أَبِي الدُّنْيَا فِي كِتَابِ الصَّمْتِ عَنِ ابْنِ عُمَرَ رَضِيَ اللَّهُ عَنْهُمَا عَنِ النَّبِيِّ صَلَّى اللَّهُ عَلَيْهِ وَسَلَّمَ قَالَ {إِذَا كَذَبَ الْعَبْدُ تَبَاعَدَ الْمَلَكُ مِيلًا مِنْ نَتْنِ مَا جَاءَ بِهِ} .
وَأَخْرَجَ الْإِمَامُ أَحْمَدُ وَابْنُ حِبَّانَ فِي صَحِيحِهِ وَالْحَاكِمُ وَقَالَ صَحِيحُ الْإِسْنَادِ وَاللَّفْظُ لِلْإِمَامِ أَحْمَدَ عَنْ عَائِشَةَ رَضِيَ اللَّهُ عَنْهَا قَالَتْ {","وَأَخْرَجَ التِّرْمِذِيُّ وَحَسَّنَهُ وَابْنُ أَبِي الدُّنْيَا فِي كِتَابِ الصَّمْتِ عَنِ ابْنِ عُمَرَ رَضِيَ اللَّهُ عَنْهُمَا عَنِ النَّبِيِّ صَلَّى اللَّهُ عَلَيْهِ وَسَلَّمَ قَالَ {إِذَا كَذَبَ الْعَبْدُ تَبَاعَدَ الْمَلَكُ مِيلًا مِنْ نَتْنِ مَا جَاءَ بِهِ} .
وَأَخْرَجَ الْإِمَامُ أَحْمَدُ وَابْنُ حِبَّانَ فِي صَحِيحِهِ وَالْحَاكِمُ وَقَالَ صَحِيحُ الْإِسْنَادِ وَاللَّفْظُ لِلْإِمَامِ أَحْمَدَ عَنْ عَائِشَةَ رَضِيَ اللَّهُ عَنْهَا قَالَتْ {"
"لأن طلب المنزل من عمل النقل وصار مدة الطلب مستثنى بحكم العرف إذا لم يفرط في الطلب كذا في شرح مجمع البحرين. (13/196)
","لِأَنَّ طَلَبَ الْمَنْزِلِ مِنْ عَمَلِ النَّقْلِ وَصَارَ مُدَّةُ الطَّلَبِ مُسْتَثْنًى بِحُكْمِ الْعُرْفِ إِذَا لَمْ يُفَرِّطْ فِي الطَّلَبِ كَذَا فِي شَرْحِ مَجْمَعِ الْبَحْرَيْنِ. (13/196)
",لِأَنَّ طَلَبَ الْمَنْزِلِ مِنْ عَمَلِ النَّقْلِ وَصَارَ مُدَّةُ الطَّلَبِ مُسْتَثْنًى بِحُكْمِ الْعُرْفِ إِذَا لَمْ يُفَرِّطْ فِي الطَّلَبِ كَذَا فِي شَرْحِ مَجْمَعِ الْبَحْرَيْنِ. (13/196)
"حدثنا ابن أبي داود حدثنا أبو معمر عبد الله بن عمرو بن أبي الحجاج المنقري حدثنا عبد الوارث بن سعيد عن محمد بن جحادة عن فرات القزاز عن أبي حازم عن أبي هريرة قال قال رسول الله صلى الله عليه وسلم {إن بني إسرائيل كان يسوسهم الأنبياء كلما مات نبي قام نبي} .
","حَدَّثَنَا ابْنُ أَبِي دَاوُدَ حَدَّثَنَا أَبُو مَعْمَرٍ عَبْدُ اللَّهِ بْنُ عَمْرِو بْنِ أَبِي الْحَجَّاجِ الْمُنْقِرِيُّ حَدَّثَنَا عَبْدُ الْوَارِثِ بْنُ سَعِيدِ عَنْ مُحَمَّدِ بْنِ جُحَادَةَ عَنْ فُرَاتٍ الْقَزَّازِ عَنْ أَبِي حَازِمٍ عَنْ أَبِي هُرَيْرَةَ قَالَ قَالَ رَسُولُ اللَّهِ صَلَّى اللَّهُ عَلَيْهِ وَسَلَّمَ {إِنَّ بَنِي إِسْرَائِيلَ كَانَ يَسُوسُهُمُ الْأَنْبِيَاءُ كُلَّمَا مَاتَ نَبِيٌّ قَامَ نَبِيٌّ} .
",حَدَّثَنَا ابْنُ أَبِي دَاوُدَ حَدَّثَنَا أَبُو مَعْمَرٍ عَبْدُ اللَّهِ بْنُ عَمْرِو بْنِ أَبِي الْحَجَّاجِ الْمُنْقِرِيُّ حَدَّثَنَا عَبْدُ الْوَارِثِ بْنُ سَعِيدٍ عَنْ مُحَمَّدِ بْنِ جُحَادَةَ عَنْ فُرَاتٍ الْقَزَّازِ عَنْ أَبِي حَازِمٍ عَنْ أَبِي هُرَيْرَةَ قَالَ قَالَ رَسُولُ اللَّهِ صَلَّى اللَّهُ عَلَيْهِ وَسَلَّمَ {إِنَّ بَنِي إِسْرَائِيلَ كَانَ يَسُوسُهُمُ الْأَنْبِيَاءُ كُلَّمَا مَاتَ نَبِيٌّ قَامَ نَبِيٌّ} .
"فربما رأى النظر في ذلك.
وليس لأصحاب النفل أن يأبوا ذلك عليه.
لأن حقهم في النفل كحق الغانمين في الغنائم المحرزة.
وللإمام ولاية المن هناك فكذلك هنا.
1052 - إلا أنه ينبغي له أن يسترضيهم بأن يعطيهم عوضا من محل آخر واستدل عليه بفعل عمر رضي الله عنه فإنه حين بعث الناس إلى العراق قال لجرير بن عبد الله البجلي: ","فَرُبَّمَا رَأَى النَّظَرَ فِي ذَلِكَ.
وَلَيْسَ لِأَصْحَابِ النَّفْلِ أَنْ يَأْبَوْا ذَلِكَ عَلَيْهِ.
لِأَنَّ حَقَّهُمْ فِي النَّفْلِ كَحَقِّ الْغَانِمِينَ فِي الْغَنَائِمِ الْمُحْرَزَةِ.
وَلِلْإِمَامِ وِلَايَةُ الْمَنِّ هُنَاكَ فَكَذَلِكَ هُنَا.
1052 - إِلَّا أَنَّهُ يَنْبَغِي لَهُ أَنْ يَسْتَرْضِيَهُمْ بِأَنْ يُعْطِيَهُمْ عِوَضًا مِنْ مَحَلٍّ آخَرَ وَاسْتُدِلَّ عَلَيْهِ بِفِعْلِ عُمَرَ رَضِيَ اللَّهُ عَنْهُ فَإِنَّهُ حِينَ بَعَثَ النَّاسَ إِلَى الْعِرَاقِ قَالَ لِجَرِيرِ بْنِ عَبْدِ اللَّهِ الْبَجَلِيِّ: ","فَرُبَّمَا رَأَى النَّظَرَ فِي ذَلِكَ.
وَلَيْسَ لِأَصْحَابِ النَّفْلِ أَنْ يَأْبَوْا ذَلِكَ عَلَيْهِ.
لِأَنَّ حَقَّهُمْ فِي النَّفْلِ كَحَقِّ الْغَانِمِينَ فِي الْغَنَائِمِ الْمُحْرَزَةِ.
وَلِلْإِمَامِ وِلَايَةُ الْمَنِّ هُنَاكَ فَكَذَلِكَ هُنَا.
1052 - إِلَّا أَنَّهُ يَنْبَغِي لَهُ أَنْ يَسْتَرْضِيَهُمْ بِأَنْ يُعْطِيَهُمْ عِوَضًا مِنْ مَحَلٍّ آخَرَ وَاسْتَدَلَّ عَلَيْهِ بِفِعْلِ عُمَرَ رَضِيَ اللَّهُ عَنْهُ فَإِنَّهُ حِينَ بَعَثَ النَّاسَ إِلَى الْعِرَاقِ قَالَ لِجَرِيرِ بْنِ عَبْدِ اللَّهِ الْبَجَلِيِّ:"
"اعلم أن شيخنا أبا الحسن الأشعري يذهب في الفقه ومسائل الفروع وأصول الفقه أيضا مذهب الشافعي ونص قوله في كتاب التفسير في باب إيجاب قراءة الفاتحة على المأموم: خلاف قول أبي حنيفة، والجهر بالبسملة: خلاف قول مالك، وفي إثبات آية البسملة في كل سورة آية منها قرآنا منزلا فيها، ولذلك قال في كتابه في أصول الفقه بموافقة أصوله. (1/8)
","اعْلَمْ أَنَّ شَيْخَنَا أَبَا الْحَسَنِ الْأَشْعَرِيَّ يَذْهَبُ فِي الْفِقْهِ وَمَسَائِلِ الْفُرُوعِ وَأُصُولِ الْفِقْهِ أَيْضًا مَذْهَبَ الشَّافِعِيِّ وَنَصُّ قَوْلِهِ فِي كِتَابِ التَّفْسِيرِ فِي بَابِ إِيجَابِ قِرَاءَةِ الْفَاتِحَةِ عَلَى الْمَأْمُومِ: خِلَافُ قَوْلِ أَبِي حَنِيفَةَ، وَالْجَهْرُ بِالْبَسْمَلَةِ: خِلَافُ قَوْلِ مَالِكٍ، وَفِي إِثْبَاتِ آيَةِ الْبَسْمَلَةِ فِي كُلِّ سُورَةٍ آيَةً مِنْهَا قُرْآنًا مُنَزَّلًا فِيهَا، وَلِذَلِكَ قَالَ فِي كِتَابِهِ فِي أُصُولِ الْفِقْهِ بِمُوَافَقَةِ أُصُولَهُ. (1/8)
",اعْلَمْ أَنَّ شَيْخَنَا أَبَا الْحَسَنِ الْأَشْعَرِيَّ يَذْهَبُ فِي الْفِقْهِ وَمَسَائِلِ الْفُرُوعِ وَأُصُولِ الْفِقْهِ أَيْضًا مَذْهَبَ الشَّافِعِيِّ وَنَصَّ قَوْلَهُ فِي كِتَابِ التَّفْسِيرِ فِي بَابِ إِيجَابِ قِرَاءَةِ الْفَاتِحَةِ عَلَى الْمَأْمُومِ: خِلَافُ قَوْلِ أَبِي حَنِيفَةَ، وَالْجَهْرُ بِالْبَسْمَلَةِ: خِلَافُ قَوْلِ مَالِكٍ، وَفِي إِثْبَاتِ آيَةِ الْبَسْمَلَةِ فِي كُلِّ سُورَةٍ آيَةٌ مِنْهَا قُرْآنًا مُنَزَّلًا فِيهَا، وَلِذَلِكَ قَالَ فِي كِتَابِهِ فِي أُصُولِ الْفِقْهِ بِمُوَافَقَةِ أُصُولِهِ. (1/8)
لأن صفته التي وصفه الله بها الأمر بالمعروف والنهي عن المنكر ومن ذلك قوله تعالى {الذين يتبعون الرسول النبي الأمي} إلى قوله {وينهاهم عن المنكر} فعقلنا بذلك بنهيه عن كسب من نهي عن كسبه في الحديث الذي روينا أنه الكسب المذموم لا الكسب المحمود فقال: ,لِأَنَّ صِفَتَهُ الَّتِي وَصَفَهُ اللَّهُ بِهَا الْأَمْرُ بِالْمَعْرُوفِ وَالنَّهْيُ عَنِ الْمُنْكَرِ وَمِنْ ذَلِكَ قَوْله تَعَالَى {الَّذِينَ يَتَّبِعُونَ الرَّسُولَ النَّبِيَّ الْأُمِّيَّ} إِلَى قَوْلِهِ {وَيَنْهَاهُمْ عَنِ الْمُنْكَرِ} فَعَقَلْنَا بِذَلِكَ بِنَهْيِهِ عَنْ كَسْبِ مَنْ نُهِيَ عَنْ كَسْبِهِ فِي الْحَدِيثِ الَّذِي رَوَيْنَا أَنَّهُ الْكَسْبُ الْمَذْمُومُ لَا الْكَسْبُ الْمَحْمُودُ فَقَالَ: ,لِأَنَّ صِفَتَهُ الَّتِي وَصَفَهُ اللَّهُ بِهَا الْأَمْرُ بِالْمَعْرُوفِ وَالنَّهْيُ عَنِ الْمُنْكَرِ وَمِنْ ذَلِكَ قَوْله تَعَالَى {الَّذِينَ يَتَّبِعُونَ الرَّسُولَ النَّبِيَّ الْأُمِّيَّ} إِلَى قَوْلِهِ {وَيَنْهَاهُمْ عَنِ الْمُنْكَرِ} فَعَقَلْنَا بِذَلِكَ بِنَهْيِهِ عَنْ كَسْبٍ مَنْ نُهِيَ عَنْ كَسْبِهِ فِي الْحَدِيثِ الَّذِي رَوَيْنَا أَنَّهُ الْكَسْبُ الْمَذْمُومُ لَا الْكَسْبُ الْمَحْمُودُ فَقَالَ:
"قال البلقيني وقوله: الأرجح يقتضي إثبات خلاف في السنابل بين أن يكون الزرع لصغير، أو نحوه ممن لا يعتبر إذنه وكذلك في صورة الماء على الوجه المذكور والذي ذكره في الماء هو قوله: وأما الشرب من الماء فإن كان يجري على وجه لا يحتفل به ملاكه ولا يمنعون منه أحدا وعادته المطردة.
","قَالَ الْبُلْقِينِيُّ وَقَوْلُهُ: الْأَرْجَحُ يَقْتَضِي إِثْبَاتَ خِلَافٍ فِي السَّنَابِلِ بَيْنَ أَنْ يَكُونَ الزَّرْعُ لِصَغِيرٍ، أَوْ نَحْوِهِ مِمَّنْ لَا يُعْتَبَرُ إِذْنُهُ وَكَذَلِكَ فِي صُورَةِ الْمَاءِ عَلَى الْوَجْهِ الْمَذْكُورِ وَالَّذِي ذَكَرَهُ فِي الْمَاءِ هُوَ قَوْلُهُ: وَأَمَّا الشُّرْبُ مِنَ الْمَاءِ فَإِنْ كَانَ يَجْرِي عَلَى وَجْهٍ لَا يَحْتَفِلُ بِهِ مُلَّاكُهُ وَلَا يَمْنَعُونَ مِنْهُ أَحَدًا وَعَادَتُهُ الْمُطَّرِدَةُ.
",قَالَ الْبُلْقِينِيُّ وَقَوْلُهُ: الْأَرْجَحُ يَقْتَضِي إِثْبَاتَ خِلَافٍ فِي السَّنَابِلِ بَيْنَ أَنْ يَكُونَ الزَّرْعُ لِصَغِيرٍ، أَوْ نَحْوِهِ مِمَّنْ لَا يُعْتَبَرُ إِذْنُهُ وَكَذَلِكَ فِي صُورَةِ الْمَاءِ عَلَى الْوَجْهِ الْمَذْكُورِ وَالَّذِي ذَكَرَهُ فِي الْمَاءِ هُوَ قَوْلُهُ: وَأَمَّا الشُّرْبُ مِنَ الْمَاءِ فَإِنْ كَانَ يَجْرِي عَلَى وَجْهٍ لَا يَحْتَفِلُ بِهِ مُلَّاكُهُ وَلَا يَمْنَعُونَ مِنْهُ أَحَدًا وَعَادَتُهُ الْمُطَّرِدَةُ.
"سواء المستوى والراجح وعند أهل الأصول التردد إن كان على السواء فشك وإلا فالراجح ظن والمرجوح وهم، والتصريح بالقلتين وبنحو مزيد على الحاوي.
الشرح
(1/279)
(قوله بإمكان مطلق إلخ) متعلق بقوله: إمكان طهر وقوله: بأنها لا تعب إلخ متعلق بقوله استشكل.
(قوله: وإلا عمل إلخ) بأن استند إلى سبب ظاهر.
(قوله: ","سَوَاءٌ الْمُسْتَوَى وَالرَّاجِحُ وَعِنْدَ أَهْلِ الْأُصُولِ التَّرَدُّدُ إِنْ كَانَ عَلَى السَّوَاءِ فَشَكٌّ وَإِلَّا فَالرَّاجِحُ ظَنٌّ وَالْمَرْجُوحُ وَهْمٌ، وَالتَّصْرِيحُ بِالْقُلَّتَيْنِ وَبِنَحْوِ مَزِيدٍ عَلَى الْحَاوِي.
الشَّرْحُ
(1/279)
(قَوْلُهُ بِإِمْكَانِ مُطْلَقِ إِلَخْ) مُتَعَلِّقٌ بِقَوْلِهِ: إِمْكَانُ طُهْرٍ وَقَوْلُهُ: بِأَنَّهَا لَا تَعُبُّ إِلَخْ مُتَعَلِّقٌ بِقَوْلِهِ اسْتُشْكِلَ.
(قَوْلُهُ: وَإِلَّا عَمِلَ إِلَخْ) بِأَنِ اسْتَنَدَ إِلَى سَبَبٍ ظَاهِرٍ.
(قَوْلُهُ: ","سَوَاءٌ الْمُسْتَوَى وَالرَّاجِحُ وَعِنْدَ أَهْلِ الْأُصُولِ التَّرَدُّدُ إِنْ كَانَ عَلَى السَّوَاءِ فَشَكٌّ وَإِلَّا فَالرَّاجِحُ ظَنٌّ وَالْمَرْجُوحُ وَهْمٌ، وَالتَّصْرِيحُ بِالْقُلَّتَيْنِ وَبِنَحْوِ مَزِيدٍ عَلَى الْحَاوِي.
الشَّرْحُ
(1/279)
(قَوْلُهُ بِإِمْكَانِ مُطْلَقٍ إِلَخْ) مُتَعَلِّقٌ بِقَوْلِهِ: إِمْكَانُ طُهْرٍ وَقَوْلُهُ: بِأَنَّهَا لَا تَعَبَ إِلَخْ مُتَعَلِّقٌ بِقَوْلِهِ اسْتَشْكَلَ.
(قَوْلُهُ: وَإِلَّا عَمِلَ إِلَخْ) بِأَنِ اسْتَنَدَ إِلَى سَبَبٍ ظَاهِرٍ.
(قَوْلُهُ:"
"قال حدثنا بهز حدثنا شعبة حدثنا النعمان بن سالم عن رجل جده أوس بن أبي أوس كان يصلي ويومئ إلى نعليه وهو في الصلاة فيأخذهما فينتعلهما ويصلي فيهما ويقول كان رسول الله صلى الله عليه وسلم يصلي في نعليه (26/91)
16170 - ","قَالَ حَدَّثَنَا بَهْزٌ حَدَّثَنَا شُعْبَةُ حَدَّثَنَا النُّعْمَانُ بْنُ سَالِمٍ عَنْ رَجُلٍ جَدُّهُ أَوْسُ بْنُ أَبِي أَوْسٍ كَانَ يُصَلِّي وَيُومِئُ إِلَى نَعْلَيْهِ وَهُوَ فِي الصَّلَاةِ فَيَأْخُذُهُمَا فَيَنْتَعِلُهُمَا وَيُصَلِّي فِيهِمَا وَيَقُولُ كَانَ رَسُولُ اللَّهِ صَلَّى اللَّهُ عَلَيْهِ وَسَلَّمَ يُصَلِّي فِي نَعْلَيْهِ (26/91)
16170 - ","قَالَ حَدَّثَنَا بَهْزٌ حَدَّثَنَا شُعْبَةُ حَدَّثَنَا النُّعْمَانُ بْنُ سَالِمٍ عَنْ رَجُلٍ جَدُّهُ أَوْسُ بْنُ أَبِي أَوْسٍ كَانَ يُصَلِّي وَيُومِئُ إِلَى نَعْلَيْهِ وَهُوَ فِي الصَّلَاةِ فَيَأْخُذُهُمَا فَيَنْتَعِلُهُمَا وَيُصَلِّي فِيهِمَا وَيَقُولُ كَانَ رَسُولُ اللَّهِ صَلَّى اللَّهُ عَلَيْهِ وَسَلَّمَ يُصَلِّي فِي نَعْلَيْهِ (26/91)
16170 -"
"ثم سكن المستأجر شهرا بعد ذلك فما لزم المستأجر لزم تركة الكفيل ولا تبطل الكفالة بالموت كما لا تبطل كفالة الدرك بخلاف النفس كذا في خزانة المفتين. (24/10)
وليس للكفيل بالأجر أن يأخذ المستأجر قبل أن يؤدي فإذا أدى الكفيل كان له أن يرجع بذلك على المستأجر إن كانت الكفالة بأمره. (24/11)
","ثُمَّ سَكَنَ الْمُسْتَأْجِرُ شَهْرًا بَعْدَ ذَلِكَ فَمَا لَزِمَ الْمُسْتَأْجِرَ لَزِمَ تَرِكَةَ الْكَفِيلِ وَلَا تَبْطُلُ الْكَفَالَةُ بِالْمَوْتِ كَمَا لَا تَبْطُلُ كَفَالَةُ الدَّرَكِ بِخِلَافِ النَّفْسِ كَذَا فِي خِزَانَةِ الْمُفْتِينَ. (24/10)
وَلَيْسَ لِلْكَفِيلِ بِالْأَجْرِ أَنْ يَأْخُذَ الْمُسْتَأْجِرَ قَبْلَ أَنْ يُؤَدِّيَ فَإِذَا أَدَّى الْكَفِيلُ كَانَ لَهُ أَنْ يَرْجِعَ بِذَلِكَ عَلَى الْمُسْتَأْجِرِ إِنْ كَانَتِ الْكَفَالَةُ بِأَمْرِهِ. (24/11)
","ثُمَّ سَكَنَ الْمُسْتَأْجِرُ شَهْرًا بَعْدَ ذَلِكَ فَمَا لَزِمَ الْمُسْتَأْجِرَ لَزِمَ تَرِكَةَ الْكَفِيلِ وَلَا تَبْطُلُ الْكَفَالَةُ بِالْمَوْتِ كَمَا لَا تَبْطُلُ كَفَالَةُ الدَّرَكِ بِخِلَافِ النَّفْسِ كَذَا فِي خِزَانَةِ الْمُفْتِينَ. (24/10)
وَلَيْسَ لِلْكَفِيلِ بِالْأَجْرِ أَنْ يَأْخُذَ الْمُسْتَأْجِرَ قَبْلَ أَنْ يُؤَدِّيَ فَإِذَا أَدَّى الْكَفِيلُ كَانَ لَهُ أَنْ يَرْجِعَ بِذَلِكَ عَلَى الْمُسْتَأْجِرِ إِنْ كَانَتِ الْكَفَالَةُ بِأَمْرِهِ. (24/11)"
مواظبة النبي صلى الله عليه وسلم فإنه روي عن عائشة وأبي هريرة رضي الله عنهما أنهما قالا: {كان رسول الله صلى الله عليه وسلم يعتكف العشر الأواخر من شهر رمضان حتى توفاه الله تعالى} ,مُوَاظَبَةُ النَّبِيِّ صَلَّى اللَّهُ عَلَيْهِ وَسَلَّمَ فَإِنَّهُ رُوِيَ عَنْ عَائِشَةَ وَأَبِي هُرَيْرَةَ رَضِيَ اللَّهُ عَنْهُمَا أَنَّهُمَا قَالَا: {كَانَ رَسُولُ اللَّهِ صَلَّى اللَّهُ عَلَيْهِ وَسَلَّمَ يَعْتَكِفُ الْعَشْرَ الْأَوَاخِرَ مِنْ شَهْرِ رَمَضَانَ حَتَّى تَوَفَّاهُ اللَّهُ تَعَالَى} ,مُوَاظَبَةُ النَّبِيِّ صَلَّى اللَّهُ عَلَيْهِ وَسَلَّمَ فَإِنَّهُ رُوِيَ عَنْ عَائِشَةَ وَأَبِي هُرَيْرَةَ رَضِيَ اللَّهُ عَنْهُمَا أَنَّهُمَا قَالَا: {كَانَ رَسُولُ اللَّهِ صَلَّى اللَّهُ عَلَيْهِ وَسَلَّمَ يَعْتَكِفُ الْعَشْرَ الْأَوَاخِرَ مِنْ شَهْرِ رَمَضَانَ حَتَّى تَوَفَّاهُ اللَّهُ تَعَالَى}
"وقيل: لا يستحب التأخير في حق من لم يضح بحر.
مطلب لا يلزم من ترك المستحب ثبوت الكراهة إذ لا بد لها من دليل خاص (قوله لم يكره) قال في البحر: وهو مستحب ولا يلزم من ترك المستحب ثبوت الكراهة، إذ لا بد لها من دليل خاص.
ا ه.
(قوله أي تحريما) ","وَقِيلَ: لَا يُسْتَحَبُّ التَّأْخِيرُ فِي حَقِّ مَنْ لَمْ يُضَحِّ بَحْرٌ.
مَطْلَبٌ لَا يَلْزَمُ مِنْ تَرْكِ الْمُسْتَحَبِّ ثُبُوتُ الْكَرَاهَةِ إِذْ لَا بُدَّ لَهَا مِنْ دَلِيلٍ خَاصٍّ (قَوْلُهُ لَمْ يُكْرَهْ) قَالَ فِي الْبَحْرِ: وَهُوَ مُسْتَحَبٌّ وَلَا يَلْزَمُ مِنْ تَرْكِ الْمُسْتَحَبِّ ثُبُوتُ الْكَرَاهَةِ، إِذْ لَا بُدَّ لَهَا مِنْ دَلِيلٍ خَاصٍّ.
ا ه.
(قَوْلُهُ أَيْ تَحْرِيمًا) ","وَقِيلَ: لَا يُسْتَحَبُّ التَّأْخِيرُ فِي حَقِّ مَنْ لَمْ يُضَحِّ بَحْرٌ.
مَطْلَبٌ لَا يَلْزَمُ مِنْ تَرْكِ الْمُسْتَحَبِّ ثُبُوتُ الْكَرَاهَةِ إِذْ لَا بُدَّ لَهَا مِنْ دَلِيلٍ خَاصٍّ (قَوْلُهُ لَمْ يُكْرَهْ) قَالَ فِي الْبَحْرِ: وَهُوَ مُسْتَحَبٌّ وَلَا يَلْزَمُ مِنْ تَرْكِ الْمُسْتَحَبِّ ثُبُوتُ الْكَرَاهَةِ، إِذْ لَا بُدَّ لَهَا مِنْ دَلِيلٍ خَاصٍّ.
ا ه.
(قَوْلُهُ أَيْ تَحْرِيمًا)"
"ظاهر.
وقوله (لأن السبب قد تقرر ولا مانع) وكل ما تقرر مقتضيه وانتفى مانعه تحقق لا محالة (بخلاف حالة الصلاة) فإن المانع موجود (لأن يؤدي إلى خلاف موضع الإمامة) إن سجد التالي أولا وتابعه الإمام لانقلاب المتبوع تابعا والتابع متبوعا (أو التلاوة) إن سجد الإمام أولا وتابعه التالي فإن التالي إمام السامع فيجب أن يتقدم سجود التالي.
","ظَاهِرٌ.
وَقَوْلُهُ (لِأَنَّ السَّبَبَ قَدْ تَقَرَّرَ وَلَا مَانِعَ) وَكُلُّ مَا تَقَرَّرَ مُقْتَضِيهِ وَانْتَفَى مَانِعُهُ تَحَقَّقَ لَا مَحَالَةَ (بِخِلَافِ حَالَةِ الصَّلَاةِ) فَإِنَّ الْمَانِعَ مَوْجُودٌ (لَأَنْ يُؤَدِّيَ إِلَى خِلَافِ مَوْضِعِ الْإِمَامَةِ) إِنْ سَجَدَ التَّالِي أَوَّلًا وَتَابَعَهُ الْإِمَامُ لِانْقِلَابِ الْمَتْبُوعِ تَابِعًا وَالتَّابِعِ مَتْبُوعًا (أَوِ التِّلَاوَةِ) إِنْ سَجَدَ الْإِمَامُ أَوَّلًا وَتَابَعَهُ التَّالِي فَإِنَّ التَّالِيَ إِمَامُ السَّامِعِ فَيَجِبُ أَنْ يَتَقَدَّمَ سُجُودُ التَّالِي.
","ظَاهِرٌ.
وَقَوْلُهُ (لِأَنَّ السَّبَبَ قَدْ تَقَرَّرَ وَلَا مَانِعَ) وَكُلُّ مَا تَقَرَّرَ مُقْتَضِيهِ وَانْتَفَى مَانِعُهُ تَحَقَّقَ لَا مَحَالَةَ (بِخِلَافِ حَالَةِ الصَّلَاةِ) فَإِنَّ الْمَانِعَ مَوْجُودٌ (لَأَنْ يُؤَدِّيَ إِلَى خِلَافِ مَوْضِعِ الْإِمَامَةِ) إِنْ سَجَدَ التَّالِي أَوَّلًا وَتَابَعَهُ الْإِمَامُ لِانْقِلَابِ الْمَتْبُوعِ تَابِعًا وَالتَّابِعِ مَتْبُوعًا (أَوِ التِّلَاوَةِ) إِنْ سَجَدَ الْإِمَامُ أَوَّلًا وَتَابَعَهُ التَّالِي فَإِنَّ التَّالِيَ إِمَامُ السَّامِعِ فَيَجِبُ أَنْ يَتَقَدَّمَ سُجُودُ التَّالِي."
"وقد عقل في (1/117)
الأصل، وهو الخارج من السبيلين أن زوال الطهارة عنده، وهو الحكم إنما هو بسبب أنه نجس خارج من البدن إذا لم يظهر لكونه من خصوص السبيلين تأثير، وقد وجد في الخارج من غيرهما وفيه المناط فيتعدى الحكم إليه، ","وَقَدْ عُقِلَ فِي (1/117)
الْأَصْلِ، وَهُوَ الْخَارِجُ مِنَ السَّبِيلَيْنِ أَنَّ زَوَالَ الطَّهَارَةِ عِنْدَهُ، وَهُوَ الْحُكْمُ إِنَّمَا هُوَ بِسَبَبِ أَنَّهُ نَجَسٌ خَارِجٌ مِنَ الْبَدَنِ إِذَا لَمْ يَظْهَرُ لِكَوْنِهِ مِنْ خُصُوصِ السَّبِيلَيْنِ تَأْثِيرٌ، وَقَدْ وُجِدَ فِي الْخَارِجِ مِنْ غَيْرِهِمَا وَفِيهِ الْمَنَاطُ فَيَتَعَدَّى الْحُكْمُ إِلَيْهِ، ","وَقَدْ عَقَلَ فِي (1/117)
الْأَصْلِ، وَهُوَ الْخَارِجُ مِنَ السَّبِيلَيْنِ أَنَّ زَوَالَ الطَّهَارَةِ عِنْدَهُ، وَهُوَ الْحُكْمُ إِنَّمَا هُوَ بِسَبَبِ أَنَّهُ نَجِسٌ خَارِجٌ مِنَ الْبَدَنِ إِذَا لَمْ يَظْهَرْ لِكَوْنِهِ مِنْ خُصُوصِ السَّبِيلَيْنِ تَأْثِيرٌ، وَقَدْ وُجِدَ فِي الْخَارِجِ مِنْ غَيْرِهِمَا وَفِيهِ الْمَنَاطُ فَيَتَعَدَّى الْحُكْمُ إِلَيْهِ،"
القسم (الثاني) من أقسام اللقطة، وهو الذي لا يجوز التقاطه، ولا يملك بتعريفه (الضوال) - جمع ضال - اسم للحيوان خاصة، وتقدم، (التي تمتنع من صغار السباع كثعلب وذئب) وابن آوى وأسد صغير، وامتناعها إما بكبر جثتها (كإبل وبقر وخيل وبغال) ، وإما؛ لسرعة عدوها (كحمر وظباء) ، وإما لطير (كطير ممتنع) بطيرانه (و) ,الْقِسْمُ (الثَّانِي) مِنْ أَقْسَامِ اللُّقَطَةِ، وَهُوَ الَّذِي لَا يَجُوزُ الْتِقَاطُهُ، وَلَا يُمْلَكُ بِتَعْرِيفِهِ (الضَّوَالُّ) - جَمْعُ ضَالٍّ - اسْمٌ لِلْحَيَوَانِ خَاصَّةً، وَتَقَدَّمَ، (الَّتِي تَمْتَنِعُ مِنْ صِغَارِ السِّبَاعِ كَثَعْلَبٍ وَذِئْبٍ) وَابْنِ آوَى وَأَسَدٍ صَغِيرٍ، وَامْتِنَاعُهَا إِمَّا بِكِبَرِ جُثَّتِهَا (كَإِبِلٍ وَبَقَرٍ وَخَيْلٍ وَبِغَالٍ) ، وَإِمَّا؛ لِسُرْعَةِ عَدْوِهَا (كَحُمُرٍ وَظِبَاءٍ) ، وَإِمَّا لِطَيْرٍ (كَطَيْرٍ مُمْتَنِعٍ) بِطَيَرَانِهِ (وَ) ,الْقِسْمُ (الثَّانِي) مِنْ أَقْسَامِ اللُّقَطَةِ، وَهُوَ الَّذِي لَا يَجُوزُ الْتِقَاطُهُ، وَلَا يُمْلَكُ بِتَعْرِيفِهِ (الضَّوَالُّ) - جَمْعُ ضَالٍّ - اسْمٌ لِلْحَيَوَانِ خَاصَّةً، وَتَقَدَّمَ، (الَّتِي تَمْتَنِعُ مِنْ صِغَارِ السِّبَاعِ كَثَعْلَبٍ وَذِئْبٍ) وَابْنِ آوَى وَأَسَدٍ صَغِيرٍ، وَامْتِنَاعُهَا إِمَّا بِكِبَرِ جُثَّتِهَا (كَإِبِلٍ وَبَقَرٍ وَخَيْلٍ وَبِغَالٍ) ، وَإِمَّا؛ لِسُرْعَةِ عَدْوِهَا (كَحُمُرٍ وَظِبَاءٍ) ، وَإِمَّا لِطَيْرٍ (كَطَيْرٍ مُمْتَنِعٍ) بِطَيَرَانِهِ (وَ)
لأنهما نفل فسومح فيهما وإن أذهب الإيماء أظهر أركانهما من تمكين الجبهة بخلاف الجنازة وجوازهما للماشي المسافر لا خلاف فيه لفوات تعليل المقابل الذي أشرت لرده بقولي وإن أذهب الإيماء إلى آخره (فإن سجد) متمكنا في مرقد أو (لتلاوة صلاة جاز عليها) بالإيماء (قطعا) تبعا للنافلة ولا يأتي هذا في سجدة الشكر لما مر أنها لا تدخل الصلاة (تنبيه) ,لِأَنَّهُمَا نَفْلٌ فَسُومِحَ فِيهِمَا وَإِنْ أَذْهَبَ الْإِيمَاءُ أَظْهَرَ أَرْكَانِهِمَا مِنْ تَمْكِينِ الْجَبْهَةِ بِخِلَافِ الْجِنَازَةِ وَجَوَازُهُمَا لِلْمَاشِي الْمُسَافِرِ لَا خِلَافَ فِيهِ لِفَوَاتِ تَعْلِيلِ الْمُقَابِلِ الَّذِي أَشَرْتُ لِرَدِّهِ بِقَوْلِي وَإِنْ أَذْهَبَ الْإِيمَاءَ إِلَى آخِرِهِ (فَإِنْ سَجَدَ) مُتَمَكِّنًا فِي مَرْقَدٍ أَوْ (لِتِلَاوَةِ صَلَاةٍ جَازَ عَلَيْهَا) بِالْإِيمَاءِ (قَطْعًا) تَبَعًا لِلنَّافِلَةِ وَلَا يَأْتِي هَذَا فِي سَجْدَةِ الشُّكْرِ لِمَا مَرَّ أَنَّهَا لَا تَدْخُلُ الصَّلَاةَ (تَنْبِيهٌ) ,لِأَنَّهُمَا نَفْلٌ فَسُومِحَ فِيهِمَا وَإِنْ أَذْهَبَ الْإِيمَاءُ أَظْهَرَ أَرْكَانَهُمَا مِنْ تَمْكِينِ الْجَبْهَةِ بِخِلَافِ الْجِنَازَةِ وَجَوَازِهِمَا لِلْمَاشِي الْمُسَافِرِ لَا خِلَافَ فِيهِ لِفَوَاتِ تَعْلِيلِ الْمُقَابِلِ الَّذِي أَشَرْت لِرَدِّهِ بِقَوْلِي وَإِنْ أَذْهَبَ الْإِيمَاءُ إِلَى آخِرِهِ (فَإِنْ سَجَدَ) مُتَمَكِّنًا فِي مَرْقَدٍ أَوْ (لِتِلَاوَةِ صَلَاةٍ جَازَ عَلَيْهَا) بِالْإِيمَاءِ (قَطْعًا) تَبَعًا لِلنَّافِلَةِ وَلَا يَأْتِي هَذَا فِي سَجْدَةِ الشُّكْرِ لِمَا مَرَّ أَنَّهَا لَا تَدْخُلُ الصَّلَاةَ (تَنْبِيهٌ)
وقال تعالى في سورة المنافقون: (وأنفقوا من ما رزقناكم من قبل أن يأتي أحدكم الموت فيقول رب لولا أخرتني إلى أجل قريب فأصدق وأكن من الصالحين (10) ولن يؤخر الله نفسا إذا جاء أجلها والله خبير بما تعملون (11) . وقال تعالى في سورة الفجر: (وجيء يومئذ بجهنم يومئذ يتذكر الإنسان وأنى له الذكرى (23) ,وَقَالَ تَعَالَى فِي سُورَةِ الْمُنَافِقُونَ: (وَأَنْفِقُوا مِنْ مَا رَزَقْنَاكُمْ مِنْ قَبْلِ أَنْ يَأْتِيَ أَحَدَكُمُ الْمَوْتُ فَيَقُولَ رَبِّ لَوْلَا أَخَّرْتَنِي إِلَى أَجَلٍ قَرِيبٍ فَأَصَّدَّقَ وَأَكُنْ مِنَ الصَّالِحِينَ (10) وَلَنْ يُؤَخِّرَ اللَّهُ نَفْسًا إِذَا جَاءَ أَجَلُهَا وَاللَّهُ خَبِيرٌ بِمَا تَعْمَلُونَ (11) . وَقَالَ تَعَالَى فِي سُورَةِ الْفَجْرِ: (وَجِيءَ يَوْمَئِذٍ بِجَهَنَّمَ يَوْمَئِذٍ يَتَذَكَّرُ الْإِنْسَانُ وَأَنَّى لَهُ الذِّكْرَى (23) ,وَقَالَ تَعَالَى فِي سُورَةِ الْمُنَافِقُونَ: (وَأَنْفِقُوا مِنْ مَا رَزَقْنَاكُمْ مِنْ قَبْلِ أَنْ يَأْتِيَ أَحَدَكُمُ الْمَوْتُ فَيَقُولَ رَبِّ لَوْلَا أَخَّرْتَنِي إِلَى أَجَلٍ قَرِيبٍ فَأَصَّدَّقَ وَأَكُنْ مِنَ الصَّالِحِينَ (10) وَلَنْ يُؤَخِّرَ اللَّهُ نَفْسًا إِذَا جَاءَ أَجَلُهَا وَاللَّهُ خَبِيرٌ بِمَا تَعْمَلُونَ (11) . وَقَالَ تَعَالَى فِي سُورَةِ الْفَجْرِ: (وَجِيءَ يَوْمَئِذٍ بِجَهَنَّمَ يَوْمَئِذٍ يَتَذَكَّرُ الْإِنْسَانُ وَأَنَّى لَهُ الذِّكْرَى (23)
"لأنه في القحط أقام ماله مقام المطر وكان غياثا لقوله مثل ماء السماء للأرض وكانت أم المنذر بنت امرئ القيس أيضا (13/139)
ماء السماء لجمالها وحسنها، وإنما سمى عمرو ولده مزيقيا؛ لأنه كان يمزق كل يوم حلتين يلبسهما ويكره أن يعود فيهما ويكره أن يلبسهما غيره ا ه.
","لِأَنَّهُ فِي الْقَحْطِ أَقَامَ مَالَهُ مَقَامَ الْمَطَرِ وَكَانَ غِيَاثًا لِقَوْلِهِ مِثْلُ مَاءِ السَّمَاءِ لِلْأَرْضِ وَكَانَتْ أُمُّ الْمُنْذِرِ بِنْتَ امْرِئِ الْقَيْسِ أَيْضًا (13/139)
مَاءَ السَّمَاءِ لِجَمَالِهَا وَحُسْنِهَا، وَإِنَّمَا سَمَّى عَمْرٌو وَلَدَهُ مَزِيقِيًّا؛ لِأَنَّهُ كَانَ يُمَزِّقُ كُلَّ يَوْمٍ حُلَّتَيْنِ يَلْبِسُهُمَا وَيَكْرَهُ أَنْ يَعُودَ فِيهِمَا وَيَكْرَهُ أَنْ يَلْبَسَهُمَا غَيْرُهُ ا ه.
","لِأَنَّهُ فِي الْقَحْطِ أَقَامَ مَالَهُ مَقَامَ الْمَطَرِ وَكَانَ غِيَاثًا لِقَوْلِهِ مِثْلُ مَاءِ السَّمَاءِ لِلْأَرْضِ وَكَانَتْ أُمُّ الْمُنْذِرِ بِنْتُ امْرِئِ الْقَيْسِ أَيْضًا (13/139)
مَاءَ السَّمَاءِ لِجَمَالِهَا وَحُسْنِهَا، وَإِنَّمَا سَمَّى عَمْرٌو وَلَدَهُ مُزَيْقِيًّا؛ لِأَنَّهُ كَانَ يُمَزِّقُ كُلَّ يَوْمٍ حُلَّتَيْنِ يَلْبَسُهُمَا وَيَكْرَهُ أَنْ يَعُودَ فِيهِمَا وَيَكْرَهُ أَنْ يَلْبَسَهُمَا غَيْرُهُ ا ه."
"ويجب عليه تحصيل آلات الاستقاء كدلو ورشاء عند حاجته إليها إذا وجدها تباع بثمن مثلها أو تؤجر بأجرة مثلها (إلا أن يحتاج إليه) أي الثمن (لدين) ولو مؤجلا.
نعم يشترط أن يكون حلوله قبل وصوله إلى وطنه أو بعده، ولا مال له فيه وإلا وجب شراؤه فيما يظهر أخذا من مسألة النسيئة السابقة، ","وَيَجِبُ عَلَيْهِ تَحْصِيلُ آلَاتِ الِاسْتِقَاءِ كَدَلْوٍ وَرِشَاءٍ عِنْدَ حَاجَتِهِ إِلَيْهَا إِذَا وَجَدَهَا تُبَاعُ بِثَمَنِ مِثْلِهَا أَوْ تُؤَجَّرُ بِأُجْرَةِ مِثْلِهَا (إِلَّا أَنْ يَحْتَاجَ إِلَيْهِ) أَيِ الثَّمَنَ (لِدَيْنٍ) وَلَوْ مُؤَجَّلًا.
نَعَمْ يُشْتَرَطُ أَنْ يَكُونَ حُلُولُهُ قَبْلَ وُصُولِهِ إِلَى وَطَنِهِ أَوْ بَعْدَهُ، وَلَا مَالَ لَهُ فِيهِ وَإِلَّا وَجَبَ شِرَاؤُهُ فِيمَا يَظْهَرُ أَخْذًا مِنْ مَسْأَلَةِ النَّسِيئَةِ السَّابِقَةِ، ","وَيَجِبُ عَلَيْهِ تَحْصِيلُ آلَاتِ الِاسْتِقَاءِ كَدَلْوٍ وَرِشَاءٍ عِنْدَ حَاجَتِهِ إِلَيْهَا إِذَا وَجَدَهَا تُبَاعُ بِثَمَنِ مِثْلِهَا أَوْ تُؤَجَّرُ بِأُجْرَةِ مِثْلِهَا (إِلَّا أَنْ يَحْتَاجَ إِلَيْهِ) أَيِ الثَّمَنِ (لِدَيْنٍ) وَلَوْ مُؤَجَّلًا.
نَعَمْ يُشْتَرَطُ أَنْ يَكُونَ حُلُولُهُ قَبْلَ وُصُولِهِ إِلَى وَطَنِهِ أَوْ بَعْدَهُ، وَلَا مَالَ لَهُ فِيهِ وَإِلَّا وَجَبَ شِرَاؤُهُ فِيمَا يَظْهَرُ أَخْذًا مِنْ مَسْأَلَةِ النَّسِيئَةِ السَّابِقَةِ،"
"وأقل صلاة الجماعة اثنان: الإمام وآخر معه. وإقامتها في المسجد أفضل.
ويشترط في الإمام أن يكون ذكرا، عالما بما لا تصح الصلاة إلا به، بالغا: فلا تصح إمامة الصبي في الفرض، وتصح إمامته في النفل. وتصح إمامة المرأة للنساء، وتقف وسطهن. أي يصح أن تكون المرأة إماما في صلاة النفل كالتراويح، ","وَأَقَلُّ صَلَاةِ الْجَمَاعَةِ اثْنَانِ: الْإِمَامُ وَآخَرُ مَعَهُ. وَإِقَامَتُهَا فِي الْمَسْجِدِ أَفْضَلُ.
وَيُشْتَرَطُ فِي الْإِمَامِ أَنْ يَكُونَ ذَكَرًا، عَالِمًا بِمَا لَا تَصِحُّ الصَّلَاةُ إِلَّا بِهِ، بَالِغًا: فَلَا تَصِحُّ إِمَامَةُ الصَّبِيِّ فِي الْفَرْضِ، وَتَصِحُّ إِمَامَتُهُ فِي النَّفْلِ. وَتَصِحُّ إِمَامَةُ الْمَرْأَةِ لِلنِّسَاءِ، وَتَقِفُ وَسَطَهُنَّ. أَيْ يَصِحُّ أَنْ تَكُونَ الْمَرْأَةُ إِمَامًا فِي صَلَاةِ النَّفْلِ كَالتَّرَاوِيحِ، ","وَأَقَلُّ صَلَاةِ الْجَمَاعَةِ اثْنَانِ: الْإِمَامُ وَآخَرُ مَعَهُ. وَإِقَامَتُهَا فِي الْمَسْجِدِ أَفْضَلُ.
وَيُشْتَرَطُ فِي الْإِمَامِ أَنْ يَكُونَ ذَكَرًا، عَالِمًا بِمَا لَا تَصِحُّ الصَّلَاةُ إِلَّا بِهِ، بَالِغًا: فَلَا تَصِحُّ إِمَامَةُ الصَّبِيِّ فِي الْفَرْضِ، وَتَصِحُّ إِمَامَتُهُ فِي النَّفْلِ. وَتَصِحُّ إِمَامَةُ الْمَرْأَةِ لِلنِّسَاءِ، وَتَقِفُ وَسَطَهُنَّ. أَيْ يَصِحُّ أَنْ تَكُونَ الْمَرْأَةُ إِمَامًا فِي صَلَاةِ النَّفْلِ كَالتَّرَاوِيحِ،"
"وسعيد بن الحارث بن قيس بن عدي بن سعد بن سهم؛ والسائب بن الحارث بن قيس بن عدي بن سعد بن سهم؛ وعمير بن رئاب بن حذيفة بن مهشم بن سعد بن سهم. ومحمية بن الجزاء حليف لهم من بني زبيد، أربعة عشر رجلا. (1/327)
[من هاجر إلى الحبشة من بني عدي]
ومن بني عدي بن كعب: ","وَسَعِيدُ بْنُ الْحَارِثِ بْنِ قَيْسِ بْنِ عَدِيّ بْنِ سَعْدِ بْنِ سَهْمٍ؛ وَالسَّائِبُ بْنُ الْحَارِثِ بْنِ قَيْسِ بْنِ عَدِيّ بْنِ سَعْدِ بْنِ سَهْمٍ؛ وَعُمَيْرُ بْنُ رِئَابِ بْنِ حُذَيْفَةَ بْنِ مُهَشّمِ بْنِ سَعْدِ بْنِ سَهْمٍ. وَمَحْمِيّةُ بْنُ الْجَزَاءِ حَلِيفٌ لَهُمْ مِنْ بَنِي زُبَيْدٍ، أَرْبَعَةَ عَشَرَ رَجُلًا. (1/327)
[مَنْ هَاجَرَ إِلَى الْحَبَشَةِ مِنْ بَنِي عَدِيّ]
وَمِنْ بَنِي عَدِيّ بْنِ كَعْبٍ: ","وَسَعِيدُ بْنُ الْحَارِثِ بْنِ قَيْسِ بْنِ عَدِيّ بْنِ سَعْدِ بْنِ سَهْمٍ؛ وَالسَّائِبُ بْنُ الْحَارِثِ بْنِ قَيْسِ بْنِ عَدِيّ بْنِ سَعْدِ بْنِ سَهْمٍ؛ وَعُمَيْرُ بْنُ رِئَابِ بْنِ حُذَيْفَةَ بْنِ مُهَشَّمِ بْنِ سَعْدِ بْنِ سَهْمٍ. وَمَحْمِيَةُ بْنُ الْجَزَّاءِ حَلِيفٌ لَهُمْ مِنْ بَنِي زُبَيْدٍ، أَرْبَعَةَ عَشَرَ رَجُلًا. (1/327)
[مَنْ هَاجَرَ إِلَى الْحَبَشَةِ مِنْ بَنِي عَدِيّ]
وَمِنْ بَنِي عَدِيّ بْنِ كَعْبٍ:"
"ورواية ابن عيينة أحفظ. (2/273)
362 - باب من قال يقطع الصلاة إذا لم يكن بين يديه سترة المرأة والحمار والكلب الأسود. (2/316)
3621- أخبرنا أبو الحسين: محمد بن الحسين بن محمد بن الفضل القطان ببغداد أخبرنا أبو عمرو: عثمان بن أحمد بن السماك حدثنا أبو جعفر: ","وَرِوَايَةُ ابْنِ عُيَيْنَةَ أَحْفَظُ. (2/273)
362 - بَاب مَنْ قَالَ يَقْطَعُ الصَّلَاةَ إِذَا لَمْ يَكُنْ بَيْنَ يَدَيْهِ سُتْرَةٌ الْمَرْأَةُ وَالْحِمَارُ وَالْكَلْبُ الْأَسْوَدُ. (2/316)
3621- أَخْبَرَنَا أَبُو الْحُسَيْنِ: مُحَمَّدُ بْنُ الْحُسَيْنِ بْنِ مُحَمَّدِ بْنِ الْفَضْلِ الْقَطَّانُ بِبَغْدَادَ أَخْبَرَنَا أَبُو عَمْرٍو: عُثْمَانُ بْنُ أَحْمَدَ بْنِ السَّمَّاكِ حَدَّثَنَا أَبُو جَعْفَرٍ: ","وَرِوَايَةُ ابْنِ عُيَيْنَةَ أَحْفَظُ. (2/273)
362 - بَاب مَنْ قَالَ يَقْطَعُ الصَّلَاةَ إِذَا لَمْ يَكُنْ بَيْنَ يَدَيْهِ سُتْرَةُ الْمَرْأَةِ وَالْحِمَارِ وَالْكَلْبِ الْأَسْوَدِ. (2/316)
3621- أَخْبَرَنَا أَبُو الْحُسَيْنِ: مُحَمَّدُ بْنُ الْحُسَيْنِ بْنِ مُحَمَّدِ بْنِ الْفَضْلِ الْقَطَّانُ بِبَغْدَادَ أَخْبَرَنَا أَبُو عَمْرٍو: عُثْمَانُ بْنُ أَحْمَدَ بْنِ السَّمَّاكِ حَدَّثَنَا أَبُو جَعْفَرٍ:"
"وندب تسمية، وبدء بظاهر يمناه بيسراه إلى المرفق، ثم مسح الباطن لآخر الأصابع، ثم يسراه كذلك.
الشرح
(وندب) بضم فكسر (تسمية) بأن يقول: بسم الله وفي زيادة الرحمن الرحيم خلاف وسواك وصمت إلا عن ذكر الله تعالى واستقبال القبلة وفعله في موضع طاهر فعلا وشأنا لأنه عبادة مشتملة على ذكر الله تعالى وللتحرز من الوسوسة.
(","وَنُدِبَ تَسْمِيَةٌ، وَبَدْءٌ بِظَاهِرِ يُمْنَاهُ بِيُسْرَاهُ إِلَى الْمِرْفَقِ، ثُمَّ مَسْحُ الْبَاطِنِ لَآخِرِ الْأَصَابِعِ، ثُمَّ يُسْرَاهُ كَذَلِكَ.
الشَّرْحُ
(وَنُدِبَ) بِضَمٍّ فَكَسْرٍ (تَسْمِيَةٌ) بِأَنْ يَقُولَ: بِسْمِ اللَّهِ وَفِي زِيَادَةِ الرَّحْمَنِ الرَّحِيمِ خِلَافٌ وَسِوَاكٌ وَصَمْتٌ إِلَّا عَنْ ذِكْرِ اللَّهِ تَعَالَى وَاسْتِقْبَالِ الْقِبْلَةِ وَفِعْلِهِ فِي مَوْضِعٍ طَاهِرٍ فِعْلًا وَشَأْنًا لِأَنَّهُ عِبَادَةٌ مُشْتَمِلَةٌ عَلَى ذِكْرِ اللَّهِ تَعَالَى وَلِلتَّحَرُّزِ مِنَ الْوَسْوَسَةِ.
(","وَنُدِبَ تَسْمِيَةٌ، وَبَدْءٌ بِظَاهِرِ يُمْنَاهُ بِيُسْرَاهُ إِلَى الْمِرْفَقِ، ثُمَّ مَسْحُ الْبَاطِنِ لِآخِرِ الْأَصَابِعِ، ثُمَّ يُسْرَاهُ كَذَلِكَ.
الشَّرْحُ
(وَنُدِبَ) بِضَمٍّ فَكَسْرٍ (تَسْمِيَةٌ) بِأَنْ يَقُولَ: بِسْمِ اللَّهِ وَفِي زِيَادَةِ الرَّحْمَنِ الرَّحِيمِ خِلَافٌ وَسِوَاكٌ وَصَمْتٌ إِلَّا عَنْ ذِكْرِ اللَّهِ تَعَالَى وَاسْتِقْبَالِ الْقِبْلَةِ وَفِعْلِهِ فِي مَوْضِعٍ طَاهِرٍ فِعْلًا وَشَأْنًا لِأَنَّهُ عِبَادَةٌ مُشْتَمِلَةٌ عَلَى ذِكْرِ اللَّهِ تَعَالَى وَلِلتَّحَرُّزِ مِنَ الْوَسْوَسَةِ.
("
"ففي التوضيح إن لم يوجد من يشتريه إلا كاملا بيع جميعه.
واختلف فيما يبقى من ثمنه، فقال ابن حبيب يصنع به ما يشاء، وقيل يستحب جعله في عتق وإليه ذهب اللخمي. (20/183)
إلا أن يعلم ويطول.
الشرح
(20/184)
وللغريم الرد في كل حال (إلا أن يعلم) الغريم إعتاق مدينه ويسكت (ويطول) زمن سكوته، ","فَفِي التَّوْضِيحِ إِنْ لَمْ يُوجَدْ مَنْ يَشْتَرِيهِ إِلَّا كَامِلًا بِيعَ جَمِيعُهُ.
وَاخْتُلِفَ فِيمَا يَبْقَى مِنْ ثَمَنِهِ، فَقَالَ ابْنُ حَبِيبٍ يَصْنَعُ بِهِ مَا يَشَاءُ، وَقِيلَ يُسْتَحَبُّ جَعْلُهُ فِي عِتْقٍ وَإِلَيْهِ ذَهَبَ اللَّخْمِيُّ. (20/183)
إِلَّا أَنْ يَعْلَمَ وَيَطُولَ.
الشَّرْحُ
(20/184)
وَلِلْغَرِيمِ الرَّدُّ فِي كُلِّ حَالٍ (إِلَّا أَنْ يَعْلَمَ) الْغَرِيمُ إِعْتَاقَ مَدِينِهِ وَيَسْكُتَ (وَيَطُولَ) زَمَنُ سُكُوتِهِ، ","فَفِي التَّوْضِيحِ إِنْ لَمْ يُوجَدْ مَنْ يَشْتَرِيهِ إِلَّا كَامِلًا بِيعَ جَمِيعُهُ.
وَاخْتُلِفَ فِيمَا يَبْقَى مِنْ ثَمَنِهِ، فَقَالَ ابْنُ حَبِيبٍ يَصْنَعُ بِهِ مَا يَشَاءُ، وَقِيلَ يُسْتَحَبُّ جَعْلُهُ فِي عِتْقٍ وَإِلَيْهِ ذَهَبَ اللَّخْمِيُّ. (20/183)
إِلَّا أَنْ يَعْلَمَ وَيُطَوِّلَ.
الشَّرْحُ
(20/184)
وَلِلْغَرِيمِ الرَّدُّ فِي كُلِّ حَالٍ (إِلَّا أَنْ يَعْلَمَ) الْغَرِيمُ إِعْتَاقَ مَدِينِهِ وَيَسْكُتَ (وَيُطَوِّلَ) زَمَنَ سُكُوتِهِ،"
"قد يقتضي أنه إذا كان إجارة مؤبدة كما تقدم انفسخت بتلفه وذلك يخالف ما سيأتي من أن للمستأجر الإعادة إذا أعيد الجدار المنهدم فليتأمل.
","قَدْ يَقْتَضِي أَنَّهُ إِذَا كَانَ إِجَارَةٌ مُؤَبَّدَةٌ كَمَا تَقَدَّمَ انْفَسَخَتْ بِتَلَفِهِ وَذَلِكَ يُخَالِفُ مَا سَيَأْتِي مِنْ أَنَّ لِلْمُسْتَأْجِرِ الْإِعَادَةَ إِذَا أُعِيدَ الْجِدَارُ الْمُنْهَدِمُ فَلْيُتَأَمَّلْ.
",قَدْ يَقْتَضِي أَنَّهُ إِذَا كَانَ إِجَارَةً مُؤَبَّدَةً كَمَا تَقَدَّمَ انْفَسَخَتْ بِتَلَفِهِ وَذَلِكَ يُخَالِفُ مَا سَيَأْتِي مِنْ أَنَّ لِلْمُسْتَأْجِرِ الْإِعَادَةَ إِذَا أُعِيدَ الْجِدَارُ الْمُنْهَدِمُ فَلْيُتَأَمَّلْ.
"فقلت لمالك: ومن التي لا تكلف ذلك؟ فقال: المرأة ذات الشرف واليسار الكثير التي ليس مثلها ترضع وتعالج الصبيان، فأرى ذلك على أبيه وإن كان لها لبن.
قال: فقلنا له إن كانت الأم لا تقدر على لبن وهي ممن ترضع لو كان لها لبن لأنها ليست في الموضع الذي ذكرت في الشرف على من ترى رضاع الصبي؟ فقال: ","فَقُلْتُ لِمَالِكٍ: وَمَنِ الَّتِي لَا تُكَلَّفُ ذَلِكَ؟ فَقَالَ: الْمَرْأَةُ ذَاتُ الشَّرَفِ وَالْيَسَارِ الْكَثِيرِ الَّتِي لَيْسَ مِثْلُهَا تُرْضِعُ وَتُعَالِجُ الصِّبْيَانَ، فَأَرَى ذَلِكَ عَلَى أَبِيهِ وَإِنْ كَانَ لَهَا لَبَنٌ.
قَالَ: فَقُلْنَا لَهُ إِنْ كَانَتِ الْأُمُّ لَا تَقْدِرُ عَلَى لَبَنٍ وَهِيَ مِمَّنْ تُرْضِعُ لَوْ كَانَ لَهَا لَبَنٌ لِأَنَّهَا لَيْسَتْ فِي الْمَوْضِعِ الَّذِي ذَكَرْتَ فِي الشَّرَفِ عَلَى مَنْ تَرَى رَضَاعَ الصَّبِيِّ؟ فَقَالَ: ","فَقُلْتُ لِمَالِكٍ: وَمَنِ الَّتِي لَا تُكَلَّفُ ذَلِكَ؟ فَقَالَ: الْمَرْأَةُ ذَاتُ الشَّرَفِ وَالْيَسَارِ الْكَثِيرِ الَّتِي لَيْسَ مِثْلُهَا تُرْضِعُ وَتُعَالِجُ الصِّبْيَانَ، فَأَرَى ذَلِكَ عَلَى أَبِيهِ وَإِنْ كَانَ لَهَا لَبَنٌ.
قَالَ: فَقُلْنَا لَهُ إِنْ كَانَتِ الْأُمُّ لَا تَقْدِرُ عَلَى لَبَنٍ وَهِيَ مِمَّنْ تُرْضِعُ لَوْ كَانَ لَهَا لَبَنٌ لِأَنَّهَا لَيْسَتْ فِي الْمَوْضِعِ الَّذِي ذَكَرْتَ فِي الشَّرَفِ عَلَى مَنْ تَرَى رَضَاعَ الصَّبِيِّ؟ فَقَالَ:"
"وأما الفصول الثلاثة التي يشترط فيها شهادة العدلين ينبغي أن يشهدا عنده بلفظ الشهادة قال أستاذنا ظهير الدين في الأقضية وهذا اختيار الصدر الإمام الشهيد برهان الأئمة وفي مختصر القدوري إنما تجوز الشهادة بالتسامع إذا أخبره من يثق به فهذا يدل على أن لفظ الشهادة ليس بشرط ا ه.
","وَأَمَّا الْفُصُولُ الثَّلَاثَةُ الَّتِي يُشْتَرَطُ فِيهَا شَهَادَةُ الْعَدْلَيْنِ يَنْبَغِي أَنْ يَشْهَدَا عِنْدَهُ بِلَفْظِ الشَّهَادَةِ قَالَ أُسْتَاذُنَا ظَهِيرُ الدِّينِ فِي الْأَقْضِيَةِ وَهَذَا اخْتِيَارُ الصَّدْرِ الْإِمَامِ الشَّهِيدِ بُرْهَانِ الْأَئِمَّةِ وَفِي مُخْتَصَرِ الْقُدُورِيِّ إِنَّمَا تَجُوزُ الشَّهَادَةُ بِالتَّسَامُعِ إِذَا أَخْبَرَهُ مَنْ يَثِقُ بِهِ فَهَذَا يَدُلُّ عَلَى أَنَّ لَفْظَ الشَّهَادَةِ لَيْسَ بِشَرْطٍ ا ه.
",وَأَمَّا الْفُصُولُ الثَّلَاثَةُ الَّتِي يُشْتَرَطُ فِيهَا شَهَادَةُ الْعَدْلَيْنِ يَنْبَغِي أَنْ يَشْهَدَا عِنْدَهُ بِلَفْظِ الشَّهَادَةِ قَالَ أُسْتَاذُنَا ظَهِيرُ الدِّينِ فِي الْأَقْضِيَةِ وَهَذَا اخْتِيَارُ الصَّدْرِ الْإِمَامِ الشَّهِيدِ بُرْهَانِ الْأَئِمَّةِ وَفِي مُخْتَصَرِ الْقُدُورِيِّ إِنَّمَا تَجُوزُ الشَّهَادَةُ بِالتَّسَامُعِ إِذَا أَخْبَرَهُ مَنْ يَثِقُ بِهِ فَهَذَا يَدُلُّ عَلَى أَنَّ لَفْظَ الشَّهَادَةِ لَيْسَ بِشَرْطٍ ا ه.
"وذلك في ثلاث صور: كجد و (أخوين، أو) جد و (أربع أخوات) أو جد وأخ وأختين، وحيث استوى له الأمران؛ فسم له ما شئت منهما (فإن زادوا) ؛ أي: الإخوة على مثليه (تعين له الثلث) كجد و (ثلاثة (13/436)
إخوة، أو) جد و (خمس أخوات) فأكثر، ولا حصر لصوره (فإن كان معهم) ؛ ","وَذَلِكَ فِي ثَلَاثِ صُوَرٍ: كَجَدٍّ وَ (أَخَوَيْنِ، أَوْ) جَدٍّ وَ (أَرْبَعِ أَخَوَاتٍ) أَوْ جَدٍّ وَأَخٍ وَأُخْتَيْنِ، وَحَيْثُ اسْتَوَى لَهُ الْأَمْرَانِ؛ فَسَمِّ لَهُ مَا شِئْت مِنْهُمَا (فَإِنْ زَادُوا) ؛ أَيْ: الْإِخْوَةُ عَلَى مِثْلَيْهِ (تَعَيَّنَ لَهُ الثُّلُثُ) كَجَدٍّ وَ (ثَلَاثَةِ (13/436)
إِخْوَةٍ، أَوْ) جَدٍّ وَ (خَمْسِ أَخَوَاتٍ) فَأَكْثَرَ، وَلَا حَصْرَ لِصُوَرِهِ (فَإِنْ كَانَ مَعَهُمْ) ؛ ","وَذَلِكَ فِي ثَلَاثِ صُوَرٍ: كَجَدٍّ وَ (أَخَوَيْنِ، أَوْ) جَدٍّ وَ (أَرْبَعِ أَخَوَاتٍ) أَوْ جَدٍّ وَ أَخٍ وَأُخْتَيْنِ، وَحَيْثُ اسْتَوَى لَهُ الْأَمْرَانِ؛ فَسَمِّ لَهُ مَا شِئْتَ مِنْهُمَا (فَإِنْ زَادُوا) ؛ أَيْ: الْإِخْوَةُ عَلَى مِثْلَيْهِ (تَعَيَّنَ لَهُ الثُّلُثُ) كَجَدٍّ وَ (ثَلَاثَةِ (13/436)
إِخْوَةٍ، أَوْ) جَدٍّ وَ (خَمْسِ أَخَوَاتٍ) فَأَكْثَرَ، وَلَا حَصْرَ لِصُوَرِهِ (فَإِنْ كَانَ مَعَهُمْ) ؛"
"يجب (أربعة) كما قيل بوجوب ذلك العدد في حامليها لما في أقل منها مما قد يتولد منه الإزراء أو الضرر وفي المجموع عن الأصحاب لو صلى على الجنازة عدد زائد على المشروط وقعت صلاة الجميع فرض كفاية.
الشرح
(8/188)
(قوله: ويسقط فرضها بواحد) ","يَجِبُ (أَرْبَعَةٌ) كَمَا قِيلَ بِوُجُوبِ ذَلِكَ الْعَدَدِ فِي حَامِلِيهَا لِمَا فِي أَقَلَّ مِنْهَا مِمَّا قَدْ يَتَوَلَّدُ مِنْهُ الْإِزْرَاءُ أَوِ الضَّرَرُ وَفِي الْمَجْمُوعِ عَنِ الْأَصْحَابِ لَوْ صَلَّى عَلَى الْجِنَازَةِ عَدَدٌ زَائِدٌ عَلَى الْمَشْرُوطِ وَقَعَتْ صَلَاةُ الْجَمِيعِ فَرْضَ كِفَايَةٍ.
الشَّرْحُ
(8/188)
(قَوْلُهُ: وَيَسْقُطُ فَرْضُهَا بِوَاحِدٍ) ","يَجِبُ (أَرْبَعَةٌ) كَمَا قِيلَ بِوُجُوبِ ذَلِكَ الْعَدَدِ فِي حَامِلِيهَا لِمَا فِي أَقَلَّ مِنْهَا مِمَّا قَدْ يَتَوَلَّدُ مِنْهُ الْإِزْرَاءُ أَوِ الضَّرَرُ وَفِي الْمَجْمُوعِ عَنِ الْأَصْحَابِ لَوْ صَلَّى عَلَى الْجِنَازَةِ عَدَدٌ زَائِدٌ عَلَى الْمَشْرُوطِ وَقَعَتْ صَلَاةُ الْجَمِيعِ فَرْضَ كِفَايَةٍ.
الشَّرْحُ
(8/188)
(قَوْلُهُ: وَيَسْقُطُ فَرْضُهَا بِوَاحِدٍ)"
"وقوله: أو (7/124)
لمعينه الممنوع فيه أي الذي يتعين عليه فيه الخروج ويضطر إليه مما هو ممنوع في المسجد كالبول والجنابة إذا احتلم فيجب الخروج للغسل والمرض ونحوه حتى يزول المانع من المسجد، ويخرج لشراء طعامه الضروري ولا يبطل اعتكافه؛ ","وَقَوْلُهُ: أَوْ (7/124)
لِمُعَيَّنِهِ الْمَمْنُوعِ فِيهِ أَيِ الَّذِي يَتَعَيَّنُ عَلَيْهِ فِيهِ الْخُرُوجُ وَيَضْطَرُّ إِلَيْهِ مِمَّا هُوَ مَمْنُوعٌ فِي الْمَسْجِدِ كَالْبَوْلِ وَالْجَنَابَةِ إِذَا احْتَلَمَ فَيَجِبُ الْخُرُوجُ لِلْغُسْلِ وَالْمَرَضِ وَنَحْوِهِ حَتَّى يَزُولَ الْمَانِعُ مِنَ الْمَسْجِدِ، وَيَخْرُجُ لِشِرَاءِ طَعَامِهِ الضَّرُورِيِّ وَلَا يَبْطُلُ اعْتِكَافُهُ؛ ","وَقَوْلُهُ: أَوْ (7/124)
لِمُعَيَّنِهِ الْمَمْنُوعِ فِيهِ أَيِ الَّذِي يَتَعَيَّنُ عَلَيْهِ فِيهِ الْخُرُوجُ وَيُضْطَرُّ إِلَيْهِ مِمَّا هُوَ مَمْنُوعٌ فِي الْمَسْجِدِ كَالْبَوْلِ وَالْجَنَابَةِ إِذَا احْتَلَمَ فَيَجِبُ الْخُرُوجُ لِلْغُسْلِ وَالْمَرَضِ وَنَحْوِهِ حَتَّى يَزُولَ الْمَانِعُ مِنَ الْمَسْجِدِ، وَيَخْرُجُ لِشِرَاءِ طَعَامِهِ الضَّرُورِيِّ وَلَا يَبْطُلُ اعْتِكَافُهُ؛"
"وإن كانت مشتقة لكن لم يلحظ فيها المعنى بل غلب عليها الاسمية ا ه.
أما ما لم تغلب عليه الاسمية فداخل في قول المصنف سابقا لا مجرد السائمة على الأظهر وكاسم الجنس اسم الجمع كرهط وقوم (قوله: أي لا على عمرو) الأولى لا على غيره؛ لأنه لا وجه لتخصيص عمرو بالذكر وفي بعض النسخ لا على غيره (قوله: ","وَإِنْ كَانَتْ مُشْتَقَّةً لَكِنْ لَمْ يُلْحَظْ فِيهَا الْمَعْنَى بَلْ غَلَبَ عَلَيْهَا الِاسْمِيَّةُ ا ه.
أَمَّا مَا لَمْ تَغْلِبْ عَلَيْهِ الِاسْمِيَّةُ فَدَاخِلٌ فِي قَوْلِ الْمُصَنِّفِ سَابِقًا لَا مُجَرَّدِ السَّائِمَةِ عَلَى الْأَظْهَرِ وَكَاسْمِ الْجِنْسِ اسْمُ الْجَمْعِ كَرَهْطٍ وَقَوْمٍ (قَوْلُهُ: أَيْ لَا عَلَى عَمْرٍو) الْأَوْلَى لَا عَلَى غَيْرِهِ؛ لِأَنَّهُ لَا وَجْهَ لِتَخْصِيصِ عَمْرٍو بِالذِّكْرِ وَفِي بَعْضِ النُّسَخِ لَا عَلَى غَيْرِهِ (قَوْلُهُ: ","وَإِنْ كَانَتْ مُشْتَقَّةً لَكِنْ لَمْ يُلْحَظْ فِيهَا الْمَعْنَى بَلْ غَلَبَ عَلَيْهَا الِاسْمِيَّةُ ا ه.
أَمَّا مَا لَمْ تَغْلِبْ عَلَيْهِ الِاسْمِيَّةُ فَدَاخِلٌ فِي قَوْلِ الْمُصَنِّفِ سَابِقًا لَا مُجَرَّدُ السَّائِمَةِ عَلَى الْأَظْهَرِ وَكَاسْمِ الْجِنْسِ اسْمُ الْجَمْعِ كَرَهْطٍ وَقَوْمٍ (قَوْلُهُ: أَيْ لَا عَلَى عَمْرٍو) الْأَوْلَى لَا عَلَى غَيْرِهِ؛ لِأَنَّهُ لَا وَجْهَ لِتَخْصِيصِ عَمْرٍو بِالذِّكْرِ وَفِي بَعْضِ النُّسَخِ لَا عَلَى غَيْرِهِ (قَوْلُهُ:"
خلط الطعامين يفيتهما لعدم تمييز كل بخلاف خلط العرضين لتمييز كل عرض بعده (إن خلطا) ,خَلْطَ الطَّعَامَيْنِ يُفِيتُهُمَا لِعَدَمِ تَمْيِيزِ كُلٍّ بِخِلَافِ خَلْطِ الْعَرْضَيْنِ لِتَمْيِيزِ كُلِّ عَرْضٍ بَعْدَهُ (إِنْ خَلَطَا) ,خَلْطُ الطَّعَامَيْنِ يُفِيتُهُمَا لِعَدَمِ تَمْيِيزِ كُلٍّ بِخِلَافِ خَلْطِ الْعَرْضَيْنِ لِتَمْيِيزِ كُلِّ عَرْضٍ بَعْدَهُ (إِنْ خُلِطَا)
ثم نظر إلى الربع الباقي فعزل خمسه ثم جمع ما بقي منه إلى ما بقي من الثلاثة الأرباع، فجعل ذلك مع غنائم أهل العسكر يقسمها بينهم جميعا على قسمة الغنيمة وفي بعض النسخ يذكر: ,ثُمَّ نَظَرَ إِلَى الرُّبْعِ الْبَاقِي فَعَزَلَ خَمْسُهُ ثُمَّ جَمَعَ مَا بَقِيَ مِنْهُ إِلَى مَا بَقِيَ مِنَ الثَّلَاثَةِ الْأَرْبَاعِ، فَجَعَلَ ذَلِكَ مَعَ غَنَائِمِ أَهْلِ الْعَسْكَرِ يُقَسِّمُهَا بَيْنَهُمْ جَمِيعًا عَلَى قِسْمَةِ الْغَنِيمَةِ وَفِي بَعْضِ النُّسَخِ يَذْكُرُ: ,ثُمَّ نَظَرَ إِلَى الرُّبُعِ الْبَاقِي فَعَزَلَ خُمُسَهُ ثُمَّ جَمَعَ مَا بَقِيَ مِنْهُ إِلَى مَا بَقِيَ مِنَ الثَّلَاثَةِ الْأَرْبَاعِ، فَجَعَلَ ذَلِكَ مَعَ غَنَائِمِ أَهْلِ الْعَسْكَرِ يَقْسِمُهَا بَيْنَهُمْ جَمِيعًا عَلَى قِسْمَةِ الْغَنِيمَةِ وَفِي بَعْضِ النُّسَخِ يَذْكُرُ:
"ويشرب العليل منه قدر فنجان ثم يتعود على الباقي فإنه جيد لكل ورم سواء كان باردا أو حارا يفعل ذلك مرة أو مرتين أو ثلاثا، مجرب مرارا وحصل الشفاء به بعد مضي ثلاثين سنة.
وقولهم كضيق المنفذ أي إن كان بحيث لا يفضيها كل أحد، ","وَيَشْرَبُ الْعَلِيلُ مِنْهُ قَدْرَ فِنْجَانٍ ثُمَّ يَتَعَوَّدُ عَلَى الْبَاقِي فَإِنَّهُ جَيِّدٌ لِكُلِّ وَرَمٍ سَوَاءٌ كَانَ بَارِدًا أَوْ حَارًّا يَفْعَلُ ذَلِكَ مَرَّةً أَوْ مَرَّتَيْنِ أَوْ ثَلَاثًا، مُجَرَّبٌ مِرَارًا وَحَصَلَ الشِّفَاءُ بِهِ بَعْدَ مُضِيِّ ثَلَاثِينَ سَنَةٍ.
وَقَوْلُهُمْ كَضِيقِ الْمَنْفَذِ أَيْ إِنْ كَانَ بِحَيْثُ لَا يُفْضِيهَا كُلُّ أَحَدٍ، ","وَيَشْرَبُ الْعَلِيلُ مِنْهُ قَدْرَ فِنْجَانٍ ثُمَّ يَتَعَوَّدُ عَلَى الْبَاقِي فَإِنَّهُ جَيِّدٌ لِكُلِّ وَرَمٍ سَوَاءٌ كَانَ بَارِدًا أَوْ حَارًّا يَفْعَلُ ذَلِكَ مَرَّةً أَوْ مَرَّتَيْنِ أَوْ ثَلَاثًا، مُجَرَّبٌ مِرَارًا وَحَصَلَ الشِّفَاءُ بِهِ بَعْدَ مُضِيِّ ثَلَاثِينَ سَنَةً.
وَقَوْلُهُمْ كَضِيقِ الْمَنْفَذِ أَيْ إِنْ كَانَ بِحَيْثُ لَا يُفْضِيهَا كُلُّ أَحَدٍ،"
"لعله إذا لم يقصد الاستيلاء ليجامع ما تقدم إلا أن يقال: إن قصد الاستيلاء هنا لم يعتبر من حيث الضمان، وإن كان حراما لاجتماعه مع المالك بخلاف ما مر حرره.
قوله: (لينظر هل تصلح إلخ) أو ليتفرج عليها، لكن تلزمه أجرة مدة إقامته فيها كالبستان، ","لَعَلَّهُ إِذَا لَمْ يَقْصِدِ الِاسْتِيلَاءَ لِيُجَامِعَ مَا تَقَدَّمَ إِلَّا أَنْ يُقَالَ: إِنْ قَصَدَ الِاسْتِيلَاءَ هُنَا لَمْ يُعْتَبَرْ مِنْ حَيْثُ الضَّمَانُ، وَإِنْ كَانَ حَرَامًا لِاجْتِمَاعِهِ مَعَ الْمَالِكِ بِخِلَافِ مَا مَرَّ حَرِّرْهُ.
قَوْلُهُ: (لِيَنْظُرَ هَلْ تَصْلُحُ إِلَخْ) أَوْ لِيَتَفَرَّجَ عَلَيْهَا، لَكِنْ تَلْزَمُهُ أُجْرَةُ مُدَّةِ إِقَامَتِهِ فِيهَا كَالْبُسْتَانِ، ","لَعَلَّهُ إِذَا لَمْ يَقْصِدِ الِاسْتِيلَاءَ لِيُجَامِعَ مَا تَقَدَّمَ إِلَّا أَنْ يُقَالَ: إِنَّ قَصْدَ الِاسْتِيلَاءِ هُنَا لَمْ يُعْتَبَرْ مِنْ حَيْثُ الضَّمَانُ، وَإِنْ كَانَ حَرَامًا لِاجْتِمَاعِهِ مَعَ الْمَالِكِ بِخِلَافِ مَا مَرَّ حَرِّرْهُ.
قَوْلُهُ: (لِيَنْظُرَ هَلْ تَصْلُحُ إِلَخْ) أَوْ لِيَتَفَرَّجَ عَلَيْهَا، لَكِنْ تَلْزَمُهُ أُجْرَةُ مُدَّةِ إِقَامَتِهِ فِيهَا كَالْبُسْتَانِ،"
"وإن خالف عميرة في حواشي شرح البهجة فراجعه، وعبارته قوله: بحيث يتحرك ما في كل بتحرك الآخر تحركا عنيفا إلخ، هل يتعلق قوله عنيفا بقوله يتحرك، أو بقوله يتحرك الآخر، ويتجه اعتباره فيهما انتهى (قوله: دافع للنجاسة) أي لنجاسة ما وقعت فيه، (1/222)
وقوة هذا الكلام تقتضي بقاء الحفرة الثانية على طهارتها، ","وَإِنْ خَالَفَ عَمِيرَةُ فِي حَوَاشِي شَرْحِ الْبَهْجَةِ فَرَاجِعْهُ، وَعِبَارَتُهُ قَوْلُهُ: بِحَيْثُ يَتَحَرَّكُ مَا فِي كُلٍّ بِتَحَرُّكِ الْآخَرِ تَحَرُّكًا عَنِيفًا إِلَخْ، هَلْ يَتَعَلَّقُ قَوْلُهُ عَنِيفًا بِقَوْلِهِ يَتَحَرَّكُ، أَوْ بِقَوْلِهِ يَتَحَرَّكُ الْآخَرُ، وَيَتَّجِهُ اعْتِبَارُهُ فِيهِمَا انْتَهَى (قَوْلُهُ: دَافِعٌ لِلنَّجَاسَةِ) أَيْ لِنَجَاسَةِ مَا وَقَعَتْ فِيهِ، (1/222)
وَقُوَّةُ هَذَا الْكَلَامِ تَقْتَضِي بَقَاءَ الْحُفْرَةِ الثَّانِيَةِ عَلَى طَهَارَتِهَا، ","وَإِنْ خَالَفَ عَمِيرَةَ فِي حَوَاشِي شَرْحِ الْبَهْجَةِ فَرَاجِعْهُ، وَعِبَارَتُهُ قَوْلُهُ: بِحَيْثُ يَتَحَرَّكُ مَا فِي كُلٍّ بِتَحَرُّكِ الْآخَرِ تَحَرُّكًا عَنِيفًا إِلَخْ، هَلْ يَتَعَلَّقُ قَوْلُهُ عَنِيفًا بِقَوْلِهِ يَتَحَرَّكُ، أَوْ بِقَوْلِهِ يَتَحَرَّكُ الْآخَرُ، وَيَتَّجِهُ اعْتِبَارُهُ فِيهِمَا انْتَهَى (قَوْلُهُ: دَافِعٌ لِلنَّجَاسَةِ) أَيْ لِنَجَاسَةِ مَا وَقَعَتْ فِيهِ، (1/222)
وَقُوَّةُ هَذَا الْكَلَامِ تَقْتَضِي بَقَاءَ الْحُفْرَةِ الثَّانِيَةِ عَلَى طَهَارَتِهَا،"
"كذا في المحيط. (50/392)
(إذا كانت القسمة بين ورثة فيهم غائب) يكتب: ","كَذَا فِي الْمُحِيطِ. (50/392)
(إِذَا كَانَتِ الْقِسْمَةُ بَيْنَ وَرَثَةٍ فِيهِمْ غَائِبٌ) يَكْتُبُ: ","كَذَا فِي الْمُحِيطِ. (50/392)
(إِذَا كَانَتِ الْقِسْمَةُ بَيْنَ وَرَثَةٍ فِيهِمْ غَائِبٌ) يَكْتُبُ:"
"وأجاب غيره بأن مراد شرح المهذب بالعلم غلبة الظن نظير ما صرح به الرافعي من أن مرادهم بقولهم يقضي القاضي بعلمه غلبة الظن ويؤيده أيضا قول البيضاوي فإن ظن كل أن غيره لم يصل على الميت لزمته الصلاة عليه وإن ظن أنها فعلت سقطت فتعبير الرافعي في هذه بالعلم مراده به غلبة الظن كما بينته عبارة البيضاوي المذكورة ويؤيده أيضا قولهم يجوز الأكل وغيره من مال الصديق إن علم رضاه ثم بينوا أن الظن هنا كاف فعلم أنهم كثيرا ما يطلقون العلم ويريدون غلبة الظن والله أعلم بالصواب. (2/410)
(","وَأَجَابَ غَيْرُهُ بِأَنَّ مُرَادَ شَرْحِ الْمُهَذَّبِ بِالْعِلْمِ غَلَبَةُ الظَّنِّ نَظِيرُ مَا صَرَّحَ بِهِ الرَّافِعِيُّ مِنْ أَنَّ مُرَادَهُمْ بِقَوْلِهِمْ يَقْضِي الْقَاضِي بِعِلْمِهِ غَلَبَةُ الظَّنِّ وَيُؤَيِّدُهُ أَيْضًا قَوْلُ الْبَيْضَاوِيِّ فَإِنْ ظَنَّ كُلٌّ أَنَّ غَيْرَهُ لَمْ يُصَلِّ عَلَى الْمَيِّتِ لَزِمَتْهُ الصَّلَاةُ عَلَيْهِ وَإِنْ ظَنَّ أَنَّهَا فُعِلَتْ سَقَطَتْ فَتَعْبِيرُ الرَّافِعِيِّ فِي هَذِهِ بِالْعِلْمِ مُرَادُهُ بِهِ غَلَبَةُ الظَّنِّ كَمَا بَيَّنَتْهُ عِبَارَةُ الْبَيْضَاوِيِّ الْمَذْكُورَةُ وَيُؤَيِّدُهُ أَيْضًا قَوْلُهُمْ يَجُوزُ الْأَكْلُ وَغَيْرُهُ مِنْ مَالِ الصَّدِيقِ إِنْ عُلِمَ رِضَاهُ ثُمَّ بَيَّنُوا أَنَّ الظَّنَّ هُنَا كَافٍ فَعُلِمَ أَنَّهُمْ كَثِيرًا مَا يُطْلِقُونَ الْعِلْمَ وَيُرِيدُونَ غَلَبَةَ الظَّنِّ وَاللَّهُ أَعْلَمُ بِالصَّوَابِ. (2/410)
(","وَأَجَابَ غَيْرُهُ بِأَنَّ مُرَادَ شَرْحِ الْمُهَذَّبِ بِالْعِلْمِ غَلَبَةُ الظَّنِّ نَظِيرُ مَا صَرَّحَ بِهِ الرَّافِعِيُّ مِنْ أَنَّ مُرَادَهُمْ بِقَوْلِهِمْ يَقْضِي الْقَاضِي بِعِلْمِهِ غَلَبَةُ الظَّنِّ وَيُؤَيِّدُهُ أَيْضًا قَوْلُ الْبَيْضَاوِيِّ فَإِنْ ظَنَّ كُلٌّ أَنَّ غَيْرَهُ لَمْ يُصَلِّ عَلَى الْمَيِّتِ لَزِمَتْهُ الصَّلَاةُ عَلَيْهِ وَإِنْ ظَنَّ أَنَّهَا فُعِلَتْ سَقَطَتْ فَتَعْبِيرُ الرَّافِعِيِّ فِي هَذِهِ بِالْعِلْمِ مُرَادُهُ بِهِ غَلَبَةُ الظَّنِّ كَمَا بَيَّنَتْهُ عِبَارَةُ الْبَيْضَاوِيِّ الْمَذْكُورَةُ وَيُؤَيِّدُهُ أَيْضًا قَوْلُهُمْ يَجُوزُ الْأَكْلُ وَغَيْرُهُ مِنْ مَالِ الصَّدِيقِ إِنْ عَلِمَ رِضَاهُ ثُمَّ بَيَّنُوا أَنَّ الظَّنَّ هُنَا كَافٍ فَعُلِمَ أَنَّهُمْ كَثِيرًا مَا يُطْلِقُونَ الْعِلْمَ وَيُرِيدُونَ غَلَبَةَ الظَّنِّ وَاللَّهُ أَعْلَمُ بِالصَّوَابِ. (2/410)
("
"أنت من أهلي} .
ما قد حدثنا محمد بن الحجاج الحضرمي وسليمان الكيساني قالا حدثنا بشر بن بكر البجلي عن الأوزاعي أخبرني أبو عمار حدثني {","أَنْتِ مِنْ أَهْلِي} .
مَا قَدْ حَدَّثَنَا مُحَمَّدُ بْنُ الْحَجَّاجِ الْحَضْرَمِيُّ وَسُلَيْمَانُ الْكَيْسَانِيُّ قَالَا حَدَّثَنَا بِشْرُ بْنُ بَكْرٍ الْبَجَلِيُّ عَنِ الْأَوْزَاعِيِّ أَخْبَرَنِي أَبُو عَمَّارٍ حَدَّثَنِي {","أَنْتَ مِنْ أَهْلِي} .
مَا قَدْ حَدَّثَنَا مُحَمَّدُ بْنُ الْحَجَّاجِ الْحَضْرَمِيُّ وَسُلَيْمَانُ الْكَيْسَانِيُّ قَالَا حَدَّثَنَا بِشْرُ بْنُ بَكْرٍ الْبَجَلِيُّ عَنِ الْأَوْزَاعِيِّ أَخْبَرَنِي أَبُو عَمَّارٍ حَدَّثَنِي {"
"ورفعت له عشر درجات} .
ولم يرد في حق إبراهيم أو غيره مثل ذلك.
والجواب أن المراد صلاة خاصة يكون بها نبينا صلى الله عليه وسلم خليلا كما اتخذ إبراهيم خليلا، أو التشبيه راجع لقولنا {وعلى آل محمد} أو أن هذا من غير الغالب فإن المشبه به قد يكون مساويا للمشبه أو أدنى منه لكنه يكون أوضح لكونه حسيا مشاهدا، ","وَرُفِعَتْ لَهُ عَشْرُ دَرَجَاتٍ} .
وَلَمْ يَرِدْ فِي حَقِّ إِبْرَاهِيمَ أَوْ غَيْرِهِ مِثْلُ ذَلِكَ.
وَالْجَوَابُ أَنَّ الْمُرَادَ صَلَاةٌ خَاصَّةٌ يَكُونُ بِهَا نَبِيُّنَا صَلَّى اللَّهُ عَلَيْهِ وَسَلَّمَ خَلِيلًا كَمَا اتُّخِذَ إِبْرَاهِيمُ خَلِيلًا، أَوِ التَّشْبِيهُ رَاجِعٌ لِقَوْلِنَا {وَعَلَى آلِ مُحَمَّدٍ} أَوْ أَنَّ هَذَا مِنْ غَيْرِ الْغَالِبِ فَإِنَّ الْمُشَبَّهَ بِهِ قَدْ يَكُونُ مُسَاوِيًا لِلْمُشَبَّهِ أَوْ أَدْنَى مِنْهُ لَكِنَّهُ يَكُونُ أَوْضَحَ لِكَوْنِهِ حِسِّيًّا مُشَاهَدًا، ","وَرُفِعَتْ لَهُ عَشْرُ دَرَجَاتٍ} .
وَلَمْ يَرِدْ فِي حَقِّ إِبْرَاهِيمَ أَوْ غَيْرِهِ مِثْلُ ذَلِكَ.
وَالْجَوَابُ أَنَّ الْمُرَادَ صَلَاةٌ خَاصَّةٌ يَكُونُ بِهَا نَبِيُّنَا صَلَّى اللَّهُ عَلَيْهِ وَسَلَّمَ خَلِيلًا كَمَا اتَّخَذَ إِبْرَاهِيمُ خَلِيلًا، أَوِ التَّشْبِيهُ رَاجِعٌ لِقَوْلِنَا {وَعَلَى آلِ مُحَمَّدٍ} أَوْ أَنَّ هَذَا مِنْ غَيْرِ الْغَالِبِ فَإِنَّ الْمُشَبَّهَ بِهِ قَدْ يَكُونُ مُسَاوِيًا لِلْمُشَبَّهِ أَوْ أَدْنَى مِنْهُ لَكِنَّهُ يَكُونُ أَوْضَحَ لِكَوْنِهِ حِسِّيًّا مُشَاهَدًا،"
وهو الأصل في اللغة أن المعمول الواحد لا يكون بعاملين فلو جعلنا قوله {وربائبكم} ابتداء عطفا لصار قوله {من نسائكم} مخفوضا بحرف من وبالإضافة جميعا، وذلك لا يجوز فعرفنا أن قوله {وربائبكم} ابتداء بحرف الواو وأن أمهات النساء مبهمة كما قال ابن عباس رضي الله عنهما، ,وَهُوَ الْأَصْلُ فِي اللُّغَةِ أَنَّ الْمَعْمُولَ الْوَاحِدَ لَا يَكُونُ بِعَامِلَيْنِ فَلَوْ جَعَلْنَا قَوْلَهُ {وَرَبَائِبُكُمْ} ابْتِدَاءً عَطْفًا لَصَارَ قَوْلُهُ {مِنْ نِسَائِكُمْ} مَخْفُوضًا بِحَرْفِ مِنْ وَبِالْإِضَافَةِ جَمِيعًا، وَذَلِكَ لَا يَجُوزُ فَعَرَفْنَا أَنَّ قَوْلَهُ {وَرَبَائِبُكُمْ} ابْتِدَاءً بِحَرْفِ الْوَاوِ وَأَنَّ أُمَّهَاتِ النِّسَاءِ مُبْهَمَةٌ كَمَا قَالَ ابْنُ عَبَّاسٍ رَضِيَ اللَّهُ عَنْهُمَا، ,وَهُوَ الْأَصْلُ فِي اللُّغَةِ أَنَّ الْمَعْمُولَ الْوَاحِدَ لَا يَكُونُ بِعَامِلَيْنِ فَلَوْ جَعَلْنَا قَوْلَهُ {وَرَبَائِبُكُمْ} ابْتِدَاءً عَطْفًا لَصَارَ قَوْلُهُ {مِنْ نِسَائِكُمْ} مَخْفُوضًا بِحَرْفِ مِنْ وَبِالْإِضَافَةِ جَمِيعًا، وَذَلِكَ لَا يَجُوزُ فَعَرَفْنَا أَنَّ قَوْلَهُ {وَرَبَائِبُكُمْ} ابْتِدَاءً بِحَرْفِ الْوَاوِ وَأَنَّ أُمَّهَاتِ النِّسَاءِ مُبْهَمَةٌ كَمَا قَالَ ابْنُ عَبَّاسٍ رَضِيَ اللَّهُ عَنْهُمَا،
"هذا المشهور، والمختار للأصحاب، وجزم به في الوجيز وغيره، وقدمه في المغني، والمحرر، والشرح، والفروع، وغيرهم، وعنه يجزئهما هدي واحد، وعنه لا فدية عليها؛ لأنه لا وطء منها.
ذكره القاضي وغيره، واختاره ابن حامد، وصححه ابن عقيل وغيره.
قوله (وإن كانت مكرهة فلا فدية عليها) .
هذا المذهب، وعليه الأصحاب، وعنه عليها الفدية.
","هَذَا الْمَشْهُورُ، وَالْمُخْتَارُ لِلْأَصْحَابِ، وَجَزَمَ بِهِ فِي الْوَجِيزِ وَغَيْرِهِ، وَقَدَّمَهُ فِي الْمُغْنِي، وَالْمُحَرَّرِ، وَالشَّرْحِ، وَالْفُرُوعِ، وَغَيْرِهِمْ، وَعَنْهُ يُجْزِئُهُمَا هَدْيٌ وَاحِدٌ، وَعَنْهُ لَا فِدْيَةَ عَلَيْهَا؛ لِأَنَّهُ لَا وَطْءَ مِنْهَا.
ذَكَرَهُ الْقَاضِي وَغَيْرُهُ، وَاخْتَارَهُ ابْنُ حَامِدٍ، وَصَحَّحَهُ ابْنُ عَقِيلٍ وَغَيْرُهُ.
قَوْلُهُ (وَإِنْ كَانَتْ مُكْرَهَةً فَلَا فِدْيَةَ عَلَيْهَا) .
هَذَا الْمَذْهَبُ، وَعَلَيْهِ الْأَصْحَابُ، وَعَنْهُ عَلَيْهَا الْفِدْيَةُ.
","هَذَا الْمَشْهُورُ، وَالْمُخْتَارُ لِلْأَصْحَابِ، وَجَزَمَ بِهِ فِي الْوَجِيزِ وَغَيْرِهِ، وَقَدَّمَهُ فِي الْمُغْنِي، وَالْمُحَرَّرِ، وَالشَّرْحِ، وَالْفُرُوعِ، وَغَيْرِهِمْ، وَعَنْهُ يُجْزِئُهُمَا هَدْيٌ وَاحِدٌ، وَعَنْهُ لَا فِدْيَةَ عَلَيْهَا؛ لِأَنَّهُ لَا وَطْءَ مِنْهَا.
ذَكَرَهُ الْقَاضِي وَغَيْرُهُ، وَاخْتَارَهُ ابْنُ حَامِدٍ، وَصَحَّحَهُ ابْنُ عَقِيلٍ وَغَيْرُهُ.
قَوْلُهُ (وَإِنْ كَانَتْ مُكْرَهَةً فَلَا فِدْيَةَ عَلَيْهَا) .
هَذَا الْمَذْهَبُ، وَعَلَيْهِ الْأَصْحَابُ، وَعَنْهُ عَلَيْهَا الْفِدْيَةُ."
"وأما المسألة الثانية وهي مسألة إحرام الولي وأنه إذا كان حاكما هل لنوابه عقد النكاح في حال إحرام مستنيبهم أو لا؟ فعلم سيدي محيط بأن المذهب الذي صححه الرافعي وغيره أنه ليس للحاكم المحرم عقد النكاح، وقال هو وغيره أيضا: إنه ممتنع بإحرام الموكل عقد الوكيل الحلال.
","وَأَمَّا الْمَسْأَلَةُ الثَّانِيَةُ وَهِيَ مَسْأَلَةُ إِحْرَامِ الْوَلِيِّ وَأَنَّهُ إِذَا كَانَ حَاكِمًا هَلْ لِنُوَّابِهِ عَقْدُ النِّكَاحِ فِي حَالِ إِحْرَامِ مُسْتَنِيبِهِمْ أَوْ لَا؟ فَعِلْمُ سَيِّدِي مُحِيطٌ بِأَنَّ الْمَذْهَبَ الَّذِي صَحَّحَهُ الرَّافِعِيُّ وَغَيْرُهُ أَنَّهُ لَيْسَ لِلْحَاكِمِ الْمُحْرِمِ عَقْدُ النِّكَاحِ، وَقَالَ هُوَ وَغَيْرُهُ أَيْضًا: إِنَّهُ مُمْتَنِعٌ بِإِحْرَامِ الْمُوَكِّلِ عَقْدَ الْوَكِيلِ الْحَلَالِ.
",وَأَمَّا الْمَسْأَلَةُ الثَّانِيَةُ وَهِيَ مَسْأَلَةُ إِحْرَامِ الْوَلِيِّ وَأَنَّهُ إِذَا كَانَ حَاكِمًا هَلْ لِنُوَّابِهِ عَقْدُ النِّكَاحِ فِي حَالِ إِحْرَامِ مُسْتَنِيبِهِمْ أَوْ لَا؟ فَعَلِمَ سَيِّدِي مُحِيطٌ بِأَنَّ الْمَذْهَبَ الَّذِي صَحَّحَهُ الرَّافِعِيُّ وَغَيْرُهُ أَنَّهُ لَيْسَ لِلْحَاكِمِ الْمُحْرِمِ عَقْدُ النِّكَاحِ، وَقَالَ هُوَ وَغَيْرُهُ أَيْضًا: إِنَّهُ مُمْتَنِعٌ بِإِحْرَامِ الْمُوَكِّلِ عَقْدُ الْوَكِيلِ الْحَلَالِ.
"لأنه لم يوجد ما يوجب انتهاء الأمان بينه وبين أهل القرية، فإن القرية لم تصر دار الإسلام إذ القرى تتبع البلدة.
ولأن المسلمين حين مضوا وتركوها فقد عرفنا أنه لم يكن من قصدهم أن يصيروها دار الإسلام، ولم يكن المسلم المستأمن هو المحرز لنفسه بمنعة المسلمين، إنما هم الذين نزلوا ذلك الموضع، ","لِأَنَّهُ لَمْ يُوجَدْ مَا يُوجِبُ انْتِهَاءَ الْأَمَانِ بَيْنَهُ وَبَيْنَ أَهْلِ الْقَرْيَةِ، فَإِنَّ الْقَرْيَةَ لَمْ تَصِرْ دَارَ الْإِسْلَامِ إِذِ الْقُرَى تَتْبَعُ الْبَلْدَةَ.
وَلِأَنَّ الْمُسْلِمِينَ حِينَ مَضَوْا وَتَرَكُوهَا فَقَدْ عَرَفْنَا أَنَّهُ لَمْ يَكُنْ مِنْ قَصْدِهِمْ أَنْ يُصَيِّرُوهَا دَارَ الْإِسْلَامِ، وَلَمْ يَكُنِ الْمُسْلِمُ الْمُسْتَأْمَنُ هُوَ الْمُحْرِزُ لِنَفْسِهِ بِمَنَعَةِ الْمُسْلِمِينَ، إِنَّمَا هُمُ الَّذِينَ نَزَلُوا ذَلِكَ الْمَوْضِعَ، ","لِأَنَّهُ لَمْ يُوجَدْ مَا يُوجِبُ انْتِهَاءَ الْأَمَانِ بَيْنَهُ وَبَيْنَ أَهْلِ الْقَرْيَةِ، فَإِنَّ الْقَرْيَةَ لَمْ تَصِرْ دَارَ الْإِسْلَامِ إِذِ الْقُرَى تَتْبَعُ الْبَلْدَةَ.
وَلِأَنَّ الْمُسْلِمِينَ حِينَ مَضَوْا وَتَرَكُوهَا فَقَدْ عَرَفْنَا أَنَّهُ لَمْ يَكُنْ مِنْ قَصْدِهِمْ أَنْ يُصَيِّرُوهَا دَارَ الْإِسْلَامِ، وَلَمْ يَكُنِ الْمُسْلِمُ الْمُسْتَأْمَنُ هُوَ الْمُحْرِزُ لِنَفْسِهِ بِمَنَعَةِ الْمُسْلِمِينَ، إِنَّمَا هُمُ الَّذِينَ نَزَلُوا ذَلِكَ الْمَوْضِعَ،"
"مثل ما ذكر في هذا المختصر، وقال في النهاية تجوز الوصية للحمل وبالحمل إذا وضع لأقل من ستة أشهر أي من وقت موت الموصي لا من وقت الوصية من غير تفصيل، وذكر في الكافي ما يدل على أنه إن أوصى له يعتبر من وقت الوصية وإن أوصى به يعتبر من وقت الموت.
","مِثْلُ مَا ذَكَرَ فِي هَذَا الْمُخْتَصَرِ، وَقَالَ فِي النِّهَايَةِ تَجُوزُ الْوَصِيَّةُ لِلْحَمْلِ وَبِالْحَمْلِ إِذَا وُضِعَ لِأَقَلَّ مِنْ سِتَّةِ أَشْهُرٍ أَيْ مِنْ وَقْتِ مَوْتِ الْمُوصِي لَا مِنْ وَقْتِ الْوَصِيَّةِ مِنْ غَيْرِ تَفْصِيلٍ، وَذَكَرَ فِي الْكَافِي مَا يَدُلُّ عَلَى أَنَّهُ إِنْ أَوْصَى لَهُ يَعْتَبِرُ مِنْ وَقْتِ الْوَصِيَّةِ وَإِنْ أَوْصَى بِهِ يَعْتَبِرُ مِنْ وَقْتِ الْمَوْتِ.
",مِثْلَ مَا ذُكِرَ فِي هَذَا الْمُخْتَصَرِ، وَقَالَ فِي النِّهَايَةِ تَجُوزُ الْوَصِيَّةُ لِلْحَمْلِ وَبِالْحَمْلِ إِذَا وُضِعَ لِأَقَلَّ مِنْ سِتَّةِ أَشْهُرٍ أَيْ مِنْ وَقْتِ مَوْتِ الْمُوصِي لَا مِنْ وَقْتِ الْوَصِيَّةِ مِنْ غَيْرِ تَفْصِيلٍ، وَذَكَرَ فِي الْكَافِي مَا يَدُلُّ عَلَى أَنَّهُ إِنْ أَوْصَى لَهُ يُعْتَبَرُ مِنْ وَقْتِ الْوَصِيَّةِ وَإِنْ أَوْصَى بِهِ يُعْتَبَرُ مِنْ وَقْتِ الْمَوْتِ.
فهو نسبة الميراث والإجماع على تقديم الشقيق على الأخ للأب سواء كان الأب من أهل الميراث أو لا كما لو كان الأب كافرا أو قاتلا والأم مسلمة أو بالعكس أو كانا كافرين والأخوان مسلمين ومات أخوهما المسلم الذي هو شقيق أحدهما فإن ميراثه لأخيه الشقيق دون أخيه من الأب من غير نظر إلى حال أبيه وأمه الذي يدلي بهما، ,فَهُوَ نِسْبَةُ الْمِيرَاثِ وَالْإِجْمَاعُ عَلَى تَقْدِيمِ الشَّقِيقِ عَلَى الْأَخِ لِلْأَبِ سَوَاءٌ كَانَ الْأَبُ مِنْ أَهْلِ الْمِيرَاثِ أَوْ لَا كَمَا لَوْ كَانَ الْأَبُ كَافِرًا أَوْ قَاتِلًا وَالْأُمُّ مُسْلِمَةً أَوْ بِالْعَكْسِ أَوْ كَانَا كَافِرَيْنِ وَالْأَخَوَانِ مُسْلِمَيْنِ وَمَاتَ أَخُوهُمَا الْمُسْلِمُ الَّذِي هُوَ شَقِيقُ أَحَدِهِمَا فَإِنَّ مِيرَاثَهُ لِأَخِيهِ الشَّقِيقِ دُونَ أَخِيهِ مِنَ الْأَبِ مِنْ غَيْرِ نَظَرٍ إِلَى حَالِ أَبِيهِ وَأُمِّهِ الَّذِي يُدْلِي بِهِمَا، ,فَهُوَ نِسْبَةُ الْمِيرَاثِ وَالْإِجْمَاعُ عَلَى تَقْدِيمِ الشَّقِيقِ عَلَى الْأَخِ لِلْأَبِ سَوَاءٌ كَانَ الْأَبُ مِنْ أَهْلِ الْمِيرَاثِ أَوْ لَا كَمَا لَوْ كَانَ الْأَبُ كَافِرًا أَوْ قَاتِلًا وَالْأُمُّ مُسْلِمَةً أَوْ بِالْعَكْسِ أَوْ كَانَا كَافِرَيْنِ وَالْأَخَوَانِ مُسْلِمَيْنِ وَمَاتَ أَخُوهُمَا الْمُسْلِمُ الَّذِي هُوَ شَقِيقُ أَحَدِهِمَا فَإِنَّ مِيرَاثَهُ لِأَخِيهِ الشَّقِيقِ دُونَ أَخِيهِ مِنَ الْأَبِ مِنْ غَيْرِ نَظَرٍ إِلَى حَالِ أَبِيهِ وَأُمِّهِ الَّذِي يُدْلِي بِهِمَا،
"لأنه لما صدق الأول في دعواه المال فقد كذب الثاني في دعواه المال فإذا صدق الثاني بعد ذلك فقد صدقه بعدما كذبه والتصديق بعد التكذيب جائز وبتصديق الثاني إن صار مكذبا فيما ادعاه إلا أنه كذبه بعدما نفذ حكم التصديق بالسكوت عليه، وكان التكذيب منه رجوعا عن (23/208)
","لِأَنَّهُ لَمَّا صَدَّقَ الْأَوَّلَ فِي دَعْوَاهُ الْمَالَ فَقَدْ كَذَّبَ الثَّانِيَ فِي دَعْوَاهُ الْمَالَ فَإِذَا صَدَّقَ الثَّانِيَ بَعْدَ ذَلِكَ فَقَدْ صَدَّقَهُ بَعْدَمَا كَذَّبَهُ وَالتَّصْدِيقُ بَعْدَ التَّكْذِيبِ جَائِزٌ وَبِتَصْدِيقِ الثَّانِي إِنْ صَارَ مُكَذَّبًا فِيمَا ادَّعَاهُ إِلَّا أَنَّهُ كَذَّبَهُ بَعْدَمَا نَفَذَ حُكْمُ التَّصْدِيقِ بِالسُّكُوتِ عَلَيْهِ، وَكَانَ التَّكْذِيبُ مِنْهُ رُجُوعًا عَنْ (23/208)
",لِأَنَّهُ لَمَّا صَدَّقَ الْأَوَّلَ فِي دَعْوَاهُ الْمَالَ فَقَدْ كَذَّبَ الثَّانِيَ فِي دَعْوَاهُ الْمَالَ فَإِذَا صَدَّقَ الثَّانِيَ بَعْدَ ذَلِكَ فَقَدْ صَدَّقَهُ بَعْدَمَا كَذَّبَهُ وَالتَّصْدِيقُ بَعْدَ التَّكْذِيبِ جَائِزٌ وَبِتَصْدِيقِ الثَّانِي إِنْ صَارَ مُكَذَّبًا فِيمَا ادَّعَاهُ إِلَّا أَنَّهُ كَذَّبَهُ بَعْدَمَا نَفَذَ حُكْمُ التَّصْدِيقِ بِالسُّكُوتِ عَلَيْهِ، وَكَانَ التَّكْذِيبُ مِنْهُ رُجُوعًا عَنْ (23/208)
وقال تعالى {فابعثوا أحدكم بورقكم هذه إلى المدينة} ، وقد توارثنا السنة من الصحابة والتابعين بذلك قال الشيخ أبو نصر البغدادي في شرح القدوري، وهذا الذي ذكره استحسان والقياس أن لا يقبل لما لم يكن لهما قول صحيح، وإنما تركوا القياس للعادة الجارية أنهم يقبلون قولهما في الهدية والإذن في سائر الأعصار من غير نكير؛ ,وَقَالَ تَعَالَى {فَابْعَثُوا أَحَدَكُمْ بِوَرَقِكُمْ هَذِهِ إِلَى الْمَدِينَةِ} ، وَقَدْ تَوَارَثْنَا السُّنَّةَ مِنَ الصَّحَابَةِ وَالتَّابِعِينَ بِذَلِكَ قَالَ الشَّيْخُ أَبُو نَصْرٍ الْبَغْدَادِيُّ فِي شَرْحِ الْقُدُورِيِّ، وَهَذَا الَّذِي ذَكَرَهُ اسْتِحْسَانٌ وَالْقِيَاسُ أَنْ لَا يُقْبَلَ لَمَّا لَمْ يَكُنْ لَهُمَا قَوْلٌ صَحِيحٌ، وَإِنَّمَا تَرَكُوا الْقِيَاسَ لِلْعَادَةِ الْجَارِيَةِ أَنَّهُمْ يَقْبَلُونَ قَوْلَهُمَا فِي الْهَدِيَّةِ وَالْإِذْنِ فِي سَائِرِ الْأَعْصَارِ مِنْ غَيْرِ نَكِيرٍ؛ ,وَقَالَ تَعَالَى {فَابْعَثُوا أَحَدَكُمْ بِوَرَقِكُمْ هَذِهِ إِلَى الْمَدِينَةِ} ، وَقَدْ تَوَارَثْنَا السُّنَّةَ مِنَ الصَّحَابَةِ وَالتَّابِعِينَ بِذَلِكَ قَالَ الشَّيْخُ أَبُو نَصْرٍ الْبَغْدَادِيُّ فِي شَرْحِ الْقُدُورِيِّ، وَهَذَا الَّذِي ذَكَرَهُ اسْتِحْسَانٌ وَالْقِيَاسُ أَنْ لَا يُقْبَلَ لَمَّا لَمْ يَكُنْ لَهُمَا قَوْلٌ صَحِيحٌ، وَإِنَّمَا تَرَكُوا الْقِيَاسَ لِلْعَادَةِ الْجَارِيَةِ أَنَّهُمْ يَقْبَلُونَ قَوْلَهُمَا فِي الْهَدِيَّةِ وَالْإِذْنِ فِي سَائِرِ الْأَعْصَارِ مِنْ غَيْرِ نَكِيرٍ؛
"فهي من ناحية: فريضة فرضها الله سبحانه وتعالى، تجبى كما تجبى الضرائب، وهي من ناحية أخرى عبادة روحية يتقرب بها العبد إلى الله جل جلاله، فتؤدى شكرا لله على نعمة المال (1) .
والزكاة من العبادات المعروفة التي شرعت في الشرائع السماوية السابقة. اقرأ قوله تعالى في سورة مريم الآيتان: 30، 31 (","فَهِيَ مِنْ نَاحِيَةٍ: فَرِيضَةٌ فَرَضَهَا اللَّهُ سُبْحَانَهُ وَتَعَالَى، تُجْبَى كَمَا تُجْبَى الضَّرَائِبُ، وَهِيَ مِنْ نَاحِيَةٍ أُخْرَى عِبَادَةٌ رُوحِيَّةٌ يَتَقَرَّبُ بِهَا الْعَبْدُ إِلَى اللَّهِ جَلَّ جَلَالُهُ، فَتُؤَدَّى شُكْرًا لِلَّهِ عَلَى نِعْمَةِ الْمَالِ (1) .
وَالزَّكَاةُ مِنَ الْعِبَادَاتِ الْمَعْرُوفَةِ الَّتِي شُرِعَتْ فِي الشَّرَائِعِ السَّمَاوِيَّةِ السَّابِقَةِ. اقْرَأْ قَوْلَهُ تَعَالَى فِي سُورَةِ مَرْيَمَ الْآيَتَانِ: 30، 31 (","فَهِيَ مِنْ نَاحِيَةٍ: فَرِيضَةٌ فَرَضَهَا اللَّهُ سُبْحَانَهُ وَتَعَالَى، تُجْبَى كَمَا تُجْبَى الضَّرَائِبُ، وَهِيَ مِنْ نَاحِيَةٍ أُخْرَى عِبَادَةٌ رُوحِيَّةٌ يَتَقَرَّبُ بِهَا الْعَبْدُ إِلَى اللَّهِ جَلَّ جَلَالُهُ، فَتُؤَدَّى شُكْرًا لِلَّهِ عَلَى نِعْمَةِ الْمَالِ (1) .
وَالزَّكَاةُ مِنَ الْعِبَادَاتِ الْمَعْرُوفَةِ الَّتِي شُرِعَتْ فِي الشَّرَائِعِ السَّمَاوِيَّةِ السَّابِقَةِ. اقْرَأْ قَوْله تَعَالَى فِي سُورَةِ مَرْيَمَ الْآيَتَانِ: 30، 31 ("
"أعلاه بميامنه ومياسره) أي يقدم أعلاه الملتبس بميامنه ومياسره أي الأعلى الذي في الميامن والمياسر يقدم على الأسفل فيهما بمعنى أن أعلى الشق الأيمن يقدم على أسفل الأيمن وأعلى الشق الأيسر يقدم على أسفل الأيسر.
(قوله: وفي أعلاه لجانب المغتسل) ","أَعْلَاهُ بِمَيَامِنِهِ وَمَيَاسِرِهِ) أَيْ يُقَدِّمُ أَعْلَاهُ الْمُلْتَبِسَ بِمَيَامِنِهِ وَمَيَاسِرِهِ أَيِ الْأَعْلَى الَّذِي فِي الْمَيَامِنِ وَالْمَيَاسِرِ يُقَدَّمُ عَلَى الْأَسْفَلِ فِيهِمَا بِمَعْنَى أَنَّ أَعْلَى الشِّقِّ الْأَيْمَنِ يُقَدَّمُ عَلَى أَسْفَلِ الْأَيْمَنِ وَأَعْلَى الشِّقِّ الْأَيْسَرِ يُقَدَّمُ عَلَى أَسْفَلِ الْأَيْسَرِ.
(قَوْلُهُ: وَفِي أَعْلَاهُ لِجَانِبِ الْمُغْتَسِلِ) ","أَعْلَاهُ بِمَيَامِنِهِ وَمَيَاسِرِهِ) أَيْ يُقَدَّمُ أَعْلَاهُ الْمُلْتَبِسُ بِمَيَامِنِهِ وَمَيَاسِرِهِ أَيِ الْأَعْلَى الَّذِي فِي الْمَيَامِنِ وَالْمَيَاسِرِ يُقَدَّمُ عَلَى الْأَسْفَلِ فِيهِمَا بِمَعْنَى أَنَّ أَعْلَى الشِّقِّ الْأَيْمَنِ يُقَدَّمُ عَلَى أَسْفَلِ الْأَيْمَنِ وَأَعْلَى الشِّقِّ الْأَيْسَرِ يُقَدَّمُ عَلَى أَسْفَلِ الْأَيْسَرِ.
(قَوْلُهُ: وَفِي أَعْلَاهُ لِجَانِبِ الْمُغْتَسِلِ)"
"وقوله صلى الله عليه وسلم {أشد الناس بلاء الأنبياء ثم الصالحون ثم الأمثل فالأمثل} .
وقوله صلى الله عليه وسلم {أشد الناس بلاء الأنبياء ثم الصالحون وقد كان أحدهم يبتلى بالفقر حتى ما يجد إلا العباءة يحويها فيلبسها فيبتلى بالقمل حتى يقتله ولأحدهم كان أشد فرحا بالبلاء من أحدكم بالعطاء} وقوله صلى الله عليه وسلم {","وَقَوْلُهُ صَلَّى اللَّهُ عَلَيْهِ وَسَلَّمَ {أَشَدُّ النَّاسِ بَلَاءً الْأَنْبِيَاءُ ثَمَّ الصَّالِحُونَ ثَمَّ الْأَمْثَلُ فَالْأَمْثَلُ} .
وَقَوْلُهُ صَلَّى اللَّهُ عَلَيْهِ وَسَلَّمَ {أَشَدُّ النَّاسِ بَلَاءً الْأَنْبِيَاءُ ثَمَّ الصَّالِحُونَ وَقَدْ كَانَ أَحَدُهُمْ يُبْتَلَى بِالْفَقْرِ حَتَّى مَا يَجِدُ إِلَّا الْعَبَاءَةَ يَحْوِيهَا فَيَلْبَسُهَا فَيُبْتَلَى بِالْقَمْلِ حَتَّى يَقْتُلَهُ وَلَأَحَدُهُمْ كَانَ أَشَدَّ فَرَحًا بِالْبَلَاءِ مِنْ أَحَدِكُمْ بِالْعَطَاءِ} وَقَوْلُهُ صَلَّى اللَّهُ عَلَيْهِ وَسَلَّمَ {","وَقَوْلُهُ صَلَّى اللَّهُ عَلَيْهِ وَسَلَّمَ {أَشَدُّ النَّاسِ بَلَاءً الْأَنْبِيَاءُ ثُمَّ الصَّالِحُونَ ثُمَّ الْأَمْثَلُ فَالْأَمْثَلُ} .
وَقَوْلُهُ صَلَّى اللَّهُ عَلَيْهِ وَسَلَّمَ {أَشَدُّ النَّاسِ بَلَاءً الْأَنْبِيَاءُ ثُمَّ الصَّالِحُونَ وَقَدْ كَانَ أَحَدُهُمْ يُبْتَلَى بِالْفَقْرِ حَتَّى مَا يَجِدُ إِلَّا الْعَبَاءَةَ يَحْوِيهَا فَيَلْبَسُهَا فَيُبْتَلَى بِالْقَمْلِ حَتَّى يَقْتُلَهُ وَلِأَحَدِهِمْ كَانَ أَشَدَّ فَرَحًا بِالْبَلَاءِ مِنْ أَحَدِكُمْ بِالْعَطَاءِ} وَقَوْلُهُ صَلَّى اللَّهُ عَلَيْهِ وَسَلَّمَ {"
"وهو المشهور من مذهب مالك وقوله في موطئه الذي قرأه طول عمره، وأملاه حياته.
ومن مسائل أصول الفقه التي بيناها فيها، وأشرنا إليها في كتبنا عند جريانها أن الأحكام المعلقة بالأسماء، هل تتعلق بأوائلها أم بآخرها؟ فيرتبط الحكم بجميعها.
وقد اختلف في ذلك العلماء، وجرى الخلاف في مسائل مالك على وجه يدل على أن ذلك مختلف عنده.
","وَهُوَ الْمَشْهُورُ مِنْ مَذْهَبِ مَالِكٍ وَقَوْلُهُ فِي مُوَطَّئِهِ الَّذِي قَرَأَهُ طُولَ عُمُرِهِ، وَأَمْلَاهُ حَيَاتَهُ.
وَمِنْ مَسَائِلِ أُصُولِ الْفِقْهِ الَّتِي بَيَّنَّاهَا فِيهَا، وَأَشَرْنَا إِلَيْهَا فِي كُتُبِنَا عِنْدَ جَرَيَانِهَا أَنَّ الْأَحْكَامَ الْمُعَلَّقَةَ بِالْأَسْمَاءِ، هَلْ تَتَعَلَّقُ بِأَوَائِلِهَا أَمْ بِآخِرِهَا؟ فَيَرْتَبِطُ الْحُكْمُ بِجَمِيعِهَا.
وَقَدِ اخْتَلَفَ فِي ذَلِكَ الْعُلَمَاءُ، وَجَرَى الْخِلَافُ فِي مَسَائِلِ مَالِكٍ عَلَى وَجْهٍ يَدُلُّ عَلَى أَنَّ ذَلِكَ مُخْتَلِفٌ عِنْدَهُ.
","وَهُوَ الْمَشْهُورُ مِنْ مَذْهَبِ مَالِكٍ وَقَوْلُهُ فِي مُوَطَّئِهِ الَّذِي قَرَأَهُ طُولَ عُمْرِهِ، وَأَمْلَاهُ حَيَاتَهُ.
وَمِنْ مَسَائِلِ أُصُولِ الْفِقْهِ الَّتِي بَيَّنَّاهَا فِيهَا، وَأَشَرْنَا إِلَيْهَا فِي كُتُبِنَا عِنْدَ جَرَيَانِهَا أَنَّ الْأَحْكَامَ الْمُعَلَّقَةَ بِالْأَسْمَاءِ، هَلْ تَتَعَلَّقُ بِأَوَائِلِهَا أَمْ بِآخِرِهَا؟ فَيَرْتَبِطُ الْحُكْمُ بِجَمِيعِهَا.
وَقَدِ اخْتَلَفَ فِي ذَلِكَ الْعُلَمَاءُ، وَجَرَى الْخِلَافُ فِي مَسَائِلِ مَالِكٍ عَلَى وَجْهٍ يَدُلُّ عَلَى أَنَّ ذَلِكَ مُخْتَلَفٌ عِنْدَهُ."
"إنما الشهر» . وصفق بيديه ثلاث مرات وحبس إصبعا واحدة فى الآخرة. (3/125)
2574 - ","إِنَّمَا الشَّهْرُ» . وَصَفَّقَ بِيَدَيْهِ ثَلَاثَ مَرَّاتٍ وَحَبَسَ إِصْبَعًا وَاحِدَةً فِى الْآخِرَةِ. (3/125)
2574 - ","إِنَّمَا الشَّهْرُ» . وَصَفَّقَ بِيَدَيْهِ ثَلَاثَ مَرَّاتٍ وَحَبَسَ إِصْبَعًا وَاحِدَةً فِى الْآخِرَةِ. (3/125)
2574 -"
"وعبارة الخلاصة هكذا: وفي الأقضية الفقر أنواع ثلاثة: فقير لا مال له وهو قادر على الكسب والمختار أنه يدخل الأبوين في نفقته.
الثاني - فقير لا مال له وهو عاجز عن الكسب فلا تجب عليه نفقة غيره.
الثالث - أن يفضل كسبه عن قوته، فإنه يجبر على نفقة البنت الكبيرة والأبوين والأجداد، ","وَعِبَارَةُ الْخُلَاصَةِ هَكَذَا: وَفِي الْأَقْضِيَةِ الْفَقْرُ أَنْوَاعٌ ثَلَاثَةٌ: فَقِيرٌ لَا مَالَ لَهُ وَهُوَ قَادِرٌ عَلَى الْكَسْبِ وَالْمُخْتَارُ أَنَّهُ يُدْخِلُ الْأَبَوَيْنِ فِي نَفَقَتِهِ.
الثَّانِي - فَقِيرٌ لَا مَالَ لَهُ وَهُوَ عَاجِزٌ عَنِ الْكَسْبِ فَلَا تَجِبُ عَلَيْهِ نَفَقَةُ غَيْرِهِ.
الثَّالِثُ - أَنْ يَفْضُلَ كَسْبُهُ عَنْ قُوتِهِ، فَإِنَّهُ يُجْبَرُ عَلَى نَفَقَةِ الْبِنْتِ الْكَبِيرَةِ وَالْأَبَوَيْنِ وَالْأَجْدَادِ، ","وَعِبَارَةُ الْخُلَاصَةِ هَكَذَا: وَفِي الْأَقْضِيَةِ الْفَقْرُ أَنْوَاعٌ ثَلَاثَةٌ: فَقِيرٌ لَا مَالَ لَهُ وَهُوَ قَادِرٌ عَلَى الْكَسْبِ وَالْمُخْتَارُ أَنَّهُ يُدْخِلُ الْأَبَوَيْنِ فِي نَفَقَتِهِ.
الثَّانِي - فَقِيرٌ لَا مَالَ لَهُ وَهُوَ عَاجِزٌ عَنِ الْكَسْبِ فَلَا تَجِبُ عَلَيْهِ نَفَقَةُ غَيْرِهِ.
الثَّالِثُ - أَنْ يَفْضُلَ كَسْبُهُ عَنْ قُوتِهِ، فَإِنَّهُ يُجْبَرُ عَلَى نَفَقَةِ الْبِنْتِ الْكَبِيرَةِ وَالْأَبَوَيْنِ وَالْأَجْدَادِ،"
"لكنه يحتاج إلى تحرير، فإن في البزازية ما يخالفه ظاهرا وفي الاختيار: فيه تفصيل ولفظه تدخل البطون كلها لعموم اسم الأولاد، لكن يتقدم الأول فإذا انقرض (1/487)
113 -، ومنها لو حلف لا يبيع أو لا يشتري، أو لا يؤجر، أو لا يستأجر، ","لَكِنَّهُ يَحْتَاجُ إِلَى تَحْرِيرٍ، فَإِنَّ فِي الْبَزَّازِيَّةِ مَا يُخَالِفُهُ ظَاهِرًا وَفِي الِاخْتِيَارِ: فِيهِ تَفْصِيلٌ وَلَفْظُهُ تَدْخُلُ الْبُطُونُ كُلُّهَا لِعُمُومِ اسْمِ الْأَوْلَادِ، لَكِنْ يَتَقَدَّمُ الْأَوَّلُ فَإِذَا انْقَرَضَ (1/487)
113 -، وَمِنْهَا لَوْ حَلَفَ لَا يَبِيعُ أَوْ لَا يَشْتَرِي، أَوْ لَا يُؤَجِّرُ، أَوْ لَا يَسْتَأْجِرُ، ","لَكِنَّهُ يَحْتَاجُ إِلَى تَحْرِيرٍ، فَإِنَّ فِي الْبَزَّازِيَّةِ مَا يُخَالِفُهُ ظَاهِرًا وَفِي الِاخْتِيَارِ: فِيهِ تَفْصِيلٌ وَلَفْظُهُ تَدْخُلُ الْبُطُونُ كُلُّهَا لِعُمُومِ اسْمِ الْأَوْلَادِ، لَكِنْ يَتَقَدَّمُ الْأَوَّلُ فَإِذَا انْقَرَضَ (1/487)
113 -، وَمِنْهَا لَوْ حَلَفَ لَا يَبِيعُ أَوْ لَا يَشْتَرِي، أَوْ لَا يُؤَجِّرُ، أَوْ لَا يَسْتَأْجِرُ،"
لأن الشرع جعل الحدث الموجود حقيقة معدوما حكما للعذر وفيما قاله عيسى يلزم جعل الحدث المعدوم حقيقة موجودا حكما وهو عكس المشروع ولو جددت الوضوء في الوقت الثاني والمسألة بحالها، ثم سال الدم انتقض طهارتها؛ ,لِأَنَّ الشَّرْعَ جَعَلَ الْحَدَثَ الْمَوْجُودَ حَقِيقَةً مَعْدُومًا حُكْمًا لِلْعُذْرِ وَفِيمَا قَالَهُ عِيسَى يَلْزَمُ جَعْلُ الْحَدَثِ الْمَعْدُومِ حَقِيقَةً مَوْجُودًا حُكْمًا وَهُوَ عَكْسُ الْمَشْرُوعِ وَلَوْ جَدَّدَتِ الْوُضُوءَ فِي الْوَقْتِ الثَّانِي وَالْمَسْأَلَةُ بِحَالِهَا، ثُمَّ سَالَ الدَّمُ انْتَقَضَ طَهَارَتُهَا؛ ,لِأَنَّ الشَّرْعَ جَعَلَ الْحَدَثَ الْمَوْجُودَ حَقِيقَةً مَعْدُومًا حُكْمًا لِلْعُذْرِ وَفِيمَا قَالَهُ عِيسَى يَلْزَمُ جَعْلُ الْحَدَثِ الْمَعْدُومِ حَقِيقَةً مَوْجُودًا حُكْمًا وَهُوَ عَكْسُ الْمَشْرُوعِ وَلَوْ جَدَّدْت الْوُضُوءَ فِي الْوَقْتِ الثَّانِي وَالْمَسْأَلَةُ بِحَالِهَا، ثُمَّ سَالَ الدَّمُ انْتَقَضَ طَهَارَتُهَا؛
